Safety-to-danger initialization:
testName run time fitness gens maxGens popSize cPopSize agents groupSize e0 e1 e2 e3 e4 e5 e6 e7 e8 e9 e10
boise60k10ps2d 0 4.000000 1.000000 0 100 10 10 1603 50 0.0149719 0.0180911 0.0224579 0.0249532 0.0274485 0.0305677 0.0343107 0.0393013 0.0449158 0.0467873 1
Set 0 | Route start and end: 167 167
Set 0 | Route start and end: 204 204
Set 0 | Route start and end: 184 184
Set 0 | Route start and end: 260 260
Set 0 | Route start and end: 203 203
Set 0 | Route start and end: 189 189
Set 0 | Route start and end: 262 262
Set 0 | Route start and end: 177 177
Set 0 | Route start and end: 190 190
Set 0 | Route start and end: 172 177
Set 0 | Route start and end: 105 104
Set 0 | Route start and end: 115 221
Set 0 | Route start and end: 176 104
Set 0 | Route start and end: 171 167
Set 0 | Route start and end: 180 179
Set 0 | Route start and end: 271 271
Set 0 | Route start and end: 268 261
Set 0 | Route start and end: 182 260
Set 0 | Route start and end: 269 268
Set 0 | Route start and end: 183 183
Set 0 | Route start and end: 179 179
Set 0 | Route start and end: 187 187
Set 0 | Route start and end: 114 270
Set 0 | Route start and end: 270 260
Set 0 | Route start and end: 261 203
Set 0 | Route start and end: 186 183
Set 0 | Route start and end: 175 176
Set 0 | Route start and end: 188 187
Set 0 | Route start and end: 185 262
Set 0 | Route start and end: 173 179
Set 0 | Route start and end: 178 181
Set 0 | Route start and end: 181 270
Set 0 | Route start and end: 109 175
Set 0 | Route start and end: 113 175
boise60k10ps2d 0 4.000000 1.000000 1 100 10 10 1603 50 0.0155958 0.0168434 0.0193387 0.0224579 0.0243294 0.033063 0.036806 0.044292 0.0467873 0.0517779 1
Set 1 | Route start and end: 111 275
Set 1 | Route start and end: 106 100
Set 1 | Route start and end: 219 108
Set 1 | Route start and end: 272 207
Set 1 | Route start and end: 169 177
Set 1 | Route start and end: 108 181
Set 1 | Route start and end: 205 175
Set 1 | Route start and end: 200 177
Set 1 | Route start and end: 174 176
boise60k10ps2d 1 4.000000 1.000000 0 100 10 10 1603 50 0.0162196 0.0205864 0.0224579 0.0262009 0.0280724 0.0318153 0.036806 0.0380537 0.0424205 0.0467873 1
Set 2 | Route start and end: 276 129
Set 2 | Route start and end: 112 110
Set 2 | Route start and end: 213 70
Set 2 | Route start and end: 273 130
Set 2 | Route start and end: 168 215
Set 2 | Route start and end: 170 197
Set 2 | Route start and end: 198 172
Set 2 | Route start and end: 107 204
Set 2 | Route start and end: 215 173
Set 2 | Route start and end: 104 115
boise60k10ps2d 2 4.000000 1.000000 0 100 10 10 1603 50 0.0162196 0.0174672 0.0212102 0.0230817 0.0274485 0.0311915 0.0374298 0.0430443 0.0474111 0.0505303 1
Set 3 | Route start and end: 197 7
Set 3 | Route start and end: 211 71
Set 3 | Route start and end: 243 144
Set 3 | Route start and end: 242 60
Set 3 | Route start and end: 206 219
Set 3 | Route start and end: 263 84
Set 3 | Route start and end: 277 73
Set 3 | Route start and end: 207 227
Set 3 | Route start and end: 214 110
Set 3 | Route start and end: 264 73
Set 3 | Route start and end: 103 104
Set 3 | Route start and end: 201 170
Set 3 | Route start and end: 110 270
Set 3 | Route start and end: 98 262
Set 3 | Route start and end: 210 167
Set 3 | Route start and end: 274 173
Set 3 | Route start and end: 216 175
boise60k10ps2d 3 4.000000 1.000000 0 100 10 10 1603 50 0.0162196 0.0193387 0.0218341 0.0224579 0.0243294 0.0262009 0.0311915 0.0361822 0.0411728 0.0449158 1
Set 4 | Route start and end: 230 265
Set 4 | Route start and end: 202 129
Set 4 | Route start and end: 258 102
Set 4 | Route start and end: 226 258
Set 4 | Route start and end: 229 210
Set 4 | Route start and end: 238 99
Set 4 | Route start and end: 241 160
Set 4 | Route start and end: 227 70
Set 4 | Route start and end: 224 152
Set 4 | Route start and end: 275 276
Set 4 | Route start and end: 278 280
Set 4 | Route start and end: 66 106
Set 4 | Route start and end: 208 214
Set 4 | Route start and end: 196 170
Set 4 | Route start and end: 246 39
Set 4 | Route start and end: 245 197
Set 4 | Route start and end: 195 202
Set 4 | Route start and end: 217 173
Set 4 | Route start and end: 209 176
Set 4 | Route start and end: 99 115
Set 4 | Route start and end: 102 176
Set 4 | Route start and end: 218 173
Set 4 | Route start and end: 100 262
Set 4 | Route start and end: 212 190
Set 4 | Route start and end: 250 177
Set 4 | Route start and end: 265 115
boise60k10ps2d 4 4.000000 1.000000 0 100 10 10 1603 50 0.0149719 0.0174672 0.0193387 0.0218341 0.0262009 0.0311915 0.0355583 0.0430443 0.0467873 0.0536494 1
Set 5 | Route start and end: 67 161
Set 5 | Route start and end: 259 157
Set 5 | Route start and end: 247 122
Set 5 | Route start and end: 255 154
Set 5 | Route start and end: 252 205
Set 5 | Route start and end: 244 247
Set 5 | Route start and end: 222 163
Set 5 | Route start and end: 253 100
Set 5 | Route start and end: 257 196
Set 5 | Route start and end: 29 73
Set 5 | Route start and end: 221 161
Set 5 | Route start and end: 279 108
Set 5 | Route start and end: 45 111
Set 5 | Route start and end: 228 227
Set 5 | Route start and end: 225 277
Set 5 | Route start and end: 237 280
Set 5 | Route start and end: 220 115
Set 5 | Route start and end: 119 173
Set 5 | Route start and end: 28 172
Set 5 | Route start and end: 97 105
Set 5 | Route start and end: 101 175
Set 5 | Route start and end: 231 176
boise60k10ps2d 5 4.000000 1.000000 0 100 10 10 1603 50 0.0174672 0.0205864 0.0249532 0.0274485 0.0305677 0.0336868 0.0355583 0.0361822 0.0399251 0.0467873 1
Set 6 | Route start and end: 41 72
Set 6 | Route start and end: 249 37
Set 6 | Route start and end: 0 5
Set 6 | Route start and end: 280 7
Set 6 | Route start and end: 251 154
Set 6 | Route start and end: 17 72
Set 6 | Route start and end: 51 157
Set 6 | Route start and end: 256 45
Set 6 | Route start and end: 223 84
Set 6 | Route start and end: 50 214
Set 6 | Route start and end: 235 210
Set 6 | Route start and end: 239 104
Set 6 | Route start and end: 60 39
Set 6 | Route start and end: 248 197
Set 6 | Route start and end: 56 202
Set 6 | Route start and end: 48 197
Set 6 | Route start and end: 30 176
Set 6 | Route start and end: 232 262
Set 6 | Route start and end: 191 172
boise60k10ps2d 6 4.000000 1.000000 0 100 10 10 1603 50 0.0131004 0.0199626 0.0205864 0.0230817 0.0262009 0.0280724 0.0336868 0.0380537 0.0430443 0.0480349 1
Set 7 | Route start and end: 35 123
Set 7 | Route start and end: 47 139
Set 7 | Route start and end: 42 131
Set 7 | Route start and end: 37 125
Set 7 | Route start and end: 8 145
Set 7 | Route start and end: 236 151
Set 7 | Route start and end: 18 165
Set 7 | Route start and end: 266 84
Set 7 | Route start and end: 49 67
Set 7 | Route start and end: 44 152
Set 7 | Route start and end: 1 1
Set 7 | Route start and end: 46 94
Set 7 | Route start and end: 72 162
Set 7 | Route start and end: 240 280
Set 7 | Route start and end: 267 258
Set 7 | Route start and end: 32 213
Set 7 | Route start and end: 234 151
Set 7 | Route start and end: 192 197
Set 7 | Route start and end: 61 205
Set 7 | Route start and end: 62 111
Set 7 | Route start and end: 59 223
Set 7 | Route start and end: 281 277
Set 7 | Route start and end: 52 173
Set 7 | Route start and end: 7 179
Set 7 | Route start and end: 254 173
Set 7 | Route start and end: 14 177
boise60k10ps2d 7 4.000000 1.000000 0 100 10 10 1603 50 0.0162196 0.0193387 0.0205864 0.025577 0.0286962 0.0324392 0.0361822 0.0393013 0.0449158 0.0486588 1
Set 8 | Route start and end: 74 263
Set 8 | Route start and end: 65 56
Set 8 | Route start and end: 63 223
Set 8 | Route start and end: 15 65
Set 8 | Route start and end: 118 91
Set 8 | Route start and end: 82 73
Set 8 | Route start and end: 282 72
Set 8 | Route start and end: 31 252
Set 8 | Route start and end: 38 3
Set 8 | Route start and end: 146 156
Set 8 | Route start and end: 33 58
Set 8 | Route start and end: 21 6
Set 8 | Route start and end: 34 226
Set 8 | Route start and end: 25 170
Set 8 | Route start and end: 9 118
Set 8 | Route start and end: 58 76
Set 8 | Route start and end: 120 89
Set 8 | Route start and end: 16 152
Set 8 | Route start and end: 40 78
Set 8 | Route start and end: 70 225
Set 8 | Route start and end: 3 87
Set 8 | Route start and end: 6 216
Set 8 | Route start and end: 233 277
Set 8 | Route start and end: 54 172
Set 8 | Route start and end: 199 177
Set 8 | Route start and end: 36 176
Set 8 | Route start and end: 193 172
Set 8 | Route start and end: 39 183
boise60k10ps2d 8 4.000000 1.000000 0 100 10 10 1603 50 0.0174672 0.0205864 0.0249532 0.0280724 0.0318153 0.0349345 0.0399251 0.0449158 0.0524017 0.0555209 1
Set 9 | Route start and end: 157 14
Set 9 | Route start and end: 26 128
Set 9 | Route start and end: 68 71
Set 9 | Route start and end: 84 118
Set 9 | Route start and end: 64 234
Set 9 | Route start and end: 22 12
Set 9 | Route start and end: 24 130
Set 9 | Route start and end: 12 162
Set 9 | Route start and end: 13 20
Set 9 | Route start and end: 121 10
Set 9 | Route start and end: 53 139
Set 9 | Route start and end: 152 116
Set 9 | Route start and end: 139 152
Set 9 | Route start and end: 5 62
Set 9 | Route start and end: 88 74
Set 9 | Route start and end: 71 236
Set 9 | Route start and end: 161 89
Set 9 | Route start and end: 57 152
Set 9 | Route start and end: 117 202
Set 9 | Route start and end: 77 93
Set 9 | Route start and end: 43 56
Set 9 | Route start and end: 69 89
Set 9 | Route start and end: 116 249
Set 9 | Route start and end: 2 170
Set 9 | Route start and end: 129 197
Set 9 | Route start and end: 55 174
Set 9 | Route start and end: 194 197
Set 9 | Route start and end: 10 179
Set 9 | Route start and end: 20 176
boise60k10ps2d 9 4.000000 1.000000 0 100 10 10 1603 50 0.0118528 0.0149719 0.0180911 0.0205864 0.0230817 0.0268247 0.0299439 0.033063 0.0393013 0.0455396 1
Set 10 | Route start and end: 162 31
Set 10 | Route start and end: 164 137
Set 10 | Route start and end: 11 130
Set 10 | Route start and end: 87 0
Set 10 | Route start and end: 148 11
Set 10 | Route start and end: 132 77
Set 10 | Route start and end: 140 35
Set 10 | Route start and end: 147 151
Set 10 | Route start and end: 122 11
Set 10 | Route start and end: 86 266
Set 10 | Route start and end: 135 139
Set 10 | Route start and end: 76 21
Set 10 | Route start and end: 27 140
Set 10 | Route start and end: 19 139
Set 10 | Route start and end: 124 66
Set 10 | Route start and end: 149 263
Set 10 | Route start and end: 75 72
Set 10 | Route start and end: 23 157
Set 10 | Route start and end: 90 84
Set 10 | Route start and end: 80 193
Set 10 | Route start and end: 83 88
Set 10 | Route start and end: 89 197
Set 10 | Route start and end: 81 273
Set 10 | Route start and end: 79 224
Set 10 | Route start and end: 150 197
Set 10 | Route start and end: 4 209
Set 10 | Route start and end: 128 202
Set 10 | Route start and end: 78 197
Set 10 | Route start and end: 127 197
boise60k10ps2d 10 4.000000 1.000000 0 100 10 10 1603 50 0.0155958 0.0162196 0.0187149 0.0199626 0.0249532 0.0262009 0.0305677 0.0349345 0.040549 0.0499064 1
Set 11 | Route start and end: 96 136
Set 11 | Route start and end: 85 70
Set 11 | Route start and end: 91 91
Set 11 | Route start and end: 141 66
Set 11 | Route start and end: 123 237
Set 11 | Route start and end: 163 140
Set 11 | Route start and end: 156 1
Set 11 | Route start and end: 151 139
Set 11 | Route start and end: 145 118
Set 11 | Route start and end: 155 198
Set 11 | Route start and end: 130 118
Set 11 | Route start and end: 73 233
Set 11 | Route start and end: 166 29
Set 11 | Route start and end: 142 30
Set 11 | Route start and end: 134 56
Set 11 | Route start and end: 131 29
Set 11 | Route start and end: 133 202
Set 11 | Route start and end: 126 197
Set 11 | Route start and end: 143 170
boise60k10ps2d 11 4.000000 1.000000 0 100 10 10 1603 50 0.0168434 0.0212102 0.0243294 0.025577 0.0274485 0.033063 0.0349345 0.0411728 0.0480349 0.0499064 1
Set 12 | Route start and end: 136 157
Set 12 | Route start and end: 93 133
Set 12 | Route start and end: 165 156
Set 12 | Route start and end: 160 263
Set 12 | Route start and end: 154 129
Set 12 | Route start and end: 125 63
Set 12 | Route start and end: 138 11
Set 12 | Route start and end: 158 193
Set 12 | Route start and end: 153 132
Set 12 | Route start and end: 94 235
Set 12 | Route start and end: 144 197
boise60k10ps2d 12 4.000000 1.000000 0 100 10 10 1603 50 0.0162196 0.0180911 0.0199626 0.025577 0.0286962 0.0336868 0.0374298 0.044292 0.0486588 0.0524017 1
Set 13 | Route start and end: 95 118
Set 13 | Route start and end: 159 155
Set 13 | Route start and end: 92 10
Set 13 | Route start and end: 137 249
boise60k10ps2d 13 4.000000 1.000000 0 100 10 10 1603 50 0.0155958 0.0212102 0.0237056 0.0268247 0.0280724 0.0343107 0.0393013 0.044292 0.0486588 0.0536494 1
boise60k10ps2dProbSet
testName run time fitness gens maxGens popSize cPopSize agents groupSize e0 e1 e2 e3 e4 e5 e6 e7 e8 e9 e10
boise60k10ps2d 0 4.000000 0.094198 0 1000 10 10 1603 50 0.0180911 0.0193387 0.0230817 0.0262009 0.0305677 0.036806 0.0480349 0.0598877 0.0711167 0.0823456 0.0941984
boise60k10ps2d 0 4.000000 0.126638 10 1000 10 10 1603 50 0.0168434 0.0249532 0.0286962 0.0355583 0.0430443 0.0524017 0.0667498 0.0829694 0.0966937 0.116032 0.126638
boise60k10ps2d 0 4.000000 0.157205 20 1000 10 10 1603 50 0.0187149 0.0237056 0.0299439 0.0374298 0.0474111 0.0642545 0.0854648 0.102932 0.118528 0.145976 0.157205
boise60k10ps2d 0 4.000000 0.205240 30 1000 10 10 1603 50 0.0199626 0.0268247 0.0336868 0.040549 0.0530256 0.0767311 0.101684 0.131004 0.164067 0.190268 0.20524
boise60k10ps2d 0 4.000000 0.232065 40 1000 10 10 1603 50 0.0180911 0.0324392 0.036806 0.0461634 0.0617592 0.0973175 0.134124 0.164067 0.202745 0.24267 0.232065
boise60k10ps2d 0 4.000000 0.253899 50 1000 10 10 1603 50 0.0149719 0.025577 0.0355583 0.044292 0.0692452 0.100437 0.127885 0.159077 0.20025 0.235808 0.253899
boise60k10ps2d 0 4.000000 0.285714 60 1000 10 10 1603 50 0.0187149 0.0274485 0.0399251 0.0530256 0.0829694 0.124766 0.165315 0.196507 0.238303 0.278228 0.285714
boise60k10ps2d 0 4.000000 0.313787 70 1000 10 10 1603 50 0.0193387 0.02932 0.0424205 0.0605115 0.0873362 0.12539 0.171553 0.209607 0.250156 0.304429 0.313787
boise60k10ps2d 0 4.000000 0.333749 80 1000 10 10 1603 50 0.0199626 0.0299439 0.040549 0.0598877 0.0941984 0.1335 0.182782 0.225827 0.278852 0.335621 0.333749
boise60k10ps2d 0 4.000000 0.386775 90 1000 10 10 1603 50 0.0212102 0.0305677 0.0449158 0.0636307 0.0973175 0.147224 0.20025 0.243294 0.301934 0.366812 0.386775
boise60k10ps2d 0 4.000000 0.412352 100 1000 10 10 1603 50 0.0193387 0.02932 0.0474111 0.066126 0.102308 0.149719 0.207112 0.27199 0.327511 0.391765 0.412352
boise60k10ps2d 0 4.000000 0.423581 110 1000 10 10 1603 50 0.0168434 0.0336868 0.0480349 0.069869 0.109794 0.156581 0.216469 0.276981 0.334997 0.41048 0.423581
boise60k10ps2d 0 4.000000 0.486588 120 1000 10 10 1603 50 0.0193387 0.0318153 0.0449158 0.0692452 0.115409 0.173425 0.237679 0.321273 0.389894 0.466625 0.486588
boise60k10ps2d 0 4.000000 0.487211 130 1000 10 10 1603 50 0.0193387 0.0311915 0.0449158 0.0761073 0.119152 0.170306 0.235184 0.316906 0.386151 0.47224 0.487211
boise60k10ps2d 0 4.000000 0.512165 140 1000 10 10 1603 50 0.0205864 0.0349345 0.0467873 0.066126 0.111042 0.174672 0.257018 0.330006 0.41048 0.492826 0.512165
boise60k10ps2d 0 4.000000 0.536494 150 1000 10 10 1603 50 0.0199626 0.033063 0.0436681 0.0748596 0.127261 0.197754 0.276357 0.356831 0.432938 0.521522 0.536494
boise60k10ps2d 0 4.000000 0.536494 160 1000 10 10 1603 50 0.0224579 0.0349345 0.0467873 0.0748596 0.124142 0.191516 0.271366 0.348721 0.438553 0.512789 0.536494
boise60k10ps2d 0 4.000000 0.537118 170 1000 10 10 1603 50 0.0230817 0.0349345 0.0499064 0.0704928 0.117904 0.190892 0.268871 0.349345 0.439177 0.522146 0.537118
boise60k10ps2d 0 4.000000 0.559576 180 1000 10 10 1603 50 0.0180911 0.0324392 0.0505303 0.0786026 0.131004 0.202121 0.290705 0.377417 0.462882 0.559576 0.559576
boise60k10ps2d 0 4.000000 0.575795 190 1000 10 10 1603 50 0.0199626 0.0349345 0.0524017 0.0835933 0.135371 0.195883 0.278228 0.372427 0.462258 0.558952 0.575795
boise60k10ps2d 0 4.000000 0.580786 200 1000 10 10 1603 50 0.0205864 0.0349345 0.0492826 0.0779788 0.128509 0.202745 0.291329 0.378665 0.47224 0.566438 0.580786
boise60k10ps2d 0 4.000000 0.589520 210 1000 10 10 1603 50 0.0205864 0.040549 0.0561447 0.0879601 0.142857 0.222707 0.310044 0.398628 0.494074 0.582034 0.58952
boise60k10ps2d 0 4.000000 0.622583 220 1000 10 10 1603 50 0.0224579 0.0380537 0.0573924 0.0879601 0.157829 0.245789 0.336245 0.431067 0.520274 0.614473 0.622583
boise60k10ps2d 0 4.000000 0.626949 230 1000 10 10 1603 50 0.0237056 0.0399251 0.0542732 0.0873362 0.157205 0.24267 0.327511 0.426076 0.524017 0.617592 0.626949
boise60k10ps2d 0 4.000000 0.645664 240 1000 10 10 1603 50 0.0218341 0.040549 0.0573924 0.0948222 0.174049 0.253899 0.353088 0.450405 0.545228 0.636307 0.645664
boise60k10ps2d 0 4.000000 0.656893 250 1000 10 10 1603 50 0.0218341 0.0417966 0.0605115 0.099189 0.16781 0.257642 0.347473 0.457891 0.540861 0.650655 0.656893
boise60k10ps2d 0 4.000000 0.659389 260 1000 10 10 1603 50 0.0224579 0.0386775 0.0561447 0.0935745 0.15471 0.251404 0.342483 0.44292 0.538989 0.653774 0.659389
boise60k10ps2d 0 4.000000 0.659389 270 1000 10 10 1603 50 0.0205864 0.0349345 0.0542732 0.0923269 0.168434 0.266376 0.35184 0.454148 0.550842 0.643793 0.659389
boise60k10ps2d 0 4.000000 0.659389 280 1000 10 10 1603 50 0.0199626 0.0380537 0.0580162 0.0929507 0.171553 0.253275 0.350593 0.454148 0.548971 0.649407 0.659389
boise60k10ps2d 0 4.000000 0.665627 290 1000 10 10 1603 50 0.0199626 0.0386775 0.0580162 0.0917031 0.159701 0.257642 0.357455 0.454772 0.560823 0.665003 0.665627
boise60k10ps2d 0 4.000000 0.693075 300 1000 10 10 1603 50 0.0237056 0.0374298 0.0592639 0.099189 0.172801 0.266999 0.371803 0.485964 0.595758 0.704928 0.693075
boise60k10ps2d 0 4.000000 0.706176 310 1000 10 10 1603 50 0.0230817 0.0386775 0.0561447 0.0935745 0.170306 0.266376 0.383032 0.489707 0.599501 0.704928 0.706176
boise60k10ps2d 0 4.000000 0.719276 320 1000 10 10 1603 50 0.0249532 0.0386775 0.0542732 0.100437 0.17093 0.278852 0.393637 0.500312 0.630692 0.724891 0.719276
boise60k10ps2d 0 4.000000 0.766064 330 1000 10 10 1603 50 0.0224579 0.0386775 0.0555209 0.0904554 0.174049 0.272614 0.378041 0.50655 0.635683 0.751092 0.766064
boise60k10ps2d 0 4.000000 0.774797 340 1000 10 10 1603 50 0.0205864 0.0380537 0.0611354 0.102932 0.180287 0.281347 0.399251 0.52277 0.653774 0.771678 0.774797
boise60k10ps2d 0 4.000000 0.792888 350 1000 10 10 1603 50 0.0218341 0.0399251 0.0605115 0.095446 0.16781 0.274485 0.398628 0.520274 0.637555 0.748596 0.792888
boise60k10ps2d 0 4.000000 0.803493 360 1000 10 10 1603 50 0.0224579 0.044292 0.062383 0.102932 0.186525 0.292576 0.412352 0.547099 0.672489 0.782907 0.803493
boise60k10ps2d 0 4.000000 0.809732 370 1000 10 10 1603 50 0.0237056 0.0436681 0.062383 0.0941984 0.178415 0.294448 0.426076 0.552714 0.684966 0.799127 0.809732
boise60k10ps2d 0 4.000000 0.817842 380 1000 10 10 1603 50 0.0224579 0.0380537 0.0548971 0.0898316 0.182782 0.301934 0.432314 0.556457 0.681847 0.797255 0.817842
boise60k10ps2d 0 4.000000 0.841547 390 1000 10 10 1603 50 0.0230817 0.0486588 0.0592639 0.107923 0.188397 0.315034 0.454148 0.587024 0.721148 0.828447 0.841547
boise60k10ps2d 0 4.000000 0.844666 400 1000 10 10 1603 50 0.025577 0.0430443 0.0655022 0.103556 0.195259 0.316906 0.449782 0.587024 0.719276 0.840923 0.844666
boise60k10ps2d 0 4.000000 0.857143 410 1000 10 10 1603 50 0.0262009 0.0467873 0.0711167 0.114785 0.206488 0.333749 0.464754 0.606987 0.751092 0.854648 0.857143
boise60k10ps2d 0 4.000000 0.870867 420 1000 10 10 1603 50 0.0249532 0.0499064 0.0704928 0.118528 0.214598 0.343731 0.466625 0.613225 0.751092 0.850905 0.870867
boise60k10ps2d 0 4.000000 0.870867 430 1000 10 10 1603 50 0.0268247 0.0486588 0.0673737 0.110418 0.206488 0.343731 0.481597 0.625078 0.756706 0.864005 0.870867
boise60k10ps2d 0 4.000000 0.870867 440 1000 10 10 1603 50 0.0268247 0.0492826 0.0667498 0.108546 0.208983 0.338116 0.47224 0.612601 0.742982 0.847785 0.870867
boise60k10ps2d 0 4.000000 0.870867 450 1000 10 10 1603 50 0.0243294 0.0474111 0.0686213 0.110418 0.197754 0.331254 0.46912 0.604492 0.744853 0.845914 0.870867
boise60k10ps2d 0 4.000000 0.870867 460 1000 10 10 1603 50 0.025577 0.0480349 0.0686213 0.114785 0.215221 0.343107 0.480349 0.613225 0.748596 0.849657 0.870867
boise60k10ps2d 0 4.000000 0.873362 470 1000 10 10 1603 50 0.0274485 0.0467873 0.0679975 0.108546 0.203993 0.326263 0.45602 0.590767 0.726762 0.847785 0.873362
boise60k10ps2d 0 4.000000 0.873362 480 1000 10 10 1603 50 0.025577 0.0486588 0.0717405 0.111042 0.204616 0.320649 0.44791 0.588896 0.724891 0.846538 0.873362
boise60k10ps2d 0 4.000000 0.873362 490 1000 10 10 1603 50 0.025577 0.0492826 0.0692452 0.107923 0.194011 0.320649 0.452901 0.593263 0.731129 0.850905 0.873362
boise60k10ps2d 0 4.000000 0.873986 500 1000 10 10 1603 50 0.025577 0.0486588 0.0692452 0.103556 0.202121 0.329382 0.471616 0.61073 0.738615 0.850905 0.873986
boise60k10ps2d 0 4.000000 0.873986 510 1000 10 10 1603 50 0.0249532 0.0449158 0.0711167 0.116656 0.202121 0.334373 0.459763 0.597629 0.731753 0.852776 0.873986
boise60k10ps2d 0 4.000000 0.873986 520 1000 10 10 1603 50 0.0230817 0.044292 0.0655022 0.109794 0.196507 0.321273 0.454772 0.590767 0.730505 0.835309 0.873986
boise60k10ps2d 0 4.000000 0.874610 530 1000 10 10 1603 50 0.0230817 0.0492826 0.0667498 0.115409 0.208359 0.33874 0.470368 0.606987 0.739863 0.850905 0.87461
boise60k10ps2d 0 4.000000 0.874610 540 1000 10 10 1603 50 0.025577 0.0449158 0.0692452 0.116656 0.208983 0.347473 0.471616 0.605115 0.740487 0.851528 0.87461
boise60k10ps2d 0 4.000000 0.874610 550 1000 10 10 1603 50 0.0249532 0.0467873 0.0673737 0.109794 0.200873 0.335621 0.466625 0.606363 0.747973 0.857143 0.87461
boise60k10ps2d 0 4.000000 0.874610 560 1000 10 10 1603 50 0.0224579 0.0436681 0.0592639 0.105427 0.200873 0.325639 0.466001 0.605739 0.748596 0.865253 0.87461
boise60k10ps2d 0 4.000000 0.874610 570 1000 10 10 1603 50 0.0237056 0.0467873 0.066126 0.111042 0.22146 0.355583 0.487211 0.623206 0.750468 0.867748 0.87461
boise60k10ps2d 0 4.000000 0.874610 580 1000 10 10 1603 50 0.0230817 0.0474111 0.069869 0.113537 0.211478 0.341235 0.482845 0.613849 0.73612 0.860886 0.87461
boise60k10ps2d 0 4.000000 0.874610 590 1000 10 10 1603 50 0.0249532 0.0486588 0.0648784 0.112289 0.210855 0.343731 0.474111 0.614473 0.744853 0.859638 0.87461
boise60k10ps2d 0 4.000000 0.874610 600 1000 10 10 1603 50 0.025577 0.0474111 0.0636307 0.112289 0.206488 0.339988 0.469744 0.607611 0.744853 0.860262 0.87461
boise60k10ps2d 0 4.000000 0.874610 610 1000 10 10 1603 50 0.0237056 0.0449158 0.0642545 0.104803 0.216469 0.337492 0.470368 0.599501 0.736744 0.848409 0.87461
boise60k10ps2d 0 4.000000 0.874610 620 1000 10 10 1603 50 0.025577 0.0480349 0.0692452 0.114785 0.215845 0.34685 0.478478 0.611354 0.750468 0.864005 0.87461
boise60k10ps2d 0 4.000000 0.874610 630 1000 10 10 1603 50 0.0268247 0.044292 0.0686213 0.114161 0.205864 0.336868 0.47723 0.609482 0.740487 0.855271 0.87461
boise60k10ps2d 0 4.000000 0.878353 640 1000 10 10 1603 50 0.0262009 0.0461634 0.0679975 0.111042 0.220212 0.350593 0.484716 0.628197 0.753587 0.858391 0.878353
boise60k10ps2d 0 4.000000 0.880848 650 1000 10 10 1603 50 0.0274485 0.0492826 0.0723643 0.117904 0.219588 0.354336 0.487211 0.622583 0.759825 0.864005 0.880848
boise60k10ps2d 0 4.000000 0.880848 660 1000 10 10 1603 50 0.025577 0.0517779 0.0679975 0.109794 0.212726 0.364317 0.49345 0.629445 0.767935 0.862134 0.880848
boise60k10ps2d 0 4.000000 0.880848 670 1000 10 10 1603 50 0.0249532 0.0505303 0.0673737 0.111666 0.223955 0.341859 0.486588 0.627573 0.759202 0.859638 0.880848
boise60k10ps2d 0 4.000000 0.895820 680 1000 10 10 1603 50 0.025577 0.0455396 0.0692452 0.111042 0.218341 0.349345 0.489083 0.630692 0.759202 0.872739 0.89582
boise60k10ps2d 0 4.000000 0.895820 690 1000 10 10 1603 50 0.0249532 0.0467873 0.0636307 0.110418 0.22146 0.354959 0.489707 0.635683 0.762321 0.890206 0.89582
boise60k10ps2d 0 4.000000 0.895820 700 1000 10 10 1603 50 0.0262009 0.0486588 0.069869 0.120399 0.227698 0.357455 0.494697 0.630069 0.762944 0.877105 0.89582
boise60k10ps2d 0 4.000000 0.898939 710 1000 10 10 1603 50 0.0243294 0.0480349 0.0692452 0.115409 0.220212 0.355583 0.489083 0.630069 0.769807 0.885839 0.898939
boise60k10ps2d 0 4.000000 0.898939 720 1000 10 10 1603 50 0.0237056 0.0461634 0.0667498 0.124142 0.231441 0.373051 0.504679 0.646912 0.782907 0.879601 0.898939
boise60k10ps2d 0 4.000000 0.898939 730 1000 10 10 1603 50 0.0237056 0.0449158 0.0642545 0.107923 0.232065 0.364941 0.497193 0.631316 0.772302 0.883968 0.898939
boise60k10ps2d 0 4.000000 0.900187 740 1000 10 10 1603 50 0.0237056 0.0436681 0.0686213 0.115409 0.22146 0.348721 0.490954 0.631316 0.768559 0.873986 0.900187
boise60k10ps2d 0 4.000000 0.900187 750 1000 10 10 1603 50 0.0237056 0.0449158 0.0686213 0.113537 0.219588 0.354959 0.49345 0.626326 0.769807 0.885839 0.900187
boise60k10ps2d 0 4.000000 0.900187 760 1000 10 10 1603 50 0.0243294 0.0486588 0.0692452 0.116656 0.222707 0.356831 0.492826 0.633188 0.771054 0.879601 0.900187
boise60k10ps2d 0 4.000000 0.900187 770 1000 10 10 1603 50 0.0237056 0.0436681 0.0692452 0.121647 0.227698 0.362445 0.50156 0.63194 0.779788 0.888958 0.900187
boise60k10ps2d 0 4.000000 0.900187 780 1000 10 10 1603 50 0.0243294 0.0474111 0.0692452 0.116032 0.21335 0.349345 0.485964 0.62383 0.761073 0.876482 0.900187
boise60k10ps2d 0 4.000000 0.900187 790 1000 10 10 1603 50 0.0249532 0.0455396 0.0686213 0.118528 0.230193 0.358702 0.500312 0.638178 0.779164 0.888334 0.900187
boise60k10ps2d 0 4.000000 0.900187 800 1000 10 10 1603 50 0.0249532 0.0455396 0.0642545 0.116032 0.215221 0.343731 0.494697 0.635683 0.771054 0.889582 0.900187
boise60k10ps2d 0 4.000000 0.900187 810 1000 10 10 1603 50 0.0274485 0.0480349 0.0673737 0.117904 0.223955 0.356831 0.49345 0.625078 0.769807 0.887087 0.900187
boise60k10ps2d 0 4.000000 0.900187 820 1000 10 10 1603 50 0.0224579 0.0474111 0.0667498 0.120399 0.222084 0.356207 0.495321 0.632564 0.77043 0.890206 0.900187
boise60k10ps2d 0 4.000000 0.900187 830 1000 10 10 1603 50 0.0243294 0.0449158 0.066126 0.122895 0.232065 0.364941 0.500312 0.636931 0.779164 0.883344 0.900187
boise60k10ps2d 0 4.000000 0.900187 840 1000 10 10 1603 50 0.0268247 0.0474111 0.0692452 0.11728 0.222707 0.353712 0.492202 0.631316 0.76544 0.887087 0.900187
boise60k10ps2d 0 4.000000 0.900187 850 1000 10 10 1603 50 0.0243294 0.0449158 0.0686213 0.113537 0.227074 0.355583 0.488459 0.622583 0.760449 0.870867 0.900187
boise60k10ps2d 0 4.000000 0.900187 860 1000 10 10 1603 50 0.0249532 0.0467873 0.066126 0.114161 0.218341 0.356207 0.488459 0.628821 0.769807 0.883344 0.900187
boise60k10ps2d 0 4.000000 0.907049 870 1000 10 10 1603 50 0.0237056 0.0455396 0.0655022 0.118528 0.227698 0.362445 0.502183 0.643169 0.77854 0.893325 0.907049
boise60k10ps2d 0 4.000000 0.915783 880 1000 10 10 1603 50 0.0268247 0.0511541 0.0729881 0.129757 0.238927 0.378665 0.517779 0.654398 0.790393 0.921397 0.915783
boise60k10ps2d 0 4.000000 0.915783 890 1000 10 10 1603 50 0.0218341 0.0511541 0.0711167 0.12539 0.245165 0.385527 0.520274 0.653774 0.795384 0.910168 0.915783
boise60k10ps2d 0 4.000000 0.915783 900 1000 10 10 1603 50 0.0243294 0.0517779 0.0723643 0.126638 0.232065 0.356831 0.496569 0.627573 0.768559 0.898939 0.915783
boise60k10ps2d 0 4.000000 0.915783 910 1000 10 10 1603 50 0.0268247 0.0511541 0.0704928 0.124142 0.235184 0.373051 0.505926 0.632564 0.769807 0.894573 0.915783
boise60k10ps2d 0 4.000000 0.915783 920 1000 10 10 1603 50 0.025577 0.0492826 0.069869 0.121647 0.237679 0.378041 0.510293 0.635683 0.783531 0.905802 0.915783
boise60k10ps2d 0 4.000000 0.915783 930 1000 10 10 1603 50 0.0249532 0.0449158 0.0655022 0.122271 0.23456 0.376794 0.512789 0.638802 0.777293 0.897068 0.915783
boise60k10ps2d 0 4.000000 0.920150 940 1000 10 10 1603 50 0.025577 0.0524017 0.0742358 0.127885 0.245789 0.386775 0.523394 0.650655 0.790393 0.907673 0.92015
boise60k10ps2d 0 4.000000 0.922645 950 1000 10 10 1603 50 0.0268247 0.0505303 0.0717405 0.129757 0.242046 0.386151 0.515284 0.651279 0.792888 0.913288 0.922645
boise60k10ps2d 0 4.000000 0.922645 960 1000 10 10 1603 50 0.025577 0.0480349 0.0692452 0.124142 0.241422 0.371179 0.515908 0.642545 0.781036 0.908921 0.922645
boise60k10ps2d 0 4.000000 0.925140 970 1000 10 10 1603 50 0.0224579 0.0492826 0.0754835 0.128509 0.252027 0.386775 0.525889 0.651279 0.796631 0.92514 0.92514
boise60k10ps2d 0 4.000000 0.925140 980 1000 10 10 1603 50 0.0243294 0.0461634 0.0704928 0.128509 0.250156 0.378665 0.513412 0.651903 0.794136 0.912664 0.92514
boise60k10ps2d 0 4.000000 0.925140 990 1000 10 10 1603 50 0.025577 0.0511541 0.0711167 0.124766 0.24267 0.378041 0.520274 0.653774 0.796008 0.916407 0.92514
boise60k10ps2d 0 4.000000 0.925140 1000 1000 10 10 1603 50 0.0237056 0.0480349 0.0729881 0.131004 0.243918 0.383656 0.512789 0.64816 0.788522 0.913911 0.92514
boise60k10ps2d 1 4.000000 0.091703 0 1000 10 10 1603 50 0.0168434 0.0205864 0.0249532 0.0274485 0.0311915 0.0411728 0.0486588 0.0567686 0.0667498 0.0786026 0.0917031
boise60k10ps2d 1 4.000000 0.127261 10 1000 10 10 1603 50 0.0180911 0.0262009 0.0286962 0.0336868 0.0430443 0.0536494 0.0667498 0.0823456 0.0960699 0.111666 0.127261
boise60k10ps2d 1 4.000000 0.172177 20 1000 10 10 1603 50 0.0193387 0.0237056 0.0311915 0.0436681 0.0586401 0.0817218 0.099189 0.119775 0.145976 0.17592 0.172177
boise60k10ps2d 1 4.000000 0.203369 30 1000 10 10 1603 50 0.0212102 0.0286962 0.0361822 0.0517779 0.0717405 0.0973175 0.120399 0.144105 0.172801 0.205864 0.203369
boise60k10ps2d 1 4.000000 0.275733 40 1000 10 10 1603 50 0.0199626 0.0286962 0.0349345 0.0530256 0.0867124 0.119775 0.15471 0.184654 0.225827 0.25889 0.275733
boise60k10ps2d 1 4.000000 0.310667 50 1000 10 10 1603 50 0.0212102 0.0274485 0.0417966 0.0630069 0.0929507 0.124766 0.167187 0.19713 0.242046 0.277604 0.310667
boise60k10ps2d 1 4.000000 0.322520 60 1000 10 10 1603 50 0.0230817 0.033063 0.0436681 0.0598877 0.102932 0.1466 0.190892 0.223955 0.271366 0.326263 0.32252
boise60k10ps2d 1 4.000000 0.359950 70 1000 10 10 1603 50 0.0212102 0.0280724 0.040549 0.0636307 0.0985652 0.143481 0.195259 0.235808 0.280724 0.330006 0.35995
boise60k10ps2d 1 4.000000 0.421085 80 1000 10 10 1603 50 0.0212102 0.0299439 0.044292 0.073612 0.120399 0.173425 0.239551 0.296319 0.348721 0.400499 0.421085
boise60k10ps2d 1 4.000000 0.447286 90 1000 10 10 1603 50 0.0212102 0.0311915 0.0449158 0.0692452 0.114785 0.182782 0.248284 0.313787 0.378665 0.436057 0.447286
boise60k10ps2d 1 4.000000 0.461634 100 1000 10 10 1603 50 0.0224579 0.0336868 0.0505303 0.0748596 0.127261 0.190892 0.257018 0.31441 0.386775 0.457268 0.461634
boise60k10ps2d 1 4.000000 0.472863 110 1000 10 10 1603 50 0.0212102 0.0349345 0.0530256 0.0848409 0.128509 0.197754 0.269495 0.333125 0.391765 0.47224 0.472863
boise60k10ps2d 1 4.000000 0.482845 120 1000 10 10 1603 50 0.0230817 0.0355583 0.0524017 0.0860886 0.137866 0.202745 0.268871 0.341859 0.417342 0.478478 0.482845
boise60k10ps2d 1 4.000000 0.489083 130 1000 10 10 1603 50 0.0212102 0.0361822 0.0474111 0.0723643 0.132252 0.202745 0.274485 0.336868 0.404242 0.470992 0.489083
boise60k10ps2d 1 4.000000 0.489083 140 1000 10 10 1603 50 0.0212102 0.0336868 0.0480349 0.0742358 0.132876 0.209607 0.266999 0.336868 0.415471 0.474735 0.489083
boise60k10ps2d 1 4.000000 0.489083 150 1000 10 10 1603 50 0.0218341 0.0349345 0.0511541 0.0848409 0.13849 0.203369 0.268871 0.344978 0.411104 0.474111 0.489083
boise60k10ps2d 1 4.000000 0.489083 160 1000 10 10 1603 50 0.0230817 0.0361822 0.0517779 0.0823456 0.134124 0.208983 0.275109 0.342483 0.412352 0.475359 0.489083
boise60k10ps2d 1 4.000000 0.489083 170 1000 10 10 1603 50 0.0193387 0.0318153 0.0480349 0.073612 0.127885 0.199626 0.269495 0.331878 0.399251 0.462258 0.489083
boise60k10ps2d 1 4.000000 0.494697 180 1000 10 10 1603 50 0.0205864 0.036806 0.0542732 0.0892077 0.150343 0.219588 0.275109 0.347473 0.421709 0.487211 0.494697
boise60k10ps2d 1 4.000000 0.501560 190 1000 10 10 1603 50 0.0212102 0.0318153 0.0474111 0.0842171 0.144729 0.214598 0.278852 0.348721 0.420462 0.471616 0.50156
boise60k10ps2d 1 4.000000 0.503431 200 1000 10 10 1603 50 0.0205864 0.0374298 0.0511541 0.0854648 0.137243 0.215845 0.278228 0.341235 0.411728 0.484092 0.503431
boise60k10ps2d 1 4.000000 0.520274 210 1000 10 10 1603 50 0.0205864 0.036806 0.0548971 0.0966937 0.15471 0.238303 0.299439 0.361822 0.451029 0.509669 0.520274
boise60k10ps2d 1 4.000000 0.520274 220 1000 10 10 1603 50 0.0237056 0.0380537 0.062383 0.102932 0.15471 0.238927 0.300062 0.366188 0.440424 0.520274 0.520274
boise60k10ps2d 1 4.000000 0.520274 230 1000 10 10 1603 50 0.0212102 0.0393013 0.0555209 0.095446 0.152215 0.228946 0.30131 0.361822 0.446039 0.519027 0.520274
boise60k10ps2d 1 4.000000 0.520274 240 1000 10 10 1603 50 0.0199626 0.0374298 0.0567686 0.0966937 0.145976 0.224579 0.297567 0.364941 0.439177 0.515284 0.520274
boise60k10ps2d 1 4.000000 0.520274 250 1000 10 10 1603 50 0.0205864 0.0417966 0.0592639 0.0929507 0.152215 0.224579 0.286338 0.359326 0.429819 0.502183 0.520274
boise60k10ps2d 1 4.000000 0.520274 260 1000 10 10 1603 50 0.0193387 0.0380537 0.0548971 0.0941984 0.152215 0.22957 0.287586 0.35995 0.431691 0.50156 0.520274
boise60k10ps2d 1 4.000000 0.520274 270 1000 10 10 1603 50 0.0212102 0.0361822 0.0567686 0.095446 0.155958 0.236432 0.295072 0.366188 0.436681 0.507174 0.520274
boise60k10ps2d 1 4.000000 0.524641 280 1000 10 10 1603 50 0.0205864 0.036806 0.0580162 0.0923269 0.150343 0.227698 0.298191 0.363069 0.433562 0.505303 0.524641
boise60k10ps2d 1 4.000000 0.524641 290 1000 10 10 1603 50 0.0243294 0.0399251 0.0573924 0.0941984 0.155334 0.233313 0.298191 0.366188 0.449782 0.519651 0.524641
boise60k10ps2d 1 4.000000 0.531503 300 1000 10 10 1603 50 0.0237056 0.040549 0.0611354 0.100437 0.163444 0.238927 0.305677 0.367436 0.445415 0.511541 0.531503
boise60k10ps2d 1 4.000000 0.531503 310 1000 10 10 1603 50 0.0205864 0.036806 0.062383 0.0966937 0.169682 0.241422 0.306301 0.364317 0.448534 0.513412 0.531503
boise60k10ps2d 1 4.000000 0.531503 320 1000 10 10 1603 50 0.0205864 0.0393013 0.0555209 0.0960699 0.15471 0.224579 0.289457 0.364941 0.438553 0.517779 0.531503
boise60k10ps2d 1 4.000000 0.531503 330 1000 10 10 1603 50 0.0218341 0.0393013 0.0592639 0.099189 0.16282 0.235808 0.305677 0.369931 0.440424 0.504679 0.531503
boise60k10ps2d 1 4.000000 0.531503 340 1000 10 10 1603 50 0.0212102 0.0411728 0.0598877 0.0985652 0.159701 0.238927 0.303182 0.365565 0.444167 0.50655 0.531503
boise60k10ps2d 1 4.000000 0.531503 350 1000 10 10 1603 50 0.0218341 0.0355583 0.0592639 0.0998129 0.160324 0.237679 0.304429 0.36806 0.455396 0.519027 0.531503
boise60k10ps2d 1 4.000000 0.531503 360 1000 10 10 1603 50 0.0212102 0.0380537 0.0517779 0.0941984 0.160324 0.242046 0.30942 0.373051 0.447286 0.511541 0.531503
boise60k10ps2d 1 4.000000 0.531503 370 1000 10 10 1603 50 0.0193387 0.0393013 0.0592639 0.0979414 0.16282 0.237056 0.305053 0.356207 0.437929 0.51466 0.531503
boise60k10ps2d 1 4.000000 0.533375 380 1000 10 10 1603 50 0.0187149 0.0349345 0.0517779 0.0910792 0.153462 0.222084 0.299439 0.361198 0.439177 0.512165 0.533375
boise60k10ps2d 1 4.000000 0.533375 390 1000 10 10 1603 50 0.0199626 0.0386775 0.0586401 0.102308 0.167187 0.243918 0.312539 0.372427 0.445415 0.524641 0.533375
boise60k10ps2d 1 4.000000 0.533375 400 1000 10 10 1603 50 0.0230817 0.0386775 0.0611354 0.103556 0.16781 0.247037 0.315034 0.375546 0.458515 0.520898 0.533375
boise60k10ps2d 1 4.000000 0.533375 410 1000 10 10 1603 50 0.0243294 0.0386775 0.0555209 0.0904554 0.15471 0.231441 0.299439 0.360574 0.437305 0.507174 0.533375
boise60k10ps2d 1 4.000000 0.533375 420 1000 10 10 1603 50 0.0199626 0.0349345 0.0592639 0.102308 0.171553 0.243294 0.311291 0.374922 0.452901 0.517155 0.533375
boise60k10ps2d 1 4.000000 0.533375 430 1000 10 10 1603 50 0.0205864 0.040549 0.0630069 0.101061 0.157205 0.236432 0.304429 0.364317 0.440424 0.51466 0.533375
boise60k10ps2d 1 4.000000 0.533375 440 1000 10 10 1603 50 0.0230817 0.036806 0.0567686 0.102932 0.165315 0.245165 0.30942 0.372427 0.446039 0.52277 0.533375
boise60k10ps2d 1 4.000000 0.543356 450 1000 10 10 1603 50 0.0212102 0.033063 0.0524017 0.0985652 0.162196 0.245165 0.311291 0.380536 0.460387 0.542732 0.543356
boise60k10ps2d 1 4.000000 0.555209 460 1000 10 10 1603 50 0.025577 0.0380537 0.0598877 0.0985652 0.160948 0.235808 0.307548 0.385527 0.46912 0.540861 0.555209
boise60k10ps2d 1 4.000000 0.555209 470 1000 10 10 1603 50 0.0218341 0.0374298 0.0592639 0.101684 0.158453 0.239551 0.315658 0.383032 0.467249 0.538989 0.555209
boise60k10ps2d 1 4.000000 0.555209 480 1000 10 10 1603 50 0.0205864 0.0361822 0.0542732 0.095446 0.17093 0.247661 0.311291 0.379289 0.474735 0.541485 0.555209
boise60k10ps2d 1 4.000000 0.557080 490 1000 10 10 1603 50 0.0199626 0.036806 0.0573924 0.100437 0.159701 0.233313 0.311291 0.380536 0.465377 0.545852 0.55708
boise60k10ps2d 1 4.000000 0.557080 500 1000 10 10 1603 50 0.0230817 0.0386775 0.0580162 0.10418 0.162196 0.236432 0.303805 0.377417 0.462882 0.533999 0.55708
boise60k10ps2d 1 4.000000 0.557704 510 1000 10 10 1603 50 0.0237056 0.0386775 0.0567686 0.100437 0.163444 0.235184 0.307548 0.378665 0.463506 0.535246 0.557704
boise60k10ps2d 1 4.000000 0.572676 520 1000 10 10 1603 50 0.0230817 0.0355583 0.0598877 0.103556 0.165939 0.246413 0.321273 0.391765 0.484092 0.567062 0.572676
boise60k10ps2d 1 4.000000 0.583281 530 1000 10 10 1603 50 0.0230817 0.040549 0.0592639 0.099189 0.160948 0.240799 0.32252 0.391765 0.483469 0.564566 0.583281
boise60k10ps2d 1 4.000000 0.595134 540 1000 10 10 1603 50 0.0224579 0.0374298 0.0511541 0.0835933 0.144729 0.232065 0.315658 0.402371 0.503431 0.577667 0.595134
boise60k10ps2d 1 4.000000 0.603244 550 1000 10 10 1603 50 0.0212102 0.0380537 0.0567686 0.0923269 0.154086 0.232065 0.31753 0.401123 0.50156 0.593886 0.603244
boise60k10ps2d 1 4.000000 0.621335 560 1000 10 10 1603 50 0.0205864 0.0349345 0.0561447 0.0948222 0.164691 0.240799 0.328135 0.416719 0.510293 0.595134 0.621335
boise60k10ps2d 1 4.000000 0.641921 570 1000 10 10 1603 50 0.0237056 0.0399251 0.0636307 0.0966937 0.160948 0.233313 0.325639 0.414223 0.527137 0.630692 0.641921
boise60k10ps2d 1 4.000000 0.641921 580 1000 10 10 1603 50 0.0199626 0.0424205 0.0580162 0.0948222 0.15471 0.24267 0.323768 0.416095 0.517155 0.620087 0.641921
boise60k10ps2d 1 4.000000 0.663755 590 1000 10 10 1603 50 0.0237056 0.0380537 0.0592639 0.0973175 0.167187 0.262633 0.343731 0.43481 0.55708 0.644417 0.663755
boise60k10ps2d 1 4.000000 0.700561 600 1000 10 10 1603 50 0.0237056 0.0386775 0.062383 0.0998129 0.16282 0.254523 0.351216 0.443543 0.569557 0.686213 0.700561
boise60k10ps2d 1 4.000000 0.700561 610 1000 10 10 1603 50 0.0224579 0.0374298 0.0617592 0.0979414 0.171553 0.270742 0.359326 0.464754 0.575795 0.685589 0.700561
boise60k10ps2d 1 4.000000 0.700561 620 1000 10 10 1603 50 0.0218341 0.036806 0.0573924 0.0935745 0.160948 0.259513 0.357455 0.468497 0.575172 0.692452 0.700561
boise60k10ps2d 1 4.000000 0.705552 630 1000 10 10 1603 50 0.0230817 0.0374298 0.0573924 0.095446 0.163444 0.25889 0.363069 0.472863 0.592639 0.704304 0.705552
boise60k10ps2d 1 4.000000 0.706176 640 1000 10 10 1603 50 0.0230817 0.0399251 0.0636307 0.0960699 0.161572 0.248908 0.356831 0.46912 0.58141 0.687461 0.706176
boise60k10ps2d 1 4.000000 0.717405 650 1000 10 10 1603 50 0.0230817 0.0386775 0.062383 0.0973175 0.172177 0.278228 0.38116 0.486588 0.605115 0.71179 0.717405
boise60k10ps2d 1 4.000000 0.734872 660 1000 10 10 1603 50 0.0237056 0.0399251 0.0636307 0.101684 0.170306 0.279476 0.390518 0.50156 0.616344 0.730505 0.734872
boise60k10ps2d 1 4.000000 0.739863 670 1000 10 10 1603 50 0.0237056 0.040549 0.0611354 0.100437 0.174049 0.270742 0.385527 0.497193 0.615721 0.736744 0.739863
boise60k10ps2d 1 4.000000 0.739863 680 1000 10 10 1603 50 0.0224579 0.040549 0.0630069 0.106675 0.183406 0.28509 0.386775 0.502183 0.623206 0.736744 0.739863
boise60k10ps2d 1 4.000000 0.741734 690 1000 10 10 1603 50 0.0243294 0.036806 0.0573924 0.0885839 0.162196 0.261385 0.364941 0.491578 0.600749 0.718653 0.741734
boise60k10ps2d 1 4.000000 0.746101 700 1000 10 10 1603 50 0.0230817 0.040549 0.0567686 0.099189 0.176544 0.277604 0.391765 0.502183 0.620087 0.739863 0.746101
boise60k10ps2d 1 4.000000 0.759202 710 1000 10 10 1603 50 0.0218341 0.0380537 0.0655022 0.0998129 0.174049 0.277604 0.384279 0.492826 0.610106 0.733624 0.759202
boise60k10ps2d 1 4.000000 0.759202 720 1000 10 10 1603 50 0.0224579 0.0386775 0.0617592 0.10418 0.17592 0.279476 0.384903 0.507798 0.631316 0.74111 0.759202
boise60k10ps2d 1 4.000000 0.759202 730 1000 10 10 1603 50 0.0262009 0.0380537 0.0580162 0.095446 0.17093 0.273861 0.378665 0.492202 0.619464 0.737991 0.759202
boise60k10ps2d 1 4.000000 0.759202 740 1000 10 10 1603 50 0.0249532 0.0417966 0.0561447 0.102932 0.179039 0.281971 0.391142 0.502807 0.616968 0.746725 0.759202
boise60k10ps2d 1 4.000000 0.759202 750 1000 10 10 1603 50 0.0237056 0.0380537 0.0617592 0.101684 0.177792 0.268871 0.377417 0.492202 0.610106 0.730505 0.759202
boise60k10ps2d 1 4.000000 0.759202 760 1000 10 10 1603 50 0.0237056 0.0449158 0.0617592 0.10917 0.180287 0.293824 0.39738 0.50655 0.625702 0.744853 0.759202
boise60k10ps2d 1 4.000000 0.759825 770 1000 10 10 1603 50 0.0243294 0.0355583 0.0617592 0.100437 0.177168 0.276981 0.389894 0.502183 0.625702 0.74423 0.759825
boise60k10ps2d 1 4.000000 0.760449 780 1000 10 10 1603 50 0.0230817 0.0361822 0.0636307 0.106675 0.182782 0.284467 0.386775 0.50156 0.624454 0.754211 0.760449
boise60k10ps2d 1 4.000000 0.760449 790 1000 10 10 1603 50 0.0237056 0.044292 0.062383 0.112913 0.189021 0.297567 0.412976 0.516532 0.633812 0.751716 0.760449
boise60k10ps2d 1 4.000000 0.770430 800 1000 10 10 1603 50 0.0243294 0.0430443 0.0636307 0.113537 0.186525 0.292576 0.404866 0.519651 0.648784 0.757954 0.77043
boise60k10ps2d 1 4.000000 0.771678 810 1000 10 10 1603 50 0.0274485 0.040549 0.0630069 0.103556 0.179663 0.275109 0.38927 0.502183 0.630692 0.747973 0.771678
boise60k10ps2d 1 4.000000 0.771678 820 1000 10 10 1603 50 0.0262009 0.0380537 0.062383 0.10917 0.180287 0.291953 0.407985 0.517155 0.64005 0.749844 0.771678
boise60k10ps2d 1 4.000000 0.771678 830 1000 10 10 1603 50 0.0237056 0.0399251 0.0605115 0.101061 0.181535 0.295072 0.416719 0.518403 0.633812 0.735496 0.771678
boise60k10ps2d 1 4.000000 0.771678 840 1000 10 10 1603 50 0.0243294 0.0380537 0.0580162 0.0966937 0.172177 0.281971 0.41048 0.525265 0.64816 0.767935 0.771678
boise60k10ps2d 1 4.000000 0.771678 850 1000 10 10 1603 50 0.0268247 0.0417966 0.0592639 0.106051 0.179039 0.282595 0.409233 0.520898 0.641921 0.741734 0.771678
boise60k10ps2d 1 4.000000 0.771678 860 1000 10 10 1603 50 0.0268247 0.0436681 0.0673737 0.114161 0.190892 0.297567 0.416095 0.524017 0.647536 0.758578 0.771678
boise60k10ps2d 1 4.000000 0.771678 870 1000 10 10 1603 50 0.0268247 0.0374298 0.0611354 0.105427 0.185901 0.28821 0.400499 0.519027 0.644417 0.754211 0.771678
boise60k10ps2d 1 4.000000 0.783531 880 1000 10 10 1603 50 0.0274485 0.0436681 0.062383 0.107923 0.179663 0.301934 0.412976 0.523394 0.655022 0.77355 0.783531
boise60k10ps2d 1 4.000000 0.783531 890 1000 10 10 1603 50 0.0249532 0.0399251 0.0580162 0.103556 0.172801 0.291953 0.409233 0.523394 0.650031 0.761697 0.783531
boise60k10ps2d 1 4.000000 0.783531 900 1000 10 10 1603 50 0.025577 0.040549 0.0667498 0.104803 0.187773 0.2932 0.411728 0.524017 0.647536 0.766687 0.783531
boise60k10ps2d 1 4.000000 0.783531 910 1000 10 10 1603 50 0.0262009 0.0430443 0.0648784 0.10418 0.179039 0.291329 0.409233 0.515908 0.649407 0.75733 0.783531
boise60k10ps2d 1 4.000000 0.783531 920 1000 10 10 1603 50 0.0262009 0.0399251 0.0605115 0.107923 0.179663 0.286962 0.412352 0.527137 0.649407 0.757954 0.783531
boise60k10ps2d 1 4.000000 0.783531 930 1000 10 10 1603 50 0.025577 0.040549 0.0617592 0.110418 0.19214 0.293824 0.406737 0.532751 0.651279 0.755459 0.783531
boise60k10ps2d 1 4.000000 0.783531 940 1000 10 10 1603 50 0.0262009 0.0393013 0.0617592 0.102308 0.176544 0.287586 0.404866 0.518403 0.646288 0.762321 0.783531
boise60k10ps2d 1 4.000000 0.783531 950 1000 10 10 1603 50 0.0262009 0.0417966 0.0598877 0.106675 0.182158 0.28821 0.417342 0.532127 0.663132 0.769807 0.783531
boise60k10ps2d 1 4.000000 0.783531 960 1000 10 10 1603 50 0.0243294 0.0399251 0.0630069 0.107923 0.185901 0.296319 0.406737 0.524017 0.657517 0.764816 0.783531
boise60k10ps2d 1 4.000000 0.783531 970 1000 10 10 1603 50 0.0249532 0.0424205 0.0598877 0.109794 0.187149 0.30131 0.416719 0.536494 0.645664 0.761073 0.783531
boise60k10ps2d 1 4.000000 0.783531 980 1000 10 10 1603 50 0.0262009 0.0393013 0.0605115 0.101684 0.182782 0.286962 0.409233 0.52776 0.64005 0.752339 0.783531
boise60k10ps2d 1 4.000000 0.783531 990 1000 10 10 1603 50 0.0262009 0.040549 0.0636307 0.10917 0.188397 0.297567 0.415471 0.530256 0.646288 0.771054 0.783531
boise60k10ps2d 1 4.000000 0.783531 1000 1000 10 10 1603 50 0.0268247 0.0393013 0.0636307 0.10917 0.182782 0.294448 0.419838 0.52277 0.659389 0.764816 0.783531
boise60k10ps2d 2 4.000000 0.097318 0 1000 10 10 1603 50 0.0187149 0.0212102 0.0262009 0.0286962 0.0343107 0.0424205 0.0536494 0.0667498 0.0792264 0.0948222 0.0973175
boise60k10ps2d 2 4.000000 0.132876 10 1000 10 10 1603 50 0.0199626 0.0212102 0.0237056 0.0318153 0.0393013 0.0517779 0.0742358 0.0904554 0.107299 0.134747 0.132876
boise60k10ps2d 2 4.000000 0.167187 20 1000 10 10 1603 50 0.0193387 0.0237056 0.0305677 0.0399251 0.0505303 0.0655022 0.0892077 0.111666 0.130381 0.155334 0.167187
boise60k10ps2d 2 4.000000 0.200873 30 1000 10 10 1603 50 0.0205864 0.0237056 0.0305677 0.0393013 0.0511541 0.0792264 0.10418 0.135371 0.159077 0.186525 0.200873
boise60k10ps2d 2 4.000000 0.268247 40 1000 10 10 1603 50 0.0174672 0.025577 0.0318153 0.0455396 0.0667498 0.101061 0.149095 0.180287 0.218341 0.266999 0.268247
boise60k10ps2d 2 4.000000 0.301934 50 1000 10 10 1603 50 0.0199626 0.0262009 0.036806 0.0530256 0.0860886 0.127261 0.162196 0.199626 0.253275 0.295072 0.301934
boise60k10ps2d 2 4.000000 0.317530 60 1000 10 10 1603 50 0.0199626 0.0318153 0.044292 0.0573924 0.0817218 0.116032 0.157829 0.199002 0.248284 0.297567 0.31753
boise60k10ps2d 2 4.000000 0.331878 70 1000 10 10 1603 50 0.0205864 0.0286962 0.0386775 0.0555209 0.0842171 0.126014 0.166563 0.210231 0.262009 0.31753 0.331878
boise60k10ps2d 2 4.000000 0.380536 80 1000 10 10 1603 50 0.0212102 0.0262009 0.0449158 0.0630069 0.0929507 0.144105 0.198378 0.253899 0.320025 0.36806 0.380536
boise60k10ps2d 2 4.000000 0.398628 90 1000 10 10 1603 50 0.0174672 0.02932 0.0455396 0.0630069 0.0929507 0.145352 0.194011 0.250156 0.310667 0.363693 0.398628
boise60k10ps2d 2 4.000000 0.400499 100 1000 10 10 1603 50 0.0162196 0.025577 0.0399251 0.0611354 0.101684 0.160948 0.220212 0.276357 0.331254 0.392389 0.400499
boise60k10ps2d 2 4.000000 0.404242 110 1000 10 10 1603 50 0.0174672 0.0280724 0.0417966 0.0580162 0.095446 0.147224 0.211478 0.263256 0.323144 0.386151 0.404242
boise60k10ps2d 2 4.000000 0.411728 120 1000 10 10 1603 50 0.0205864 0.0349345 0.0480349 0.0748596 0.115409 0.16781 0.228946 0.277604 0.336868 0.398004 0.411728
boise60k10ps2d 2 4.000000 0.422957 130 1000 10 10 1603 50 0.0193387 0.0299439 0.0480349 0.0729881 0.118528 0.187149 0.240175 0.290081 0.360574 0.417966 0.422957
boise60k10ps2d 2 4.000000 0.429195 140 1000 10 10 1603 50 0.0193387 0.0318153 0.0449158 0.0717405 0.115409 0.169682 0.22957 0.281971 0.343107 0.40549 0.429195
boise60k10ps2d 2 4.000000 0.441048 150 1000 10 10 1603 50 0.0199626 0.0274485 0.0399251 0.062383 0.103556 0.16282 0.23456 0.285714 0.358079 0.422333 0.441048
boise60k10ps2d 2 4.000000 0.467249 160 1000 10 10 1603 50 0.0212102 0.033063 0.0486588 0.0711167 0.121647 0.189644 0.254523 0.316906 0.381784 0.461011 0.467249
boise60k10ps2d 2 4.000000 0.467249 170 1000 10 10 1603 50 0.0205864 0.0336868 0.0474111 0.0686213 0.121023 0.183406 0.252027 0.315658 0.383656 0.451029 0.467249
boise60k10ps2d 2 4.000000 0.469120 180 1000 10 10 1603 50 0.0193387 0.0336868 0.0486588 0.0767311 0.118528 0.187149 0.259513 0.316282 0.391142 0.459763 0.46912
boise60k10ps2d 2 4.000000 0.491578 190 1000 10 10 1603 50 0.0237056 0.0361822 0.0536494 0.0823456 0.129133 0.187773 0.253899 0.320649 0.392389 0.467249 0.491578
boise60k10ps2d 2 4.000000 0.508422 200 1000 10 10 1603 50 0.0249532 0.036806 0.0567686 0.0885839 0.139114 0.204616 0.278852 0.344354 0.417342 0.499688 0.508422
boise60k10ps2d 2 4.000000 0.522770 210 1000 10 10 1603 50 0.0237056 0.0355583 0.0492826 0.0829694 0.131628 0.202121 0.282595 0.342483 0.420462 0.497817 0.52277
boise60k10ps2d 2 4.000000 0.522770 220 1000 10 10 1603 50 0.0237056 0.0374298 0.0505303 0.0767311 0.131004 0.188397 0.27199 0.348097 0.416719 0.49345 0.52277
boise60k10ps2d 2 4.000000 0.547099 230 1000 10 10 1603 50 0.0237056 0.0380537 0.0561447 0.0923269 0.141609 0.207112 0.276357 0.361822 0.43481 0.513412 0.547099
boise60k10ps2d 2 4.000000 0.562071 240 1000 10 10 1603 50 0.0212102 0.036806 0.0592639 0.0960699 0.142857 0.211478 0.286962 0.373051 0.454148 0.53587 0.562071
boise60k10ps2d 2 4.000000 0.562071 250 1000 10 10 1603 50 0.0224579 0.0324392 0.0536494 0.0892077 0.155958 0.223331 0.315034 0.38927 0.46413 0.539613 0.562071
boise60k10ps2d 2 4.000000 0.582034 260 1000 10 10 1603 50 0.0230817 0.0305677 0.0555209 0.0892077 0.149095 0.228946 0.303182 0.384903 0.46413 0.557704 0.582034
boise60k10ps2d 2 4.000000 0.582034 270 1000 10 10 1603 50 0.0237056 0.0361822 0.0536494 0.0879601 0.142857 0.217093 0.300686 0.378041 0.461634 0.555833 0.582034
boise60k10ps2d 2 4.000000 0.583905 280 1000 10 10 1603 50 0.0230817 0.0318153 0.0517779 0.0810979 0.144105 0.223331 0.301934 0.375546 0.470992 0.576419 0.583905
boise60k10ps2d 2 4.000000 0.603868 290 1000 10 10 1603 50 0.0237056 0.0305677 0.0511541 0.0848409 0.145352 0.224579 0.313787 0.395508 0.490331 0.595134 0.603868
boise60k10ps2d 2 4.000000 0.611978 300 1000 10 10 1603 50 0.0268247 0.0374298 0.0592639 0.095446 0.163444 0.246413 0.328135 0.413599 0.510917 0.604492 0.611978
boise60k10ps2d 2 4.000000 0.633812 310 1000 10 10 1603 50 0.0224579 0.0399251 0.0555209 0.0960699 0.15471 0.239551 0.327511 0.415471 0.513412 0.613225 0.633812
boise60k10ps2d 2 4.000000 0.643169 320 1000 10 10 1603 50 0.0262009 0.0417966 0.0561447 0.0948222 0.169058 0.253899 0.344978 0.444167 0.550218 0.643793 0.643169
boise60k10ps2d 2 4.000000 0.655022 330 1000 10 10 1603 50 0.0230817 0.0361822 0.0536494 0.0935745 0.170306 0.255147 0.339988 0.433562 0.533375 0.628821 0.655022
boise60k10ps2d 2 4.000000 0.677480 340 1000 10 10 1603 50 0.0243294 0.0361822 0.0536494 0.101684 0.189644 0.27199 0.372427 0.47224 0.577043 0.666251 0.67748
boise60k10ps2d 2 4.000000 0.683094 350 1000 10 10 1603 50 0.0237056 0.0411728 0.066126 0.113537 0.188397 0.280724 0.382408 0.472863 0.570805 0.670618 0.683094
boise60k10ps2d 2 4.000000 0.701809 360 1000 10 10 1603 50 0.0243294 0.0399251 0.062383 0.0948222 0.163444 0.258266 0.363069 0.462258 0.586401 0.688085 0.701809
boise60k10ps2d 2 4.000000 0.712414 370 1000 10 10 1603 50 0.0230817 0.0424205 0.0655022 0.0998129 0.180911 0.276981 0.378665 0.489083 0.59451 0.706176 0.712414
boise60k10ps2d 2 4.000000 0.734248 380 1000 10 10 1603 50 0.0224579 0.040549 0.0580162 0.101684 0.164067 0.260137 0.360574 0.46413 0.590767 0.709919 0.734248
boise60k10ps2d 2 4.000000 0.762321 390 1000 10 10 1603 50 0.0230817 0.0380537 0.0573924 0.095446 0.186525 0.289457 0.398004 0.518403 0.64005 0.754835 0.762321
boise60k10ps2d 2 4.000000 0.762321 400 1000 10 10 1603 50 0.0249532 0.0411728 0.0648784 0.101684 0.18403 0.282595 0.399875 0.512789 0.643169 0.759202 0.762321
boise60k10ps2d 2 4.000000 0.780412 410 1000 10 10 1603 50 0.0243294 0.0474111 0.0636307 0.102308 0.186525 0.287586 0.402994 0.524641 0.650031 0.764192 0.780412
boise60k10ps2d 2 4.000000 0.780412 420 1000 10 10 1603 50 0.0230817 0.0430443 0.0592639 0.107923 0.202745 0.308172 0.409857 0.537118 0.668122 0.777293 0.780412
boise60k10ps2d 2 4.000000 0.780412 430 1000 10 10 1603 50 0.0237056 0.0411728 0.062383 0.103556 0.19214 0.296943 0.400499 0.523394 0.655022 0.767935 0.780412
boise60k10ps2d 2 4.000000 0.780412 440 1000 10 10 1603 50 0.0243294 0.0449158 0.0630069 0.102932 0.185278 0.298191 0.399875 0.52776 0.658765 0.777293 0.780412
boise60k10ps2d 2 4.000000 0.786026 450 1000 10 10 1603 50 0.0230817 0.0380537 0.0605115 0.104803 0.19214 0.315034 0.429195 0.542109 0.665003 0.771054 0.786026
boise60k10ps2d 2 4.000000 0.794760 460 1000 10 10 1603 50 0.0205864 0.040549 0.0611354 0.103556 0.205864 0.306301 0.413599 0.525265 0.668746 0.785402 0.79476
boise60k10ps2d 2 4.000000 0.794760 470 1000 10 10 1603 50 0.025577 0.0430443 0.066126 0.112913 0.197754 0.303182 0.416095 0.535246 0.671241 0.780412 0.79476
boise60k10ps2d 2 4.000000 0.799127 480 1000 10 10 1603 50 0.0237056 0.0417966 0.062383 0.116656 0.205864 0.31753 0.436057 0.553961 0.684342 0.788522 0.799127
boise60k10ps2d 2 4.000000 0.799750 490 1000 10 10 1603 50 0.0205864 0.040549 0.0655022 0.112289 0.207112 0.313163 0.434186 0.558328 0.675608 0.77854 0.79975
boise60k10ps2d 2 4.000000 0.799750 500 1000 10 10 1603 50 0.0224579 0.0424205 0.0667498 0.11728 0.207112 0.320025 0.437305 0.561447 0.679351 0.776669 0.79975
boise60k10ps2d 2 4.000000 0.804741 510 1000 10 10 1603 50 0.0230817 0.040549 0.0655022 0.113537 0.212102 0.328135 0.442296 0.559576 0.689332 0.785402 0.804741
boise60k10ps2d 2 4.000000 0.804741 520 1000 10 10 1603 50 0.0212102 0.0411728 0.0667498 0.11728 0.218964 0.335621 0.444791 0.562695 0.688709 0.798503 0.804741
boise60k10ps2d 2 4.000000 0.805365 530 1000 10 10 1603 50 0.0205864 0.0411728 0.062383 0.115409 0.217717 0.33063 0.456644 0.575172 0.704928 0.812227 0.805365
boise60k10ps2d 2 4.000000 0.814099 540 1000 10 10 1603 50 0.0237056 0.0430443 0.066126 0.117904 0.217093 0.329382 0.442296 0.564566 0.679975 0.772302 0.814099
boise60k10ps2d 2 4.000000 0.814099 550 1000 10 10 1603 50 0.0237056 0.0399251 0.0642545 0.120399 0.20524 0.31753 0.4267 0.55209 0.679975 0.77854 0.814099
boise60k10ps2d 2 4.000000 0.814099 560 1000 10 10 1603 50 0.0212102 0.0430443 0.0673737 0.11728 0.210855 0.32252 0.445415 0.564566 0.696818 0.789769 0.814099
boise60k10ps2d 2 4.000000 0.814099 570 1000 10 10 1603 50 0.0224579 0.0430443 0.0636307 0.114785 0.218964 0.334373 0.446663 0.56519 0.69058 0.791017 0.814099
boise60k10ps2d 2 4.000000 0.814722 580 1000 10 10 1603 50 0.0230817 0.0430443 0.0711167 0.129757 0.232065 0.346226 0.463506 0.576419 0.708047 0.810979 0.814722
boise60k10ps2d 2 4.000000 0.814722 590 1000 10 10 1603 50 0.0224579 0.0436681 0.0692452 0.134747 0.230193 0.341859 0.455396 0.584529 0.704304 0.804741 0.814722
boise60k10ps2d 2 4.000000 0.814722 600 1000 10 10 1603 50 0.0237056 0.0436681 0.0717405 0.126638 0.232065 0.343107 0.454772 0.580786 0.702433 0.806613 0.814722
boise60k10ps2d 2 4.000000 0.824080 610 1000 10 10 1603 50 0.0224579 0.0474111 0.069869 0.130381 0.223331 0.347473 0.457268 0.572676 0.701809 0.798503 0.82408
boise60k10ps2d 2 4.000000 0.824080 620 1000 10 10 1603 50 0.0237056 0.0480349 0.0686213 0.124142 0.233936 0.348721 0.461011 0.574548 0.701809 0.824704 0.82408
boise60k10ps2d 2 4.000000 0.824080 630 1000 10 10 1603 50 0.0249532 0.0430443 0.0692452 0.128509 0.223331 0.334373 0.454148 0.572676 0.7068 0.820961 0.82408
boise60k10ps2d 2 4.000000 0.824080 640 1000 10 10 1603 50 0.0193387 0.0461634 0.0723643 0.126638 0.225203 0.333125 0.453525 0.571429 0.698066 0.809732 0.82408
boise60k10ps2d 2 4.000000 0.831566 650 1000 10 10 1603 50 0.0243294 0.0461634 0.0761073 0.135371 0.233313 0.341859 0.456644 0.5733 0.706176 0.814722 0.831566
boise60k10ps2d 2 4.000000 0.831566 660 1000 10 10 1603 50 0.0243294 0.0480349 0.0711167 0.132876 0.231441 0.347473 0.46912 0.579538 0.706176 0.823456 0.831566
boise60k10ps2d 2 4.000000 0.834061 670 1000 10 10 1603 50 0.0249532 0.0461634 0.0717405 0.127261 0.233936 0.353712 0.462882 0.578915 0.71179 0.822208 0.834061
boise60k10ps2d 2 4.000000 0.835309 680 1000 10 10 1603 50 0.0268247 0.0474111 0.0742358 0.129757 0.230193 0.336868 0.449158 0.568309 0.714286 0.827199 0.835309
boise60k10ps2d 2 4.000000 0.835309 690 1000 10 10 1603 50 0.0224579 0.0474111 0.0723643 0.127261 0.238303 0.355583 0.467249 0.585777 0.712414 0.838428 0.835309
boise60k10ps2d 2 4.000000 0.835933 700 1000 10 10 1603 50 0.0243294 0.0430443 0.0742358 0.140986 0.240799 0.35184 0.45602 0.577667 0.713038 0.830318 0.835933
boise60k10ps2d 2 4.000000 0.843419 710 1000 10 10 1603 50 0.0237056 0.0474111 0.0711167 0.131628 0.232065 0.347473 0.466625 0.584529 0.708671 0.824704 0.843419
boise60k10ps2d 2 4.000000 0.844666 720 1000 10 10 1603 50 0.0218341 0.0399251 0.0692452 0.129133 0.235808 0.354959 0.470992 0.585777 0.71179 0.842795 0.844666
boise60k10ps2d 2 4.000000 0.847785 730 1000 10 10 1603 50 0.0230817 0.0474111 0.069869 0.129133 0.238927 0.343107 0.462882 0.585777 0.713038 0.841547 0.847785
boise60k10ps2d 2 4.000000 0.847785 740 1000 10 10 1603 50 0.0249532 0.0480349 0.069869 0.134747 0.240175 0.356207 0.474735 0.587024 0.720524 0.841547 0.847785
boise60k10ps2d 2 4.000000 0.849657 750 1000 10 10 1603 50 0.0262009 0.0517779 0.0729881 0.124766 0.230817 0.350593 0.467249 0.598877 0.717405 0.847162 0.849657
boise60k10ps2d 2 4.000000 0.862134 760 1000 10 10 1603 50 0.0243294 0.0424205 0.0686213 0.137243 0.23456 0.358079 0.466625 0.598253 0.726138 0.850281 0.862134
boise60k10ps2d 2 4.000000 0.862134 770 1000 10 10 1603 50 0.0262009 0.0424205 0.0679975 0.124766 0.231441 0.352464 0.462258 0.601372 0.736744 0.857767 0.862134
boise60k10ps2d 2 4.000000 0.862134 780 1000 10 10 1603 50 0.0224579 0.0455396 0.0711167 0.128509 0.228322 0.350593 0.46413 0.593263 0.723643 0.835309 0.862134
boise60k10ps2d 2 4.000000 0.865876 790 1000 10 10 1603 50 0.0224579 0.0449158 0.0717405 0.131004 0.23456 0.360574 0.474735 0.596382 0.741734 0.857143 0.865876
boise60k10ps2d 2 4.000000 0.865876 800 1000 10 10 1603 50 0.0243294 0.044292 0.0704928 0.12539 0.227074 0.353712 0.46912 0.593886 0.735496 0.854648 0.865876
boise60k10ps2d 2 4.000000 0.865876 810 1000 10 10 1603 50 0.0249532 0.0467873 0.0704928 0.122895 0.225827 0.337492 0.462882 0.592015 0.729881 0.857767 0.865876
boise60k10ps2d 2 4.000000 0.869619 820 1000 10 10 1603 50 0.0243294 0.0449158 0.073612 0.136619 0.23456 0.350593 0.462882 0.596382 0.733001 0.830318 0.869619
boise60k10ps2d 2 4.000000 0.869619 830 1000 10 10 1603 50 0.0262009 0.0467873 0.0748596 0.129757 0.230193 0.356207 0.472863 0.60262 0.739239 0.850905 0.869619
boise60k10ps2d 2 4.000000 0.869619 840 1000 10 10 1603 50 0.0249532 0.0461634 0.0729881 0.1335 0.233313 0.349345 0.462882 0.607611 0.738615 0.862134 0.869619
boise60k10ps2d 2 4.000000 0.873362 850 1000 10 10 1603 50 0.0249532 0.0455396 0.0717405 0.128509 0.243918 0.361822 0.470992 0.607611 0.747973 0.865876 0.873362
boise60k10ps2d 2 4.000000 0.873362 860 1000 10 10 1603 50 0.0237056 0.0449158 0.0729881 0.139114 0.246413 0.356207 0.487835 0.613225 0.754211 0.869619 0.873362
boise60k10ps2d 2 4.000000 0.873362 870 1000 10 10 1603 50 0.025577 0.0449158 0.0729881 0.131628 0.230193 0.345602 0.470368 0.605115 0.743606 0.852152 0.873362
boise60k10ps2d 2 4.000000 0.873362 880 1000 10 10 1603 50 0.025577 0.0486588 0.0742358 0.134124 0.240799 0.361822 0.479726 0.612601 0.751092 0.870867 0.873362
boise60k10ps2d 2 4.000000 0.878353 890 1000 10 10 1603 50 0.025577 0.0430443 0.0717405 0.1335 0.235184 0.356831 0.470992 0.605739 0.740487 0.864005 0.878353
boise60k10ps2d 2 4.000000 0.878353 900 1000 10 10 1603 50 0.0268247 0.044292 0.0667498 0.1335 0.238927 0.363693 0.479102 0.598877 0.744853 0.865253 0.878353
boise60k10ps2d 2 4.000000 0.878353 910 1000 10 10 1603 50 0.025577 0.0461634 0.0754835 0.140986 0.237056 0.359326 0.476606 0.606987 0.742358 0.864005 0.878353
boise60k10ps2d 2 4.000000 0.880848 920 1000 10 10 1603 50 0.0268247 0.0455396 0.073612 0.134747 0.237056 0.365565 0.479726 0.61073 0.756706 0.875858 0.880848
boise60k10ps2d 2 4.000000 0.880848 930 1000 10 10 1603 50 0.0237056 0.044292 0.0704928 0.131004 0.24267 0.369308 0.478478 0.606363 0.747973 0.87461 0.880848
boise60k10ps2d 2 4.000000 0.884591 940 1000 10 10 1603 50 0.0262009 0.0455396 0.0667498 0.135995 0.248908 0.370555 0.482845 0.615097 0.761073 0.884591 0.884591
boise60k10ps2d 2 4.000000 0.892077 950 1000 10 10 1603 50 0.0205864 0.0430443 0.0704928 0.137866 0.24267 0.371179 0.500312 0.620711 0.759202 0.876482 0.892077
boise60k10ps2d 2 4.000000 0.892077 960 1000 10 10 1603 50 0.0243294 0.044292 0.0717405 0.134124 0.251404 0.368684 0.491578 0.618216 0.764816 0.877105 0.892077
boise60k10ps2d 2 4.000000 0.892077 970 1000 10 10 1603 50 0.0237056 0.0455396 0.0723643 0.137243 0.239551 0.369931 0.487835 0.619464 0.751716 0.867124 0.892077
boise60k10ps2d 2 4.000000 0.892077 980 1000 10 10 1603 50 0.0230817 0.0505303 0.077355 0.144105 0.254523 0.373051 0.490331 0.615097 0.760449 0.877729 0.892077
boise60k10ps2d 2 4.000000 0.892077 990 1000 10 10 1603 50 0.025577 0.0467873 0.0779788 0.135371 0.259513 0.374922 0.494697 0.624454 0.76544 0.876482 0.892077
boise60k10ps2d 2 4.000000 0.892077 1000 1000 10 10 1603 50 0.0262009 0.0467873 0.069869 0.144729 0.261385 0.385527 0.499688 0.630692 0.767935 0.875858 0.892077
boise60k10ps2d 3 4.000000 0.094198 0 1000 10 10 1603 50 0.0168434 0.0230817 0.0268247 0.0299439 0.0374298 0.0467873 0.0567686 0.0686213 0.0829694 0.099189 0.0941984
boise60k10ps2d 3 4.000000 0.129133 10 1000 10 10 1603 50 0.0180911 0.0224579 0.0262009 0.033063 0.040549 0.0517779 0.0667498 0.0804741 0.0973175 0.119152 0.129133
boise60k10ps2d 3 4.000000 0.174049 20 1000 10 10 1603 50 0.0193387 0.0262009 0.0336868 0.0386775 0.0505303 0.0679975 0.0917031 0.113537 0.137866 0.167187 0.174049
boise60k10ps2d 3 4.000000 0.216469 30 1000 10 10 1603 50 0.0174672 0.0280724 0.0355583 0.0486588 0.0630069 0.0898316 0.115409 0.141609 0.172801 0.20524 0.216469
boise60k10ps2d 3 4.000000 0.237056 40 1000 10 10 1603 50 0.0174672 0.0280724 0.0386775 0.0474111 0.0642545 0.0904554 0.116032 0.160324 0.189021 0.227698 0.237056
boise60k10ps2d 3 4.000000 0.265752 50 1000 10 10 1603 50 0.0218341 0.0249532 0.0374298 0.0486588 0.0667498 0.106675 0.140986 0.174049 0.206488 0.253275 0.265752
boise60k10ps2d 3 4.000000 0.272614 60 1000 10 10 1603 50 0.0174672 0.0274485 0.036806 0.0542732 0.077355 0.109794 0.145976 0.180911 0.216469 0.253899 0.272614
boise60k10ps2d 3 4.000000 0.281971 70 1000 10 10 1603 50 0.0199626 0.0262009 0.0411728 0.0592639 0.0917031 0.124766 0.16282 0.199002 0.235184 0.275109 0.281971
boise60k10ps2d 3 4.000000 0.306301 80 1000 10 10 1603 50 0.0199626 0.0274485 0.0486588 0.062383 0.0917031 0.126638 0.173425 0.20524 0.253275 0.296943 0.306301
boise60k10ps2d 3 4.000000 0.307548 90 1000 10 10 1603 50 0.0193387 0.0280724 0.0474111 0.062383 0.0917031 0.129133 0.16781 0.20025 0.243918 0.288833 0.307548
boise60k10ps2d 3 4.000000 0.326887 100 1000 10 10 1603 50 0.0205864 0.0305677 0.0449158 0.0655022 0.0973175 0.134747 0.183406 0.218964 0.268247 0.313163 0.326887
boise60k10ps2d 3 4.000000 0.349345 110 1000 10 10 1603 50 0.0212102 0.0305677 0.0474111 0.0729881 0.10418 0.145976 0.190268 0.231441 0.292576 0.345602 0.349345
boise60k10ps2d 3 4.000000 0.361198 120 1000 10 10 1603 50 0.0237056 0.0386775 0.0524017 0.0667498 0.101684 0.152838 0.203369 0.245165 0.304429 0.360574 0.361198
boise60k10ps2d 3 4.000000 0.393637 130 1000 10 10 1603 50 0.0205864 0.0305677 0.0486588 0.0729881 0.107923 0.152215 0.205864 0.251404 0.316282 0.373051 0.393637
boise60k10ps2d 3 4.000000 0.404866 140 1000 10 10 1603 50 0.0193387 0.0318153 0.0486588 0.0686213 0.102932 0.155958 0.212726 0.252027 0.318777 0.374922 0.404866
boise60k10ps2d 3 4.000000 0.437305 150 1000 10 10 1603 50 0.0199626 0.0355583 0.0542732 0.0729881 0.108546 0.162196 0.220212 0.286962 0.349969 0.414223 0.437305
boise60k10ps2d 3 4.000000 0.452277 160 1000 10 10 1603 50 0.0205864 0.0299439 0.0474111 0.077355 0.116656 0.17592 0.232689 0.302558 0.369308 0.436681 0.452277
boise60k10ps2d 3 4.000000 0.461011 170 1000 10 10 1603 50 0.0187149 0.0343107 0.0499064 0.0729881 0.116656 0.171553 0.236432 0.297567 0.373674 0.444791 0.461011
boise60k10ps2d 3 4.000000 0.519651 180 1000 10 10 1603 50 0.0230817 0.0380537 0.0505303 0.0792264 0.124142 0.192764 0.244541 0.326887 0.406737 0.489707 0.519651
boise60k10ps2d 3 4.000000 0.565190 190 1000 10 10 1603 50 0.0199626 0.0349345 0.0530256 0.0860886 0.1335 0.20025 0.278852 0.366812 0.457891 0.548971 0.56519
boise60k10ps2d 3 4.000000 0.595758 200 1000 10 10 1603 50 0.0205864 0.0380537 0.0542732 0.0835933 0.132876 0.202745 0.275733 0.363069 0.459763 0.560823 0.595758
boise60k10ps2d 3 4.000000 0.595758 210 1000 10 10 1603 50 0.0205864 0.0386775 0.0555209 0.0860886 0.137866 0.19713 0.287586 0.378665 0.466001 0.563319 0.595758
boise60k10ps2d 3 4.000000 0.603244 220 1000 10 10 1603 50 0.0205864 0.0336868 0.0499064 0.0786026 0.131628 0.216469 0.315034 0.413599 0.509669 0.582658 0.603244
boise60k10ps2d 3 4.000000 0.603868 230 1000 10 10 1603 50 0.0199626 0.0374298 0.0517779 0.0817218 0.127261 0.212726 0.31441 0.402371 0.504055 0.598253 0.603868
boise60k10ps2d 3 4.000000 0.628821 240 1000 10 10 1603 50 0.0187149 0.036806 0.0548971 0.0767311 0.135995 0.216469 0.31753 0.412976 0.510293 0.601372 0.628821
boise60k10ps2d 3 4.000000 0.640050 250 1000 10 10 1603 50 0.0224579 0.0380537 0.0536494 0.0842171 0.13849 0.218964 0.313787 0.419838 0.523394 0.626326 0.64005
boise60k10ps2d 3 4.000000 0.669994 260 1000 10 10 1603 50 0.0187149 0.0349345 0.0524017 0.0817218 0.151591 0.248284 0.358079 0.445415 0.547099 0.658765 0.669994
boise60k10ps2d 3 4.000000 0.676232 270 1000 10 10 1603 50 0.0187149 0.0361822 0.0542732 0.0910792 0.149095 0.237679 0.346226 0.447286 0.550842 0.66937 0.676232
boise60k10ps2d 3 4.000000 0.676232 280 1000 10 10 1603 50 0.0180911 0.0349345 0.0542732 0.0792264 0.134747 0.247037 0.348097 0.446039 0.5602 0.679975 0.676232
boise60k10ps2d 3 4.000000 0.676232 290 1000 10 10 1603 50 0.0205864 0.0361822 0.0586401 0.0842171 0.1466 0.239551 0.339364 0.44292 0.553338 0.665003 0.676232
boise60k10ps2d 3 4.000000 0.676232 300 1000 10 10 1603 50 0.0205864 0.0430443 0.0630069 0.0917031 0.148472 0.246413 0.344978 0.452901 0.55209 0.673113 0.676232
boise60k10ps2d 3 4.000000 0.681847 310 1000 10 10 1603 50 0.0237056 0.0374298 0.0586401 0.0854648 0.141609 0.248908 0.361198 0.465377 0.569557 0.676856 0.681847
boise60k10ps2d 3 4.000000 0.691204 320 1000 10 10 1603 50 0.0205864 0.0343107 0.0561447 0.0885839 0.155958 0.243294 0.358079 0.458515 0.566438 0.688709 0.691204
boise60k10ps2d 3 4.000000 0.701185 330 1000 10 10 1603 50 0.0230817 0.0386775 0.0592639 0.0904554 0.159701 0.252651 0.364317 0.463506 0.567062 0.663755 0.701185
boise60k10ps2d 3 4.000000 0.704928 340 1000 10 10 1603 50 0.0230817 0.0399251 0.0573924 0.0917031 0.165939 0.254523 0.371179 0.479102 0.584529 0.707424 0.704928
boise60k10ps2d 3 4.000000 0.704928 350 1000 10 10 1603 50 0.0212102 0.0336868 0.0630069 0.0873362 0.1466 0.258266 0.35995 0.467873 0.580786 0.69058 0.704928
boise60k10ps2d 3 4.000000 0.735496 360 1000 10 10 1603 50 0.0230817 0.0417966 0.0611354 0.0935745 0.169058 0.269495 0.38116 0.494697 0.600749 0.713038 0.735496
boise60k10ps2d 3 4.000000 0.735496 370 1000 10 10 1603 50 0.0237056 0.0436681 0.0617592 0.0979414 0.175296 0.279476 0.392389 0.503431 0.621959 0.725515 0.735496
boise60k10ps2d 3 4.000000 0.735496 380 1000 10 10 1603 50 0.0205864 0.040549 0.0611354 0.102308 0.171553 0.273238 0.378665 0.482845 0.595134 0.712414 0.735496
boise60k10ps2d 3 4.000000 0.737367 390 1000 10 10 1603 50 0.0243294 0.0417966 0.0648784 0.105427 0.180287 0.278852 0.390518 0.499688 0.611354 0.715533 0.737367
boise60k10ps2d 3 4.000000 0.746725 400 1000 10 10 1603 50 0.0230817 0.0417966 0.0642545 0.0973175 0.159077 0.267623 0.386775 0.494697 0.615097 0.730505 0.746725
boise60k10ps2d 3 4.000000 0.746725 410 1000 10 10 1603 50 0.0193387 0.0380537 0.0617592 0.099189 0.170306 0.272614 0.385527 0.503431 0.608858 0.712414 0.746725
boise60k10ps2d 3 4.000000 0.746725 420 1000 10 10 1603 50 0.0249532 0.0355583 0.0648784 0.0948222 0.171553 0.281347 0.402994 0.510917 0.622583 0.74111 0.746725
boise60k10ps2d 3 4.000000 0.746725 430 1000 10 10 1603 50 0.0243294 0.0380537 0.0642545 0.100437 0.16282 0.268247 0.373674 0.497193 0.609482 0.709295 0.746725
boise60k10ps2d 3 4.000000 0.746725 440 1000 10 10 1603 50 0.0218341 0.0374298 0.0642545 0.0998129 0.176544 0.274485 0.393637 0.512789 0.62383 0.721148 0.746725
boise60k10ps2d 3 4.000000 0.746725 450 1000 10 10 1603 50 0.0249532 0.0386775 0.062383 0.0929507 0.163444 0.266999 0.373674 0.490954 0.596382 0.715533 0.746725
boise60k10ps2d 3 4.000000 0.746725 460 1000 10 10 1603 50 0.0212102 0.0417966 0.0648784 0.102932 0.172177 0.28509 0.401123 0.519651 0.623206 0.730505 0.746725
boise60k10ps2d 3 4.000000 0.746725 470 1000 10 10 1603 50 0.0249532 0.0399251 0.062383 0.0879601 0.169682 0.281347 0.389894 0.497193 0.603868 0.733001 0.746725
boise60k10ps2d 3 4.000000 0.746725 480 1000 10 10 1603 50 0.0230817 0.0417966 0.066126 0.099189 0.165939 0.273238 0.390518 0.495945 0.608235 0.723643 0.746725
boise60k10ps2d 3 4.000000 0.746725 490 1000 10 10 1603 50 0.0205864 0.0374298 0.0636307 0.095446 0.170306 0.267623 0.388022 0.500312 0.606987 0.719276 0.746725
boise60k10ps2d 3 4.000000 0.752339 500 1000 10 10 1603 50 0.0230817 0.0430443 0.0636307 0.101061 0.16781 0.290705 0.398004 0.514036 0.608858 0.716157 0.752339
boise60k10ps2d 3 4.000000 0.752339 510 1000 10 10 1603 50 0.0249532 0.0424205 0.0648784 0.103556 0.179039 0.292576 0.404866 0.511541 0.620087 0.735496 0.752339
boise60k10ps2d 3 4.000000 0.752339 520 1000 10 10 1603 50 0.0243294 0.0393013 0.0580162 0.0941984 0.161572 0.26388 0.388022 0.492826 0.609482 0.716781 0.752339
boise60k10ps2d 3 4.000000 0.752339 530 1000 10 10 1603 50 0.0237056 0.040549 0.0617592 0.0973175 0.17592 0.286962 0.400499 0.520898 0.635059 0.728634 0.752339
boise60k10ps2d 3 4.000000 0.752339 540 1000 10 10 1603 50 0.0237056 0.0411728 0.0598877 0.0898316 0.173425 0.284467 0.401747 0.518403 0.633188 0.729881 0.752339
boise60k10ps2d 3 4.000000 0.752339 550 1000 10 10 1603 50 0.0243294 0.0399251 0.0642545 0.0904554 0.16781 0.276981 0.386151 0.499064 0.605115 0.718653 0.752339
boise60k10ps2d 3 4.000000 0.752339 560 1000 10 10 1603 50 0.0230817 0.0417966 0.0611354 0.099189 0.174672 0.281347 0.39738 0.509669 0.621959 0.734872 0.752339
boise60k10ps2d 3 4.000000 0.763568 570 1000 10 10 1603 50 0.0187149 0.0393013 0.0630069 0.100437 0.175296 0.28509 0.399251 0.517155 0.636931 0.759825 0.763568
boise60k10ps2d 3 4.000000 0.771678 580 1000 10 10 1603 50 0.0218341 0.0449158 0.0679975 0.10418 0.181535 0.287586 0.398628 0.509046 0.637555 0.756082 0.771678
boise60k10ps2d 3 4.000000 0.776045 590 1000 10 10 1603 50 0.0230817 0.0467873 0.0679975 0.0979414 0.177168 0.291953 0.411728 0.53088 0.640674 0.762944 0.776045
boise60k10ps2d 3 4.000000 0.776045 600 1000 10 10 1603 50 0.0224579 0.0424205 0.0673737 0.106675 0.194011 0.311291 0.430443 0.542109 0.655646 0.772926 0.776045
boise60k10ps2d 3 4.000000 0.784155 610 1000 10 10 1603 50 0.0243294 0.0411728 0.0692452 0.116656 0.19713 0.306301 0.422333 0.537742 0.660012 0.76544 0.784155
boise60k10ps2d 3 4.000000 0.784155 620 1000 10 10 1603 50 0.0218341 0.0467873 0.0648784 0.104803 0.190268 0.313787 0.429195 0.539613 0.656893 0.768559 0.784155
boise60k10ps2d 3 4.000000 0.789769 630 1000 10 10 1603 50 0.0230817 0.0455396 0.0692452 0.119152 0.202745 0.328135 0.451029 0.562695 0.683718 0.791017 0.789769
boise60k10ps2d 3 4.000000 0.812227 640 1000 10 10 1603 50 0.0218341 0.0455396 0.0723643 0.116032 0.207735 0.329382 0.458515 0.562071 0.686837 0.806613 0.812227
boise60k10ps2d 3 4.000000 0.814099 650 1000 10 10 1603 50 0.0230817 0.044292 0.0717405 0.117904 0.206488 0.326887 0.451653 0.565814 0.679975 0.80287 0.814099
boise60k10ps2d 3 4.000000 0.814099 660 1000 10 10 1603 50 0.0205864 0.0424205 0.0723643 0.121023 0.209607 0.326887 0.450405 0.560823 0.69058 0.812851 0.814099
boise60k10ps2d 3 4.000000 0.814099 670 1000 10 10 1603 50 0.0262009 0.0449158 0.0717405 0.114161 0.197754 0.320025 0.44292 0.55708 0.683718 0.810979 0.814099
boise60k10ps2d 3 4.000000 0.814099 680 1000 10 10 1603 50 0.025577 0.044292 0.0717405 0.11728 0.203993 0.326887 0.452277 0.560823 0.676232 0.802246 0.814099
boise60k10ps2d 3 4.000000 0.814099 690 1000 10 10 1603 50 0.0268247 0.0467873 0.0711167 0.11728 0.217717 0.328135 0.449158 0.564566 0.691204 0.804741 0.814099
boise60k10ps2d 3 4.000000 0.814099 700 1000 10 10 1603 50 0.025577 0.0461634 0.0711167 0.116656 0.212102 0.316282 0.439177 0.558328 0.678104 0.797879 0.814099
boise60k10ps2d 3 4.000000 0.814099 710 1000 10 10 1603 50 0.0224579 0.0455396 0.0748596 0.114785 0.199626 0.318153 0.436057 0.55708 0.675608 0.806613 0.814099
boise60k10ps2d 3 4.000000 0.814099 720 1000 10 10 1603 50 0.0249532 0.044292 0.073612 0.116032 0.191516 0.320649 0.437305 0.556457 0.679351 0.800374 0.814099
boise60k10ps2d 3 4.000000 0.816594 730 1000 10 10 1603 50 0.0230817 0.044292 0.0717405 0.120399 0.202121 0.325016 0.449782 0.554585 0.683718 0.804741 0.816594
boise60k10ps2d 3 4.000000 0.816594 740 1000 10 10 1603 50 0.025577 0.0424205 0.0679975 0.107923 0.190892 0.320025 0.432314 0.547099 0.66937 0.791641 0.816594
boise60k10ps2d 3 4.000000 0.816594 750 1000 10 10 1603 50 0.025577 0.0449158 0.0686213 0.113537 0.19713 0.311291 0.434186 0.545852 0.668746 0.799127 0.816594
boise60k10ps2d 3 4.000000 0.816594 760 1000 10 10 1603 50 0.0237056 0.044292 0.0686213 0.116656 0.203993 0.315658 0.444167 0.570181 0.688085 0.804117 0.816594
boise60k10ps2d 3 4.000000 0.816594 770 1000 10 10 1603 50 0.0262009 0.044292 0.0717405 0.121023 0.211478 0.327511 0.451029 0.5602 0.681223 0.808484 0.816594
boise60k10ps2d 3 4.000000 0.816594 780 1000 10 10 1603 50 0.0243294 0.0455396 0.0723643 0.11728 0.207735 0.319401 0.450405 0.568309 0.683718 0.80786 0.816594
boise60k10ps2d 3 4.000000 0.816594 790 1000 10 10 1603 50 0.0268247 0.0411728 0.0742358 0.114785 0.199626 0.318777 0.43481 0.549595 0.671241 0.795384 0.816594
boise60k10ps2d 3 4.000000 0.816594 800 1000 10 10 1603 50 0.0243294 0.040549 0.0673737 0.118528 0.201497 0.326263 0.447286 0.564566 0.679351 0.813475 0.816594
boise60k10ps2d 3 4.000000 0.817842 810 1000 10 10 1603 50 0.0243294 0.0467873 0.069869 0.113537 0.202121 0.323768 0.441672 0.561447 0.684342 0.820961 0.817842
boise60k10ps2d 3 4.000000 0.817842 820 1000 10 10 1603 50 0.0262009 0.0430443 0.0711167 0.111666 0.203369 0.311915 0.431067 0.557704 0.681223 0.80786 0.817842
boise60k10ps2d 3 4.000000 0.820337 830 1000 10 10 1603 50 0.0249532 0.0455396 0.0679975 0.106675 0.201497 0.312539 0.427948 0.557704 0.679351 0.80786 0.820337
boise60k10ps2d 3 4.000000 0.820337 840 1000 10 10 1603 50 0.0243294 0.0461634 0.073612 0.11728 0.207735 0.311915 0.431067 0.555209 0.671865 0.808484 0.820337
boise60k10ps2d 3 4.000000 0.821585 850 1000 10 10 1603 50 0.0230817 0.0455396 0.069869 0.11728 0.202121 0.326263 0.44292 0.570805 0.687461 0.80786 0.821585
boise60k10ps2d 3 4.000000 0.822208 860 1000 10 10 1603 50 0.025577 0.0436681 0.0667498 0.108546 0.190268 0.310667 0.429819 0.55708 0.683718 0.789145 0.822208
boise60k10ps2d 3 4.000000 0.822208 870 1000 10 10 1603 50 0.025577 0.044292 0.0748596 0.114161 0.199002 0.320025 0.437305 0.567686 0.69058 0.796631 0.822208
boise60k10ps2d 3 4.000000 0.822208 880 1000 10 10 1603 50 0.025577 0.0474111 0.0679975 0.109794 0.194635 0.296943 0.421085 0.54398 0.667498 0.768559 0.822208
boise60k10ps2d 3 4.000000 0.822208 890 1000 10 10 1603 50 0.0218341 0.044292 0.0711167 0.113537 0.195259 0.30942 0.424205 0.557704 0.674361 0.791641 0.822208
boise60k10ps2d 3 4.000000 0.822208 900 1000 10 10 1603 50 0.0243294 0.0436681 0.069869 0.111042 0.190892 0.302558 0.424828 0.55209 0.686213 0.799127 0.822208
boise60k10ps2d 3 4.000000 0.822208 910 1000 10 10 1603 50 0.0224579 0.0486588 0.0704928 0.112913 0.19713 0.316906 0.431691 0.551466 0.674984 0.801622 0.822208
boise60k10ps2d 3 4.000000 0.822208 920 1000 10 10 1603 50 0.0237056 0.0436681 0.0655022 0.10418 0.190892 0.300062 0.421085 0.547099 0.660012 0.787898 0.822208
boise60k10ps2d 3 4.000000 0.831566 930 1000 10 10 1603 50 0.0243294 0.0461634 0.069869 0.115409 0.199002 0.318777 0.441048 0.563319 0.68247 0.804741 0.831566
boise60k10ps2d 3 4.000000 0.831566 940 1000 10 10 1603 50 0.0224579 0.0424205 0.0673737 0.117904 0.207112 0.328759 0.451029 0.573924 0.696818 0.806613 0.831566
boise60k10ps2d 3 4.000000 0.831566 950 1000 10 10 1603 50 0.0237056 0.0486588 0.0754835 0.11728 0.210231 0.332502 0.455396 0.568933 0.689956 0.820337 0.831566
boise60k10ps2d 3 4.000000 0.831566 960 1000 10 10 1603 50 0.0224579 0.0436681 0.0679975 0.124766 0.208983 0.324392 0.448534 0.561447 0.698066 0.813475 0.831566
boise60k10ps2d 3 4.000000 0.831566 970 1000 10 10 1603 50 0.0249532 0.0449158 0.0673737 0.124142 0.213974 0.313787 0.431067 0.570181 0.686213 0.805365 0.831566
boise60k10ps2d 3 4.000000 0.831566 980 1000 10 10 1603 50 0.0224579 0.0455396 0.0717405 0.119775 0.205864 0.326263 0.447286 0.572052 0.693699 0.804741 0.831566
boise60k10ps2d 3 4.000000 0.831566 990 1000 10 10 1603 50 0.0243294 0.044292 0.0723643 0.118528 0.213974 0.339988 0.459763 0.5733 0.69869 0.822832 0.831566
boise60k10ps2d 3 4.000000 0.831566 1000 1000 10 10 1603 50 0.0243294 0.0467873 0.0717405 0.111666 0.194635 0.320025 0.438553 0.556457 0.684342 0.80786 0.831566
boise60k10ps2d 4 4.000000 0.096070 0 1000 10 10 1603 50 0.0143481 0.0205864 0.0262009 0.0305677 0.0411728 0.0505303 0.0630069 0.0748596 0.0910792 0.10418 0.0960699
boise60k10ps2d 4 4.000000 0.131004 10 1000 10 10 1603 50 0.0168434 0.0218341 0.0243294 0.0324392 0.0399251 0.0548971 0.0692452 0.0898316 0.104803 0.122895 0.131004
boise60k10ps2d 4 4.000000 0.150967 20 1000 10 10 1603 50 0.0174672 0.0212102 0.0280724 0.0336868 0.0461634 0.0605115 0.0754835 0.0973175 0.114161 0.134124 0.150967
boise60k10ps2d 4 4.000000 0.172177 30 1000 10 10 1603 50 0.0143481 0.0212102 0.0268247 0.036806 0.0548971 0.0723643 0.0929507 0.112289 0.142233 0.169682 0.172177
boise60k10ps2d 4 4.000000 0.195259 40 1000 10 10 1603 50 0.0180911 0.0224579 0.0280724 0.0386775 0.0542732 0.0767311 0.0941984 0.119152 0.150343 0.179039 0.195259
boise60k10ps2d 4 4.000000 0.199002 50 1000 10 10 1603 50 0.0193387 0.0237056 0.0286962 0.0361822 0.0517779 0.0754835 0.100437 0.122271 0.150343 0.178415 0.199002
boise60k10ps2d 4 4.000000 0.223331 60 1000 10 10 1603 50 0.0193387 0.0249532 0.0286962 0.0380537 0.0530256 0.077355 0.10418 0.127261 0.166563 0.203993 0.223331
boise60k10ps2d 4 4.000000 0.238303 70 1000 10 10 1603 50 0.0168434 0.0262009 0.033063 0.040549 0.0642545 0.0917031 0.120399 0.1466 0.177792 0.219588 0.238303
boise60k10ps2d 4 4.000000 0.249532 80 1000 10 10 1603 50 0.0199626 0.0243294 0.02932 0.0386775 0.0642545 0.0904554 0.122271 0.157829 0.202121 0.240799 0.249532
boise60k10ps2d 4 4.000000 0.270119 90 1000 10 10 1603 50 0.0187149 0.0243294 0.0343107 0.0455396 0.0692452 0.099189 0.141609 0.165939 0.215845 0.258266 0.270119
boise60k10ps2d 4 4.000000 0.300062 100 1000 10 10 1603 50 0.0193387 0.025577 0.0361822 0.0467873 0.0754835 0.116032 0.150967 0.192764 0.241422 0.286338 0.300062
boise60k10ps2d 4 4.000000 0.346226 110 1000 10 10 1603 50 0.0187149 0.0268247 0.036806 0.0555209 0.0873362 0.142857 0.182158 0.237679 0.285714 0.331878 0.346226
boise60k10ps2d 4 4.000000 0.371803 120 1000 10 10 1603 50 0.0218341 0.0336868 0.044292 0.0673737 0.0998129 0.152215 0.207735 0.25577 0.303805 0.349345 0.371803
boise60k10ps2d 4 4.000000 0.394885 130 1000 10 10 1603 50 0.0199626 0.0299439 0.0505303 0.0729881 0.111666 0.17093 0.224579 0.266999 0.332502 0.390518 0.394885
boise60k10ps2d 4 4.000000 0.423581 140 1000 10 10 1603 50 0.0243294 0.036806 0.0492826 0.069869 0.111666 0.17093 0.233936 0.288833 0.348097 0.406114 0.423581
boise60k10ps2d 4 4.000000 0.439800 150 1000 10 10 1603 50 0.0237056 0.033063 0.0474111 0.069869 0.114161 0.180911 0.243294 0.297567 0.363693 0.429195 0.4398
boise60k10ps2d 4 4.000000 0.451029 160 1000 10 10 1603 50 0.0212102 0.0336868 0.0461634 0.0754835 0.124766 0.185278 0.244541 0.310667 0.373051 0.444167 0.451029
boise60k10ps2d 4 4.000000 0.466625 170 1000 10 10 1603 50 0.0199626 0.0355583 0.0542732 0.0786026 0.132876 0.194635 0.258266 0.323144 0.400499 0.482221 0.466625
boise60k10ps2d 4 4.000000 0.492202 180 1000 10 10 1603 50 0.0230817 0.0318153 0.0492826 0.0786026 0.129757 0.176544 0.240799 0.323144 0.394261 0.460387 0.492202
boise60k10ps2d 4 4.000000 0.550218 190 1000 10 10 1603 50 0.0212102 0.0311915 0.0486588 0.0817218 0.135995 0.204616 0.282595 0.362445 0.441048 0.537118 0.550218
boise60k10ps2d 4 4.000000 0.555833 200 1000 10 10 1603 50 0.0237056 0.0361822 0.0517779 0.0817218 0.141609 0.210231 0.279476 0.364317 0.458515 0.548347 0.555833
boise60k10ps2d 4 4.000000 0.571429 210 1000 10 10 1603 50 0.0224579 0.0305677 0.0505303 0.0798503 0.132876 0.200873 0.2801 0.373674 0.459763 0.540237 0.571429
boise60k10ps2d 4 4.000000 0.608858 220 1000 10 10 1603 50 0.0212102 0.0349345 0.0517779 0.0904554 0.147224 0.215221 0.292576 0.383032 0.494697 0.603244 0.608858
boise60k10ps2d 4 4.000000 0.635059 230 1000 10 10 1603 50 0.0237056 0.0349345 0.0492826 0.0885839 0.145352 0.222707 0.301934 0.394261 0.499688 0.603244 0.635059
boise60k10ps2d 4 4.000000 0.636307 240 1000 10 10 1603 50 0.0243294 0.0380537 0.0536494 0.0892077 0.1466 0.218341 0.320025 0.427948 0.521522 0.62383 0.636307
boise60k10ps2d 4 4.000000 0.636307 250 1000 10 10 1603 50 0.0218341 0.0336868 0.0573924 0.0892077 0.143481 0.216469 0.299439 0.393637 0.494697 0.606987 0.636307
boise60k10ps2d 4 4.000000 0.667498 260 1000 10 10 1603 50 0.0224579 0.0355583 0.0536494 0.0885839 0.147224 0.225203 0.323144 0.433562 0.546475 0.643169 0.667498
boise60k10ps2d 4 4.000000 0.667498 270 1000 10 10 1603 50 0.0224579 0.0374298 0.0530256 0.0948222 0.151591 0.231441 0.30942 0.422333 0.545852 0.644417 0.667498
boise60k10ps2d 4 4.000000 0.667498 280 1000 10 10 1603 50 0.0237056 0.0355583 0.0492826 0.0885839 0.149095 0.228322 0.312539 0.421709 0.547099 0.648784 0.667498
boise60k10ps2d 4 4.000000 0.667498 290 1000 10 10 1603 50 0.0237056 0.0361822 0.0567686 0.0935745 0.154086 0.230193 0.315034 0.417966 0.528384 0.631316 0.667498
boise60k10ps2d 4 4.000000 0.671241 300 1000 10 10 1603 50 0.0230817 0.0399251 0.0573924 0.0948222 0.158453 0.247037 0.346226 0.455396 0.558328 0.668746 0.671241
boise60k10ps2d 4 4.000000 0.671865 310 1000 10 10 1603 50 0.0230817 0.0374298 0.0542732 0.0923269 0.160324 0.240799 0.333749 0.449158 0.563319 0.671865 0.671865
boise60k10ps2d 4 4.000000 0.677480 320 1000 10 10 1603 50 0.0224579 0.033063 0.0536494 0.0873362 0.154086 0.228946 0.325016 0.431067 0.54398 0.650655 0.67748
boise60k10ps2d 4 4.000000 0.681223 330 1000 10 10 1603 50 0.0262009 0.0374298 0.0555209 0.0929507 0.157205 0.242046 0.33063 0.445415 0.575172 0.666875 0.681223
boise60k10ps2d 4 4.000000 0.701185 340 1000 10 10 1603 50 0.0249532 0.0374298 0.0580162 0.0973175 0.152838 0.240799 0.327511 0.458515 0.580786 0.676232 0.701185
boise60k10ps2d 4 4.000000 0.706800 350 1000 10 10 1603 50 0.0224579 0.0399251 0.0617592 0.095446 0.155958 0.243918 0.339988 0.459763 0.601996 0.697442 0.7068
boise60k10ps2d 4 4.000000 0.706800 360 1000 10 10 1603 50 0.025577 0.0349345 0.0530256 0.0935745 0.149719 0.239551 0.343107 0.455396 0.575172 0.676856 0.7068
boise60k10ps2d 4 4.000000 0.707424 370 1000 10 10 1603 50 0.0243294 0.0355583 0.0548971 0.0979414 0.152838 0.24267 0.353712 0.476606 0.595134 0.699938 0.707424
boise60k10ps2d 4 4.000000 0.717405 380 1000 10 10 1603 50 0.0218341 0.036806 0.0548971 0.0898316 0.152215 0.249532 0.354336 0.480973 0.593263 0.701809 0.717405
boise60k10ps2d 4 4.000000 0.744853 390 1000 10 10 1603 50 0.0237056 0.0399251 0.0536494 0.0854648 0.156581 0.238927 0.338116 0.46413 0.593263 0.71179 0.744853
boise60k10ps2d 4 4.000000 0.744853 400 1000 10 10 1603 50 0.0243294 0.036806 0.0561447 0.0867124 0.145352 0.243918 0.336245 0.451029 0.590767 0.7199 0.744853
boise60k10ps2d 4 4.000000 0.764816 410 1000 10 10 1603 50 0.0237056 0.0380537 0.0573924 0.0910792 0.160324 0.250156 0.356207 0.482221 0.635059 0.759825 0.764816
boise60k10ps2d 4 4.000000 0.764816 420 1000 10 10 1603 50 0.0243294 0.0355583 0.0548971 0.0917031 0.167187 0.266376 0.38927 0.519027 0.64816 0.750468 0.764816
boise60k10ps2d 4 4.000000 0.769183 430 1000 10 10 1603 50 0.0243294 0.0380537 0.0586401 0.0917031 0.162196 0.261385 0.372427 0.514036 0.650655 0.760449 0.769183
boise60k10ps2d 4 4.000000 0.797879 440 1000 10 10 1603 50 0.0230817 0.0399251 0.062383 0.0948222 0.167187 0.268871 0.396756 0.542109 0.689332 0.795384 0.797879
boise60k10ps2d 4 4.000000 0.804117 450 1000 10 10 1603 50 0.025577 0.0424205 0.0598877 0.0998129 0.178415 0.286338 0.407985 0.541485 0.681847 0.789145 0.804117
boise60k10ps2d 4 4.000000 0.809732 460 1000 10 10 1603 50 0.0230817 0.0374298 0.0586401 0.0973175 0.173425 0.272614 0.395508 0.532751 0.676232 0.796008 0.809732
boise60k10ps2d 4 4.000000 0.819089 470 1000 10 10 1603 50 0.0243294 0.0417966 0.0617592 0.101684 0.187149 0.286338 0.407361 0.547723 0.685589 0.791641 0.819089
boise60k10ps2d 4 4.000000 0.819089 480 1000 10 10 1603 50 0.0268247 0.0399251 0.0648784 0.10418 0.169058 0.262633 0.383032 0.53088 0.673737 0.782283 0.819089
boise60k10ps2d 4 4.000000 0.819089 490 1000 10 10 1603 50 0.0268247 0.040549 0.0611354 0.100437 0.175296 0.280724 0.402371 0.533999 0.672489 0.785402 0.819089
boise60k10ps2d 4 4.000000 0.819089 500 1000 10 10 1603 50 0.0237056 0.0399251 0.0636307 0.101684 0.175296 0.270742 0.396756 0.52776 0.666875 0.783531 0.819089
boise60k10ps2d 4 4.000000 0.819089 510 1000 10 10 1603 50 0.0230817 0.0374298 0.0567686 0.103556 0.178415 0.283843 0.399251 0.525265 0.674361 0.798503 0.819089
boise60k10ps2d 4 4.000000 0.819089 520 1000 10 10 1603 50 0.0218341 0.0399251 0.0586401 0.0998129 0.187149 0.278852 0.402994 0.540237 0.681847 0.792888 0.819089
boise60k10ps2d 4 4.000000 0.819089 530 1000 10 10 1603 50 0.0237056 0.0380537 0.0598877 0.099189 0.174049 0.277604 0.39738 0.53088 0.658765 0.769807 0.819089
boise60k10ps2d 4 4.000000 0.819089 540 1000 10 10 1603 50 0.0212102 0.0417966 0.0598877 0.0973175 0.17093 0.264504 0.387399 0.523394 0.674984 0.785402 0.819089
boise60k10ps2d 4 4.000000 0.819089 550 1000 10 10 1603 50 0.0230817 0.0417966 0.0592639 0.0960699 0.172177 0.288833 0.401747 0.538989 0.681223 0.78665 0.819089
boise60k10ps2d 4 4.000000 0.819089 560 1000 10 10 1603 50 0.0199626 0.0417966 0.0648784 0.106051 0.172801 0.275733 0.398004 0.545852 0.694323 0.803493 0.819089
boise60k10ps2d 4 4.000000 0.825328 570 1000 10 10 1603 50 0.025577 0.0380537 0.0642545 0.107923 0.195259 0.305053 0.44292 0.575172 0.720524 0.82408 0.825328
boise60k10ps2d 4 4.000000 0.837180 580 1000 10 10 1603 50 0.0243294 0.040549 0.0630069 0.107299 0.198378 0.305053 0.441672 0.597629 0.743606 0.836556 0.83718
boise60k10ps2d 4 4.000000 0.859014 590 1000 10 10 1603 50 0.025577 0.0411728 0.0636307 0.111042 0.195259 0.313787 0.439177 0.588896 0.734248 0.830318 0.859014
boise60k10ps2d 4 4.000000 0.859014 600 1000 10 10 1603 50 0.0249532 0.0399251 0.0630069 0.108546 0.187773 0.301934 0.421709 0.565814 0.723019 0.837804 0.859014
boise60k10ps2d 4 4.000000 0.859014 610 1000 10 10 1603 50 0.0243294 0.0417966 0.0655022 0.10418 0.188397 0.306301 0.454148 0.601996 0.739239 0.83718 0.859014
boise60k10ps2d 4 4.000000 0.859014 620 1000 10 10 1603 50 0.0237056 0.0386775 0.0617592 0.109794 0.193387 0.315034 0.444167 0.592015 0.739239 0.852152 0.859014
boise60k10ps2d 4 4.000000 0.859014 630 1000 10 10 1603 50 0.0268247 0.0424205 0.0636307 0.111042 0.201497 0.313163 0.44292 0.573924 0.725515 0.831566 0.859014
boise60k10ps2d 4 4.000000 0.859014 640 1000 10 10 1603 50 0.0224579 0.0411728 0.0630069 0.102308 0.185278 0.303182 0.446039 0.586401 0.731753 0.826575 0.859014
boise60k10ps2d 4 4.000000 0.859014 650 1000 10 10 1603 50 0.0237056 0.0424205 0.0655022 0.111666 0.191516 0.31441 0.439177 0.585153 0.733624 0.83718 0.859014
boise60k10ps2d 4 4.000000 0.859014 660 1000 10 10 1603 50 0.0274485 0.0436681 0.0655022 0.111042 0.185901 0.298815 0.439177 0.576419 0.726762 0.834061 0.859014
boise60k10ps2d 4 4.000000 0.859014 670 1000 10 10 1603 50 0.0218341 0.0380537 0.0548971 0.0985652 0.18403 0.306301 0.43481 0.590144 0.739863 0.845914 0.859014
boise60k10ps2d 4 4.000000 0.871491 680 1000 10 10 1603 50 0.0262009 0.0417966 0.0611354 0.116032 0.19713 0.313163 0.44292 0.600749 0.741734 0.855271 0.871491
boise60k10ps2d 4 4.000000 0.883968 690 1000 10 10 1603 50 0.0262009 0.0480349 0.0673737 0.110418 0.193387 0.31441 0.444167 0.592015 0.759825 0.872115 0.883968
boise60k10ps2d 4 4.000000 0.885215 700 1000 10 10 1603 50 0.0268247 0.0436681 0.0667498 0.112289 0.195259 0.319401 0.452901 0.597006 0.761073 0.87461 0.885215
boise60k10ps2d 4 4.000000 0.886463 710 1000 10 10 1603 50 0.0230817 0.0449158 0.062383 0.107299 0.199002 0.327511 0.470992 0.616968 0.771054 0.873362 0.886463
boise60k10ps2d 4 4.000000 0.892701 720 1000 10 10 1603 50 0.0262009 0.0430443 0.0630069 0.116032 0.205864 0.325016 0.449158 0.617592 0.769183 0.858391 0.892701
boise60k10ps2d 4 4.000000 0.892701 730 1000 10 10 1603 50 0.0268247 0.0430443 0.0648784 0.114785 0.203369 0.327511 0.466001 0.621335 0.782283 0.886463 0.892701
boise60k10ps2d 4 4.000000 0.892701 740 1000 10 10 1603 50 0.0262009 0.0436681 0.0711167 0.115409 0.203369 0.333125 0.470368 0.616968 0.767311 0.879601 0.892701
boise60k10ps2d 4 4.000000 0.894573 750 1000 10 10 1603 50 0.0280724 0.0424205 0.0679975 0.112913 0.195883 0.326263 0.47224 0.635059 0.787274 0.880225 0.894573
boise60k10ps2d 4 4.000000 0.898939 760 1000 10 10 1603 50 0.0262009 0.0424205 0.066126 0.112913 0.203369 0.31753 0.452901 0.600125 0.756082 0.881472 0.898939
boise60k10ps2d 4 4.000000 0.900811 770 1000 10 10 1603 50 0.0262009 0.0449158 0.0655022 0.118528 0.215845 0.33063 0.467249 0.609482 0.766064 0.888958 0.900811
boise60k10ps2d 4 4.000000 0.905178 780 1000 10 10 1603 50 0.0262009 0.0411728 0.066126 0.118528 0.206488 0.333749 0.486588 0.627573 0.790393 0.896444 0.905178
boise60k10ps2d 4 4.000000 0.907049 790 1000 10 10 1603 50 0.0280724 0.0430443 0.0686213 0.12539 0.220836 0.336868 0.479726 0.632564 0.764816 0.886463 0.907049
boise60k10ps2d 4 4.000000 0.907049 800 1000 10 10 1603 50 0.0262009 0.0505303 0.0729881 0.121647 0.210231 0.334997 0.479102 0.630069 0.77043 0.891454 0.907049
boise60k10ps2d 4 4.000000 0.907049 810 1000 10 10 1603 50 0.0268247 0.0474111 0.0692452 0.119152 0.218341 0.341859 0.490954 0.635059 0.776045 0.902059 0.907049
boise60k10ps2d 4 4.000000 0.907049 820 1000 10 10 1603 50 0.0243294 0.0467873 0.0655022 0.119152 0.208983 0.340611 0.48534 0.634435 0.774797 0.893325 0.907049
boise60k10ps2d 4 4.000000 0.922645 830 1000 10 10 1603 50 0.0268247 0.0436681 0.0686213 0.127885 0.223955 0.353712 0.497193 0.654398 0.809108 0.910168 0.922645
boise60k10ps2d 4 4.000000 0.925140 840 1000 10 10 1603 50 0.0286962 0.0455396 0.0761073 0.132876 0.217093 0.348721 0.488459 0.641921 0.794136 0.91204 0.92514
boise60k10ps2d 4 4.000000 0.930755 850 1000 10 10 1603 50 0.0274485 0.0474111 0.0717405 0.124142 0.224579 0.357455 0.508422 0.665627 0.814722 0.930131 0.930755
boise60k10ps2d 4 4.000000 0.932002 860 1000 10 10 1603 50 0.0274485 0.0455396 0.069869 0.124766 0.228946 0.368684 0.512789 0.660012 0.800998 0.89582 0.932002
boise60k10ps2d 4 4.000000 0.932002 870 1000 10 10 1603 50 0.0280724 0.0467873 0.0742358 0.127261 0.232065 0.358702 0.509046 0.658141 0.805365 0.896444 0.932002
boise60k10ps2d 4 4.000000 0.939488 880 1000 10 10 1603 50 0.02932 0.0449158 0.0729881 0.123518 0.233936 0.371179 0.530256 0.676856 0.825951 0.92514 0.939488
boise60k10ps2d 4 4.000000 0.939488 890 1000 10 10 1603 50 0.0274485 0.0411728 0.0704928 0.119775 0.227074 0.360574 0.512165 0.676232 0.813475 0.927636 0.939488
boise60k10ps2d 4 4.000000 0.939488 900 1000 10 10 1603 50 0.0274485 0.0455396 0.0717405 0.123518 0.227698 0.364317 0.519027 0.663755 0.812851 0.932002 0.939488
boise60k10ps2d 4 4.000000 0.940112 910 1000 10 10 1603 50 0.0286962 0.0461634 0.0673737 0.12539 0.220212 0.345602 0.508422 0.656269 0.804741 0.918278 0.940112
boise60k10ps2d 4 4.000000 0.940112 920 1000 10 10 1603 50 0.02932 0.0480349 0.0742358 0.132252 0.233313 0.357455 0.509669 0.673737 0.824704 0.93325 0.940112
boise60k10ps2d 4 4.000000 0.940112 930 1000 10 10 1603 50 0.0274485 0.0486588 0.0717405 0.129133 0.23456 0.36806 0.515908 0.678727 0.817842 0.928259 0.940112
boise60k10ps2d 4 4.000000 0.940112 940 1000 10 10 1603 50 0.0262009 0.0461634 0.0742358 0.135995 0.232689 0.363693 0.509046 0.665003 0.819713 0.928883 0.940112
boise60k10ps2d 4 4.000000 0.940736 950 1000 10 10 1603 50 0.0274485 0.0455396 0.0742358 0.131628 0.228322 0.362445 0.525265 0.676856 0.828447 0.939488 0.940736
boise60k10ps2d 4 4.000000 0.940736 960 1000 10 10 1603 50 0.02932 0.0474111 0.0711167 0.130381 0.232689 0.356831 0.513412 0.683718 0.818465 0.932002 0.940736
boise60k10ps2d 4 4.000000 0.940736 970 1000 10 10 1603 50 0.0286962 0.0486588 0.073612 0.135371 0.231441 0.37617 0.530256 0.694947 0.833437 0.927636 0.940736
boise60k10ps2d 4 4.000000 0.945103 980 1000 10 10 1603 50 0.0280724 0.0474111 0.073612 0.12539 0.240175 0.364317 0.509046 0.681847 0.829694 0.942608 0.945103
boise60k10ps2d 4 4.000000 0.945103 990 1000 10 10 1603 50 0.0274485 0.0455396 0.073612 0.136619 0.233936 0.363693 0.520274 0.681223 0.827823 0.938865 0.945103
boise60k10ps2d 4 4.000000 0.945103 1000 1000 10 10 1603 50 0.0268247 0.0486588 0.0748596 0.141609 0.243918 0.376794 0.53587 0.694947 0.839676 0.951341 0.945103
boise60k10ps2d 5 4.000000 0.092951 0 1000 10 10 1603 50 0.0162196 0.0205864 0.0230817 0.0280724 0.0349345 0.0430443 0.0542732 0.066126 0.0754835 0.0879601 0.0929507
boise60k10ps2d 5 4.000000 0.124766 10 1000 10 10 1603 50 0.0193387 0.0243294 0.0299439 0.036806 0.044292 0.0524017 0.0673737 0.0767311 0.0910792 0.108546 0.124766
boise60k10ps2d 5 4.000000 0.148472 20 1000 10 10 1603 50 0.0212102 0.0268247 0.0299439 0.0336868 0.0411728 0.0592639 0.077355 0.0941984 0.111666 0.129133 0.148472
boise60k10ps2d 5 4.000000 0.170306 30 1000 10 10 1603 50 0.0180911 0.0230817 0.0318153 0.0393013 0.0486588 0.069869 0.0923269 0.108546 0.126638 0.154086 0.170306
boise60k10ps2d 5 4.000000 0.174049 40 1000 10 10 1603 50 0.0180911 0.0218341 0.02932 0.0361822 0.0474111 0.0686213 0.0973175 0.108546 0.128509 0.155958 0.174049
boise60k10ps2d 5 4.000000 0.184654 50 1000 10 10 1603 50 0.0174672 0.0224579 0.0299439 0.0380537 0.0492826 0.0742358 0.102308 0.119775 0.143481 0.170306 0.184654
boise60k10ps2d 5 4.000000 0.190892 60 1000 10 10 1603 50 0.0187149 0.0274485 0.0361822 0.0499064 0.0692452 0.0910792 0.110418 0.126014 0.152838 0.181535 0.190892
boise60k10ps2d 5 4.000000 0.196507 70 1000 10 10 1603 50 0.0193387 0.0249532 0.0374298 0.0499064 0.0648784 0.0810979 0.107923 0.130381 0.155334 0.182782 0.196507
boise60k10ps2d 5 4.000000 0.217717 80 1000 10 10 1603 50 0.0187149 0.0274485 0.033063 0.040549 0.0561447 0.0835933 0.116656 0.140986 0.17592 0.218341 0.217717
boise60k10ps2d 5 4.000000 0.238303 90 1000 10 10 1603 50 0.0187149 0.0262009 0.0355583 0.0467873 0.0655022 0.0923269 0.127261 0.152215 0.189021 0.222084 0.238303
boise60k10ps2d 5 4.000000 0.266376 100 1000 10 10 1603 50 0.0212102 0.02932 0.0374298 0.0530256 0.0761073 0.103556 0.137866 0.167187 0.204616 0.248284 0.266376
boise60k10ps2d 5 4.000000 0.315658 110 1000 10 10 1603 50 0.0199626 0.0318153 0.0430443 0.0611354 0.0873362 0.124142 0.169058 0.207112 0.247661 0.298815 0.315658
boise60k10ps2d 5 4.000000 0.358702 120 1000 10 10 1603 50 0.0224579 0.0324392 0.044292 0.0598877 0.095446 0.144105 0.194635 0.244541 0.290705 0.352464 0.358702
boise60k10ps2d 5 4.000000 0.375546 130 1000 10 10 1603 50 0.0218341 0.0286962 0.0374298 0.062383 0.101061 0.147848 0.20025 0.259513 0.313163 0.384279 0.375546
boise60k10ps2d 5 4.000000 0.416095 140 1000 10 10 1603 50 0.0224579 0.02932 0.0424205 0.066126 0.102308 0.160948 0.232689 0.283843 0.34685 0.414223 0.416095
boise60k10ps2d 5 4.000000 0.433562 150 1000 10 10 1603 50 0.0224579 0.02932 0.0436681 0.0692452 0.106051 0.156581 0.223955 0.283219 0.33874 0.417342 0.433562
boise60k10ps2d 5 4.000000 0.440424 160 1000 10 10 1603 50 0.0224579 0.0286962 0.044292 0.069869 0.113537 0.17093 0.236432 0.30131 0.366188 0.432314 0.440424
boise60k10ps2d 5 4.000000 0.440424 170 1000 10 10 1603 50 0.0205864 0.0311915 0.0486588 0.0692452 0.109794 0.171553 0.235184 0.296319 0.365565 0.429819 0.440424
boise60k10ps2d 5 4.000000 0.440424 180 1000 10 10 1603 50 0.0205864 0.0299439 0.0430443 0.066126 0.10917 0.177168 0.23456 0.294448 0.353712 0.417966 0.440424
boise60k10ps2d 5 4.000000 0.466625 190 1000 10 10 1603 50 0.0187149 0.0324392 0.0505303 0.0748596 0.118528 0.180287 0.247037 0.303805 0.366812 0.43481 0.466625
boise60k10ps2d 5 4.000000 0.469120 200 1000 10 10 1603 50 0.0199626 0.0305677 0.0461634 0.0767311 0.119775 0.189021 0.254523 0.321273 0.38927 0.457268 0.46912
boise60k10ps2d 5 4.000000 0.472240 210 1000 10 10 1603 50 0.0199626 0.0318153 0.044292 0.0754835 0.124142 0.185278 0.251404 0.315658 0.378665 0.45602 0.47224
boise60k10ps2d 5 4.000000 0.479726 220 1000 10 10 1603 50 0.0199626 0.0311915 0.0467873 0.0786026 0.131004 0.210855 0.275733 0.33874 0.413599 0.484092 0.479726
boise60k10ps2d 5 4.000000 0.489707 230 1000 10 10 1603 50 0.0218341 0.0343107 0.0548971 0.0823456 0.135995 0.203993 0.262633 0.335621 0.412976 0.47224 0.489707
boise60k10ps2d 5 4.000000 0.497817 240 1000 10 10 1603 50 0.0199626 0.033063 0.0536494 0.0879601 0.144729 0.210855 0.289457 0.355583 0.421709 0.502807 0.497817
boise60k10ps2d 5 4.000000 0.500312 250 1000 10 10 1603 50 0.0237056 0.0361822 0.0542732 0.0904554 0.156581 0.219588 0.291329 0.345602 0.425452 0.495321 0.500312
boise60k10ps2d 5 4.000000 0.507798 260 1000 10 10 1603 50 0.0199626 0.033063 0.0505303 0.0904554 0.149095 0.220212 0.300686 0.358079 0.429195 0.499064 0.507798
boise60k10ps2d 5 4.000000 0.507798 270 1000 10 10 1603 50 0.0218341 0.0349345 0.0567686 0.0985652 0.155334 0.224579 0.291953 0.35184 0.424205 0.500936 0.507798
boise60k10ps2d 5 4.000000 0.507798 280 1000 10 10 1603 50 0.0212102 0.0311915 0.0517779 0.0879601 0.151591 0.218341 0.286338 0.356207 0.427324 0.49345 0.507798
boise60k10ps2d 5 4.000000 0.507798 290 1000 10 10 1603 50 0.0237056 0.0355583 0.0598877 0.0941984 0.157829 0.220212 0.296943 0.352464 0.425452 0.496569 0.507798
boise60k10ps2d 5 4.000000 0.507798 300 1000 10 10 1603 50 0.0212102 0.0336868 0.0499064 0.0885839 0.150343 0.213974 0.288833 0.354959 0.4267 0.497817 0.507798
boise60k10ps2d 5 4.000000 0.510917 310 1000 10 10 1603 50 0.0262009 0.0355583 0.0555209 0.0960699 0.160948 0.225827 0.291953 0.354959 0.424205 0.494697 0.510917
boise60k10ps2d 5 4.000000 0.510917 320 1000 10 10 1603 50 0.0230817 0.0355583 0.0636307 0.0960699 0.152215 0.22146 0.298815 0.358702 0.433562 0.49844 0.510917
boise60k10ps2d 5 4.000000 0.510917 330 1000 10 10 1603 50 0.0230817 0.0336868 0.0524017 0.0879601 0.145976 0.222707 0.291329 0.354959 0.416095 0.496569 0.510917
boise60k10ps2d 5 4.000000 0.510917 340 1000 10 10 1603 50 0.0205864 0.033063 0.0561447 0.0935745 0.155334 0.22645 0.296319 0.353712 0.426076 0.497817 0.510917
boise60k10ps2d 5 4.000000 0.510917 350 1000 10 10 1603 50 0.0205864 0.0336868 0.0573924 0.0873362 0.149095 0.220212 0.286338 0.343107 0.421085 0.489083 0.510917
boise60k10ps2d 5 4.000000 0.510917 360 1000 10 10 1603 50 0.0249532 0.036806 0.0567686 0.095446 0.153462 0.225827 0.290705 0.356207 0.425452 0.495945 0.510917
boise60k10ps2d 5 4.000000 0.510917 370 1000 10 10 1603 50 0.0218341 0.0343107 0.0598877 0.0923269 0.152215 0.222084 0.295696 0.353088 0.425452 0.495321 0.510917
boise60k10ps2d 5 4.000000 0.510917 380 1000 10 10 1603 50 0.0218341 0.0374298 0.0567686 0.0935745 0.151591 0.220212 0.293824 0.351216 0.41859 0.49345 0.510917
boise60k10ps2d 5 4.000000 0.510917 390 1000 10 10 1603 50 0.0237056 0.0355583 0.0524017 0.0879601 0.153462 0.222707 0.290081 0.353088 0.421085 0.50156 0.510917
boise60k10ps2d 5 4.000000 0.512789 400 1000 10 10 1603 50 0.0224579 0.033063 0.0548971 0.0892077 0.152215 0.225203 0.2932 0.355583 0.426076 0.482221 0.512789
boise60k10ps2d 5 4.000000 0.512789 410 1000 10 10 1603 50 0.0218341 0.0318153 0.0548971 0.0854648 0.152215 0.217093 0.289457 0.351216 0.424828 0.490331 0.512789
boise60k10ps2d 5 4.000000 0.512789 420 1000 10 10 1603 50 0.0205864 0.0349345 0.0524017 0.0892077 0.147224 0.215845 0.294448 0.349969 0.424828 0.487211 0.512789
boise60k10ps2d 5 4.000000 0.512789 430 1000 10 10 1603 50 0.0224579 0.0336868 0.0536494 0.0879601 0.150967 0.216469 0.298191 0.349345 0.425452 0.491578 0.512789
boise60k10ps2d 5 4.000000 0.512789 440 1000 10 10 1603 50 0.0199626 0.0336868 0.0586401 0.095446 0.157205 0.230817 0.298815 0.357455 0.427948 0.500312 0.512789
boise60k10ps2d 5 4.000000 0.512789 450 1000 10 10 1603 50 0.0230817 0.0343107 0.0611354 0.0973175 0.164691 0.223955 0.299439 0.364317 0.435434 0.502807 0.512789
boise60k10ps2d 5 4.000000 0.512789 460 1000 10 10 1603 50 0.0212102 0.0343107 0.0555209 0.0892077 0.147848 0.217093 0.284467 0.356831 0.415471 0.489083 0.512789
boise60k10ps2d 5 4.000000 0.512789 470 1000 10 10 1603 50 0.0224579 0.0380537 0.062383 0.0948222 0.158453 0.225203 0.291953 0.353712 0.431067 0.500936 0.512789
boise60k10ps2d 5 4.000000 0.512789 480 1000 10 10 1603 50 0.0205864 0.0349345 0.0567686 0.0917031 0.159077 0.232689 0.298815 0.361198 0.427324 0.502183 0.512789
boise60k10ps2d 5 4.000000 0.512789 490 1000 10 10 1603 50 0.0212102 0.036806 0.0580162 0.0904554 0.152215 0.220836 0.293824 0.35995 0.420462 0.492826 0.512789
boise60k10ps2d 5 4.000000 0.512789 500 1000 10 10 1603 50 0.0199626 0.0380537 0.0573924 0.0860886 0.160324 0.218341 0.291953 0.353712 0.419838 0.487211 0.512789
boise60k10ps2d 5 4.000000 0.512789 510 1000 10 10 1603 50 0.0243294 0.036806 0.0542732 0.0898316 0.151591 0.22146 0.285714 0.355583 0.420462 0.484716 0.512789
boise60k10ps2d 5 4.000000 0.512789 520 1000 10 10 1603 50 0.0249532 0.0355583 0.0567686 0.0960699 0.157205 0.220836 0.294448 0.35995 0.430443 0.50655 0.512789
boise60k10ps2d 5 4.000000 0.517779 530 1000 10 10 1603 50 0.0218341 0.0324392 0.0505303 0.0904554 0.150967 0.22146 0.298191 0.362445 0.43481 0.502807 0.517779
boise60k10ps2d 5 4.000000 0.517779 540 1000 10 10 1603 50 0.0218341 0.0349345 0.0598877 0.0941984 0.150343 0.223331 0.296943 0.357455 0.430443 0.494697 0.517779
boise60k10ps2d 5 4.000000 0.517779 550 1000 10 10 1603 50 0.0243294 0.0355583 0.0555209 0.0898316 0.154086 0.222707 0.295696 0.354959 0.420462 0.49345 0.517779
boise60k10ps2d 5 4.000000 0.517779 560 1000 10 10 1603 50 0.0230817 0.0343107 0.0580162 0.0985652 0.16282 0.227698 0.302558 0.362445 0.431067 0.507174 0.517779
boise60k10ps2d 5 4.000000 0.518403 570 1000 10 10 1603 50 0.0218341 0.0355583 0.0580162 0.0966937 0.157205 0.230193 0.299439 0.354959 0.431067 0.502183 0.518403
boise60k10ps2d 5 4.000000 0.518403 580 1000 10 10 1603 50 0.0237056 0.0380537 0.0630069 0.101684 0.164691 0.233936 0.307548 0.369308 0.433562 0.510917 0.518403
boise60k10ps2d 5 4.000000 0.518403 590 1000 10 10 1603 50 0.0212102 0.0355583 0.0542732 0.0879601 0.149719 0.214598 0.290705 0.349345 0.412976 0.489707 0.518403
boise60k10ps2d 5 4.000000 0.519027 600 1000 10 10 1603 50 0.0205864 0.0355583 0.0548971 0.0985652 0.165939 0.228322 0.292576 0.355583 0.422333 0.495321 0.519027
boise60k10ps2d 5 4.000000 0.519027 610 1000 10 10 1603 50 0.0199626 0.0305677 0.0561447 0.0985652 0.164067 0.228322 0.295696 0.364317 0.437305 0.505926 0.519027
boise60k10ps2d 5 4.000000 0.519027 620 1000 10 10 1603 50 0.0230817 0.0399251 0.0611354 0.0998129 0.170306 0.238927 0.303805 0.363069 0.436057 0.509669 0.519027
boise60k10ps2d 5 4.000000 0.522770 630 1000 10 10 1603 50 0.0237056 0.0336868 0.0555209 0.100437 0.16781 0.230193 0.306301 0.369308 0.435434 0.49844 0.52277
boise60k10ps2d 5 4.000000 0.525889 640 1000 10 10 1603 50 0.0212102 0.0361822 0.0542732 0.0960699 0.160324 0.222084 0.30131 0.358079 0.436057 0.49844 0.525889
boise60k10ps2d 5 4.000000 0.529008 650 1000 10 10 1603 50 0.0193387 0.036806 0.0580162 0.0998129 0.159077 0.22957 0.299439 0.360574 0.43481 0.520898 0.529008
boise60k10ps2d 5 4.000000 0.532127 660 1000 10 10 1603 50 0.0193387 0.0343107 0.0524017 0.101684 0.161572 0.23456 0.300062 0.369308 0.4398 0.515284 0.532127
boise60k10ps2d 5 4.000000 0.533999 670 1000 10 10 1603 50 0.0205864 0.0355583 0.0555209 0.103556 0.17093 0.237056 0.30942 0.379913 0.449782 0.527137 0.533999
boise60k10ps2d 5 4.000000 0.540861 680 1000 10 10 1603 50 0.0230817 0.0399251 0.066126 0.102932 0.169682 0.242046 0.313787 0.37617 0.445415 0.519027 0.540861
boise60k10ps2d 5 4.000000 0.540861 690 1000 10 10 1603 50 0.025577 0.0380537 0.0611354 0.103556 0.172177 0.230193 0.307548 0.368684 0.448534 0.519027 0.540861
boise60k10ps2d 5 4.000000 0.545852 700 1000 10 10 1603 50 0.0230817 0.0374298 0.0567686 0.106051 0.16781 0.240175 0.312539 0.378041 0.455396 0.53587 0.545852
boise60k10ps2d 5 4.000000 0.546475 710 1000 10 10 1603 50 0.0237056 0.0361822 0.0586401 0.0998129 0.172177 0.235184 0.310667 0.379289 0.454148 0.539613 0.546475
boise60k10ps2d 5 4.000000 0.546475 720 1000 10 10 1603 50 0.0224579 0.036806 0.0611354 0.106051 0.169058 0.243918 0.310667 0.376794 0.456644 0.535246 0.546475
boise60k10ps2d 5 4.000000 0.546475 730 1000 10 10 1603 50 0.0199626 0.0374298 0.0611354 0.100437 0.174049 0.243294 0.315658 0.384903 0.459763 0.540237 0.546475
boise60k10ps2d 5 4.000000 0.553338 740 1000 10 10 1603 50 0.0199626 0.0380537 0.0580162 0.099189 0.167187 0.238303 0.305677 0.377417 0.459139 0.548347 0.553338
boise60k10ps2d 5 4.000000 0.553338 750 1000 10 10 1603 50 0.0218341 0.033063 0.0592639 0.101061 0.173425 0.249532 0.31753 0.383656 0.463506 0.540861 0.553338
boise60k10ps2d 5 4.000000 0.564566 760 1000 10 10 1603 50 0.0199626 0.0349345 0.0598877 0.112289 0.174672 0.248908 0.323144 0.401747 0.483469 0.569557 0.564566
boise60k10ps2d 5 4.000000 0.565814 770 1000 10 10 1603 50 0.0205864 0.0349345 0.0598877 0.106051 0.177168 0.247037 0.323144 0.393637 0.484716 0.568933 0.565814
boise60k10ps2d 5 4.000000 0.571429 780 1000 10 10 1603 50 0.0212102 0.0336868 0.0567686 0.0998129 0.167187 0.243294 0.323144 0.39738 0.468497 0.560823 0.571429
boise60k10ps2d 5 4.000000 0.575172 790 1000 10 10 1603 50 0.0212102 0.0343107 0.0555209 0.104803 0.171553 0.236432 0.311291 0.393013 0.47723 0.563319 0.575172
boise60k10ps2d 5 4.000000 0.591391 800 1000 10 10 1603 50 0.0230817 0.0386775 0.0630069 0.102932 0.169682 0.240175 0.327511 0.407985 0.492202 0.578915 0.591391
boise60k10ps2d 5 4.000000 0.592015 810 1000 10 10 1603 50 0.0212102 0.0380537 0.0611354 0.10917 0.177168 0.24267 0.327511 0.404242 0.48534 0.585153 0.592015
boise60k10ps2d 5 4.000000 0.616968 820 1000 10 10 1603 50 0.0212102 0.0361822 0.0592639 0.0973175 0.169058 0.242046 0.321896 0.413599 0.504679 0.60262 0.616968
boise60k10ps2d 5 4.000000 0.616968 830 1000 10 10 1603 50 0.0230817 0.0380537 0.0580162 0.103556 0.169058 0.24267 0.324392 0.421709 0.507798 0.601372 0.616968
boise60k10ps2d 5 4.000000 0.628197 840 1000 10 10 1603 50 0.0243294 0.0374298 0.0592639 0.103556 0.165939 0.233936 0.321896 0.417342 0.513412 0.60262 0.628197
boise60k10ps2d 5 4.000000 0.628197 850 1000 10 10 1603 50 0.0237056 0.0386775 0.0598877 0.104803 0.167187 0.243918 0.327511 0.411728 0.500312 0.601372 0.628197
boise60k10ps2d 5 4.000000 0.628197 860 1000 10 10 1603 50 0.0205864 0.0361822 0.0580162 0.101061 0.174672 0.239551 0.323768 0.414847 0.496569 0.60262 0.628197
boise60k10ps2d 5 4.000000 0.631940 870 1000 10 10 1603 50 0.0218341 0.0374298 0.0592639 0.106051 0.177168 0.257018 0.33874 0.422333 0.507798 0.610106 0.63194
boise60k10ps2d 5 4.000000 0.631940 880 1000 10 10 1603 50 0.0218341 0.0361822 0.0630069 0.112289 0.176544 0.251404 0.339364 0.428571 0.507174 0.612601 0.63194
boise60k10ps2d 5 4.000000 0.644417 890 1000 10 10 1603 50 0.0237056 0.0386775 0.0605115 0.111042 0.17592 0.253275 0.344354 0.442296 0.534623 0.638178 0.644417
boise60k10ps2d 5 4.000000 0.644417 900 1000 10 10 1603 50 0.0243294 0.033063 0.0630069 0.111666 0.172177 0.248284 0.341859 0.437929 0.520274 0.624454 0.644417
boise60k10ps2d 5 4.000000 0.644417 910 1000 10 10 1603 50 0.0205864 0.036806 0.066126 0.109794 0.176544 0.247037 0.336868 0.429819 0.520898 0.623206 0.644417
boise60k10ps2d 5 4.000000 0.656893 920 1000 10 10 1603 50 0.0218341 0.0386775 0.0605115 0.102308 0.169682 0.249532 0.334373 0.428571 0.52277 0.638178 0.656893
boise60k10ps2d 5 4.000000 0.661884 930 1000 10 10 1603 50 0.0230817 0.040549 0.0586401 0.0979414 0.16781 0.248908 0.336868 0.422333 0.525265 0.63194 0.661884
boise60k10ps2d 5 4.000000 0.669994 940 1000 10 10 1603 50 0.0224579 0.0386775 0.062383 0.107923 0.180911 0.270119 0.361822 0.461011 0.557704 0.669994 0.669994
boise60k10ps2d 5 4.000000 0.707424 950 1000 10 10 1603 50 0.0237056 0.040549 0.0636307 0.111042 0.187149 0.270742 0.388022 0.490954 0.613849 0.712414 0.707424
boise60k10ps2d 5 4.000000 0.725515 960 1000 10 10 1603 50 0.0243294 0.0343107 0.0536494 0.104803 0.182158 0.281971 0.395508 0.497193 0.605739 0.726762 0.725515
boise60k10ps2d 5 4.000000 0.725515 970 1000 10 10 1603 50 0.0249532 0.0355583 0.0536494 0.0979414 0.174672 0.265128 0.378665 0.480349 0.597629 0.719276 0.725515
boise60k10ps2d 5 4.000000 0.730505 980 1000 10 10 1603 50 0.0218341 0.0393013 0.0548971 0.0966937 0.175296 0.273861 0.384903 0.512165 0.615721 0.721148 0.730505
boise60k10ps2d 5 4.000000 0.752339 990 1000 10 10 1603 50 0.0230817 0.0393013 0.0548971 0.102932 0.18403 0.278852 0.400499 0.517779 0.638802 0.750468 0.752339
boise60k10ps2d 5 4.000000 0.770430 1000 1000 10 10 1603 50 0.0224579 0.0355583 0.0592639 0.101061 0.178415 0.28509 0.399875 0.527137 0.649407 0.766064 0.77043
boise60k10ps2d 6 4.000000 0.094198 0 1000 10 10 1603 50 0.0137243 0.0193387 0.0243294 0.0299439 0.0380537 0.0480349 0.0598877 0.0717405 0.0810979 0.0979414 0.0941984
boise60k10ps2d 6 4.000000 0.159077 10 1000 10 10 1603 50 0.0168434 0.0230817 0.0274485 0.0374298 0.0517779 0.0617592 0.0754835 0.095446 0.117904 0.137243 0.159077
boise60k10ps2d 6 4.000000 0.215221 20 1000 10 10 1603 50 0.0168434 0.0243294 0.0324392 0.0411728 0.0580162 0.0786026 0.107923 0.135371 0.159077 0.191516 0.215221
boise60k10ps2d 6 4.000000 0.254523 30 1000 10 10 1603 50 0.0180911 0.02932 0.0399251 0.0567686 0.0829694 0.111042 0.140986 0.169682 0.212102 0.248908 0.254523
boise60k10ps2d 6 4.000000 0.270742 40 1000 10 10 1603 50 0.0187149 0.0274485 0.0430443 0.0598877 0.0966937 0.126638 0.162196 0.193387 0.228946 0.266376 0.270742
boise60k10ps2d 6 4.000000 0.283219 50 1000 10 10 1603 50 0.0205864 0.02932 0.0380537 0.0580162 0.0892077 0.129133 0.16781 0.19713 0.237056 0.276981 0.283219
boise60k10ps2d 6 4.000000 0.293824 60 1000 10 10 1603 50 0.0230817 0.0324392 0.0424205 0.0655022 0.095446 0.1335 0.167187 0.200873 0.236432 0.276357 0.293824
boise60k10ps2d 6 4.000000 0.293824 70 1000 10 10 1603 50 0.0174672 0.0299439 0.0430443 0.0617592 0.0910792 0.127885 0.171553 0.204616 0.242046 0.279476 0.293824
boise60k10ps2d 6 4.000000 0.300686 80 1000 10 10 1603 50 0.0212102 0.0324392 0.0480349 0.0679975 0.104803 0.141609 0.174049 0.213974 0.257642 0.286962 0.300686
boise60k10ps2d 6 4.000000 0.305053 90 1000 10 10 1603 50 0.0199626 0.0299439 0.0449158 0.069869 0.101684 0.142233 0.173425 0.215221 0.268247 0.304429 0.305053
boise60k10ps2d 6 4.000000 0.305677 100 1000 10 10 1603 50 0.0199626 0.02932 0.044292 0.0630069 0.099189 0.136619 0.175296 0.211478 0.255147 0.289457 0.305677
boise60k10ps2d 6 4.000000 0.312539 110 1000 10 10 1603 50 0.0218341 0.033063 0.0467873 0.0729881 0.107299 0.147224 0.174672 0.218964 0.253275 0.284467 0.312539
boise60k10ps2d 6 4.000000 0.320025 120 1000 10 10 1603 50 0.0193387 0.02932 0.0461634 0.0723643 0.106051 0.139738 0.17592 0.218341 0.265128 0.30131 0.320025
boise60k10ps2d 6 4.000000 0.323144 130 1000 10 10 1603 50 0.0205864 0.033063 0.0449158 0.0692452 0.111666 0.153462 0.182158 0.223955 0.274485 0.312539 0.323144
boise60k10ps2d 6 4.000000 0.323144 140 1000 10 10 1603 50 0.0193387 0.0299439 0.0430443 0.0667498 0.099189 0.144729 0.177792 0.22146 0.268871 0.301934 0.323144
boise60k10ps2d 6 4.000000 0.323144 150 1000 10 10 1603 50 0.0218341 0.0286962 0.040549 0.0630069 0.0973175 0.144105 0.179039 0.217093 0.258266 0.300062 0.323144
boise60k10ps2d 6 4.000000 0.327511 160 1000 10 10 1603 50 0.0193387 0.0318153 0.0436681 0.0667498 0.102308 0.149719 0.187149 0.22957 0.2801 0.316282 0.327511
boise60k10ps2d 6 4.000000 0.349969 170 1000 10 10 1603 50 0.0205864 0.0274485 0.0424205 0.0686213 0.110418 0.156581 0.19214 0.237056 0.280724 0.323144 0.349969
boise60k10ps2d 6 4.000000 0.363693 180 1000 10 10 1603 50 0.0249532 0.0349345 0.0474111 0.0748596 0.115409 0.161572 0.192764 0.237056 0.293824 0.337492 0.363693
boise60k10ps2d 6 4.000000 0.363693 190 1000 10 10 1603 50 0.0218341 0.0305677 0.044292 0.0679975 0.110418 0.163444 0.194635 0.238303 0.296319 0.334997 0.363693
boise60k10ps2d 6 4.000000 0.363693 200 1000 10 10 1603 50 0.0199626 0.0343107 0.0486588 0.0692452 0.110418 0.159701 0.193387 0.241422 0.295072 0.345602 0.363693
boise60k10ps2d 6 4.000000 0.374298 210 1000 10 10 1603 50 0.0187149 0.0318153 0.0474111 0.0723643 0.113537 0.162196 0.198378 0.245789 0.306925 0.349969 0.374298
boise60k10ps2d 6 4.000000 0.381160 220 1000 10 10 1603 50 0.0224579 0.0336868 0.0467873 0.0679975 0.099189 0.144729 0.188397 0.252027 0.31441 0.373674 0.38116
boise60k10ps2d 6 4.000000 0.389270 230 1000 10 10 1603 50 0.0218341 0.0349345 0.0480349 0.0767311 0.112913 0.155958 0.215221 0.268871 0.33063 0.388022 0.38927
boise60k10ps2d 6 4.000000 0.402371 240 1000 10 10 1603 50 0.0199626 0.0318153 0.044292 0.066126 0.109794 0.153462 0.212726 0.277604 0.331878 0.394261 0.402371
boise60k10ps2d 6 4.000000 0.461011 250 1000 10 10 1603 50 0.0237056 0.0336868 0.0486588 0.0692452 0.109794 0.168434 0.233936 0.300686 0.388646 0.459763 0.461011
boise60k10ps2d 6 4.000000 0.477854 260 1000 10 10 1603 50 0.0237056 0.0343107 0.0511541 0.0742358 0.116032 0.174672 0.23456 0.298815 0.379913 0.451029 0.477854
boise60k10ps2d 6 4.000000 0.495945 270 1000 10 10 1603 50 0.0237056 0.0380537 0.0517779 0.0723643 0.111666 0.181535 0.241422 0.312539 0.409857 0.489707 0.495945
boise60k10ps2d 6 4.000000 0.565814 280 1000 10 10 1603 50 0.0230817 0.0393013 0.0573924 0.0817218 0.13849 0.212726 0.295696 0.384903 0.47723 0.566438 0.565814
boise60k10ps2d 6 4.000000 0.610106 290 1000 10 10 1603 50 0.0249532 0.0393013 0.0542732 0.0829694 0.1335 0.207112 0.294448 0.396756 0.491578 0.583905 0.610106
boise60k10ps2d 6 4.000000 0.610106 300 1000 10 10 1603 50 0.0237056 0.0386775 0.0524017 0.0823456 0.143481 0.208359 0.299439 0.395508 0.509046 0.597629 0.610106
boise60k10ps2d 6 4.000000 0.621335 310 1000 10 10 1603 50 0.025577 0.0374298 0.0567686 0.0904554 0.148472 0.222084 0.316282 0.422957 0.522146 0.603868 0.621335
boise60k10ps2d 6 4.000000 0.635059 320 1000 10 10 1603 50 0.0230817 0.0355583 0.0561447 0.0904554 0.149095 0.233313 0.334373 0.425452 0.542109 0.635683 0.635059
boise60k10ps2d 6 4.000000 0.665627 330 1000 10 10 1603 50 0.0243294 0.0424205 0.0580162 0.0923269 0.155958 0.246413 0.342483 0.459139 0.564566 0.646288 0.665627
boise60k10ps2d 6 4.000000 0.668746 340 1000 10 10 1603 50 0.0249532 0.040549 0.0598877 0.0904554 0.160324 0.25577 0.350593 0.457268 0.5602 0.646288 0.668746
boise60k10ps2d 6 4.000000 0.691204 350 1000 10 10 1603 50 0.0243294 0.040549 0.0586401 0.0929507 0.156581 0.248908 0.361198 0.483469 0.597629 0.693699 0.691204
boise60k10ps2d 6 4.000000 0.709919 360 1000 10 10 1603 50 0.0218341 0.0386775 0.0567686 0.0860886 0.142857 0.236432 0.349345 0.470368 0.587024 0.685589 0.709919
boise60k10ps2d 6 4.000000 0.719900 370 1000 10 10 1603 50 0.0237056 0.0393013 0.0586401 0.0873362 0.147224 0.252651 0.361198 0.48534 0.597629 0.709919 0.7199
boise60k10ps2d 6 4.000000 0.735496 380 1000 10 10 1603 50 0.0230817 0.0380537 0.0592639 0.0898316 0.15471 0.243294 0.35995 0.478478 0.609482 0.710543 0.735496
boise60k10ps2d 6 4.000000 0.744230 390 1000 10 10 1603 50 0.0237056 0.0393013 0.0605115 0.0998129 0.159701 0.255147 0.361198 0.486588 0.61884 0.74111 0.74423
boise60k10ps2d 6 4.000000 0.762321 400 1000 10 10 1603 50 0.0262009 0.0417966 0.0655022 0.0973175 0.164691 0.26388 0.383032 0.509669 0.634435 0.753587 0.762321
boise60k10ps2d 6 4.000000 0.770430 410 1000 10 10 1603 50 0.0218341 0.040549 0.0642545 0.0979414 0.169058 0.265752 0.383032 0.499064 0.64005 0.756082 0.77043
boise60k10ps2d 6 4.000000 0.770430 420 1000 10 10 1603 50 0.0224579 0.0411728 0.0648784 0.0948222 0.155334 0.25889 0.378665 0.499688 0.643793 0.760449 0.77043
boise60k10ps2d 6 4.000000 0.770430 430 1000 10 10 1603 50 0.0218341 0.040549 0.0617592 0.0966937 0.16781 0.256394 0.384279 0.512165 0.640674 0.766064 0.77043
boise60k10ps2d 6 4.000000 0.785402 440 1000 10 10 1603 50 0.0249532 0.0424205 0.0642545 0.10917 0.175296 0.285714 0.389894 0.524641 0.664379 0.784779 0.785402
boise60k10ps2d 6 4.000000 0.794760 450 1000 10 10 1603 50 0.0237056 0.0411728 0.066126 0.107923 0.175296 0.292576 0.415471 0.542732 0.671865 0.783531 0.79476
boise60k10ps2d 6 4.000000 0.807860 460 1000 10 10 1603 50 0.025577 0.044292 0.0717405 0.104803 0.183406 0.300686 0.406737 0.543356 0.681847 0.797879 0.80786
boise60k10ps2d 6 4.000000 0.815346 470 1000 10 10 1603 50 0.0249532 0.0424205 0.0598877 0.107299 0.19214 0.308172 0.424828 0.547723 0.683718 0.80786 0.815346
boise60k10ps2d 6 4.000000 0.818465 480 1000 10 10 1603 50 0.0249532 0.044292 0.0679975 0.11728 0.195259 0.306301 0.429195 0.5733 0.712414 0.822832 0.818465
boise60k10ps2d 6 4.000000 0.818465 490 1000 10 10 1603 50 0.025577 0.0436681 0.0711167 0.117904 0.193387 0.304429 0.422333 0.552714 0.686213 0.797879 0.818465
boise60k10ps2d 6 4.000000 0.826575 500 1000 10 10 1603 50 0.0243294 0.0486588 0.069869 0.110418 0.186525 0.311915 0.429819 0.570181 0.704928 0.826575 0.826575
boise60k10ps2d 6 4.000000 0.834061 510 1000 10 10 1603 50 0.0237056 0.0467873 0.0692452 0.114785 0.183406 0.290081 0.4267 0.5602 0.684342 0.814099 0.834061
boise60k10ps2d 6 4.000000 0.835309 520 1000 10 10 1603 50 0.0237056 0.0430443 0.0717405 0.109794 0.187773 0.293824 0.427324 0.549595 0.693699 0.813475 0.835309
boise60k10ps2d 6 4.000000 0.835309 530 1000 10 10 1603 50 0.0224579 0.0411728 0.0748596 0.11728 0.199002 0.316906 0.436057 0.562695 0.699938 0.811603 0.835309
boise60k10ps2d 6 4.000000 0.835309 540 1000 10 10 1603 50 0.0249532 0.0461634 0.0692452 0.116032 0.19713 0.311291 0.44292 0.571429 0.708671 0.820961 0.835309
boise60k10ps2d 6 4.000000 0.858391 550 1000 10 10 1603 50 0.025577 0.0430443 0.0692452 0.112913 0.19214 0.316906 0.448534 0.601372 0.743606 0.854024 0.858391
boise60k10ps2d 6 4.000000 0.868996 560 1000 10 10 1603 50 0.0268247 0.0430443 0.0648784 0.108546 0.190892 0.318777 0.460387 0.610106 0.742358 0.851528 0.868996
boise60k10ps2d 6 4.000000 0.868996 570 1000 10 10 1603 50 0.0268247 0.0399251 0.0655022 0.111042 0.187149 0.305053 0.457268 0.588272 0.737991 0.846538 0.868996
boise60k10ps2d 6 4.000000 0.868996 580 1000 10 10 1603 50 0.0249532 0.0411728 0.0630069 0.10418 0.197754 0.332502 0.470368 0.608858 0.745477 0.845914 0.868996
boise60k10ps2d 6 4.000000 0.876482 590 1000 10 10 1603 50 0.0274485 0.0449158 0.0692452 0.113537 0.212102 0.339364 0.475983 0.613225 0.74922 0.854648 0.876482
boise60k10ps2d 6 4.000000 0.880225 600 1000 10 10 1603 50 0.0243294 0.0417966 0.0711167 0.112913 0.21335 0.345602 0.477854 0.621959 0.774173 0.882096 0.880225
boise60k10ps2d 6 4.000000 0.889582 610 1000 10 10 1603 50 0.0268247 0.0467873 0.0786026 0.116032 0.206488 0.339364 0.47224 0.617592 0.754211 0.87461 0.889582
boise60k10ps2d 6 4.000000 0.889582 620 1000 10 10 1603 50 0.0274485 0.0480349 0.073612 0.117904 0.20025 0.320649 0.47224 0.618216 0.759825 0.865876 0.889582
boise60k10ps2d 6 4.000000 0.893949 630 1000 10 10 1603 50 0.025577 0.0467873 0.069869 0.116032 0.204616 0.353088 0.486588 0.633812 0.771054 0.881472 0.893949
boise60k10ps2d 6 4.000000 0.920774 640 1000 10 10 1603 50 0.0249532 0.0430443 0.0711167 0.122895 0.218964 0.35184 0.499688 0.646288 0.797255 0.908297 0.920774
boise60k10ps2d 6 4.000000 0.920774 650 1000 10 10 1603 50 0.0268247 0.0499064 0.0767311 0.126638 0.219588 0.341859 0.491578 0.651279 0.81597 0.920774 0.920774
boise60k10ps2d 6 4.000000 0.923893 660 1000 10 10 1603 50 0.025577 0.0486588 0.0729881 0.121023 0.223955 0.35995 0.497193 0.648784 0.796631 0.913288 0.923893
boise60k10ps2d 6 4.000000 0.923893 670 1000 10 10 1603 50 0.0286962 0.0492826 0.0754835 0.122895 0.223955 0.366188 0.507798 0.655022 0.801622 0.920774 0.923893
boise60k10ps2d 6 4.000000 0.923893 680 1000 10 10 1603 50 0.0243294 0.0455396 0.0742358 0.116656 0.210855 0.335621 0.482845 0.651279 0.797879 0.92015 0.923893
boise60k10ps2d 6 4.000000 0.936369 690 1000 10 10 1603 50 0.0280724 0.0486588 0.0723643 0.124142 0.227698 0.366812 0.52277 0.673737 0.839052 0.936369 0.936369
boise60k10ps2d 6 4.000000 0.941360 700 1000 10 10 1603 50 0.025577 0.0486588 0.0779788 0.124766 0.218341 0.366188 0.514036 0.665627 0.814099 0.92015 0.94136
boise60k10ps2d 6 4.000000 0.942608 710 1000 10 10 1603 50 0.0268247 0.0499064 0.077355 0.132876 0.240799 0.381784 0.538366 0.708047 0.8534 0.940112 0.942608
boise60k10ps2d 6 4.000000 0.942608 720 1000 10 10 1603 50 0.025577 0.0499064 0.0804741 0.131628 0.228946 0.376794 0.534623 0.699938 0.844042 0.917031 0.942608
boise60k10ps2d 6 4.000000 0.950717 730 1000 10 10 1603 50 0.0268247 0.0480349 0.0748596 0.129133 0.22957 0.366812 0.524017 0.683718 0.84529 0.943855 0.950717
boise60k10ps2d 6 4.000000 0.950717 740 1000 10 10 1603 50 0.0249532 0.044292 0.0761073 0.122271 0.228322 0.366812 0.513412 0.67748 0.839676 0.930131 0.950717
boise60k10ps2d 6 4.000000 0.950717 750 1000 10 10 1603 50 0.0274485 0.0486588 0.0804741 0.129133 0.232065 0.373674 0.520898 0.689956 0.848409 0.936369 0.950717
boise60k10ps2d 6 4.000000 0.950717 760 1000 10 10 1603 50 0.0274485 0.0474111 0.073612 0.119152 0.233936 0.378041 0.536494 0.696818 0.852152 0.933874 0.950717
boise60k10ps2d 6 4.000000 0.950717 770 1000 10 10 1603 50 0.0262009 0.0486588 0.0754835 0.132876 0.238303 0.368684 0.517779 0.683094 0.838428 0.940736 0.950717
boise60k10ps2d 6 4.000000 0.950717 780 1000 10 10 1603 50 0.0274485 0.0467873 0.0798503 0.135371 0.233313 0.383032 0.538366 0.700561 0.86151 0.956332 0.950717
boise60k10ps2d 6 4.000000 0.950717 790 1000 10 10 1603 50 0.0262009 0.0499064 0.0767311 0.131004 0.22645 0.368684 0.526513 0.689332 0.836556 0.936993 0.950717
boise60k10ps2d 6 4.000000 0.950717 800 1000 10 10 1603 50 0.0286962 0.0480349 0.0767311 0.131628 0.236432 0.380536 0.533999 0.684966 0.8534 0.943231 0.950717
boise60k10ps2d 6 4.000000 0.950717 810 1000 10 10 1603 50 0.025577 0.0492826 0.0748596 0.124142 0.216469 0.374922 0.525889 0.689332 0.840923 0.934498 0.950717
boise60k10ps2d 6 4.000000 0.950717 820 1000 10 10 1603 50 0.0286962 0.0492826 0.0792264 0.130381 0.235808 0.373051 0.533375 0.687461 0.848409 0.935745 0.950717
boise60k10ps2d 6 4.000000 0.950717 830 1000 10 10 1603 50 0.0268247 0.0467873 0.077355 0.132252 0.237056 0.381784 0.537118 0.696195 0.839052 0.923893 0.950717
boise60k10ps2d 6 4.000000 0.950717 840 1000 10 10 1603 50 0.0243294 0.0480349 0.0729881 0.129133 0.232065 0.373674 0.524017 0.693075 0.850281 0.938865 0.950717
boise60k10ps2d 6 4.000000 0.950717 850 1000 10 10 1603 50 0.0286962 0.0524017 0.0729881 0.121647 0.223331 0.365565 0.524641 0.688709 0.835309 0.939488 0.950717
boise60k10ps2d 6 4.000000 0.950717 860 1000 10 10 1603 50 0.0274485 0.0480349 0.0823456 0.132252 0.240799 0.378041 0.538989 0.691204 0.855271 0.943231 0.950717
boise60k10ps2d 6 4.000000 0.950717 870 1000 10 10 1603 50 0.0268247 0.0455396 0.073612 0.128509 0.235808 0.379289 0.537742 0.699314 0.847785 0.937617 0.950717
boise60k10ps2d 6 4.000000 0.950717 880 1000 10 10 1603 50 0.02932 0.0524017 0.077355 0.132252 0.237056 0.375546 0.545852 0.704928 0.86151 0.945103 0.950717
boise60k10ps2d 6 4.000000 0.950717 890 1000 10 10 1603 50 0.0268247 0.0499064 0.0729881 0.130381 0.23456 0.375546 0.529632 0.697442 0.846538 0.943855 0.950717
boise60k10ps2d 6 4.000000 0.950717 900 1000 10 10 1603 50 0.0268247 0.0492826 0.0704928 0.129133 0.230817 0.38116 0.526513 0.693075 0.847785 0.938865 0.950717
boise60k10ps2d 6 4.000000 0.950717 910 1000 10 10 1603 50 0.0262009 0.0486588 0.0729881 0.132252 0.236432 0.391142 0.52776 0.678104 0.844666 0.933874 0.950717
boise60k10ps2d 6 4.000000 0.952589 920 1000 10 10 1603 50 0.0274485 0.0492826 0.0761073 0.132252 0.228946 0.379913 0.533999 0.698066 0.857767 0.955708 0.952589
boise60k10ps2d 6 4.000000 0.952589 930 1000 10 10 1603 50 0.0274485 0.0474111 0.0742358 0.126638 0.238927 0.378041 0.536494 0.693075 0.838428 0.924517 0.952589
boise60k10ps2d 6 4.000000 0.952589 940 1000 10 10 1603 50 0.0274485 0.0511541 0.0742358 0.12539 0.230817 0.36806 0.523394 0.680599 0.841547 0.94947 0.952589
boise60k10ps2d 6 4.000000 0.952589 950 1000 10 10 1603 50 0.0280724 0.0467873 0.073612 0.126638 0.238927 0.379289 0.524641 0.69058 0.850281 0.947598 0.952589
boise60k10ps2d 6 4.000000 0.953837 960 1000 10 10 1603 50 0.0268247 0.0486588 0.0748596 0.127885 0.228946 0.355583 0.517155 0.676232 0.839052 0.936369 0.953837
boise60k10ps2d 6 4.000000 0.953837 970 1000 10 10 1603 50 0.02932 0.0486588 0.0754835 0.141609 0.238927 0.38116 0.53587 0.69058 0.856519 0.948222 0.953837
boise60k10ps2d 6 4.000000 0.953837 980 1000 10 10 1603 50 0.0268247 0.0492826 0.0761073 0.140986 0.240799 0.381784 0.522146 0.69058 0.862134 0.946974 0.953837
boise60k10ps2d 6 4.000000 0.955084 990 1000 10 10 1603 50 0.0274485 0.0517779 0.0792264 0.134124 0.228322 0.376794 0.532127 0.693075 0.8534 0.948222 0.955084
boise60k10ps2d 6 4.000000 0.955084 1000 1000 10 10 1603 50 0.0280724 0.0467873 0.0729881 0.132252 0.242046 0.388022 0.538989 0.707424 0.856519 0.945103 0.955084
boise60k10ps2d 7 4.000000 0.096070 0 1000 10 10 1603 50 0.0187149 0.0243294 0.0280724 0.0318153 0.0355583 0.0430443 0.0505303 0.0642545 0.0717405 0.0798503 0.0960699
boise60k10ps2d 7 4.000000 0.133500 10 1000 10 10 1603 50 0.0193387 0.0243294 0.0286962 0.0336868 0.0424205 0.0573924 0.0723643 0.0885839 0.107923 0.127261 0.1335
boise60k10ps2d 7 4.000000 0.151591 20 1000 10 10 1603 50 0.0199626 0.0262009 0.0324392 0.040549 0.0524017 0.0717405 0.0917031 0.108546 0.129757 0.151591 0.151591
boise60k10ps2d 7 4.000000 0.185278 30 1000 10 10 1603 50 0.0168434 0.025577 0.0324392 0.0449158 0.062383 0.0823456 0.109794 0.129757 0.160324 0.192764 0.185278
boise60k10ps2d 7 4.000000 0.234560 40 1000 10 10 1603 50 0.0187149 0.0268247 0.0349345 0.0430443 0.0636307 0.0873362 0.124142 0.152838 0.182782 0.21335 0.23456
boise60k10ps2d 7 4.000000 0.262009 50 1000 10 10 1603 50 0.0230817 0.0268247 0.0374298 0.0505303 0.0679975 0.095446 0.132876 0.172177 0.208983 0.248908 0.262009
boise60k10ps2d 7 4.000000 0.316282 60 1000 10 10 1603 50 0.0218341 0.0336868 0.0511541 0.066126 0.0873362 0.124142 0.161572 0.210855 0.252651 0.295696 0.316282
boise60k10ps2d 7 4.000000 0.350593 70 1000 10 10 1603 50 0.0180911 0.0311915 0.0436681 0.062383 0.0948222 0.139114 0.183406 0.22957 0.280724 0.334373 0.350593
boise60k10ps2d 7 4.000000 0.409857 80 1000 10 10 1603 50 0.0218341 0.0355583 0.0455396 0.0667498 0.107923 0.155334 0.208359 0.270742 0.333125 0.402994 0.409857
boise60k10ps2d 7 4.000000 0.454148 90 1000 10 10 1603 50 0.0237056 0.0361822 0.0474111 0.069869 0.111666 0.172801 0.238927 0.301934 0.376794 0.456644 0.454148
boise60k10ps2d 7 4.000000 0.470368 100 1000 10 10 1603 50 0.0218341 0.0361822 0.0530256 0.073612 0.119775 0.173425 0.242046 0.315658 0.371803 0.439177 0.470368
boise60k10ps2d 7 4.000000 0.474111 110 1000 10 10 1603 50 0.0205864 0.0324392 0.0474111 0.0742358 0.118528 0.182158 0.243294 0.308796 0.388022 0.466625 0.474111
boise60k10ps2d 7 4.000000 0.487835 120 1000 10 10 1603 50 0.0218341 0.0324392 0.0449158 0.0723643 0.124142 0.18403 0.252027 0.318777 0.392389 0.46912 0.487835
boise60k10ps2d 7 4.000000 0.507798 130 1000 10 10 1603 50 0.0205864 0.0311915 0.0530256 0.0829694 0.137866 0.194011 0.270742 0.33874 0.415471 0.496569 0.507798
boise60k10ps2d 7 4.000000 0.530880 140 1000 10 10 1603 50 0.0212102 0.0343107 0.0530256 0.0817218 0.136619 0.196507 0.278228 0.353712 0.439177 0.533999 0.53088
boise60k10ps2d 7 4.000000 0.538989 150 1000 10 10 1603 50 0.0230817 0.0324392 0.0486588 0.0792264 0.132252 0.203993 0.267623 0.355583 0.43481 0.521522 0.538989
boise60k10ps2d 7 4.000000 0.568933 160 1000 10 10 1603 50 0.0237056 0.0361822 0.0555209 0.0804741 0.135995 0.210231 0.288833 0.377417 0.467873 0.558952 0.568933
boise60k10ps2d 7 4.000000 0.601996 170 1000 10 10 1603 50 0.0218341 0.0393013 0.0548971 0.0804741 0.140986 0.220212 0.300062 0.386775 0.484716 0.588896 0.601996
boise60k10ps2d 7 4.000000 0.615721 180 1000 10 10 1603 50 0.0230817 0.0349345 0.0542732 0.0898316 0.145352 0.228322 0.308172 0.403618 0.507798 0.610106 0.615721
boise60k10ps2d 7 4.000000 0.648784 190 1000 10 10 1603 50 0.0230817 0.0393013 0.0573924 0.0873362 0.147224 0.227698 0.319401 0.421085 0.531503 0.64005 0.648784
boise60k10ps2d 7 4.000000 0.679975 200 1000 10 10 1603 50 0.0230817 0.0386775 0.0611354 0.0929507 0.154086 0.235184 0.326263 0.434186 0.535246 0.66126 0.679975
boise60k10ps2d 7 4.000000 0.700561 210 1000 10 10 1603 50 0.0218341 0.0343107 0.0536494 0.0917031 0.157829 0.248908 0.341235 0.447286 0.575795 0.684966 0.700561
boise60k10ps2d 7 4.000000 0.709919 220 1000 10 10 1603 50 0.0268247 0.0374298 0.0542732 0.0867124 0.160948 0.258266 0.350593 0.479726 0.606987 0.720524 0.709919
boise60k10ps2d 7 4.000000 0.723643 230 1000 10 10 1603 50 0.025577 0.0374298 0.0536494 0.0854648 0.162196 0.24267 0.352464 0.460387 0.574548 0.680599 0.723643
boise60k10ps2d 7 4.000000 0.723643 240 1000 10 10 1603 50 0.0243294 0.0361822 0.0548971 0.0917031 0.162196 0.250156 0.340611 0.45602 0.586401 0.691828 0.723643
boise60k10ps2d 7 4.000000 0.734248 250 1000 10 10 1603 50 0.0230817 0.0399251 0.0598877 0.0885839 0.157205 0.247661 0.35995 0.47224 0.587648 0.696818 0.734248
boise60k10ps2d 7 4.000000 0.735496 260 1000 10 10 1603 50 0.0243294 0.040549 0.0580162 0.0873362 0.157829 0.25078 0.357455 0.463506 0.59451 0.710543 0.735496
boise60k10ps2d 7 4.000000 0.756082 270 1000 10 10 1603 50 0.0243294 0.040549 0.0605115 0.0966937 0.16282 0.263256 0.380536 0.503431 0.636307 0.759825 0.756082
boise60k10ps2d 7 4.000000 0.784155 280 1000 10 10 1603 50 0.0274485 0.040549 0.0592639 0.0960699 0.177792 0.273861 0.390518 0.502807 0.649407 0.762944 0.784155
boise60k10ps2d 7 4.000000 0.786026 290 1000 10 10 1603 50 0.0268247 0.0417966 0.0605115 0.100437 0.169058 0.264504 0.38116 0.512165 0.650031 0.774797 0.786026
boise60k10ps2d 7 4.000000 0.797879 300 1000 10 10 1603 50 0.0230817 0.0393013 0.0636307 0.102932 0.177168 0.283219 0.402994 0.534623 0.673737 0.790393 0.797879
boise60k10ps2d 7 4.000000 0.810356 310 1000 10 10 1603 50 0.0237056 0.0417966 0.0555209 0.0985652 0.16781 0.270119 0.392389 0.519651 0.66126 0.787274 0.810356
boise60k10ps2d 7 4.000000 0.820961 320 1000 10 10 1603 50 0.0243294 0.040549 0.0605115 0.0960699 0.170306 0.271366 0.398004 0.526513 0.667498 0.78665 0.820961
boise60k10ps2d 7 4.000000 0.820961 330 1000 10 10 1603 50 0.0243294 0.0436681 0.0605115 0.0985652 0.179663 0.290705 0.413599 0.537742 0.676856 0.797255 0.820961
boise60k10ps2d 7 4.000000 0.822832 340 1000 10 10 1603 50 0.02932 0.0449158 0.0605115 0.0979414 0.171553 0.281347 0.391142 0.513412 0.650031 0.782283 0.822832
boise60k10ps2d 7 4.000000 0.844666 350 1000 10 10 1603 50 0.0280724 0.0486588 0.0692452 0.111042 0.184654 0.307548 0.425452 0.55708 0.71179 0.834061 0.844666
boise60k10ps2d 7 4.000000 0.862757 360 1000 10 10 1603 50 0.0262009 0.044292 0.066126 0.106051 0.192764 0.313163 0.440424 0.582658 0.725515 0.849657 0.862757
boise60k10ps2d 7 4.000000 0.868996 370 1000 10 10 1603 50 0.02932 0.0461634 0.0642545 0.109794 0.200873 0.316906 0.44292 0.600125 0.747349 0.854648 0.868996
boise60k10ps2d 7 4.000000 0.872739 380 1000 10 10 1603 50 0.0280724 0.0449158 0.0667498 0.115409 0.209607 0.333125 0.466001 0.606363 0.74922 0.851528 0.872739
boise60k10ps2d 7 4.000000 0.876482 390 1000 10 10 1603 50 0.0268247 0.0455396 0.0686213 0.111042 0.20524 0.323144 0.461011 0.605115 0.762944 0.864629 0.876482
boise60k10ps2d 7 4.000000 0.877729 400 1000 10 10 1603 50 0.0249532 0.0474111 0.0673737 0.0998129 0.185901 0.301934 0.439177 0.582658 0.734872 0.8665 0.877729
boise60k10ps2d 7 4.000000 0.877729 410 1000 10 10 1603 50 0.0274485 0.0417966 0.0636307 0.103556 0.174672 0.290705 0.427324 0.568309 0.71491 0.850281 0.877729
boise60k10ps2d 7 4.000000 0.878977 420 1000 10 10 1603 50 0.0274485 0.0424205 0.0673737 0.112913 0.205864 0.318777 0.459763 0.606987 0.753587 0.865253 0.878977
boise60k10ps2d 7 4.000000 0.880848 430 1000 10 10 1603 50 0.0299439 0.0461634 0.0630069 0.10917 0.194635 0.30942 0.440424 0.595134 0.753587 0.856519 0.880848
boise60k10ps2d 7 4.000000 0.880848 440 1000 10 10 1603 50 0.0268247 0.0455396 0.0655022 0.112913 0.212726 0.329382 0.470368 0.613849 0.764816 0.872739 0.880848
boise60k10ps2d 7 4.000000 0.880848 450 1000 10 10 1603 50 0.0268247 0.0474111 0.0679975 0.108546 0.207735 0.318153 0.472863 0.614473 0.77854 0.877729 0.880848
boise60k10ps2d 7 4.000000 0.881472 460 1000 10 10 1603 50 0.0268247 0.0467873 0.0692452 0.109794 0.199626 0.315658 0.453525 0.613225 0.751092 0.875858 0.881472
boise60k10ps2d 7 4.000000 0.895820 470 1000 10 10 1603 50 0.02932 0.0461634 0.0673737 0.114785 0.216469 0.333125 0.469744 0.613849 0.764816 0.868996 0.89582
boise60k10ps2d 7 4.000000 0.910792 480 1000 10 10 1603 50 0.0249532 0.0467873 0.0742358 0.129757 0.22146 0.334997 0.484716 0.628821 0.785402 0.872115 0.910792
boise60k10ps2d 7 4.000000 0.910792 490 1000 10 10 1603 50 0.0286962 0.0524017 0.0754835 0.126638 0.230193 0.347473 0.488459 0.651903 0.800998 0.894573 0.910792
boise60k10ps2d 7 4.000000 0.913911 500 1000 10 10 1603 50 0.02932 0.0492826 0.0729881 0.119152 0.223331 0.343107 0.497817 0.650655 0.810979 0.910168 0.913911
boise60k10ps2d 7 4.000000 0.913911 510 1000 10 10 1603 50 0.02932 0.0455396 0.0673737 0.118528 0.225827 0.344354 0.500312 0.647536 0.80287 0.894573 0.913911
boise60k10ps2d 7 4.000000 0.913911 520 1000 10 10 1603 50 0.0274485 0.0467873 0.0754835 0.126014 0.22645 0.355583 0.503431 0.659389 0.797879 0.900811 0.913911
boise60k10ps2d 7 4.000000 0.936369 530 1000 10 10 1603 50 0.0286962 0.044292 0.0748596 0.1335 0.245165 0.366812 0.515908 0.685589 0.845914 0.920774 0.936369
boise60k10ps2d 7 4.000000 0.936369 540 1000 10 10 1603 50 0.0243294 0.0461634 0.069869 0.122895 0.239551 0.373051 0.530256 0.696195 0.847162 0.922645 0.936369
boise60k10ps2d 7 4.000000 0.940112 550 1000 10 10 1603 50 0.025577 0.0461634 0.073612 0.127261 0.23456 0.360574 0.514036 0.67748 0.840299 0.925764 0.940112
boise60k10ps2d 7 4.000000 0.940112 560 1000 10 10 1603 50 0.0268247 0.0449158 0.0742358 0.134124 0.235808 0.372427 0.523394 0.686213 0.831566 0.924517 0.940112
boise60k10ps2d 7 4.000000 0.940112 570 1000 10 10 1603 50 0.0274485 0.0492826 0.0779788 0.129133 0.227698 0.358702 0.515908 0.680599 0.825328 0.918278 0.940112
boise60k10ps2d 7 4.000000 0.940112 580 1000 10 10 1603 50 0.0268247 0.0499064 0.0748596 0.1335 0.225827 0.374922 0.52277 0.691828 0.834685 0.930131 0.940112
boise60k10ps2d 7 4.000000 0.943231 590 1000 10 10 1603 50 0.0280724 0.0480349 0.0729881 0.130381 0.227074 0.369931 0.520274 0.683094 0.840923 0.930755 0.943231
boise60k10ps2d 7 4.000000 0.943231 600 1000 10 10 1603 50 0.0286962 0.0486588 0.0748596 0.129757 0.232689 0.369931 0.512789 0.671865 0.825951 0.917031 0.943231
boise60k10ps2d 7 4.000000 0.943231 610 1000 10 10 1603 50 0.02932 0.0492826 0.0761073 0.126638 0.230193 0.369931 0.527137 0.691204 0.833437 0.925764 0.943231
boise60k10ps2d 7 4.000000 0.943231 620 1000 10 10 1603 50 0.0262009 0.0467873 0.0723643 0.126638 0.227074 0.371179 0.515908 0.693699 0.842171 0.93325 0.943231
boise60k10ps2d 7 4.000000 0.943231 630 1000 10 10 1603 50 0.02932 0.0505303 0.0754835 0.132252 0.233936 0.364317 0.518403 0.683094 0.827823 0.915159 0.943231
boise60k10ps2d 7 4.000000 0.943231 640 1000 10 10 1603 50 0.025577 0.0511541 0.0754835 0.122895 0.222707 0.364941 0.520898 0.685589 0.832814 0.920774 0.943231
boise60k10ps2d 7 4.000000 0.943231 650 1000 10 10 1603 50 0.0262009 0.0455396 0.0723643 0.122895 0.227074 0.367436 0.509669 0.663755 0.829071 0.922645 0.943231
boise60k10ps2d 7 4.000000 0.943231 660 1000 10 10 1603 50 0.0268247 0.0486588 0.0754835 0.127885 0.232065 0.371803 0.522146 0.679975 0.83718 0.922021 0.943231
boise60k10ps2d 7 4.000000 0.943231 670 1000 10 10 1603 50 0.0262009 0.0480349 0.0723643 0.131004 0.22957 0.368684 0.500936 0.680599 0.829694 0.92015 0.943231
boise60k10ps2d 7 4.000000 0.943231 680 1000 10 10 1603 50 0.0280724 0.0467873 0.0723643 0.120399 0.225827 0.358079 0.502183 0.67748 0.825328 0.928883 0.943231
boise60k10ps2d 7 4.000000 0.943231 690 1000 10 10 1603 50 0.0280724 0.0499064 0.0717405 0.12539 0.227074 0.366812 0.529008 0.683718 0.837804 0.935122 0.943231
boise60k10ps2d 7 4.000000 0.943231 700 1000 10 10 1603 50 0.0274485 0.0467873 0.073612 0.121647 0.230193 0.361198 0.509046 0.668122 0.826575 0.92015 0.943231
boise60k10ps2d 7 4.000000 0.943231 710 1000 10 10 1603 50 0.0274485 0.0474111 0.0717405 0.131628 0.240175 0.37617 0.532127 0.685589 0.833437 0.933874 0.943231
boise60k10ps2d 7 4.000000 0.943231 720 1000 10 10 1603 50 0.0262009 0.0486588 0.073612 0.129133 0.227698 0.371803 0.512789 0.66937 0.827823 0.907049 0.943231
boise60k10ps2d 7 4.000000 0.944479 730 1000 10 10 1603 50 0.0249532 0.0499064 0.0754835 0.122895 0.23456 0.369931 0.512789 0.686837 0.839052 0.934498 0.944479
boise60k10ps2d 7 4.000000 0.944479 740 1000 10 10 1603 50 0.0280724 0.0486588 0.073612 0.124766 0.222707 0.362445 0.519027 0.684342 0.830942 0.924517 0.944479
boise60k10ps2d 7 4.000000 0.944479 750 1000 10 10 1603 50 0.02932 0.0480349 0.0754835 0.134124 0.225203 0.374922 0.528384 0.691828 0.842795 0.931379 0.944479
boise60k10ps2d 7 4.000000 0.948846 760 1000 10 10 1603 50 0.025577 0.0505303 0.073612 0.12539 0.232689 0.358079 0.519027 0.688085 0.840923 0.936993 0.948846
boise60k10ps2d 7 4.000000 0.948846 770 1000 10 10 1603 50 0.0249532 0.0505303 0.0742358 0.127261 0.22645 0.353088 0.519027 0.67748 0.83219 0.92514 0.948846
boise60k10ps2d 7 4.000000 0.948846 780 1000 10 10 1603 50 0.0262009 0.0480349 0.0754835 0.131004 0.239551 0.370555 0.542109 0.704304 0.862757 0.939488 0.948846
boise60k10ps2d 7 4.000000 0.948846 790 1000 10 10 1603 50 0.025577 0.0492826 0.073612 0.126014 0.228322 0.374922 0.519027 0.694947 0.849657 0.928883 0.948846
boise60k10ps2d 7 4.000000 0.948846 800 1000 10 10 1603 50 0.0268247 0.0505303 0.073612 0.124766 0.223955 0.367436 0.51466 0.684966 0.834685 0.924517 0.948846
boise60k10ps2d 7 4.000000 0.948846 810 1000 10 10 1603 50 0.0262009 0.0480349 0.069869 0.121647 0.227074 0.369931 0.527137 0.696818 0.850281 0.939488 0.948846
boise60k10ps2d 7 4.000000 0.948846 820 1000 10 10 1603 50 0.0243294 0.0517779 0.0748596 0.130381 0.230817 0.366188 0.525265 0.694323 0.843419 0.918278 0.948846
boise60k10ps2d 7 4.000000 0.948846 830 1000 10 10 1603 50 0.0268247 0.0480349 0.073612 0.124766 0.231441 0.366188 0.515908 0.691828 0.839052 0.922645 0.948846
boise60k10ps2d 7 4.000000 0.948846 840 1000 10 10 1603 50 0.0249532 0.0480349 0.0711167 0.12539 0.232065 0.367436 0.527137 0.698066 0.847162 0.937617 0.948846
boise60k10ps2d 7 4.000000 0.948846 850 1000 10 10 1603 50 0.0268247 0.0480349 0.073612 0.126014 0.228322 0.373674 0.536494 0.701185 0.850905 0.94136 0.948846
boise60k10ps2d 7 4.000000 0.948846 860 1000 10 10 1603 50 0.0268247 0.0505303 0.0711167 0.124142 0.216469 0.361822 0.517155 0.685589 0.843419 0.928883 0.948846
boise60k10ps2d 7 4.000000 0.948846 870 1000 10 10 1603 50 0.0274485 0.0480349 0.0717405 0.122271 0.217717 0.366188 0.525265 0.679351 0.825328 0.914535 0.948846
boise60k10ps2d 7 4.000000 0.948846 880 1000 10 10 1603 50 0.025577 0.0517779 0.0761073 0.137243 0.23456 0.363693 0.531503 0.691828 0.854024 0.932626 0.948846
boise60k10ps2d 7 4.000000 0.948846 890 1000 10 10 1603 50 0.0262009 0.0505303 0.0711167 0.121023 0.225203 0.360574 0.504055 0.676232 0.830318 0.944479 0.948846
boise60k10ps2d 7 4.000000 0.948846 900 1000 10 10 1603 50 0.02932 0.0524017 0.0786026 0.121023 0.216469 0.364317 0.516532 0.692452 0.842171 0.940736 0.948846
boise60k10ps2d 7 4.000000 0.948846 910 1000 10 10 1603 50 0.0268247 0.0486588 0.0704928 0.121647 0.22146 0.370555 0.529008 0.679351 0.850905 0.926388 0.948846
boise60k10ps2d 7 4.000000 0.948846 920 1000 10 10 1603 50 0.02932 0.0499064 0.0748596 0.128509 0.22957 0.379289 0.539613 0.694323 0.850905 0.92514 0.948846
boise60k10ps2d 7 4.000000 0.948846 930 1000 10 10 1603 50 0.025577 0.0480349 0.0767311 0.124766 0.227074 0.364941 0.525889 0.685589 0.852776 0.946351 0.948846
boise60k10ps2d 7 4.000000 0.956956 940 1000 10 10 1603 50 0.025577 0.0474111 0.0717405 0.121647 0.227698 0.375546 0.537118 0.708671 0.857767 0.938865 0.956956
boise60k10ps2d 7 4.000000 0.956956 950 1000 10 10 1603 50 0.025577 0.0467873 0.0748596 0.127261 0.236432 0.369931 0.534623 0.702433 0.855271 0.953837 0.956956
boise60k10ps2d 7 4.000000 0.958827 960 1000 10 10 1603 50 0.0249532 0.0455396 0.0742358 0.129133 0.237679 0.385527 0.547099 0.704304 0.855271 0.927012 0.958827
boise60k10ps2d 7 4.000000 0.960075 970 1000 10 10 1603 50 0.025577 0.0467873 0.0748596 0.126014 0.22957 0.373051 0.529632 0.696195 0.859014 0.945727 0.960075
boise60k10ps2d 7 4.000000 0.960075 980 1000 10 10 1603 50 0.025577 0.0492826 0.0717405 0.126014 0.230817 0.372427 0.527137 0.717405 0.865253 0.950094 0.960075
boise60k10ps2d 7 4.000000 0.960075 990 1000 10 10 1603 50 0.0286962 0.0480349 0.069869 0.118528 0.224579 0.377417 0.53587 0.699938 0.863381 0.948222 0.960075
boise60k10ps2d 7 4.000000 0.960075 1000 1000 10 10 1603 50 0.0262009 0.0492826 0.073612 0.131628 0.238927 0.377417 0.52277 0.704304 0.854024 0.950094 0.960075
boise60k10ps2d 8 4.000000 0.092327 0 1000 10 10 1603 50 0.0193387 0.0230817 0.0268247 0.0305677 0.0361822 0.044292 0.0580162 0.0711167 0.0829694 0.0929507 0.0923269
boise60k10ps2d 8 4.000000 0.117904 10 1000 10 10 1603 50 0.0205864 0.025577 0.0286962 0.0318153 0.0355583 0.0449158 0.0573924 0.0717405 0.0835933 0.106051 0.117904
boise60k10ps2d 8 4.000000 0.152215 20 1000 10 10 1603 50 0.0174672 0.025577 0.0324392 0.040549 0.0492826 0.0704928 0.0873362 0.107299 0.129757 0.154086 0.152215
boise60k10ps2d 8 4.000000 0.192764 30 1000 10 10 1603 50 0.0199626 0.0262009 0.0380537 0.0499064 0.0667498 0.0835933 0.119775 0.143481 0.168434 0.193387 0.192764
boise60k10ps2d 8 4.000000 0.235808 40 1000 10 10 1603 50 0.0212102 0.0268247 0.0349345 0.0461634 0.0655022 0.0917031 0.116032 0.149095 0.187149 0.217093 0.235808
boise60k10ps2d 8 4.000000 0.257018 50 1000 10 10 1603 50 0.0180911 0.0268247 0.0374298 0.0480349 0.0711167 0.0998129 0.132252 0.171553 0.215845 0.250156 0.257018
boise60k10ps2d 8 4.000000 0.292576 60 1000 10 10 1603 50 0.0212102 0.0299439 0.040549 0.0567686 0.0885839 0.12539 0.168434 0.208983 0.255147 0.304429 0.292576
boise60k10ps2d 8 4.000000 0.329382 70 1000 10 10 1603 50 0.0212102 0.02932 0.0424205 0.0567686 0.0835933 0.127261 0.165315 0.215221 0.26388 0.318777 0.329382
boise60k10ps2d 8 4.000000 0.364941 80 1000 10 10 1603 50 0.0187149 0.0286962 0.0417966 0.0605115 0.0923269 0.137243 0.189021 0.238303 0.290081 0.348721 0.364941
boise60k10ps2d 8 4.000000 0.409857 90 1000 10 10 1603 50 0.0212102 0.0280724 0.040549 0.0611354 0.104803 0.160948 0.222084 0.280724 0.334997 0.39738 0.409857
boise60k10ps2d 8 4.000000 0.439800 100 1000 10 10 1603 50 0.0218341 0.0311915 0.040549 0.0648784 0.111666 0.173425 0.237679 0.2932 0.363693 0.433562 0.4398
boise60k10ps2d 8 4.000000 0.451029 110 1000 10 10 1603 50 0.0243294 0.0324392 0.0455396 0.0686213 0.115409 0.190268 0.259513 0.319401 0.388646 0.445415 0.451029
boise60k10ps2d 8 4.000000 0.462882 120 1000 10 10 1603 50 0.0212102 0.0343107 0.0461634 0.0686213 0.116656 0.180911 0.252027 0.30942 0.378665 0.44292 0.462882
boise60k10ps2d 8 4.000000 0.473487 130 1000 10 10 1603 50 0.0205864 0.0355583 0.0524017 0.077355 0.126638 0.20025 0.258266 0.326887 0.390518 0.466001 0.473487
boise60k10ps2d 8 4.000000 0.493450 140 1000 10 10 1603 50 0.0230817 0.0386775 0.0530256 0.0829694 0.144105 0.210231 0.272614 0.331254 0.404866 0.46912 0.49345
boise60k10ps2d 8 4.000000 0.502183 150 1000 10 10 1603 50 0.0237056 0.0349345 0.0505303 0.073612 0.131004 0.207735 0.278852 0.33874 0.417966 0.488459 0.502183
boise60k10ps2d 8 4.000000 0.512165 160 1000 10 10 1603 50 0.0230817 0.0386775 0.0524017 0.0835933 0.144105 0.214598 0.290705 0.359326 0.430443 0.513412 0.512165
boise60k10ps2d 8 4.000000 0.545228 170 1000 10 10 1603 50 0.0205864 0.0355583 0.0517779 0.0873362 0.141609 0.220212 0.296319 0.375546 0.452901 0.536494 0.545228
boise60k10ps2d 8 4.000000 0.557080 180 1000 10 10 1603 50 0.0205864 0.033063 0.0561447 0.0823456 0.134747 0.220212 0.290081 0.361822 0.45602 0.534623 0.55708
boise60k10ps2d 8 4.000000 0.587648 190 1000 10 10 1603 50 0.0212102 0.0343107 0.0561447 0.0817218 0.148472 0.224579 0.305677 0.402371 0.492202 0.582658 0.587648
boise60k10ps2d 8 4.000000 0.613849 200 1000 10 10 1603 50 0.0237056 0.0386775 0.0598877 0.0910792 0.154086 0.228946 0.318153 0.406114 0.511541 0.610106 0.613849
boise60k10ps2d 8 4.000000 0.638802 210 1000 10 10 1603 50 0.0243294 0.0449158 0.0667498 0.0960699 0.152838 0.243918 0.342483 0.436057 0.541485 0.63194 0.638802
boise60k10ps2d 8 4.000000 0.653150 220 1000 10 10 1603 50 0.0218341 0.0417966 0.0630069 0.0892077 0.156581 0.253899 0.345602 0.437305 0.547099 0.642545 0.65315
boise60k10ps2d 8 4.000000 0.653150 230 1000 10 10 1603 50 0.0243294 0.0424205 0.0648784 0.101061 0.156581 0.251404 0.349969 0.440424 0.529632 0.616344 0.65315
boise60k10ps2d 8 4.000000 0.682470 240 1000 10 10 1603 50 0.0212102 0.0424205 0.0673737 0.105427 0.171553 0.271366 0.369308 0.465377 0.568933 0.663755 0.68247
boise60k10ps2d 8 4.000000 0.693075 250 1000 10 10 1603 50 0.0218341 0.0380537 0.0617592 0.0960699 0.165939 0.265752 0.369931 0.47224 0.576419 0.666875 0.693075
boise60k10ps2d 8 4.000000 0.693075 260 1000 10 10 1603 50 0.0237056 0.0393013 0.0648784 0.101061 0.171553 0.261385 0.360574 0.469744 0.567686 0.679975 0.693075
boise60k10ps2d 8 4.000000 0.693075 270 1000 10 10 1603 50 0.0237056 0.0417966 0.0598877 0.0917031 0.169058 0.268247 0.373051 0.480973 0.580162 0.679351 0.693075
boise60k10ps2d 8 4.000000 0.716781 280 1000 10 10 1603 50 0.0199626 0.0380537 0.0636307 0.100437 0.16781 0.273238 0.386151 0.487835 0.592639 0.699314 0.716781
boise60k10ps2d 8 4.000000 0.720524 290 1000 10 10 1603 50 0.0237056 0.0430443 0.0692452 0.0998129 0.171553 0.266376 0.374922 0.483469 0.599501 0.706176 0.720524
boise60k10ps2d 8 4.000000 0.720524 300 1000 10 10 1603 50 0.0268247 0.040549 0.0636307 0.0960699 0.16282 0.253899 0.36806 0.488459 0.597629 0.693699 0.720524
boise60k10ps2d 8 4.000000 0.743606 310 1000 10 10 1603 50 0.0237056 0.0386775 0.062383 0.100437 0.177792 0.288833 0.398004 0.517779 0.622583 0.730505 0.743606
boise60k10ps2d 8 4.000000 0.747973 320 1000 10 10 1603 50 0.0249532 0.0411728 0.0605115 0.0998129 0.173425 0.282595 0.402371 0.512789 0.628821 0.732377 0.747973
boise60k10ps2d 8 4.000000 0.754211 330 1000 10 10 1603 50 0.0268247 0.0436681 0.0617592 0.104803 0.179663 0.288833 0.398004 0.508422 0.626949 0.734872 0.754211
boise60k10ps2d 8 4.000000 0.764816 340 1000 10 10 1603 50 0.0262009 0.0455396 0.0673737 0.107299 0.185901 0.292576 0.40549 0.519651 0.637555 0.738615 0.764816
boise60k10ps2d 8 4.000000 0.770430 350 1000 10 10 1603 50 0.0212102 0.0436681 0.0673737 0.106675 0.192764 0.298815 0.414847 0.513412 0.646288 0.760449 0.77043
boise60k10ps2d 8 4.000000 0.770430 360 1000 10 10 1603 50 0.0224579 0.040549 0.066126 0.107923 0.179039 0.292576 0.416095 0.532127 0.645664 0.758578 0.77043
boise60k10ps2d 8 4.000000 0.770430 370 1000 10 10 1603 50 0.0237056 0.0436681 0.0679975 0.100437 0.187149 0.30131 0.41048 0.525889 0.649407 0.759825 0.77043
boise60k10ps2d 8 4.000000 0.774797 380 1000 10 10 1603 50 0.0230817 0.0417966 0.0655022 0.10418 0.186525 0.305053 0.414847 0.53587 0.654398 0.772926 0.774797
boise60k10ps2d 8 4.000000 0.774797 390 1000 10 10 1603 50 0.025577 0.0455396 0.0648784 0.108546 0.189021 0.315034 0.4267 0.540237 0.655646 0.757954 0.774797
boise60k10ps2d 8 4.000000 0.779164 400 1000 10 10 1603 50 0.0243294 0.0449158 0.0648784 0.108546 0.199002 0.31441 0.435434 0.550218 0.662508 0.775421 0.779164
boise60k10ps2d 8 4.000000 0.779164 410 1000 10 10 1603 50 0.0249532 0.0417966 0.0655022 0.105427 0.186525 0.30131 0.423581 0.534623 0.658765 0.77355 0.779164
boise60k10ps2d 8 4.000000 0.779164 420 1000 10 10 1603 50 0.0212102 0.0455396 0.0673737 0.112289 0.210231 0.313787 0.43481 0.545228 0.671241 0.774797 0.779164
boise60k10ps2d 8 4.000000 0.787274 430 1000 10 10 1603 50 0.0230817 0.0393013 0.0704928 0.116656 0.204616 0.326263 0.436057 0.546475 0.66937 0.783531 0.787274
boise60k10ps2d 8 4.000000 0.787274 440 1000 10 10 1603 50 0.0262009 0.044292 0.0704928 0.111042 0.19214 0.312539 0.432938 0.540861 0.660012 0.774173 0.787274
boise60k10ps2d 8 4.000000 0.794136 450 1000 10 10 1603 50 0.0237056 0.0436681 0.0686213 0.111666 0.201497 0.320025 0.440424 0.552714 0.678104 0.79476 0.794136
boise60k10ps2d 8 4.000000 0.794136 460 1000 10 10 1603 50 0.0237056 0.044292 0.0673737 0.112913 0.199626 0.316282 0.429819 0.544604 0.660636 0.762944 0.794136
boise60k10ps2d 8 4.000000 0.797255 470 1000 10 10 1603 50 0.0262009 0.0436681 0.0686213 0.111042 0.21335 0.328759 0.441048 0.5602 0.694947 0.798503 0.797255
boise60k10ps2d 8 4.000000 0.800998 480 1000 10 10 1603 50 0.0243294 0.0424205 0.073612 0.115409 0.205864 0.327511 0.444167 0.5602 0.684966 0.79975 0.800998
boise60k10ps2d 8 4.000000 0.800998 490 1000 10 10 1603 50 0.0243294 0.0411728 0.0686213 0.108546 0.202745 0.328759 0.443543 0.553338 0.686213 0.78665 0.800998
boise60k10ps2d 8 4.000000 0.800998 500 1000 10 10 1603 50 0.0224579 0.0449158 0.0686213 0.111666 0.20025 0.331254 0.439177 0.560823 0.678104 0.784779 0.800998
boise60k10ps2d 8 4.000000 0.800998 510 1000 10 10 1603 50 0.0243294 0.0424205 0.0729881 0.119152 0.198378 0.316906 0.439177 0.548971 0.675608 0.781659 0.800998
boise60k10ps2d 8 4.000000 0.800998 520 1000 10 10 1603 50 0.0224579 0.0449158 0.0729881 0.122271 0.20524 0.325016 0.446039 0.563319 0.684966 0.791641 0.800998
boise60k10ps2d 8 4.000000 0.800998 530 1000 10 10 1603 50 0.0249532 0.0424205 0.069869 0.121647 0.207112 0.328135 0.439177 0.551466 0.68247 0.789145 0.800998
boise60k10ps2d 8 4.000000 0.806613 540 1000 10 10 1603 50 0.0224579 0.0417966 0.0642545 0.108546 0.20524 0.328135 0.433562 0.55209 0.665627 0.776669 0.806613
boise60k10ps2d 8 4.000000 0.812227 550 1000 10 10 1603 50 0.0249532 0.0417966 0.0711167 0.120399 0.209607 0.328759 0.446663 0.570805 0.689956 0.80287 0.812227
boise60k10ps2d 8 4.000000 0.812227 560 1000 10 10 1603 50 0.0212102 0.0417966 0.0742358 0.124766 0.213974 0.33874 0.445415 0.570805 0.691828 0.802246 0.812227
boise60k10ps2d 8 4.000000 0.812227 570 1000 10 10 1603 50 0.0218341 0.0393013 0.066126 0.113537 0.206488 0.332502 0.440424 0.562071 0.689332 0.799127 0.812227
boise60k10ps2d 8 4.000000 0.812227 580 1000 10 10 1603 50 0.0243294 0.044292 0.0648784 0.10917 0.212726 0.333749 0.444167 0.552714 0.694947 0.804741 0.812227
boise60k10ps2d 8 4.000000 0.813475 590 1000 10 10 1603 50 0.0262009 0.0455396 0.0711167 0.118528 0.225827 0.348097 0.467249 0.577043 0.708671 0.814099 0.813475
boise60k10ps2d 8 4.000000 0.817842 600 1000 10 10 1603 50 0.0249532 0.0455396 0.0723643 0.127261 0.227074 0.350593 0.464754 0.577043 0.697442 0.800998 0.817842
boise60k10ps2d 8 4.000000 0.828447 610 1000 10 10 1603 50 0.0230817 0.0461634 0.0754835 0.134124 0.232689 0.354959 0.471616 0.595758 0.715533 0.827823 0.828447
boise60k10ps2d 8 4.000000 0.839676 620 1000 10 10 1603 50 0.0243294 0.044292 0.0679975 0.121023 0.231441 0.346226 0.468497 0.582034 0.709919 0.825951 0.839676
boise60k10ps2d 8 4.000000 0.839676 630 1000 10 10 1603 50 0.0230817 0.0436681 0.0692452 0.121647 0.230193 0.353088 0.466001 0.588896 0.707424 0.824704 0.839676
boise60k10ps2d 8 4.000000 0.839676 640 1000 10 10 1603 50 0.0249532 0.0480349 0.0761073 0.126638 0.225827 0.341235 0.459139 0.573924 0.697442 0.818465 0.839676
boise60k10ps2d 8 4.000000 0.840299 650 1000 10 10 1603 50 0.0274485 0.0455396 0.077355 0.1335 0.241422 0.363069 0.484092 0.606363 0.740487 0.843419 0.840299
boise60k10ps2d 8 4.000000 0.840299 660 1000 10 10 1603 50 0.0274485 0.0486588 0.0717405 0.130381 0.232689 0.353712 0.479102 0.592639 0.732377 0.831566 0.840299
boise60k10ps2d 8 4.000000 0.845914 670 1000 10 10 1603 50 0.0243294 0.0474111 0.0754835 0.127885 0.238303 0.351216 0.484716 0.598877 0.72801 0.805365 0.845914
boise60k10ps2d 8 4.000000 0.848409 680 1000 10 10 1603 50 0.0230817 0.0436681 0.0692452 0.129757 0.241422 0.361198 0.480349 0.597006 0.730505 0.828447 0.848409
boise60k10ps2d 8 4.000000 0.848409 690 1000 10 10 1603 50 0.0230817 0.0486588 0.0717405 0.128509 0.237056 0.361822 0.478478 0.595758 0.720524 0.82408 0.848409
boise60k10ps2d 8 4.000000 0.848409 700 1000 10 10 1603 50 0.0280724 0.0467873 0.0748596 0.134124 0.243294 0.360574 0.486588 0.60262 0.733001 0.841547 0.848409
boise60k10ps2d 8 4.000000 0.848409 710 1000 10 10 1603 50 0.025577 0.0474111 0.0761073 0.135371 0.244541 0.363693 0.482221 0.598877 0.717405 0.817218 0.848409
boise60k10ps2d 8 4.000000 0.849657 720 1000 10 10 1603 50 0.0268247 0.0499064 0.0748596 0.123518 0.22645 0.349969 0.47224 0.59451 0.718653 0.827199 0.849657
boise60k10ps2d 8 4.000000 0.849657 730 1000 10 10 1603 50 0.0268247 0.0455396 0.0767311 0.131004 0.237679 0.351216 0.487835 0.596382 0.721772 0.830942 0.849657
boise60k10ps2d 8 4.000000 0.849657 740 1000 10 10 1603 50 0.0249532 0.0461634 0.0711167 0.127261 0.235808 0.342483 0.477854 0.592639 0.728634 0.83219 0.849657
boise60k10ps2d 8 4.000000 0.849657 750 1000 10 10 1603 50 0.025577 0.0505303 0.0704928 0.129133 0.240799 0.352464 0.474735 0.587024 0.704304 0.820337 0.849657
boise60k10ps2d 8 4.000000 0.849657 760 1000 10 10 1603 50 0.0237056 0.0474111 0.0742358 0.130381 0.236432 0.349345 0.485964 0.606363 0.725515 0.83718 0.849657
boise60k10ps2d 8 4.000000 0.849657 770 1000 10 10 1603 50 0.025577 0.0461634 0.077355 0.135371 0.233936 0.357455 0.476606 0.591391 0.7199 0.837804 0.849657
boise60k10ps2d 8 4.000000 0.849657 780 1000 10 10 1603 50 0.0243294 0.0455396 0.0717405 0.121023 0.230193 0.353712 0.474735 0.601996 0.725515 0.838428 0.849657
boise60k10ps2d 8 4.000000 0.849657 790 1000 10 10 1603 50 0.0243294 0.0449158 0.0717405 0.122271 0.219588 0.333749 0.459763 0.575172 0.714286 0.814722 0.849657
boise60k10ps2d 8 4.000000 0.850905 800 1000 10 10 1603 50 0.0218341 0.0467873 0.0742358 0.131628 0.243918 0.35995 0.484092 0.595758 0.7199 0.831566 0.850905
boise60k10ps2d 8 4.000000 0.850905 810 1000 10 10 1603 50 0.0237056 0.0455396 0.0729881 0.129757 0.240175 0.363069 0.48534 0.591391 0.719276 0.834061 0.850905
boise60k10ps2d 8 4.000000 0.852152 820 1000 10 10 1603 50 0.0249532 0.044292 0.0754835 0.126014 0.230193 0.344354 0.459139 0.577043 0.704928 0.817218 0.852152
boise60k10ps2d 8 4.000000 0.852152 830 1000 10 10 1603 50 0.0268247 0.0449158 0.0767311 0.126014 0.238927 0.356831 0.480973 0.597629 0.735496 0.839676 0.852152
boise60k10ps2d 8 4.000000 0.852152 840 1000 10 10 1603 50 0.0243294 0.0430443 0.069869 0.129133 0.23456 0.35184 0.475983 0.59451 0.718653 0.833437 0.852152
boise60k10ps2d 8 4.000000 0.852152 850 1000 10 10 1603 50 0.0249532 0.0449158 0.073612 0.127885 0.240799 0.356207 0.480973 0.58952 0.712414 0.82408 0.852152
boise60k10ps2d 8 4.000000 0.852152 860 1000 10 10 1603 50 0.0243294 0.0449158 0.0761073 0.126638 0.228946 0.344978 0.468497 0.587024 0.720524 0.842171 0.852152
boise60k10ps2d 8 4.000000 0.852152 870 1000 10 10 1603 50 0.0262009 0.0486588 0.0742358 0.127261 0.22957 0.349969 0.471616 0.586401 0.721772 0.831566 0.852152
boise60k10ps2d 8 4.000000 0.852152 880 1000 10 10 1603 50 0.0243294 0.0455396 0.0779788 0.126638 0.22645 0.348721 0.470992 0.585153 0.723019 0.825328 0.852152
boise60k10ps2d 8 4.000000 0.852152 890 1000 10 10 1603 50 0.0230817 0.0449158 0.0767311 0.127261 0.227074 0.34685 0.466001 0.582658 0.717405 0.82408 0.852152
boise60k10ps2d 8 4.000000 0.852152 900 1000 10 10 1603 50 0.0243294 0.0455396 0.0761073 0.131004 0.237679 0.348721 0.474735 0.58141 0.718029 0.826575 0.852152
boise60k10ps2d 8 4.000000 0.852152 910 1000 10 10 1603 50 0.025577 0.0474111 0.0729881 0.124766 0.230817 0.353088 0.469744 0.585153 0.719276 0.830318 0.852152
boise60k10ps2d 8 4.000000 0.852152 920 1000 10 10 1603 50 0.025577 0.0455396 0.0761073 0.135371 0.237679 0.353088 0.478478 0.590144 0.729881 0.836556 0.852152
boise60k10ps2d 8 4.000000 0.852152 930 1000 10 10 1603 50 0.0243294 0.0492826 0.0723643 0.128509 0.239551 0.354336 0.47723 0.593886 0.722395 0.829694 0.852152
boise60k10ps2d 8 4.000000 0.852152 940 1000 10 10 1603 50 0.0237056 0.0474111 0.077355 0.131628 0.228322 0.34685 0.457891 0.563943 0.709295 0.82408 0.852152
boise60k10ps2d 8 4.000000 0.852152 950 1000 10 10 1603 50 0.0243294 0.0449158 0.073612 0.126014 0.230817 0.349969 0.467249 0.592015 0.718029 0.830318 0.852152
boise60k10ps2d 8 4.000000 0.852152 960 1000 10 10 1603 50 0.0237056 0.0474111 0.0798503 0.132876 0.223331 0.344978 0.457891 0.582658 0.717405 0.822208 0.852152
boise60k10ps2d 8 4.000000 0.852152 970 1000 10 10 1603 50 0.0262009 0.0492826 0.0748596 0.132252 0.241422 0.358702 0.47723 0.591391 0.721148 0.828447 0.852152
boise60k10ps2d 8 4.000000 0.852152 980 1000 10 10 1603 50 0.0249532 0.0499064 0.0779788 0.130381 0.23456 0.350593 0.480973 0.587648 0.721148 0.825951 0.852152
boise60k10ps2d 8 4.000000 0.852152 990 1000 10 10 1603 50 0.0237056 0.0480349 0.0673737 0.124766 0.231441 0.343731 0.473487 0.585153 0.715533 0.82408 0.852152
boise60k10ps2d 8 4.000000 0.852152 1000 1000 10 10 1603 50 0.025577 0.0474111 0.0761073 0.136619 0.240175 0.35995 0.477854 0.588272 0.716157 0.831566 0.852152
boise60k10ps2d 9 4.000000 0.089208 0 1000 10 10 1603 50 0.0193387 0.0224579 0.025577 0.02932 0.0336868 0.0417966 0.0492826 0.0605115 0.0717405 0.0842171 0.0892077
boise60k10ps2d 9 4.000000 0.123518 10 1000 10 10 1603 50 0.0187149 0.0224579 0.0268247 0.0311915 0.0417966 0.0536494 0.069869 0.0792264 0.0960699 0.113537 0.123518
boise60k10ps2d 9 4.000000 0.169682 20 1000 10 10 1603 50 0.0218341 0.025577 0.0286962 0.036806 0.0511541 0.0723643 0.0860886 0.107299 0.128509 0.152215 0.169682
boise60k10ps2d 9 4.000000 0.194635 30 1000 10 10 1603 50 0.0193387 0.0230817 0.0311915 0.0399251 0.0536494 0.0723643 0.0973175 0.132252 0.152838 0.176544 0.194635
boise60k10ps2d 9 4.000000 0.217093 40 1000 10 10 1603 50 0.0180911 0.0274485 0.033063 0.044292 0.0592639 0.0798503 0.111042 0.136619 0.174049 0.201497 0.217093
boise60k10ps2d 9 4.000000 0.263256 50 1000 10 10 1603 50 0.0174672 0.0212102 0.0311915 0.0411728 0.0598877 0.0860886 0.120399 0.17093 0.218341 0.259513 0.263256
boise60k10ps2d 9 4.000000 0.351840 60 1000 10 10 1603 50 0.0187149 0.0249532 0.0349345 0.0474111 0.0842171 0.127261 0.187149 0.238303 0.28821 0.349345 0.35184
boise60k10ps2d 9 4.000000 0.368684 70 1000 10 10 1603 50 0.0193387 0.0262009 0.0393013 0.0605115 0.0935745 0.136619 0.19214 0.238927 0.298815 0.353712 0.368684
boise60k10ps2d 9 4.000000 0.404242 80 1000 10 10 1603 50 0.0180911 0.02932 0.0424205 0.0586401 0.0904554 0.150343 0.210231 0.257642 0.315034 0.386775 0.404242
boise60k10ps2d 9 4.000000 0.443543 90 1000 10 10 1603 50 0.0230817 0.033063 0.0474111 0.0692452 0.114785 0.180911 0.237056 0.301934 0.363069 0.425452 0.443543
boise60k10ps2d 9 4.000000 0.447910 100 1000 10 10 1603 50 0.0187149 0.0299439 0.0467873 0.069869 0.112913 0.180287 0.248908 0.318153 0.381784 0.445415 0.44791
boise60k10ps2d 9 4.000000 0.461634 110 1000 10 10 1603 50 0.0230817 0.0324392 0.044292 0.0717405 0.116656 0.174672 0.247037 0.308796 0.373674 0.457891 0.461634
boise60k10ps2d 9 4.000000 0.472240 120 1000 10 10 1603 50 0.0199626 0.0305677 0.0449158 0.0673737 0.116656 0.193387 0.263256 0.319401 0.383656 0.468497 0.47224
boise60k10ps2d 9 4.000000 0.473487 130 1000 10 10 1603 50 0.0237056 0.033063 0.0499064 0.0804741 0.131628 0.197754 0.275733 0.33063 0.398004 0.472863 0.473487
boise60k10ps2d 9 4.000000 0.495321 140 1000 10 10 1603 50 0.0230817 0.0343107 0.0461634 0.0754835 0.124766 0.202745 0.27199 0.336245 0.406737 0.487211 0.495321
boise60k10ps2d 9 4.000000 0.495321 150 1000 10 10 1603 50 0.0224579 0.02932 0.0449158 0.0754835 0.137243 0.192764 0.269495 0.338116 0.409857 0.482221 0.495321
boise60k10ps2d 9 4.000000 0.502807 160 1000 10 10 1603 50 0.0212102 0.0318153 0.0480349 0.0810979 0.140362 0.207735 0.274485 0.33874 0.419214 0.490954 0.502807
boise60k10ps2d 9 4.000000 0.510293 170 1000 10 10 1603 50 0.0230817 0.0336868 0.0455396 0.0704928 0.127261 0.203369 0.268247 0.344354 0.416719 0.495945 0.510293
boise60k10ps2d 9 4.000000 0.520274 180 1000 10 10 1603 50 0.0230817 0.0318153 0.0530256 0.0860886 0.145976 0.215845 0.287586 0.348097 0.425452 0.499688 0.520274
boise60k10ps2d 9 4.000000 0.526513 190 1000 10 10 1603 50 0.0168434 0.0305677 0.0530256 0.0910792 0.150343 0.220212 0.292576 0.36806 0.441048 0.512165 0.526513
boise60k10ps2d 9 4.000000 0.551466 200 1000 10 10 1603 50 0.0212102 0.0324392 0.0505303 0.0879601 0.151591 0.228322 0.308796 0.386775 0.479726 0.561447 0.551466
boise60k10ps2d 9 4.000000 0.568309 210 1000 10 10 1603 50 0.0205864 0.0343107 0.0542732 0.0917031 0.154086 0.225827 0.296943 0.388022 0.487835 0.5733 0.568309
boise60k10ps2d 9 4.000000 0.595134 220 1000 10 10 1603 50 0.0237056 0.0374298 0.0548971 0.0873362 0.152215 0.227698 0.308172 0.401123 0.482845 0.580162 0.595134
boise60k10ps2d 9 4.000000 0.595134 230 1000 10 10 1603 50 0.0237056 0.0361822 0.0573924 0.099189 0.160324 0.230193 0.30942 0.398004 0.492826 0.572676 0.595134
boise60k10ps2d 9 4.000000 0.600749 240 1000 10 10 1603 50 0.0212102 0.0361822 0.0530256 0.0935745 0.156581 0.225827 0.310044 0.398004 0.492826 0.576419 0.600749
boise60k10ps2d 9 4.000000 0.601372 250 1000 10 10 1603 50 0.0205864 0.0311915 0.0474111 0.0892077 0.155958 0.238927 0.318153 0.40549 0.505926 0.587648 0.601372
boise60k10ps2d 9 4.000000 0.630692 260 1000 10 10 1603 50 0.0212102 0.0386775 0.0530256 0.0917031 0.155334 0.22957 0.321896 0.409857 0.503431 0.597629 0.630692
boise60k10ps2d 9 4.000000 0.637555 270 1000 10 10 1603 50 0.0243294 0.0361822 0.0548971 0.0898316 0.145976 0.22957 0.311915 0.412976 0.509046 0.607611 0.637555
boise60k10ps2d 9 4.000000 0.637555 280 1000 10 10 1603 50 0.0249532 0.0386775 0.0567686 0.0910792 0.142233 0.210231 0.2932 0.382408 0.489083 0.597006 0.637555
boise60k10ps2d 9 4.000000 0.645664 290 1000 10 10 1603 50 0.0230817 0.0386775 0.0573924 0.0935745 0.155958 0.235808 0.325639 0.434186 0.540237 0.630692 0.645664
boise60k10ps2d 9 4.000000 0.665003 300 1000 10 10 1603 50 0.0249532 0.0424205 0.0598877 0.0998129 0.162196 0.25577 0.343731 0.445415 0.554585 0.657517 0.665003
boise60k10ps2d 9 4.000000 0.665003 310 1000 10 10 1603 50 0.0237056 0.0349345 0.0517779 0.0917031 0.161572 0.247661 0.333749 0.431691 0.537118 0.639426 0.665003
boise60k10ps2d 9 4.000000 0.695571 320 1000 10 10 1603 50 0.0230817 0.040549 0.0592639 0.095446 0.159077 0.247661 0.339988 0.450405 0.570181 0.687461 0.695571
boise60k10ps2d 9 4.000000 0.695571 330 1000 10 10 1603 50 0.0224579 0.0393013 0.0555209 0.0973175 0.167187 0.256394 0.35184 0.456644 0.577667 0.683718 0.695571
boise60k10ps2d 9 4.000000 0.695571 340 1000 10 10 1603 50 0.0224579 0.0386775 0.0636307 0.102932 0.17093 0.264504 0.364941 0.46912 0.578291 0.689956 0.695571
boise60k10ps2d 9 4.000000 0.701185 350 1000 10 10 1603 50 0.0249532 0.0399251 0.0636307 0.103556 0.167187 0.242046 0.35184 0.454772 0.568933 0.669994 0.701185
boise60k10ps2d 9 4.000000 0.703057 360 1000 10 10 1603 50 0.0243294 0.040549 0.0586401 0.102308 0.164691 0.259513 0.344354 0.446663 0.572676 0.702433 0.703057
boise60k10ps2d 9 4.000000 0.703057 370 1000 10 10 1603 50 0.025577 0.040549 0.0598877 0.095446 0.162196 0.240175 0.343731 0.46413 0.569557 0.686837 0.703057
boise60k10ps2d 9 4.000000 0.712414 380 1000 10 10 1603 50 0.0218341 0.0361822 0.0586401 0.102308 0.172801 0.268247 0.378041 0.48534 0.599501 0.714286 0.712414
boise60k10ps2d 9 4.000000 0.716157 390 1000 10 10 1603 50 0.0212102 0.0417966 0.0611354 0.0985652 0.172177 0.245165 0.355583 0.454772 0.573924 0.688085 0.716157
boise60k10ps2d 9 4.000000 0.717405 400 1000 10 10 1603 50 0.0243294 0.0417966 0.0592639 0.0929507 0.169058 0.266999 0.362445 0.47224 0.592639 0.705552 0.717405
boise60k10ps2d 9 4.000000 0.719276 410 1000 10 10 1603 50 0.0243294 0.0380537 0.0561447 0.095446 0.171553 0.266999 0.375546 0.487211 0.590767 0.696195 0.719276
boise60k10ps2d 9 4.000000 0.720524 420 1000 10 10 1603 50 0.0249532 0.0355583 0.0536494 0.0935745 0.167187 0.263256 0.379289 0.48534 0.605115 0.723019 0.720524
boise60k10ps2d 9 4.000000 0.727386 430 1000 10 10 1603 50 0.0224579 0.0411728 0.0598877 0.0979414 0.169058 0.267623 0.384279 0.492826 0.611978 0.7199 0.727386
boise60k10ps2d 9 4.000000 0.738615 440 1000 10 10 1603 50 0.0237056 0.0424205 0.0648784 0.106675 0.177792 0.279476 0.379289 0.488459 0.612601 0.731753 0.738615
boise60k10ps2d 9 4.000000 0.745477 450 1000 10 10 1603 50 0.0230817 0.0355583 0.062383 0.108546 0.19214 0.284467 0.391765 0.499688 0.611978 0.718653 0.745477
boise60k10ps2d 9 4.000000 0.745477 460 1000 10 10 1603 50 0.0249532 0.0393013 0.062383 0.108546 0.193387 0.277604 0.386151 0.494074 0.612601 0.736744 0.745477
boise60k10ps2d 9 4.000000 0.745477 470 1000 10 10 1603 50 0.0237056 0.0399251 0.0611354 0.111042 0.193387 0.277604 0.389894 0.50655 0.608858 0.723643 0.745477
boise60k10ps2d 9 4.000000 0.749844 480 1000 10 10 1603 50 0.0218341 0.040549 0.0611354 0.107299 0.189021 0.284467 0.394261 0.50156 0.62383 0.734872 0.749844
boise60k10ps2d 9 4.000000 0.749844 490 1000 10 10 1603 50 0.0224579 0.0430443 0.0617592 0.108546 0.191516 0.291329 0.411728 0.510917 0.626326 0.74111 0.749844
boise60k10ps2d 9 4.000000 0.756706 500 1000 10 10 1603 50 0.0243294 0.044292 0.066126 0.114785 0.195883 0.28509 0.396132 0.510917 0.635683 0.742982 0.756706
boise60k10ps2d 9 4.000000 0.756706 510 1000 10 10 1603 50 0.0237056 0.0411728 0.062383 0.112913 0.195883 0.30131 0.402371 0.519027 0.630692 0.759202 0.756706
boise60k10ps2d 9 4.000000 0.761697 520 1000 10 10 1603 50 0.0218341 0.0399251 0.0630069 0.114161 0.196507 0.304429 0.417342 0.529008 0.64005 0.733624 0.761697
boise60k10ps2d 9 4.000000 0.766687 530 1000 10 10 1603 50 0.0249532 0.0424205 0.0605115 0.114161 0.19713 0.30942 0.425452 0.528384 0.645041 0.756706 0.766687
boise60k10ps2d 9 4.000000 0.766687 540 1000 10 10 1603 50 0.0243294 0.0417966 0.0667498 0.117904 0.202745 0.316906 0.429195 0.539613 0.661884 0.756706 0.766687
boise60k10ps2d 9 4.000000 0.767935 550 1000 10 10 1603 50 0.0230817 0.0399251 0.0605115 0.101684 0.195259 0.308172 0.416719 0.533999 0.649407 0.747349 0.767935
boise60k10ps2d 9 4.000000 0.769807 560 1000 10 10 1603 50 0.0224579 0.0449158 0.0673737 0.112289 0.198378 0.311915 0.422957 0.540861 0.64816 0.747349 0.769807
boise60k10ps2d 9 4.000000 0.771054 570 1000 10 10 1603 50 0.0249532 0.0411728 0.062383 0.111666 0.196507 0.310044 0.429195 0.532751 0.656269 0.752339 0.771054
boise60k10ps2d 9 4.000000 0.777916 580 1000 10 10 1603 50 0.0249532 0.0436681 0.0648784 0.113537 0.215221 0.327511 0.44292 0.553961 0.66937 0.775421 0.777916
boise60k10ps2d 9 4.000000 0.777916 590 1000 10 10 1603 50 0.0243294 0.0399251 0.0598877 0.101684 0.194011 0.311291 0.425452 0.528384 0.646288 0.761073 0.777916
boise60k10ps2d 9 4.000000 0.780412 600 1000 10 10 1603 50 0.0249532 0.0411728 0.0655022 0.107923 0.189021 0.303182 0.413599 0.524641 0.655022 0.764816 0.780412
boise60k10ps2d 9 4.000000 0.782283 610 1000 10 10 1603 50 0.0205864 0.0430443 0.0686213 0.107299 0.204616 0.311915 0.423581 0.538366 0.665627 0.772302 0.782283
boise60k10ps2d 9 4.000000 0.782283 620 1000 10 10 1603 50 0.0249532 0.0430443 0.0636307 0.107923 0.19214 0.297567 0.414847 0.533999 0.652526 0.76544 0.782283
boise60k10ps2d 9 4.000000 0.782283 630 1000 10 10 1603 50 0.0237056 0.036806 0.0630069 0.116656 0.196507 0.310044 0.425452 0.538366 0.657517 0.757954 0.782283
boise60k10ps2d 9 4.000000 0.782283 640 1000 10 10 1603 50 0.0212102 0.0386775 0.0655022 0.113537 0.195883 0.312539 0.4267 0.538366 0.65315 0.764192 0.782283
boise60k10ps2d 9 4.000000 0.786650 650 1000 10 10 1603 50 0.0230817 0.0399251 0.0611354 0.10917 0.202121 0.306301 0.41859 0.537118 0.659389 0.768559 0.78665
boise60k10ps2d 9 4.000000 0.786650 660 1000 10 10 1603 50 0.0249532 0.040549 0.0598877 0.101684 0.20025 0.303182 0.429819 0.540861 0.653774 0.764816 0.78665
boise60k10ps2d 9 4.000000 0.786650 670 1000 10 10 1603 50 0.025577 0.0417966 0.0655022 0.111666 0.199002 0.321896 0.427948 0.538989 0.653774 0.754835 0.78665
boise60k10ps2d 9 4.000000 0.786650 680 1000 10 10 1603 50 0.0243294 0.0436681 0.0648784 0.112913 0.203369 0.318777 0.421709 0.540237 0.658141 0.766064 0.78665
boise60k10ps2d 9 4.000000 0.787898 690 1000 10 10 1603 50 0.0243294 0.0424205 0.0592639 0.110418 0.204616 0.325016 0.436057 0.547723 0.666875 0.784779 0.787898
boise60k10ps2d 9 4.000000 0.787898 700 1000 10 10 1603 50 0.0249532 0.040549 0.0630069 0.104803 0.187149 0.318777 0.4267 0.537742 0.658765 0.766064 0.787898
boise60k10ps2d 9 4.000000 0.793512 710 1000 10 10 1603 50 0.0237056 0.0399251 0.0667498 0.116656 0.194635 0.310667 0.4267 0.538366 0.663755 0.774797 0.793512
boise60k10ps2d 9 4.000000 0.793512 720 1000 10 10 1603 50 0.0218341 0.0393013 0.0642545 0.107299 0.194635 0.308172 0.422957 0.534623 0.661884 0.77043 0.793512
boise60k10ps2d 9 4.000000 0.793512 730 1000 10 10 1603 50 0.0230817 0.0424205 0.0636307 0.107299 0.189021 0.320025 0.422333 0.538366 0.678104 0.783531 0.793512
boise60k10ps2d 9 4.000000 0.799127 740 1000 10 10 1603 50 0.0243294 0.0386775 0.0598877 0.107299 0.207112 0.32252 0.444791 0.547099 0.673737 0.788522 0.799127
boise60k10ps2d 9 4.000000 0.799127 750 1000 10 10 1603 50 0.0249532 0.0417966 0.0598877 0.11728 0.208359 0.321896 0.436681 0.559576 0.685589 0.784155 0.799127
boise60k10ps2d 9 4.000000 0.799127 760 1000 10 10 1603 50 0.025577 0.0480349 0.0667498 0.107923 0.207112 0.318777 0.433562 0.545852 0.663132 0.767935 0.799127
boise60k10ps2d 9 4.000000 0.799127 770 1000 10 10 1603 50 0.0243294 0.0430443 0.0679975 0.111042 0.207735 0.324392 0.443543 0.558328 0.684966 0.769183 0.799127
boise60k10ps2d 9 4.000000 0.799127 780 1000 10 10 1603 50 0.0249532 0.0411728 0.066126 0.0998129 0.199002 0.323144 0.432314 0.537118 0.673113 0.769807 0.799127
boise60k10ps2d 9 4.000000 0.799127 790 1000 10 10 1603 50 0.0237056 0.0417966 0.0630069 0.112289 0.208983 0.315658 0.429819 0.536494 0.66126 0.782907 0.799127
boise60k10ps2d 9 4.000000 0.799127 800 1000 10 10 1603 50 0.0224579 0.0436681 0.0617592 0.110418 0.19713 0.324392 0.437305 0.553338 0.673113 0.779164 0.799127
boise60k10ps2d 9 4.000000 0.799127 810 1000 10 10 1603 50 0.0237056 0.0374298 0.0598877 0.10418 0.19713 0.31753 0.431691 0.550842 0.667498 0.782907 0.799127
boise60k10ps2d 9 4.000000 0.799127 820 1000 10 10 1603 50 0.0218341 0.0449158 0.0617592 0.110418 0.20524 0.323144 0.424205 0.548971 0.67748 0.783531 0.799127
boise60k10ps2d 9 4.000000 0.799127 830 1000 10 10 1603 50 0.0237056 0.0455396 0.0617592 0.108546 0.198378 0.320025 0.438553 0.552714 0.671865 0.781659 0.799127
boise60k10ps2d 9 4.000000 0.799127 840 1000 10 10 1603 50 0.0268247 0.0449158 0.062383 0.111666 0.204616 0.319401 0.427324 0.542109 0.661884 0.760449 0.799127
boise60k10ps2d 9 4.000000 0.799127 850 1000 10 10 1603 50 0.025577 0.0455396 0.069869 0.115409 0.203369 0.331878 0.435434 0.558952 0.667498 0.779788 0.799127
boise60k10ps2d 9 4.000000 0.799127 860 1000 10 10 1603 50 0.0243294 0.0424205 0.0673737 0.113537 0.203993 0.318777 0.429819 0.550842 0.670618 0.777293 0.799127
boise60k10ps2d 9 4.000000 0.799127 870 1000 10 10 1603 50 0.0237056 0.0455396 0.0655022 0.119152 0.205864 0.318153 0.442296 0.550842 0.683094 0.776669 0.799127
boise60k10ps2d 9 4.000000 0.801622 880 1000 10 10 1603 50 0.0237056 0.0430443 0.0630069 0.107923 0.202121 0.31441 0.422957 0.547723 0.664379 0.763568 0.801622
boise60k10ps2d 9 4.000000 0.801622 890 1000 10 10 1603 50 0.0249532 0.0417966 0.062383 0.10917 0.201497 0.32252 0.440424 0.550218 0.668122 0.781036 0.801622
boise60k10ps2d 9 4.000000 0.801622 900 1000 10 10 1603 50 0.0230817 0.0417966 0.066126 0.111666 0.201497 0.312539 0.434186 0.551466 0.676856 0.780412 0.801622
boise60k10ps2d 9 4.000000 0.801622 910 1000 10 10 1603 50 0.0243294 0.0411728 0.0617592 0.107923 0.194635 0.310667 0.427324 0.547099 0.650031 0.766687 0.801622
boise60k10ps2d 9 4.000000 0.802870 920 1000 10 10 1603 50 0.0249532 0.040549 0.0617592 0.110418 0.210231 0.326887 0.44791 0.555833 0.676232 0.794136 0.80287
boise60k10ps2d 9 4.000000 0.807236 930 1000 10 10 1603 50 0.0237056 0.0436681 0.0655022 0.121647 0.205864 0.320025 0.436057 0.558952 0.673737 0.798503 0.807236
boise60k10ps2d 9 4.000000 0.807860 940 1000 10 10 1603 50 0.0262009 0.0424205 0.0611354 0.114161 0.223331 0.343107 0.447286 0.571429 0.695571 0.797879 0.80786
boise60k10ps2d 9 4.000000 0.807860 950 1000 10 10 1603 50 0.0237056 0.0436681 0.0729881 0.114161 0.207112 0.315658 0.4398 0.555209 0.673737 0.79476 0.80786
boise60k10ps2d 9 4.000000 0.810356 960 1000 10 10 1603 50 0.0218341 0.044292 0.0686213 0.121023 0.215221 0.334373 0.456644 0.563319 0.691828 0.808484 0.810356
boise60k10ps2d 9 4.000000 0.810979 970 1000 10 10 1603 50 0.0218341 0.0393013 0.0598877 0.112289 0.203369 0.328759 0.449782 0.56519 0.691204 0.80287 0.810979
boise60k10ps2d 9 4.000000 0.810979 980 1000 10 10 1603 50 0.0262009 0.0436681 0.0642545 0.113537 0.215221 0.335621 0.458515 0.570805 0.684342 0.788522 0.810979
boise60k10ps2d 9 4.000000 0.810979 990 1000 10 10 1603 50 0.0224579 0.0399251 0.066126 0.113537 0.220212 0.337492 0.451029 0.578915 0.692452 0.797255 0.810979
boise60k10ps2d 9 4.000000 0.810979 1000 1000 10 10 1603 50 0.0218341 0.0411728 0.0611354 0.111666 0.216469 0.339364 0.456644 0.564566 0.693699 0.798503 0.810979
