e 0 0 0 0
e 1 1 1 0
e 2 2 2 0
e 3 3 3 0
e 4 4 4 0
e 5 5 5 0
e 6 6 6 0
e 7 7 7 0
e 8 8 8 0
e 9 9 9 0
e 10 10 10 0
e 11 11 11 0
e 12 12 12 0
e 13 13 13 0
e 14 14 14 0
e 15 15 15 0
e 16 16 16 0
e 17 17 17 0
e 18 18 18 0
e 19 19 19 0
e 20 20 20 0
e 21 21 21 0
e 22 22 22 0
e 23 23 23 0
e 24 24 24 0
e 25 25 25 0
e 26 26 26 0
e 27 27 27 0
e 28 28 28 0
e 29 29 29 0
e 30 30 30 0
e 31 31 31 0
e 32 32 32 0
e 33 33 33 0
e 34 34 34 0
e 35 35 35 0
e 36 36 36 0
e 37 37 37 0
e 38 38 38 0
e 39 39 39 0
e 40 40 40 0
e 41 41 41 0
e 42 42 42 0
e 43 43 43 0
e 44 44 44 0
e 45 45 45 0
e 46 46 46 0
e 47 47 47 0
e 48 48 48 0
e 49 49 49 0
e 50 50 50 0
e 51 51 51 0
e 52 52 52 0
e 53 53 53 0
e 54 54 54 0
e 55 55 55 0
e 56 56 56 0
e 57 57 57 0
e 58 58 58 0
e 59 59 59 0
e 60 60 60 0
e 61 61 61 0
e 62 62 62 0
e 63 63 63 0
e 64 64 64 0
e 65 65 65 0
e 66 66 66 0
e 67 67 67 0
e 68 68 68 0
e 69 69 69 0
e 70 70 70 0
e 71 71 71 0
e 72 72 72 0
e 73 73 73 0
e 74 74 74 0
e 75 75 75 0
e 76 76 76 0
e 77 77 77 0
e 78 78 78 0
e 79 79 79 0
e 80 80 80 0
e 81 81 81 0
e 82 82 82 0
e 83 83 83 0
e 84 84 84 0
e 85 85 85 0
e 86 86 86 0
e 87 87 87 0
e 88 88 88 0
e 89 89 89 0
e 90 90 90 0
e 91 91 91 0
e 92 92 92 0
e 93 93 93 0
e 94 94 94 0
e 95 95 95 0
e 96 96 96 0
e 97 97 97 0
e 98 98 98 0
e 99 99 99 0
e 100 100 100 0
e 101 101 101 0
e 102 102 102 0
e 103 103 103 0
e 104 104 104 0
e 105 105 105 1
e 106 106 106 0
e 107 107 107 0
e 108 108 108 0
e 109 109 109 1
e 110 110 110 0
e 111 111 111 0
e 112 112 112 0
e 113 113 113 1
e 114 114 114 1
e 115 115 115 1
e 116 116 116 0
e 117 117 117 0
e 118 118 118 0
e 119 119 119 0
e 120 120 120 0
e 121 121 121 0
e 122 122 122 0
e 123 123 123 0
e 124 124 124 0
e 125 125 125 0
e 126 126 126 0
e 127 127 127 0
e 128 128 128 0
e 129 129 129 0
e 130 130 130 0
e 131 131 131 0
e 132 132 132 0
e 133 133 133 0
e 134 134 134 0
e 135 135 135 0
e 136 136 136 0
e 137 137 137 0
e 138 138 138 0
e 139 139 139 0
e 140 140 140 0
e 141 141 141 0
e 142 142 142 0
e 143 143 143 0
e 144 144 144 0
e 145 145 145 0
e 146 146 146 0
e 147 147 147 0
e 148 148 148 0
e 149 149 149 0
e 150 150 150 0
e 151 151 151 0
e 152 152 152 0
e 153 153 153 0
e 154 154 154 0
e 155 155 155 0
e 156 156 156 0
e 157 157 157 0
e 158 158 158 0
e 159 159 159 0
e 160 160 160 0
e 161 161 161 0
e 162 162 162 0
e 163 163 163 0
e 164 164 164 0
e 165 165 165 0
e 166 166 166 0
e 167 167 167 1
e 168 168 168 0
e 169 169 169 0
e 170 170 170 0
e 171 171 171 1
e 172 172 172 1
e 173 173 173 1
e 174 174 174 0
e 175 175 175 1
e 176 176 176 1
e 177 177 177 1
e 178 178 178 1
e 179 179 179 1
e 180 180 180 1
e 181 181 181 1
e 182 182 182 1
e 183 183 183 1
e 184 184 184 1
e 185 185 185 1
e 186 186 186 1
e 187 187 187 1
e 188 188 188 1
e 189 189 189 1
e 190 190 190 1
e 191 191 191 0
e 192 192 192 0
e 193 193 193 0
e 194 194 194 0
e 195 195 195 0
e 196 196 196 0
e 197 197 197 0
e 198 198 198 0
e 199 199 199 0
e 200 200 200 0
e 201 201 201 0
e 202 202 202 0
e 203 203 203 1
e 204 204 204 1
e 205 205 205 0
e 206 206 206 0
e 207 207 207 0
e 208 208 208 0
e 209 209 209 0
e 210 210 210 0
e 211 211 211 0
e 212 212 212 0
e 213 213 213 0
e 214 214 214 0
e 215 215 215 0
e 216 216 216 0
e 217 217 217 0
e 218 218 218 0
e 219 219 219 0
e 220 220 220 0
e 221 221 221 0
e 222 222 222 0
e 223 223 223 0
e 224 224 224 0
e 225 225 225 0
e 226 226 226 0
e 227 227 227 0
e 228 228 228 0
e 229 229 229 0
e 230 230 230 0
e 231 231 231 0
e 232 232 232 0
e 233 233 233 0
e 234 234 234 0
e 235 235 235 0
e 236 236 236 0
e 237 237 237 0
e 238 238 238 0
e 239 239 239 0
e 240 240 240 0
e 241 241 241 0
e 242 242 242 0
e 243 243 243 0
e 244 244 244 0
e 245 245 245 0
e 246 246 246 0
e 247 247 247 0
e 248 248 248 0
e 249 249 249 0
e 250 250 250 0
e 251 251 251 0
e 252 252 252 0
e 253 253 253 0
e 254 254 254 0
e 255 255 255 0
e 256 256 256 0
e 257 257 257 0
e 258 258 258 0
e 259 259 259 0
e 260 260 260 1
e 261 261 261 1
e 262 262 262 1
e 263 263 263 0
e 264 264 264 0
e 265 265 265 0
e 266 266 266 0
e 267 267 267 0
e 268 268 268 1
e 269 269 269 1
e 270 270 270 1
e 271 271 271 1
e 272 272 272 0
e 273 273 273 0
e 274 274 274 0
e 275 275 275 0
e 276 276 276 0
e 277 277 277 0
e 278 278 278 0
e 279 279 279 0
e 280 280 280 0
e 281 281 281 0
e 282 282 282 0
e 283 0 1 0
e 284 0 29 0
e 285 0 8 0
e 286 1 0 0
e 287 1 3 0
e 288 1 9 0
e 289 2 3 0
e 290 2 4 0
e 291 3 1 0
e 292 3 12 0
e 293 3 2 0
e 294 3 5 0
e 295 4 116 0
e 296 4 2 0
e 297 4 5 0
e 298 5 117 0
e 299 5 127 0
e 300 5 3 0
e 301 5 4 0
e 302 6 44 0
e 303 6 55 0
e 304 6 7 0
e 305 7 54 0
e 306 7 56 0
e 307 7 6 0
e 308 7 8 0
e 309 8 0 0
e 310 8 120 0
e 311 8 7 0
e 312 8 9 0
e 313 9 1 0
e 314 9 10 0
e 315 9 121 0
e 316 9 8 0
e 317 10 11 0
e 318 10 122 0
e 319 10 9 0
e 320 11 10 0
e 321 11 12 0
e 322 11 123 0
e 323 12 11 0
e 324 12 124 0
e 325 12 127 0
e 326 12 3 0
e 327 13 121 0
e 328 13 135 0
e 329 13 16 0
e 330 13 19 0
e 331 14 15 0
e 332 14 17 0
e 333 14 21 0
e 334 14 33 0
e 335 14 44 0
e 336 15 14 0
e 337 15 20 0
e 338 15 35 0
e 339 15 53 0
e 340 16 13 0
e 341 16 18 0
e 342 16 22 0
e 343 16 53 0
e 344 17 14 0
e 345 17 35 0
e 346 17 44 0
e 347 17 45 0
e 348 18 16 0
e 349 18 25 0
e 350 18 35 0
e 351 18 48 0
e 352 19 13 0
e 353 19 20 0
e 354 19 53 0
e 355 20 120 0
e 356 20 15 0
e 357 20 19 0
e 358 20 21 0
e 359 21 14 0
e 360 21 20 0
e 361 21 54 0
e 362 22 135 0
e 363 22 16 0
e 364 22 23 0
e 365 22 25 0
e 366 23 134 0
e 367 23 22 0
e 368 23 24 0
e 369 23 26 0
e 370 24 147 0
e 371 24 23 0
e 372 24 27 0
e 373 24 38 0
e 374 25 18 0
e 375 25 22 0
e 376 25 26 0
e 377 25 37 0
e 378 26 23 0
e 379 26 25 0
e 380 27 142 0
e 381 27 143 0
e 382 27 24 0
e 383 28 30 0
e 384 28 50 0
e 385 28 66 0
e 386 29 0 0
e 387 29 202 0
e 388 29 56 0
e 389 30 28 0
e 390 30 32 0
e 391 30 50 0
e 392 30 52 0
e 393 31 193 0
e 394 31 32 0
e 395 31 33 0
e 396 31 36 0
e 397 32 30 0
e 398 32 31 0
e 399 32 34 0
e 400 32 42 0
e 401 33 14 0
e 402 33 194 0
e 403 33 31 0
e 404 33 34 0
e 405 34 32 0
e 406 34 33 0
e 407 34 44 0
e 408 35 15 0
e 409 35 17 0
e 410 35 18 0
e 411 35 46 0
e 412 36 31 0
e 413 36 52 0
e 414 37 25 0
e 415 37 38 0
e 416 37 48 0
e 417 37 49 0
e 418 38 24 0
e 419 38 37 0
e 420 38 43 0
e 421 38 58 0
e 422 39 40 0
e 423 39 42 0
e 424 39 69 0
e 425 40 39 0
e 426 40 61 0
e 427 41 42 0
e 428 41 45 0
e 429 41 46 0
e 430 42 32 0
e 431 42 39 0
e 432 42 41 0
e 433 42 47 0
e 434 43 149 0
e 435 43 38 0
e 436 43 57 0
e 437 44 14 0
e 438 44 17 0
e 439 44 34 0
e 440 44 6 0
e 441 45 17 0
e 442 45 275 0
e 443 45 41 0
e 444 45 48 0
e 445 45 51 0
e 446 46 35 0
e 447 46 41 0
e 448 46 47 0
e 449 47 42 0
e 450 47 46 0
e 451 47 51 0
e 452 47 65 0
e 453 48 18 0
e 454 48 37 0
e 455 48 45 0
e 456 48 51 0
e 457 49 37 0
e 458 49 51 0
e 459 49 58 0
e 460 50 231 0
e 461 50 28 0
e 462 50 30 0
e 463 50 59 0
e 464 51 45 0
e 465 51 47 0
e 466 51 48 0
e 467 51 49 0
e 468 52 30 0
e 469 52 36 0
e 470 53 15 0
e 471 53 16 0
e 472 53 19 0
e 473 54 120 0
e 474 54 21 0
e 475 54 7 0
e 476 55 194 0
e 477 55 6 0
e 478 56 29 0
e 479 56 7 0
e 480 56 72 0
e 481 57 150 0
e 482 57 43 0
e 483 57 58 0
e 484 58 38 0
e 485 58 49 0
e 486 58 57 0
e 487 58 65 0
e 488 59 50 0
e 489 59 60 0
e 490 60 247 0
e 491 60 59 0
e 492 60 61 0
e 493 60 62 0
e 494 61 40 0
e 495 61 60 0
e 496 62 233 0
e 497 62 60 0
e 498 63 233 0
e 499 63 234 0
e 500 64 74 0
e 501 64 75 0
e 502 65 152 0
e 503 65 161 0
e 504 65 47 0
e 505 65 58 0
e 506 66 216 0
e 507 66 253 0
e 508 66 28 0
e 509 66 67 0
e 510 67 195 0
e 511 67 66 0
e 512 68 69 0
e 513 68 74 0
e 514 68 78 0
e 515 69 39 0
e 516 69 68 0
e 517 69 71 0
e 518 69 79 0
e 519 70 234 0
e 520 70 236 0
e 521 70 71 0
e 522 70 77 0
e 523 71 233 0
e 524 71 69 0
e 525 71 70 0
e 526 72 118 0
e 527 72 146 0
e 528 72 56 0
e 529 73 160 0
e 530 73 81 0
e 531 73 89 0
e 532 73 94 0
e 533 74 236 0
e 534 74 64 0
e 535 74 68 0
e 536 75 64 0
e 537 75 76 0
e 538 76 75 0
e 539 76 77 0
e 540 76 85 0
e 541 76 86 0
e 542 77 70 0
e 543 77 76 0
e 544 77 78 0
e 545 77 90 0
e 546 78 68 0
e 547 78 77 0
e 548 78 79 0
e 549 79 69 0
e 550 79 78 0
e 551 79 80 0
e 552 80 152 0
e 553 80 79 0
e 554 80 90 0
e 555 81 73 0
e 556 81 88 0
e 557 82 266 0
e 558 82 84 0
e 559 83 84 0
e 560 83 85 0
e 561 84 82 0
e 562 84 83 0
e 563 85 76 0
e 564 85 83 0
e 565 86 76 0
e 566 86 88 0
e 567 86 90 0
e 568 87 88 0
e 569 87 96 0
e 570 88 282 0
e 571 88 81 0
e 572 88 86 0
e 573 88 87 0
e 574 89 152 0
e 575 89 73 0
e 576 89 90 0
e 577 89 91 0
e 578 90 77 0
e 579 90 80 0
e 580 90 86 0
e 581 90 89 0
e 582 91 160 0
e 583 91 165 0
e 584 91 89 0
e 585 92 93 0
e 586 92 95 0
e 587 93 92 0
e 588 93 94 0
e 589 93 96 0
e 590 94 73 0
e 591 94 93 0
e 592 95 154 0
e 593 95 92 0
e 594 96 87 0
e 595 96 93 0
e 596 97 101 0
e 597 97 208 0
e 598 97 249 0
e 599 97 250 0
e 600 98 104 0
e 601 98 107 0
e 602 98 99 0
e 603 99 100 0
e 604 99 210 0
e 605 99 98 0
e 606 100 101 0
e 607 100 103 0
e 608 100 209 0
e 609 100 99 0
e 610 101 100 0
e 611 101 102 0
e 612 101 97 0
e 613 102 101 0
e 614 102 103 0
e 615 102 243 0
e 616 103 100 0
e 617 103 102 0
e 618 103 104 0
e 619 104 103 0
e 620 104 106 0
e 621 104 110 0
e 622 104 98 0
e 623 105 114 0
e 624 105 115 0
e 625 106 104 0
e 626 106 108 0
e 627 106 111 0
e 628 106 115 0
e 629 107 108 0
e 630 107 206 0
e 631 107 210 0
e 632 107 98 0
e 633 108 106 0
e 634 108 107 0
e 635 108 109 0
e 636 108 205 0
e 637 109 108 0
e 638 109 115 0
e 639 109 171 0
e 640 109 175 0
e 641 110 104 0
e 642 110 112 0
e 643 110 226 0
e 644 110 227 0
e 645 111 106 0
e 646 111 112 0
e 647 111 113 0
e 648 112 110 0
e 649 112 111 0
e 650 113 111 0
e 651 113 204 0
e 652 113 262 0
e 653 114 105 0
e 654 114 262 0
e 655 114 270 0
e 656 114 271 0
e 657 115 105 0
e 658 115 106 0
e 659 115 109 0
e 660 115 181 0
e 661 116 117 0
e 662 116 118 0
e 663 116 4 0
e 664 117 116 0
e 665 117 118 0
e 666 117 128 0
e 667 117 5 0
e 668 118 116 0
e 669 118 117 0
e 670 118 129 0
e 671 118 72 0
e 672 119 191 0
e 673 119 195 0
e 674 120 121 0
e 675 120 20 0
e 676 120 54 0
e 677 120 8 0
e 678 121 120 0
e 679 121 122 0
e 680 121 13 0
e 681 121 9 0
e 682 122 10 0
e 683 122 121 0
e 684 122 123 0
e 685 122 155 0
e 686 123 11 0
e 687 123 122 0
e 688 123 124 0
e 689 123 125 0
e 690 124 12 0
e 691 124 123 0
e 692 124 126 0
e 693 124 130 0
e 694 125 123 0
e 695 125 126 0
e 696 125 134 0
e 697 125 155 0
e 698 126 124 0
e 699 126 125 0
e 700 126 136 0
e 701 126 147 0
e 702 127 12 0
e 703 127 128 0
e 704 127 130 0
e 705 127 5 0
e 706 128 117 0
e 707 128 127 0
e 708 128 129 0
e 709 128 131 0
e 710 129 118 0
e 711 129 128 0
e 712 129 132 0
e 713 129 146 0
e 714 130 124 0
e 715 130 127 0
e 716 130 131 0
e 717 130 136 0
e 718 131 128 0
e 719 131 130 0
e 720 131 132 0
e 721 131 138 0
e 722 132 129 0
e 723 132 131 0
e 724 132 133 0
e 725 132 157 0
e 726 133 132 0
e 727 133 138 0
e 728 133 140 0
e 729 134 125 0
e 730 134 135 0
e 731 134 147 0
e 732 134 23 0
e 733 135 13 0
e 734 135 134 0
e 735 135 155 0
e 736 135 22 0
e 737 136 126 0
e 738 136 130 0
e 739 136 137 0
e 740 136 142 0
e 741 137 136 0
e 742 137 138 0
e 743 137 158 0
e 744 138 131 0
e 745 138 133 0
e 746 138 137 0
e 747 138 141 0
e 748 139 140 0
e 749 139 146 0
e 750 139 148 0
e 751 139 162 0
e 752 140 133 0
e 753 140 139 0
e 754 140 141 0
e 755 140 145 0
e 756 141 138 0
e 757 141 140 0
e 758 141 144 0
e 759 141 158 0
e 760 142 136 0
e 761 142 147 0
e 762 142 158 0
e 763 142 27 0
e 764 143 144 0
e 765 143 149 0
e 766 143 158 0
e 767 143 27 0
e 768 144 141 0
e 769 144 143 0
e 770 144 145 0
e 771 144 156 0
e 772 145 140 0
e 773 145 144 0
e 774 145 162 0
e 775 146 129 0
e 776 146 139 0
e 777 146 157 0
e 778 146 72 0
e 779 147 126 0
e 780 147 134 0
e 781 147 142 0
e 782 147 24 0
e 783 148 139 0
e 784 148 157 0
e 785 148 162 0
e 786 148 163 0
e 787 149 143 0
e 788 149 150 0
e 789 149 156 0
e 790 149 43 0
e 791 150 149 0
e 792 150 151 0
e 793 150 161 0
e 794 150 57 0
e 795 151 150 0
e 796 151 154 0
e 797 151 156 0
e 798 152 161 0
e 799 152 164 0
e 800 152 65 0
e 801 152 80 0
e 802 152 89 0
e 803 153 156 0
e 804 153 163 0
e 805 154 151 0
e 806 154 159 0
e 807 154 163 0
e 808 154 95 0
e 809 155 122 0
e 810 155 125 0
e 811 155 135 0
e 812 156 144 0
e 813 156 149 0
e 814 156 151 0
e 815 156 153 0
e 816 157 132 0
e 817 157 146 0
e 818 157 148 0
e 819 158 137 0
e 820 158 141 0
e 821 158 142 0
e 822 158 143 0
e 823 159 154 0
e 824 159 160 0
e 825 159 165 0
e 826 160 159 0
e 827 160 73 0
e 828 160 91 0
e 829 161 150 0
e 830 161 152 0
e 831 161 65 0
e 832 162 139 0
e 833 162 145 0
e 834 162 148 0
e 835 163 148 0
e 836 163 153 0
e 837 163 154 0
e 838 164 152 0
e 839 164 166 0
e 840 165 159 0
e 841 165 166 0
e 842 165 91 0
e 843 166 164 0
e 844 166 165 0
e 845 167 171 0
e 846 168 174 0
e 847 168 205 0
e 848 169 170 0
e 849 169 172 0
e 850 170 169 0
e 851 170 197 0
e 852 171 109 0
e 853 171 167 0
e 854 171 184 0
e 855 172 169 0
e 856 172 177 0
e 857 172 180 0
e 858 173 174 0
e 859 173 176 0
e 860 173 177 0
e 861 173 178 0
e 862 174 168 0
e 863 174 173 0
e 864 174 215 0
e 865 175 109 0
e 866 175 176 0
e 867 175 205 0
e 868 176 173 0
e 869 176 175 0
e 870 176 219 0
e 871 177 172 0
e 872 177 173 0
e 873 177 180 0
e 874 177 200 0
e 875 178 173 0
e 876 178 179 0
e 877 178 190 0
e 878 179 178 0
e 879 179 180 0
e 880 180 172 0
e 881 180 177 0
e 882 180 179 0
e 883 181 115 0
e 884 181 182 0
e 885 181 185 0
e 886 181 187 0
e 887 182 181 0
e 888 182 187 0
e 889 182 188 0
e 890 182 190 0
e 891 183 184 0
e 892 183 186 0
e 893 183 188 0
e 894 184 171 0
e 895 184 183 0
e 896 184 189 0
e 897 185 181 0
e 898 185 189 0
e 899 186 183 0
e 900 187 181 0
e 901 187 182 0
e 902 187 260 0
e 903 188 182 0
e 904 188 183 0
e 905 188 189 0
e 906 189 184 0
e 907 189 185 0
e 908 189 188 0
e 909 190 178 0
e 910 190 182 0
e 911 191 119 0
e 912 191 192 0
e 913 192 191 0
e 914 192 193 0
e 915 192 199 0
e 916 193 192 0
e 917 193 194 0
e 918 193 31 0
e 919 194 193 0
e 920 194 33 0
e 921 194 55 0
e 922 195 119 0
e 923 195 196 0
e 924 195 201 0
e 925 195 67 0
e 926 196 195 0
e 927 196 197 0
e 928 197 170 0
e 929 197 196 0
e 930 197 202 0
e 931 198 200 0
e 932 198 201 0
e 933 199 192 0
e 934 200 177 0
e 935 200 198 0
e 936 201 195 0
e 937 201 198 0
e 938 202 197 0
e 939 202 29 0
e 940 203 204 0
e 941 203 261 0
e 942 204 113 0
e 943 204 203 0
e 944 205 108 0
e 945 205 168 0
e 946 205 175 0
e 947 206 107 0
e 948 206 218 0
e 949 207 212 0
e 950 207 213 0
e 951 207 216 0
e 952 207 217 0
e 953 208 209 0
e 954 208 211 0
e 955 208 259 0
e 956 208 97 0
e 957 209 100 0
e 958 209 208 0
e 959 209 210 0
e 960 209 214 0
e 961 210 107 0
e 962 210 209 0
e 963 210 218 0
e 964 210 99 0
e 965 211 208 0
e 966 211 213 0
e 967 211 217 0
e 968 212 207 0
e 969 212 257 0
e 970 213 207 0
e 971 213 211 0
e 972 213 214 0
e 973 213 219 0
e 974 214 209 0
e 975 214 213 0
e 976 214 218 0
e 977 215 174 0
e 978 215 216 0
e 979 215 219 0
e 980 216 207 0
e 981 216 215 0
e 982 216 66 0
e 983 217 207 0
e 984 217 211 0
e 985 217 252 0
e 986 217 259 0
e 987 218 206 0
e 988 218 210 0
e 989 218 214 0
e 990 219 176 0
e 991 219 213 0
e 992 219 215 0
e 993 220 226 0
e 994 220 229 0
e 995 221 222 0
e 996 221 235 0
e 997 221 278 0
e 998 221 279 0
e 999 222 221 0
e 1000 222 223 0
e 1001 222 278 0
e 1002 222 279 0
e 1003 223 222 0
e 1004 223 225 0
e 1005 224 225 0
e 1006 224 230 0
e 1007 224 238 0
e 1008 224 277 0
e 1009 225 223 0
e 1010 225 224 0
e 1011 225 228 0
e 1012 226 110 0
e 1013 226 220 0
e 1014 226 228 0
e 1015 227 110 0
e 1016 227 228 0
e 1017 228 225 0
e 1018 228 226 0
e 1019 228 227 0
e 1020 229 220 0
e 1021 229 263 0
e 1022 230 224 0
e 1023 230 263 0
e 1024 231 232 0
e 1025 231 245 0
e 1026 231 251 0
e 1027 231 50 0
e 1028 232 231 0
e 1029 232 259 0
e 1030 233 240 0
e 1031 233 62 0
e 1032 233 63 0
e 1033 233 71 0
e 1034 234 235 0
e 1035 234 63 0
e 1036 234 70 0
e 1037 235 221 0
e 1038 235 234 0
e 1039 235 236 0
e 1040 235 237 0
e 1041 236 235 0
e 1042 236 70 0
e 1043 236 74 0
e 1044 237 235 0
e 1045 237 256 0
e 1046 237 265 0
e 1047 238 224 0
e 1048 238 263 0
e 1049 238 264 0
e 1050 238 265 0
e 1051 239 240 0
e 1052 239 244 0
e 1053 239 247 0
e 1054 239 256 0
e 1055 240 233 0
e 1056 240 239 0
e 1057 241 242 0
e 1058 241 244 0
e 1059 241 255 0
e 1060 241 258 0
e 1061 242 241 0
e 1062 242 243 0
e 1063 242 273 0
e 1064 243 102 0
e 1065 243 242 0
e 1066 243 250 0
e 1067 243 273 0
e 1068 244 239 0
e 1069 244 241 0
e 1070 245 231 0
e 1071 245 246 0
e 1072 245 274 0
e 1073 245 275 0
e 1074 246 245 0
e 1075 246 247 0
e 1076 246 274 0
e 1077 246 275 0
e 1078 247 239 0
e 1079 247 246 0
e 1080 247 249 0
e 1081 247 60 0
e 1082 248 249 0
e 1083 248 254 0
e 1084 248 255 0
e 1085 249 247 0
e 1086 249 248 0
e 1087 249 259 0
e 1088 249 97 0
e 1089 250 243 0
e 1090 250 97 0
e 1091 251 231 0
e 1092 251 252 0
e 1093 252 217 0
e 1094 252 251 0
e 1095 252 253 0
e 1096 253 252 0
e 1097 253 257 0
e 1098 253 66 0
e 1099 254 248 0
e 1100 255 241 0
e 1101 255 248 0
e 1102 256 237 0
e 1103 256 239 0
e 1104 257 212 0
e 1105 257 253 0
e 1106 258 241 0
e 1107 258 264 0
e 1108 259 208 0
e 1109 259 217 0
e 1110 259 232 0
e 1111 259 249 0
e 1112 260 187 0
e 1113 260 261 0
e 1114 260 268 0
e 1115 260 269 0
e 1116 261 203 0
e 1117 261 260 0
e 1118 261 268 0
e 1119 261 269 0
e 1120 262 113 0
e 1121 262 114 0
e 1122 262 270 0
e 1123 262 271 0
e 1124 263 229 0
e 1125 263 230 0
e 1126 263 238 0
e 1127 263 276 0
e 1128 264 238 0
e 1129 264 258 0
e 1130 264 276 0
e 1131 265 237 0
e 1132 265 238 0
e 1133 265 277 0
e 1134 266 267 0
e 1135 266 280 0
e 1136 266 281 0
e 1137 266 82 0
e 1138 267 266 0
e 1139 267 280 0
e 1140 267 281 0
e 1141 268 260 0
e 1142 268 261 0
e 1143 268 269 0
e 1144 269 260 0
e 1145 269 261 0
e 1146 269 268 0
e 1147 269 270 0
e 1148 270 114 0
e 1149 270 262 0
e 1150 270 269 0
e 1151 270 271 0
e 1152 271 114 0
e 1153 271 262 0
e 1154 271 270 0
e 1155 271 272 0
e 1156 272 271 0
e 1157 272 273 0
e 1158 272 276 0
e 1159 273 242 0
e 1160 273 243 0
e 1161 273 272 0
e 1162 273 274 0
e 1163 274 245 0
e 1164 274 246 0
e 1165 274 273 0
e 1166 274 275 0
e 1167 275 245 0
e 1168 275 246 0
e 1169 275 274 0
e 1170 275 45 0
e 1171 276 263 0
e 1172 276 264 0
e 1173 276 272 0
e 1174 276 277 0
e 1175 277 224 0
e 1176 277 265 0
e 1177 277 276 0
e 1178 277 278 0
e 1179 278 221 0
e 1180 278 222 0
e 1181 278 277 0
e 1182 278 279 0
e 1183 279 221 0
e 1184 279 222 0
e 1185 279 278 0
e 1186 279 280 0
e 1187 280 266 0
e 1188 280 267 0
e 1189 280 279 0
e 1190 280 281 0
e 1191 281 266 0
e 1192 281 267 0
e 1193 281 280 0
e 1194 281 282 0
e 1195 282 281 0
e 1196 282 88 0
n 0 1 0 1.45372e+06 920861
p 0 0.21844
p 283 0.0405411
p 284 0.477598
p 285 0.263421
n 1 1 0 1.45431e+06 920461
p 1 0.242779
p 286 0.317979
p 287 0.439242
p 288 0
n 2 1 0 1.45573e+06 919773
p 2 0.117498
p 289 0.30406
p 290 0.578442
n 3 1 0 1.45551e+06 919574
p 3 0.537844
p 291 0.194618
p 292 0.201432
p 293 0.0217833
p 294 0.0443225
n 4 1 0 1.456e+06 919596
p 4 0.0893149
p 295 0.565379
p 296 0.232896
p 297 0.11241
n 5 1 0 1.45582e+06 919374
p 5 0.450611
p 298 0.216118
p 299 0.0658164
p 300 0.221215
p 301 0.0462394
n 6 1 0 1.45247e+06 920550
p 6 0.121543
p 302 0.212086
p 303 0.175621
p 304 0.490749
n 7 1 0 1.45276e+06 920350
p 7 0.354372
p 305 0.139377
p 306 0.326203
p 307 0.150505
p 308 0.0295425
n 8 1 0 1.45312e+06 920106
p 8 0.171977
p 309 0.215372
p 310 0.0400569
p 311 0.204414
p 312 0.36818
n 9 1 0 1.45369e+06 919618
p 9 0.228632
p 313 0.309177
p 314 0.106462
p 315 0.337208
p 316 0.0185209
n 10 1 0 1.45431e+06 919219
p 10 0.0853837
p 317 0.263874
p 318 0.610671
p 319 0.0400709
n 11 1 0 1.45465e+06 918952
p 11 0.276
p 320 0.235977
p 321 0.351577
p 322 0.136446
n 12 1 0 1.45494e+06 918775
p 12 0.345084
p 323 0.187942
p 324 0
p 325 0.257061
p 326 0.209914
n 13 1 0 1.45312e+06 918819
p 13 0.249994
p 327 0.233594
p 328 0
p 329 0.294798
p 330 0.221614
n 14 1 0 1.45192e+06 919174
p 14 0.326201
p 331 0.163966
p 332 0.159976
p 333 0.00228869
p 334 0.24914
p 335 0.0984278
n 15 1 0 1.4523e+06 918952
p 15 0.212535
p 336 0.14882
p 337 0
p 338 0.638645
p 339 0
n 16 1 0 1.45289e+06 918531
p 16 0
p 340 0.601287
p 341 0.0477031
p 342 0.19601
p 343 0.155
n 17 1 0 1.45172e+06 918908
p 17 0.023327
p 344 0.185587
p 345 0
p 346 0.301322
p 347 0.489764
n 18 1 0 1.45269e+06 918242
p 18 0.527672
p 348 0.0906639
p 349 0.105865
p 350 0.138323
p 351 0.137476
n 19 1 0 1.45281e+06 919019
p 19 0.565521
p 352 0
p 353 0.0717405
p 354 0.362739
n 20 1 0 1.4525e+06 919263
p 20 0.269381
p 355 0
p 356 0.705265
p 357 0
p 358 0.0253536
n 21 1 0 1.45216e+06 919440
p 21 0.106777
p 359 0.338709
p 360 0.554515
p 361 0
n 22 1 0 1.45356e+06 918109
p 22 0.437701
p 362 0.224615
p 363 0
p 364 0.337684
p 365 0
n 23 1 0 1.45383e+06 917887
p 23 0
p 366 0.366866
p 367 0.130489
p 368 0.214925
p 369 0.28772
n 24 1 0 1.45416e+06 917621
p 24 0.369995
p 370 0.0973798
p 371 0
p 372 0.0686522
p 373 0.463973
n 25 1 0 1.45327e+06 917821
p 25 0.0863131
p 374 0.327752
p 375 0.32291
p 376 0.207294
p 377 0.0557312
n 26 1 0 1.45363e+06 917554
p 26 0.220889
p 378 0.348345
p 379 0.430766
n 27 1 0 1.45445e+06 917466
p 27 0.175771
p 380 0
p 381 0.585665
p 382 0.238565
n 28 1 0 1.44453e+06 920612
p 28 0.220131
p 383 0.0112535
p 384 0.0100192
p 385 0.758597
n 29 1 0 1.45339e+06 921122
p 29 0.479708
p 386 0.016481
p 387 0.262347
p 388 0.241463
n 30 1 0 1.44669e+06 918615
p 30 0.250896
p 389 0.130788
p 390 0
p 391 0.618316
p 392 0
n 31 1 0 1.44908e+06 919702
p 31 0.100817
p 393 0.264771
p 394 0.263778
p 395 0.095524
p 396 0.27511
n 32 1 0 1.44906e+06 919303
p 32 0.0643065
p 397 0.612654
p 398 0.0379014
p 399 0.020788
p 400 0.26435
n 33 1 0 1.45055e+06 919769
p 33 0.105619
p 401 0.277562
p 402 0
p 403 0.616819
p 404 0
n 34 1 0 1.45055e+06 919303
p 34 0
p 405 0.39901
p 406 0.142635
p 407 0.458355
n 35 1 0 1.45203e+06 918748
p 35 0.000466286
p 408 0.456297
p 409 0.408794
p 410 0.134443
p 411 0
n 36 1 0 1.44802e+06 919747
p 36 0.39675
p 412 0.269079
p 413 0.334172
n 37 1 0 1.45314e+06 917572
p 37 0.0917762
p 414 0
p 415 0.0201065
p 416 0.178844
p 417 0.709273
n 38 1 0 1.4537e+06 917106
p 38 0.233914
p 418 0
p 419 0.215875
p 420 0.262589
p 421 0.287622
n 39 1 0 1.44793e+06 916085
p 39 0.279867
p 422 0.720133
p 423 0
p 424 0
n 40 1 0 1.44651e+06 916052
p 40 0.358561
p 425 0.341714
p 426 0.299724
n 41 1 0 1.45097e+06 918289
p 41 0.0860288
p 427 0.0966331
p 428 0.420475
p 429 0.396864
n 42 1 0 1.45021e+06 917934
p 42 0.137178
p 430 0.594268
p 431 0.126029
p 432 0
p 433 0.142526
n 43 1 0 1.45407e+06 916913
p 43 0.204791
p 434 0.343226
p 435 0.185311
p 436 0.266671
n 44 1 0 1.45155e+06 919287
p 44 0
p 437 0
p 438 0.691106
p 439 0.308894
p 440 0
n 45 1 0 1.45146e+06 918524
p 45 0.154479
p 441 0
p 442 0.592256
p 443 0.179179
p 444 0
p 445 0.0740858
n 46 1 0 1.45112e+06 917934
p 46 0.083364
p 446 0.244103
p 447 0.280648
p 448 0.391885
n 47 1 0 1.4515e+06 917202
p 47 0.286361
p 449 0.606877
p 450 0
p 451 0.106762
p 452 0
n 48 1 0 1.4525e+06 918045
p 48 0.00417602
p 453 0.450318
p 454 0.177787
p 455 0.367719
p 456 0
n 49 1 0 1.45277e+06 917446
p 49 0.0878854
p 457 0.230238
p 458 0.313486
p 459 0.36839
n 50 1 0 1.44385e+06 918733
p 50 0.104631
p 460 0
p 461 0.664185
p 462 0
p 463 0.231185
n 51 1 0 1.45228e+06 917632
p 51 0
p 464 0.475986
p 465 0.089796
p 466 0.0742014
p 467 0.360017
n 52 1 0 1.44697e+06 919181
p 52 0
p 468 0.102586
p 469 0.897414
n 53 1 0 1.45256e+06 918775
p 53 0.191011
p 470 0.595726
p 471 0
p 472 0.213263
n 54 1 0 1.45252e+06 920058
p 54 0.210233
p 473 0.232793
p 474 0.116581
p 475 0.440393
n 55 1 0 1.45212e+06 920785
p 55 0.507188
p 476 0.492812
p 477 0
n 56 1 0 1.4529e+06 920633
p 56 0.218395
p 478 0.455444
p 479 0.0929175
p 480 0.233244
n 57 1 0 1.45363e+06 916336
p 57 0.129591
p 481 0.229996
p 482 0.294047
p 483 0.346366
n 58 1 0 1.45334e+06 916514
p 58 0.177131
p 484 0
p 485 0.10858
p 486 0.0912356
p 487 0.623054
n 59 1 0 1.44391e+06 917389
p 59 0.437976
p 488 0
p 489 0.562024
n 60 1 0 1.44386e+06 916072
p 60 0.185355
p 490 0.266371
p 491 0.368999
p 492 0
p 493 0.179275
n 61 1 0 1.44518e+06 916072
p 61 0.286501
p 494 0.176241
p 495 0.537258
n 62 1 0 1.44386e+06 914759
p 62 0.673307
p 496 0
p 497 0.326693
n 63 1 0 1.44388e+06 909747
p 63 0.674607
p 498 0.168915
p 499 0.156479
n 64 1 0 1.4491e+06 908112
p 64 0.57484
p 500 0.0705093
p 501 0.354651
n 65 1 0 1.45293e+06 915883
p 65 0.172756
p 502 0.173032
p 503 0.0304506
p 504 0.621354
p 505 0.00240723
n 66 1 0 1.4421e+06 923008
p 66 0
p 506 0.973113
p 507 0
p 508 0.0268866
p 509 0
n 67 1 0 1.44325e+06 924123
p 67 0
p 510 0.0651475
p 511 0.934853
n 68 1 0 1.44774e+06 910720
p 68 0
p 513 0.311458
p 514 0.490292
p 512 0.19825
n 69 1 0 1.44778e+06 910720
p 69 0.239395
p 515 0.223331
p 516 0.0888292
p 517 0.280188
p 518 0.168257
n 70 1 0 1.44648e+06 909425
p 70 0.119718
p 519 0.468539
p 520 0
p 521 0.35586
p 522 0.0558824
n 71 1 0 1.44648e+06 912094
p 71 0
p 523 0
p 524 1
p 525 0
n 72 1 0 1.45717e+06 917617
p 72 0.434909
p 526 0.0280326
p 527 0.243771
p 528 0.293288
n 73 1 0 1.45697e+06 908171
p 73 0.36873
p 529 0.0691393
p 530 0.476215
p 531 0.00912101
p 532 0.0767949
n 74 1 0 1.44775e+06 908087
p 74 0.778802
p 533 0.112288
p 534 0.105927
p 535 0.00298374
n 75 1 0 1.45035e+06 908070
p 75 0.455499
p 536 0.431162
p 537 0.113339
n 76 1 0 1.45173e+06 908087
p 76 0.481554
p 538 0.140251
p 539 0.207251
p 540 0.170943
p 541 0
n 77 1 0 1.45173e+06 909438
p 77 0.474516
p 542 0.0524638
p 543 0.240868
p 544 0.232152
p 545 0
n 78 1 0 1.45173e+06 910705
p 78 0
p 546 0.453799
p 547 0.107383
p 548 0.438818
n 79 1 0 1.45175e+06 912057
p 79 0.458672
p 549 0.260653
p 550 0.234327
p 551 0.0463477
n 80 1 0 1.452e+06 912648
p 80 0.177998
p 552 0.0568673
p 553 0.547795
p 554 0.217339
n 81 1 0 1.45694e+06 903898
p 81 0
p 555 0.359103
p 556 0.640897
n 82 1 0 1.45145e+06 902158
p 82 0.145496
p 557 0.435411
p 558 0.419093
n 83 1 0 1.45173e+06 905469
p 83 0.643165
p 559 0.353738
p 560 0.00309774
n 84 1 0 1.45172e+06 903408
p 84 0.134701
p 561 0.865299
p 562 0
n 85 1 0 1.45173e+06 907645
p 85 0.244781
p 563 0.305433
p 564 0.449786
n 86 1 0 1.45462e+06 908087
p 86 0.500606
p 565 0.0476719
p 566 0.388262
p 567 0.0634603
n 87 1 0 1.45715e+06 902665
p 87 0.0276036
p 568 0.763168
p 569 0.209228
n 88 1 0 1.45704e+06 902648
p 88 0.326594
p 570 0.528224
p 571 0.0935513
p 572 0
p 573 0.0516314
n 89 1 0 1.45406e+06 910957
p 89 0.303308
p 574 0.178257
p 575 0.133911
p 576 0.239885
p 577 0.144639
n 90 1 0 1.45369e+06 909551
p 90 0.362086
p 578 0.316865
p 579 0.167921
p 580 0.0717749
p 581 0.0813536
n 91 1 0 1.45476e+06 911163
p 91 0.547416
p 582 0.0995774
p 583 0.096241
p 584 0.256766
n 92 1 0 1.46216e+06 905576
p 92 0.983512
p 585 0.0164877
p 586 0
n 93 1 0 1.46212e+06 903945
p 93 0
p 587 0.248885
p 588 0.340777
p 589 0.410338
n 94 1 0 1.45963e+06 906926
p 94 0.417041
p 590 0.426729
p 591 0.15623
n 95 1 0 1.46103e+06 910638
p 95 0.383435
p 592 0.616565
p 593 0
n 96 1 0 1.46209e+06 899877
p 96 0.269395
p 594 0
p 595 0.730605
n 97 1 0 1.43307e+06 916092
p 97 0.0362008
p 596 0.113689
p 597 0
p 598 0.174738
p 599 0.675372
n 98 1 0 1.4251e+06 915773
p 98 0.0814924
p 600 0.31958
p 601 0.404069
p 602 0.194858
n 99 1 0 1.42771e+06 915829
p 99 0.253493
p 603 0
p 604 0.0495619
p 605 0.696945
n 100 1 0 1.43044e+06 915979
p 100 0.747416
p 606 0
p 607 0
p 608 0
p 609 0.252584
n 101 1 0 1.432e+06 916111
p 101 0.343558
p 610 0.38219
p 611 0.274252
p 612 0
n 102 1 0 1.43199e+06 913835
p 102 0.0351214
p 613 0.108135
p 614 0.667191
p 615 0.189552
n 103 1 0 1.4304e+06 913797
p 103 0.128088
p 616 0.10128
p 617 0
p 618 0.770632
n 104 1 0 1.42507e+06 913910
p 104 0.627835
p 619 0.00811339
p 620 0.226875
p 621 0
p 622 0.137176
n 105 1 0 1.41437e+06 912494
p 105 0.381246
p 623 0.13454
p 624 0.484214
n 106 1 0 1.41977e+06 913928
p 106 0.46913
p 625 0
p 626 0.0462717
p 627 0
p 628 0.484598
n 107 1 0 1.42511e+06 919178
p 107 0.55008
p 629 0.400611
p 630 0.0493094
p 631 0
p 632 0
n 108 1 0 1.41984e+06 919185
p 108 0.138344
p 633 0.149149
p 634 0
p 635 0.624641
p 636 0.0878659
n 109 1 0 1.41448e+06 919317
p 109 0.595523
p 637 0
p 638 0.366961
p 639 0.0247095
p 640 0.0128064
n 110 1 0 1.42502e+06 908548
p 110 0.0216996
p 641 0.498552
p 642 0.451741
p 643 0.0280074
p 644 0
n 111 1 0 1.41973e+06 908660
p 111 0.0409947
p 645 0.500952
p 646 0.22473
p 647 0.233324
n 112 1 0 1.42419e+06 908548
p 112 0.238573
p 648 0.433243
p 649 0.328184
n 113 1 0 1.41439e+06 908660
p 113 0
p 650 0.312791
p 651 0.342486
p 652 0.344722
n 114 1 0 1.41437e+06 910905
p 114 0.0030125
p 653 0.0619767
p 654 0.239554
p 655 0.226265
p 656 0.469192
n 115 1 0 1.41433e+06 913947
p 115 0.249174
p 657 0.67394
p 658 0
p 659 0.0768864
p 660 0
n 116 1 0 1.45658e+06 919084
p 116 0.201388
p 661 0.118202
p 662 0.148793
p 663 0.531617
n 117 1 0 1.45646e+06 918906
p 117 0.312316
p 664 0
p 665 0.221332
p 666 0.0736657
p 667 0.392687
n 118 1 0 1.45668e+06 918737
p 118 0.546069
p 668 0
p 669 0
p 670 0.44691
p 671 0.00702076
n 119 1 0 1.44758e+06 925039
p 119 0
p 672 0.524463
p 673 0.475537
n 120 1 0 1.45288e+06 919818
p 120 0.128158
p 674 0.0704048
p 675 0.424529
p 676 0.134122
p 677 0.242786
n 121 1 0 1.45352e+06 919413
p 121 0
p 678 0.199433
p 679 0.43826
p 680 0.044355
p 681 0.317952
n 122 1 0 1.45409e+06 918923
p 122 0.130538
p 682 0.0147983
p 683 0.295129
p 684 0.252719
p 685 0.306815
n 123 1 0 1.45436e+06 918670
p 123 0.615873
p 686 0.0508287
p 687 0.0617903
p 688 0
p 689 0.271508
n 124 1 0 1.45472e+06 918501
p 124 0.235977
p 690 0.125095
p 691 0.0345058
p 692 0
p 693 0.604423
n 125 1 0 1.45423e+06 918484
p 125 0.138218
p 694 0.34741
p 695 0
p 696 0.425324
p 697 0.089048
n 126 1 0 1.45451e+06 918231
p 126 0.279777
p 698 0.0597165
p 699 0.407614
p 700 0.0777981
p 701 0.175095
n 127 1 0 1.45524e+06 918568
p 127 0.110034
p 702 0.0243645
p 703 0.186494
p 704 0.469952
p 705 0.209156
n 128 1 0 1.45585e+06 918129
p 128 0.26092
p 706 0.131764
p 707 0.243931
p 708 0.165559
p 709 0.197826
n 129 1 0 1.45619e+06 917910
p 129 0.220662
p 710 0.00691569
p 711 0.075095
p 712 0.133722
p 713 0.563605
n 130 1 0 1.45506e+06 918258
p 130 0
p 714 0.618434
p 715 0.248694
p 716 0
p 717 0.132872
n 131 1 0 1.45568e+06 917825
p 131 0
p 718 0.143814
p 719 0
p 720 0.42977
p 721 0.426416
n 132 1 0 1.45598e+06 917622
p 132 0.2926
p 722 0.203868
p 723 0
p 724 0.455715
p 725 0.0478173
n 133 1 0 1.45576e+06 917335
p 133 0
p 726 0.200514
p 727 0.465137
p 728 0.334349
n 134 1 0 1.45402e+06 918146
p 134 0.135472
p 729 0.130947
p 730 0.485912
p 731 0.19136
p 732 0.0563088
n 135 1 0 1.4537e+06 918400
p 135 0.586168
p 733 0.0798706
p 734 0
p 735 0.127571
p 736 0.20639
n 136 1 0 1.45484e+06 917994
p 136 0.117816
p 737 0.266099
p 738 0.447428
p 739 0
p 740 0.168657
n 137 1 0 1.45516e+06 917826
p 137 0.952316
p 741 0.021824
p 742 0.0258599
p 743 0
n 138 1 0 1.45546e+06 917555
p 138 0.136467
p 744 0
p 745 0
p 746 0.391754
p 747 0.471779
n 139 1 0 1.45674e+06 916153
p 139 0.012656
p 748 0.197949
p 749 0
p 750 0.169137
p 751 0.620258
n 140 1 0 1.45553e+06 917031
p 140 0.0388142
p 752 0.36909
p 753 0.406898
p 754 0
p 755 0.185197
n 141 1 0 1.45526e+06 917251
p 141 0.355613
p 756 0
p 757 0.024078
p 758 0.620309
p 759 0
n 142 1 0 1.45462e+06 917673
p 142 0.0665722
p 760 0
p 761 0.280001
p 762 0.266666
p 763 0.386761
n 143 1 0 1.45473e+06 917183
p 143 0.152082
p 764 0.0726552
p 765 0.263406
p 766 0.130945
p 767 0.380912
n 144 1 0 1.45505e+06 916981
p 144 0.250696
p 768 0
p 769 0.48585
p 770 0.0802061
p 771 0.183248
n 145 1 0 1.45534e+06 916761
p 145 0.295591
p 772 0.371886
p 773 0.314775
p 774 0.0177485
n 146 1 0 1.45737e+06 917014
p 146 0.474583
p 775 0
p 776 0.430922
p 777 0.0944958
p 778 0
n 147 1 0 1.45429e+06 917977
p 147 0.312893
p 779 0.177638
p 780 0.232521
p 781 0.193393
p 782 0.0835554
n 148 1 0 1.45707e+06 915748
p 148 0.198365
p 783 0.1572
p 784 0.182963
p 785 0
p 786 0.461471
n 149 1 0 1.45443e+06 916677
p 149 0
p 787 0
p 788 0.0456543
p 789 0
p 790 0.954346
n 150 1 0 1.45397e+06 916085
p 150 0
p 791 0.0269905
p 792 0.107406
p 793 0.470955
p 794 0.394648
n 151 1 0 1.45426e+06 915916
p 151 0.0187115
p 795 0.167772
p 796 0.0116792
p 797 0.801837
n 152 1 0 1.45235e+06 913754
p 152 0.0964649
p 798 0.0378048
p 799 0.180894
p 800 0.38983
p 801 0.0740713
p 802 0.220935
n 153 1 0 1.45558e+06 915815
p 153 0.440817
p 803 0.353191
p 804 0.205992
n 154 1 0 1.45703e+06 913940
p 154 0.298295
p 805 0.189909
p 806 0.129313
p 807 0.0084373
p 808 0.374045
n 155 1 0 1.45392e+06 918687
p 155 0.136011
p 809 0.715708
p 810 0.13372
p 811 0.0145618
n 156 1 0 1.45468e+06 916457
p 156 0.406358
p 812 0.21967
p 813 0.319206
p 814 0.0547659
p 815 0
n 157 1 0 1.45772e+06 916322
p 157 0
p 816 0
p 817 0.80347
p 818 0.19653
n 158 1 0 1.45495e+06 917454
p 158 0.118886
p 819 0.319931
p 820 0.109432
p 821 0.229988
p 822 0.221762
n 159 1 0 1.45705e+06 912446
p 159 0
p 823 0.0622258
p 824 0.511561
p 825 0.426214
n 160 1 0 1.45701e+06 911187
p 160 0.0971971
p 826 0.137271
p 827 0.444259
p 828 0.321273
n 161 1 0 1.45364e+06 915562
p 161 0.273574
p 829 0.307691
p 830 0.368499
p 831 0.0502361
n 162 1 0 1.45659e+06 915950
p 162 0.293904
p 832 0.0903614
p 833 0.493174
p 834 0.122561
n 163 1 0 1.45708e+06 914913
p 163 0.100824
p 835 0.75705
p 836 0.142126
p 837 0
n 164 1 0 1.45347e+06 913214
p 164 0
p 838 0.528508
p 839 0.471492
n 165 1 0 1.45477e+06 912099
p 165 0.700609
p 840 0.0199881
p 841 0.157927
p 842 0.121476
n 166 1 0 1.45419e+06 912791
p 166 0
p 843 0
p 844 1
n 167 1 0 1.40923e+06 921497
p 167 1
p 845 0
n 168 1 0 1.41993e+06 932578
p 168 0.534259
p 846 0.0309823
p 847 0.434759
n 169 1 0 1.41502e+06 950960
p 169 0.377412
p 848 0.144232
p 849 0.478357
n 170 1 0 1.41501e+06 950978
p 170 0.0836792
p 850 0.916321
p 851 0
n 171 1 0 1.40917e+06 919355
p 171 0.170331
p 852 0.456166
p 853 0.0655072
p 854 0.307996
n 172 1 0 1.41497e+06 946896
p 172 0.303258
p 855 0.330477
p 856 0.366264
p 857 0
n 173 1 0 1.41466e+06 935147
p 173 0.352702
p 858 0.00785109
p 859 0.374172
p 860 0.265275
p 861 0
n 174 1 0 1.42002e+06 935054
p 174 0.00986922
p 862 0.648111
p 863 0.296729
p 864 0.0452901
n 175 1 0 1.41456e+06 924580
p 175 0.79184
p 865 0
p 866 0.173122
p 867 0.0350377
n 176 1 0 1.4146e+06 929844
p 176 0.484932
p 868 0.29022
p 869 0.224848
p 870 0
n 177 1 0 1.41496e+06 946887
p 177 0.688607
p 871 0.305101
p 872 0
p 873 0
p 874 0.00629214
n 178 1 0 1.39898e+06 935312
p 178 0.338216
p 875 0.434958
p 876 0.173327
p 877 0.0534993
n 179 1 0 1.39915e+06 946528
p 179 0.274324
p 878 0.460924
p 879 0.264751
n 180 1 0 1.40179e+06 946955
p 180 0
p 880 0.131009
p 881 0.314037
p 882 0.554954
n 181 1 0 1.40458e+06 913986
p 181 0.14634
p 883 0.0140416
p 884 0.372255
p 885 0.0495107
p 886 0.417853
n 182 1 0 1.40409e+06 913984
p 182 0
p 887 0.237796
p 888 0
p 889 0.762204
p 890 0
n 183 1 0 1.40413e+06 919297
p 183 0
p 891 0.280929
p 892 0.177364
p 893 0.541707
n 184 1 0 1.40456e+06 919298
p 184 0.162676
p 894 0.304273
p 895 0.408738
p 896 0.124313
n 185 1 0 1.40466e+06 916293
p 185 0.697792
p 897 0
p 898 0.302208
n 186 1 0 1.40148e+06 919355
p 186 0.959602
p 899 0.0403979
n 187 1 0 1.40404e+06 911039
p 187 0.0799223
p 900 0.920078
p 901 0
p 902 0
n 188 1 0 1.40413e+06 916621
p 188 0
p 903 0.166258
p 904 0
p 905 0.833742
n 189 1 0 1.40464e+06 916623
p 189 0.354538
p 906 0.409349
p 907 0
p 908 0.236113
n 190 1 0 1.39874e+06 914081
p 190 0.678721
p 909 0.263201
p 910 0.0580776
n 191 1 0 1.44794e+06 924720
p 191 0.164544
p 911 0.811812
p 912 0.0236443
n 192 1 0 1.44925e+06 923464
p 192 0.318323
p 913 0.467357
p 914 0.096901
p 915 0.117419
n 193 1 0 1.44963e+06 923126
p 193 0.244561
p 916 0.644213
p 917 0
p 918 0.111225
n 194 1 0 1.4507e+06 922114
p 194 0.15155
p 919 0.0924856
p 920 0.248215
p 921 0.50775
n 195 1 0 1.44607e+06 926458
p 195 0.256276
p 922 0.294462
p 923 0.0975692
p 924 0.250626
p 925 0.101067
n 196 1 0 1.44667e+06 927564
p 196 0.184761
p 926 0.205669
p 927 0.60957
n 197 1 0 1.44665e+06 932101
p 197 0.0442027
p 928 0.788471
p 929 0
p 930 0.167326
n 198 1 0 1.44272e+06 929757
p 198 0.0931497
p 931 0.640168
p 932 0.266682
n 199 1 0 1.44928e+06 924133
p 199 0.623463
p 933 0.376537
n 200 1 0 1.44178e+06 930601
p 200 0.323495
p 934 0.224206
p 935 0.452299
n 201 1 0 1.44422e+06 928257
p 201 0.0802275
p 936 0.136277
p 937 0.783495
n 202 1 0 1.45331e+06 926495
p 202 0.278003
p 938 0.502322
p 939 0.219675
n 203 1 0 1.40398e+06 908681
p 203 0.158581
p 940 0.270718
p 941 0.570701
n 204 1 0 1.40912e+06 908701
p 204 0.937396
p 942 0
p 943 0.0626038
n 205 1 0 1.41988e+06 924527
p 205 0.453174
p 944 0.0734951
p 945 0.0343828
p 946 0.438948
n 206 1 0 1.42516e+06 924433
p 206 0.307659
p 947 0.0490988
p 948 0.643242
n 207 1 0 1.43577e+06 924358
p 207 0.107969
p 949 0.315536
p 950 0
p 951 0.143005
p 952 0.43349
n 208 1 0 1.43304e+06 919045
p 208 0.00259867
p 953 0.309642
p 954 0.315758
p 955 0.171759
p 956 0.200242
n 209 1 0 1.43041e+06 919120
p 209 0.253982
p 957 0.365217
p 958 0.0405335
p 959 0.228317
p 960 0.11195
n 210 1 0 1.42781e+06 919138
p 210 0.42994
p 961 0.497767
p 962 0
p 963 0.0722934
p 964 0
n 211 1 0 1.43306e+06 921801
p 211 0.0341287
p 965 0.217891
p 966 0.685169
p 967 0.0628113
n 212 1 0 1.43686e+06 924332
p 212 0.583037
p 968 0.416963
p 969 0
n 213 1 0 1.43308e+06 924369
p 213 0.0736841
p 970 0.142618
p 971 0.130529
p 972 0.428406
p 973 0.224763
n 214 1 0 1.43045e+06 924350
p 214 0.568725
p 974 0.339369
p 975 0.0494598
p 976 0.0424462
n 215 1 0 1.43485e+06 927950
p 215 0
p 977 0.440786
p 978 0.19569
p 979 0.363525
n 216 1 0 1.43573e+06 927481
p 216 0
p 980 0
p 981 0.968739
p 982 0.0312614
n 217 1 0 1.43569e+06 921688
p 217 0.379037
p 983 0
p 984 0.537455
p 985 0
p 986 0.0835088
n 218 1 0 1.42778e+06 924388
p 218 0.330566
p 987 0.130891
p 988 0.409224
p 989 0.129318
n 219 1 0 1.43311e+06 928306
p 219 0.198774
p 990 0.641186
p 991 0
p 992 0.16004
n 220 1 0 1.4323e+06 908487
p 220 0.281519
p 993 0.146346
p 994 0.572134
n 221 1 0 1.44381e+06 903165
p 221 0.141869
p 995 0.210543
p 996 0
p 997 0.162974
p 998 0.484614
n 222 1 0 1.44373e+06 902494
p 222 0
p 999 0.127759
p 1000 0.452959
p 1001 0
p 1002 0.419282
n 223 1 0 1.44365e+06 901634
p 223 0
p 1003 0.394803
p 1004 0.605196
n 224 1 0 1.43562e+06 908114
p 224 0
p 1005 0
p 1006 0.437853
p 1007 0.333321
p 1008 0.228826
n 225 1 0 1.43566e+06 903349
p 225 0
p 1009 0.0969223
p 1010 0.573772
p 1011 0.329306
n 226 1 0 1.43035e+06 908507
p 226 0.26274
p 1012 0
p 1013 0.73726
p 1014 0
n 227 1 0 1.42496e+06 903485
p 227 0
p 1015 1
p 1016 0
n 228 1 0 1.43031e+06 903427
p 228 0.690876
p 1017 0.0780795
p 1018 0.123482
p 1019 0.107562
n 229 1 0 1.43362e+06 908468
p 229 0.332669
p 1020 0.160602
p 1021 0.506729
n 230 1 0 1.43446e+06 907557
p 230 0.0326089
p 1022 0.527767
p 1023 0.439624
n 231 1 0 1.44108e+06 918814
p 231 0.396392
p 1025 0.465452
p 1026 0.0916391
p 1027 0
p 1024 0.0465168
n 232 1 0 1.43916e+06 918870
p 232 0.142126
p 1028 0.788199
p 1029 0.0696749
n 233 1 0 1.4439e+06 912815
p 233 0.497586
p 1030 0.252607
p 1031 0
p 1032 0.00655678
p 1033 0.243251
n 234 1 0 1.44388e+06 909416
p 234 0.138126
p 1034 0
p 1035 0.698383
p 1036 0.163491
n 235 1 0 1.44385e+06 908122
p 235 0.292556
p 1037 0.150569
p 1038 0.148791
p 1039 0
p 1040 0.408084
n 236 1 0 1.44651e+06 908141
p 236 0.384809
p 1041 0.210045
p 1042 0.0859503
p 1043 0.319196
n 237 1 0 1.44113e+06 908235
p 237 0.510101
p 1044 0
p 1045 0.0583551
p 1046 0.431544
n 238 1 0 1.43561e+06 908422
p 238 0.340677
p 1047 0.0546792
p 1048 0
p 1049 0.521776
p 1050 0.0828677
n 239 1 0 1.44164e+06 913109
p 239 0.207587
p 1051 0.0565706
p 1052 0
p 1053 0.333129
p 1054 0.402713
n 240 1 0 1.44259e+06 912922
p 240 0.214206
p 1055 0.202682
p 1056 0.583112
n 241 1 0 1.43567e+06 913634
p 241 0.102312
p 1057 0.521297
p 1058 0.0738776
p 1059 0.129202
p 1060 0.173312
n 242 1 0 1.43482e+06 913781
p 242 0.292447
p 1061 0
p 1062 0
p 1063 0.707553
n 243 1 0 1.43384e+06 913820
p 243 0
p 1064 0.798488
p 1065 0
p 1066 0.201512
p 1067 0
n 244 1 0 1.43776e+06 913484
p 244 0.899607
p 1068 0.100393
p 1069 0
n 245 1 0 1.4412e+06 918309
p 245 0
p 1070 0.363053
p 1071 0
p 1072 0.305654
p 1073 0.331293
n 246 1 0 1.44117e+06 917768
p 246 0
p 1074 0
p 1075 0.29629
p 1076 0.70371
p 1077 0
n 247 1 0 1.44117e+06 916096
p 247 0.774263
p 1078 0
p 1079 0.0568328
p 1080 0.168904
p 1081 0
n 248 1 0 1.43573e+06 914759
p 248 0.257775
p 1082 0.128209
p 1083 0.190234
p 1084 0.423782
n 249 1 0 1.43567e+06 916159
p 249 0.37283
p 1085 0.00918225
p 1086 0.20061
p 1087 0
p 1088 0.417378
n 250 1 0 1.43342e+06 914628
p 250 0.828846
p 1089 0.171154
p 1090 0
n 251 1 0 1.44126e+06 920284
p 251 0.329653
p 1091 0.636354
p 1092 0.0339936
n 252 1 0 1.44122e+06 921521
p 252 0.193301
p 1093 0.516081
p 1094 0.0311193
p 1095 0.259499
n 253 1 0 1.44121e+06 922172
p 253 0.352988
p 1096 0.055084
p 1097 0
p 1098 0.591928
n 254 1 0 1.43571e+06 914691
p 254 0.444149
p 1099 0.555851
n 255 1 0 1.43571e+06 914485
p 255 0
p 1100 0.895612
p 1101 0.104388
n 256 1 0 1.44113e+06 910979
p 256 0.12325
p 1102 0.585574
p 1103 0.291176
n 257 1 0 1.44079e+06 922828
p 257 0.616681
p 1104 0.047653
p 1105 0.335666
n 258 1 0 1.43564e+06 911373
p 258 0.115111
p 1106 0.808436
p 1107 0.0764527
n 259 1 0 1.43571e+06 919003
p 259 0.337085
p 1108 0.101123
p 1109 0.294747
p 1110 0.267044
p 1111 0
n 260 1 0 1.40412e+06 910295
p 260 0.022721
p 1112 0.447006
p 1113 0.37647
p 1114 0.0321342
p 1115 0.121669
n 261 1 0 1.40399e+06 909354
p 261 0.448783
p 1116 0.314391
p 1117 0.144402
p 1118 0.0924235
p 1119 0
n 262 1 0 1.4144e+06 910550
p 262 0.18616
p 1120 0.571746
p 1121 0.209806
p 1122 0
p 1123 0.0322888
n 263 1 0 1.43518e+06 908466
p 263 0.237378
p 1124 0.158251
p 1125 0.0395108
p 1126 0.154997
p 1127 0.409863
n 264 1 0 1.43562e+06 908630
p 264 0.165445
p 1128 0.186798
p 1129 0
p 1130 0.647758
n 265 1 0 1.43602e+06 908403
p 265 0.0244261
p 1131 0.129467
p 1132 0.36414
p 1133 0.481967
n 266 1 0 1.45129e+06 901644
p 266 0.0881855
p 1134 0.28803
p 1135 0.49079
p 1136 0
p 1137 0.132994
n 267 1 0 1.45103e+06 901153
p 267 0.481771
p 1138 0.336135
p 1139 0.182093
p 1140 0
n 268 1 0 1.4035e+06 909841
p 268 0.418784
p 1141 0.289555
p 1142 0.291661
p 1143 0
n 269 1 0 1.4046e+06 909809
p 269 0.409844
p 1144 0
p 1145 0.204178
p 1146 0
p 1147 0.385977
n 270 1 0 1.41397e+06 910702
p 270 0.411474
p 1148 0
p 1149 0.476958
p 1150 0
p 1151 0.111568
n 271 1 0 1.41475e+06 910853
p 271 0.708793
p 1152 0
p 1153 0.114819
p 1154 0.176388
p 1155 0
n 272 1 0 1.43135e+06 910954
p 272 0.510903
p 1156 0.489097
p 1157 0
p 1158 0
n 273 1 0 1.43396e+06 913001
p 273 0.557013
p 1159 0
p 1160 0.337757
p 1161 0.0915512
p 1162 0.0136784
n 274 1 0 1.44072e+06 917781
p 274 0.578364
p 1163 0.00219188
p 1164 0.0656286
p 1165 0.353815
p 1166 0
n 275 1 0 1.44209e+06 918297
p 275 0.569796
p 1167 0
p 1168 0.334224
p 1169 0.0583224
p 1170 0.0376578
n 276 1 0 1.43509e+06 908806
p 276 0.269369
p 1171 0.101818
p 1172 0.0804214
p 1173 0.548391
p 1174 0
n 277 1 0 1.43606e+06 908088
p 277 0.389521
p 1175 0.0695243
p 1176 0.0247699
p 1177 0.413581
p 1178 0.102603
n 278 1 0 1.44326e+06 903192
p 278 0.391803
p 1179 0.0149148
p 1180 0.175086
p 1181 0.333171
p 1182 0.0850249
n 279 1 0 1.44439e+06 902474
p 279 0.269227
p 1183 0
p 1184 0.0904257
p 1185 0.640347
p 1186 0
n 280 1 0 1.45052e+06 901555
p 280 0.0830619
p 1187 0.312875
p 1188 0
p 1189 0.604063
p 1190 0
n 281 1 0 1.45211e+06 901064
p 281 0.484258
p 1191 0.11919
p 1192 0
p 1193 0.396551
p 1194 0
n 282 1 0 1.45711e+06 901006
p 282 0.205345
p 1195 0.730163
p 1196 0.0644919
a 969 138 141 141 144 156 156 149 43 149 43 149 43 149 43 57 43 149 43 38 38 43 38 58 58 65 161 152 65 65 47 42 47 42 47 42 32 31 31 193 192 191 119 191 191 119 195 196 196 197 202 197 196 197 196 197 196 197 202 202 29 56 29 29 202 29 56 72 72 146 139 162 148 163 148 163 153 156 156 156 144 143 143 27 24 147 147 142 27 143 158 142 158 142 147 142 158 137 137 137 137 137
a 474 56 72 56 29 202 197 202 202 29 29 29 56 29 202 202 29 29 56 29 56 56 7 56 72 72 56 56 29 56 29 56 56 72 146 146 139 162 162 162 162 139 162 148 157 146 139 162 139 162 145 145 140 145 145 140 133 138 141 141 141 144 144 143 158 142 27 143 149 43 149 43 38 58 65 152 89 90 90 80 80 79 79 78 68 78 79 69 71 69 71 69 71 69 71 69 69 71 69 69 71 69 69 69 79 79 78
a 1139 155 155 155 122 155 122 122 123 125 134 135 22 135 135 135 135 135 135 135 135 22 23 134 135 135 135 135 135 135 155 122 121 13 121 122 155 122 155 122 123 125 134 134 135 155 122 123 11 12 12 3 1 3 1 3 3 3 3 2 4 116 118 118 118 129 129 132 132 129 146 139 162 145 144 143 27 143 149 43 38 43 149 43 149 150 57 58 65 47 42 32 32 30 30 50 50 28 66 253 253 253 66 253 253 253 253 253 66 253 66 253 66 253 253 66 253 252 217 211 217 211 213 213 213 207 212 212 212 212 212 207 212 212 212 212 207 212 207 217 217 259 259 259 217 211 213 214 218 210 107 108 106
a 1122 154 95 154 151 156 156 149 43 43 149 43 43 38 43 149 43 149 43 57 58 58 65 65 161 161 152 80 79 79 69 79 78 79 78 77 70 71 69 39 40 40 39 39 39 40 40 40 39 40 39 40 39 40 61 60 60 59 59 59 60 59 60 59 60 62 62 62 60 62 62 62 60 247 247 246 274 274 274 246 274 274 274 273 243 102 103 104 98 99 210 107 107 107 107 108 106 106 106 106 106 115 105
a 663 88 88 87 88 81 73 160 91 165 165 166 165 91 91 89 90 77 77 78 68 78 68 74 74 74 74 74 74 74 74 64 75 75 75 75 75 64 64 75 64 75 64 64 64 75 75 75 64 74 74 74 74 74 74 74 74 236 74 74 74 74 74 74 74 74 74 74 74 74 64 64 75 75 75 76 77 76 76 77 78 79 79 69 71 69 39 40 39 40 61 60 60 60 62 62 62 62 62 60 59 59 60 60 247 247 247 246 274 274 273 243 102 101 100 100 100 100 100 100 100 99 98 98 104 98 104 104 104 98 104 104 104 106 106 108
a 1189 160 91 89 90 77 77 77 76 76 76 77 76 76 76 77 77 77 77 76 77 77 78 77 77 77 76 76 77 78 68 78 79 79 79 80 90 90 89 89 89 90 86 88 282 282 281 281 280 266 280 279 278 279 279 279 279 278 279 278 277 276 276 276 263 238 264 264 276 276 276 272 273 243 102 101 101 100 100 100 100 100 99 210 210 210 210 107 107 107 107 107 107 206 218 214 209 100 100 100 99 98 104 104 104 104 104 104 98 104 98
a 470 56 72 146 139 148 163 148 148 157 148 148 163 148 163 148 148 163 148 163 148 157 146 146 146 139 148 163 148 163 163 153 156 149 43 43 57 43 149 43 149 43 149 150 161 152 164 152 164 166 165 91 89 73 73 94 73 73 73 73 81 73 94 94 94 94 94 93 96 93 92 92 92 92 92 92 92 92 92 92 92 92 92 92 92 92 92 92 92 92 92 92 92 92 92 92 92 92 92 92 92 92 92 92 92 92 92 92 92 92 92 92 93 94 73 73 160 160 91 89 89 89 152 164 166 165 166 165 166 165 165 165 159 165 166 165 165 165 165 165 165 165 166 165 165 165 165 165 159 160 91 91 165 165 165 165 91 165 165 165 165 165 165 165 165 165 165 166 165 165 166 165 165 91 91 89 91 91 91 91 91 91 89 89 90 90 90 89 90 89 73 81 88 282 281 281 281 281
a 879 129 129 146 157 146 139 140 133 132 133 132 133 140 133 140 133 138 137 137 137 137 137 136 126 147 126 125 123 125 134 135 135 155 122 123 123 123 123 123 11 123 123 123 123 123 125 123 123 125 134 125 125 123 123 123 123 125 134 135 155 155 122 121 122 123 123 123 125 134 135 155 125 125 155 125 134 147 142 147 134 125 123 123 123 123 122 121 9 10 10 122 121 9 121 9 1 3 12 3 3 1 0 29 29 202 29 29 29 202 202 29 29 29 29 29 29 29 29 29 202 197 170 169 170 169 169 172 169 169 170 169 172
a 529 73 81 88 282 88 282 281 281 280 266 266 267 267 267 266 280 266 266 82 82 266 267 266 267 280 281 281 281 281 280 279 278 278 278 279 279 222 279 279 278 222 279 278 278 278 279 278 279 278 222 223 225 224 238 264 276 272 272 272 273 243 102 102 103 103 103 103 103 103 103 103 103 103 103 103 100 100 100 100 100 100 100 99 98 107 107 206 218 218 218 210 218 210 107 108 109
a 27 2 3 3 12 3 3 3 3 1 0 0 1 1 0 8 0 0 29 29 29 29 56 56 56 72 146 146 139 140 145 140 139 148 163 148 148 163 148 148 148 163 148 148 163 153 153 163 148 157 148 148 163 148 148 157 146 146 139 140 139 162 145 140 139 162 145 140 139 148 157 146 146 139 140 133 138 141 144 144 143 27 143 149 43 43 38 58 65 152 164 152 164 152 80 79 78 79 79 78 68 78 79 79 78 79 69 69 69 79 79 79 69 69 79 79 78 68 78 79 79 69 39 40 61 61 61 60 59 59 59 60 247 247 247 247 246 247 247 246 247 249 248 254 254 248 255 241 241 258 241
a 976 139 148 139 162 139 162 145 145 145 145 140 139 148 163 148 139 140 133 140 133 132 133 140 139 140 133 132 132 129 129 146 139 162 162 145 145 140 139 162 148 139 162 145 145 145 144 143 27 24 24 38 37 49 37 37 49 37 49 58 58 65 47 47 42 32 42 32 30 50 28 66 253 253 66 253 66 253 253 253 253 66 253 66 253 66 253 66 253 66 216 215 216 215 219 213 207 207 217 211 213 213 214 214 209 208 211 213 207 217 211 213 214 209 209
a 34 3 1 3 3 1 3 3 1 3 12 127 5 3 1 1 3 3 3 3 12 127 128 127 130 124 130 124 130 124 124 130 124 124 130 127 130 124 130 127 130 127 128 128 128 117 117 118 129 129 129 146 139 162 162 148 157 146 146 157 148 148 148 163 148 157 148 163 148 163 148 139 162 148 148 163 148 163 148 157 146 139 162 162 145 140 133 140 139 148 148 163 148 163 148 139 148 148 157 146 157 146 139 162 145 140 139 162 145 140 139 162 162 162 145 140 139 148 163 153 153 163 148 163 163 148 163 148 163 148 148 148 163 148 157 146 139 139 148 148 148 163 148 148 163 163 148 148 163 148 157 146 146 146 146 139 140 139 148 139 162 145 144 144 143 143 27 143 143 27 143 143 158 141 141 141 144 143 149 43 149 43 57 150 161 161 161 150 57 43 149 43 38 38 38 38 38 43 57 43 149 43 43 43 149 150 161 161 152 65 152 152 80 80 79 78 79 78 79 79 78 68 74 74 64 64 64 75 75 76 85 85 76 77 77 77 76 76 85 83 83 83 83 84 82 266
a 827 124 12 127 130 127 130 124 130 124 130 127 5 5 5 3 12 127 127 127 130 127 12 3 3 1 3 3 3 3 3 3 3 12 12 12 11 10 11 11 12 11 12 127 5 3 3 12 11 12 127 130 127 127 130 124 124 130 127 130 136 130 127 130 124 130 127 130 124 130 124 130 127 5 3 3 5 5 5 5 3 1 0 8 8 8 8 0 1 3 12 127 5 5 5 4 2 4 2 4 2 3 3 12 127 5 117 117 5 3 1 3 3 12 127 130 124 124 124 124 130 136 136 130 124 124 130 127 130 136 126 147 134 135 135 135 13 13 13 16 13 13 121 9 121 122 155 122 123 125 134 134 125 125 123 125 134 135 135 135 155 122 155 122 155 122 123 125 123 123 125 125 123 123 123 123 11 10 122 123 122 123 123 122 121 122 155 122 122 123 123 123 125 134 135 135 22 23 22 135 135 22 22 23 26 23 22 23 134 134 135 135 155 155 122 122 122 121 122 123 123 123 123 123 123 11 11 123 125 123 123 123 123 123 123 125 134 147 126 125 134 135 135 135 135 135 135 13 16 53 15 35 18 48 18 18 35 18 35 17 45 275 275 275 275 275 246 274 274 274 273 273 273 273 274 273 273 243 250 250 250 250 250 243 102 103 104 106 106 106
a 555 77 76 76 77 77 77 77 77 78 68 74 74 74 64 64 64 64 75 76 76 77 77 78 77 77 76 77 76 76 76 76 77 78 68 74 74 236 74 74 74 74 74 74 74 74 64 75 76 76 75 75 75 64 64 75 64 64 64 64 75 64 64 64 75 64 64 64 64 75 75 75 64 64 64 64 75 75 75 64 64 64 64 75 64 64 64 74 74 236 74 64 64 75 75 64 64 64 75 76 77 70 234 63 234 70 71 69 69 71 69 79 79 79 79 69 68 69 39 40 61 60 59 60 59 60 62 60 59 59 60 62 62 60 247 247 247 247 246 274 274 274 273 273 243 250 250 250 250 250 250 250 250 250 250 250 250 250 250 250 250 250 243 102 103 104 104 104 104 98 98
a 122 12 11 11 12 12 11 10 122 155 135 135 13 13 121 122 121 9 10 122 155 155 122 155 155 125 134 147 147 147 134 134 135 22 22 22 23 24 27 27 143 149 43 57 57 150 161 152 152 65 47 42 42 42 47 51 49 58 58 57 43 38 58 65 152 89 91 91 89 152 89 152 89 89 90 80 79 78 79 78 68 78 79 79 69 69 71 69 69 39 40 39 40 40 39 40 40 40 39 40 40 40 39 39 39 40 61 61 61 61 60 247 249 97 249 249 249 97 250 250 250 243 102 103 104 104 98 99 98 107
a 1201 162 145 144 143 27 24 147 24 38 58 65 152 89 152 152 89 152 65 152 164 166 165 165 166 165 165 165 165 165 166 165 91 165 165 165 165 165 165 166 165 91 91 89 90 80 90 90 77 77 76 76 75 75 75 76 76 76 85 76 77 78 79 69 69 69 68 78 68 69 71 69 71 69 71 69 39 39 39 40 40 40 40 40 61 61 61 60 59 60 247 247 247 249 248 255 241 242 273 243 102 243 102 101 101 101 100 100 99 98 104 106 108 108
a 1102 152 89 73 73 81 88 81 73 81 88 81 88 88 88 81 88 88 87 88 88 88 87 96 93 92 92 92 92 92 92 92 92 92 92 92 92 92 92 92 92 92 92 92 92 92 92 92 92 92 92 92 92 92 92 92 92 92 92 92 92 92 92 92 92 92 92 92 92 92 92 92 92 92 92 92 92 92 92 92 92 92 92 92 92 92 92 92 92 92 92 92 92 92 92 92 92 92 92 92 92 92 92 93 92 92 92 92 92 92 92 92 92 92 92 92 92 92 92 92 92 92 92 92 92 92 92 92 92 92 92 92 92 92 92 92 92 92 93 96 93 92 92 92 92 92 92 92 92 92 92 92 92 92 92 92 92 92 92 92 92 92 92 92 92 92 92 92 93 94 94 94 93 92 92 92 92 92 92 92 92 92 93 96 93 92 92 92 92 92 92 92 92 92 92 92 92 92 92 92 92 92 92 92 92 92 92 92 92 92 92 92 92 92 92 92 92 92 92 92 92 92 92 92 92 92 92 92 92 92 92 92 92 92 92 92 92 92 92 92 92 92 92 92 92 92 92 92 92 92 92 92 92 92 92 92 92 92 92 92 92 92 92 92 92 92 92 92 92 92 92 92 92 92 92 92 92 92 92 92 92 92 92 92 92 92 92 92 92 92 92 92 92 92 92 92 92 92 92 92 92 92 92 92 92 92 92 92 92 92 92 92 92 92 92 92 92 92 92 92 92 92 92 92 92 92 92 92 92 92 92 92 92 92 92 92 92 92 92 92 92 92 92 92 92 92 92 93 96 96 96 93 96 93 96 96 93 96 93 92 92 92 92 92 92 92 92 92 92 92 92 92 92 92 92 92 92 92 92 92 92 92 92 92 92 92 92 92 92 92 92 92 92 92 92 92 92 92 92 92 92 92 92 92 92 92 92 93 96 93 96 96 93 96 96 96
a 931 135 135 135 135 135 135 22 135 135 135 135 22 22 135 13 16 13 121 122 122 121 13 16 22 23 24 24 38 58 65 47 47 47 42 39 40 39 40 39 40 39 39 39 40 40 61 60 247 247 60 60 247 247 247 247 247 247 247 247 247 246 274 274 275 246 247 247 247 247 247 247 247 247 247 247 247 247 247 60 59 60 59 59 59 60 60 60 59 59 60 59 59 60 59 59 60 59 60 59 59 59 60 60 59 60 59 59 59 60 247 249 97 249 249 248 248 249 248 254 248 254 248 249 249 249 97 250 250 250 250 250 250 250 250 243 102 101 101 101 100 99 98 107 107 108 109 115 105
a 51 5 4 2 3 1 0 8 9 9 121 9 121 122 121 9 9 9 10 11 12 127 130 124 130 124 130 124 130 124 12 127 130 124 130 127 130 127 5 5 127 128 127 130 124 130 127 127 130 127 130 136 130 124 124 124 130 127 130 124 123 125 123 123 125 123 123 123 125 155 122 121 120 120 120 8 0 8 7 54 7 7 56 56 29 29 202 202 197 196 196 197 202 197 202 29 56 29 56 29 202 29 29 56 29 0 0 0 8 9 1 0 29 29 29 29 56 72 146 146 139 148 157 146 146 139 162 145 145 145 140 139 140 133 140 133 140 139 148 163 148 148 157 146 139 148 148 163 148 148 163 148 148 163 148 163 148 163 148
a 312 35 15 14 15 15 35 17 44 17 45 41 46 35 15 14 33 31 193 192 191 119 195 195 119 195 201 195 119 195 195 195 119 195 201 201 198 200 200 198 201 198 200 200 198 201 195 119 191 119 195 119 191 119 191 119 191 119 191 119 195 196 195 196 195 195 195 119 195 119 195 119 191 119 195 119 195 196 197 196 195 119 191 191 119 195 195 119 191 119 195 201 198 201 195 119 191 119 195 119 191 119 195 195 119 191 119 191 119 195 201 201 198 200 200 198 200
a 334 38 43 57 150 161 152 152 164 152 164 152 65 152 164 152 89 91 160 91 89 90 90 90 90 80 79 78 79 78 68 78 68 69 71 69 69 71 69 69 71 69 68 74 74 74 74 74 74 74 74 74 74 74 64 75 64 64 74 74 74 74 236 74 74 74 74 74 74 74 74 74 74 74 74 74 74 74 74 74 74 74 74 74 74 74 64 64 64 64 75 75 75 75 64 64 75 75 64 75 75 64 75 64 75 64 75 64 75 64 75 64 75 64 64 64 75 64 75 75 64 74 236 74 74 74 74 74 64 64 64 64 75 76 76 76 77 77 76 85 76 85 83 83 84 82 84 82 266 267 266 267 267 267 267 266 280 279 278 277 278 278 278
a 710 93 96 96 93 92 92 92 92 92 92 92 92 92 92 92 92 92 92 92 93 96 93 96 93 96 93 94 73 94 73 73 81 73 94 73 73 73 81 73 94 94 94 73 160 91 91 91 89 152 89 89 89 90 89 91 91 91 91 91 91 165 166 165 166 165 165 165 165 91 160 73 81 88 88 282 281 280 266 267 266 267 280 279 278 222 221 221 222 279 222 279 278
a 1203 162 145 140 139 140 139 140 140 133 140 139 162 148 163 153 156 149 43 57 150 161 152 89 90 80 79 78 77 77 70 234 63 63 63 63 63 63 63 63 63 63 234 63 233 233 233 71 69 69 79 79 78 79 79 79 79 69 68 69 79 69 79 79 69 39 39 40 40 61 60 247 247 247 247 247 249 97 250 250 250 250 250 250 250 250 250 250 250 250 243 102 101 100 100 100 100 100 100 99 98 99 99 98 107 108 109 115 105 115
a 769 117 5 5 5 5 117 5 5 3 1 1 1 1 3 1 3 3 3 12 11 12 3 3 3 12 11 11 12 127 130 124 124 124 130 124 130 124 130 124 130 124 130 127 130 136 130 136 126 125 125 123 125 125 125 134 135 22 135 22 135 135 135 22 22 22 135 135 135 155 125 134 135 135 135 22 23 24 147 142 147 147 134 135 135 22 22 22 23 26 25 18 16 13 16 13 16 13 16 22 22 23 26 23 134 125 134 125 134 135 22 22 23 26 23 26 23 134 147 134 135 135 13 19 19 19 19 19 19 19 53 19 19 19 19 19 19 53 15 15 14 14 17 14 17 45 275 275 246 247 249 97 250 250 250 250 250 250 250 250 250 250 243 250 250 250 250 243 102 101 100 99 98 104 104 104 104 104 104 98 99 99 99 99 98 107 107 107 107 107 107 206 218 206 218 210 107 108 109
a 742 96 93 96 96 93 96 96 96 96 96 93 92 92 92 92 92 92 92 92 92 92 92 92 92 92 92 92 92 92 92 92 92 92 92 92 92 92 92 92 92 92 92 92 92 92 92 92 92 92 92 92 92 92 92 92 92 92 92 92 92 92 92 92 92 92 92 92 92 92 92 92 92 92 92 92 92 92 92 92 92 92 92 92 92 92 92 92 92 92 92 92 92 92 92 92 92 92 92 92 92 92 92 92 92 92 92 92 92 92 92 92 92 92 92 92 92 92 92 92 92 92 92 92 92 92 92 92 92 92 92 92 92 92 92 92 92 92 92 92 92 92 92 92 92 92 92 92 92 92 92 92 92 92 92 93 94 73 81 88 81 88 282 282 282 281 280 266 267 266 267 266 266 82 266 280 266 82 82 266 280 266 280 279 222 279 278 277 277 277 276 263 276 272 273 273 243 102 103 104 104 106 115 105 115 109 115
a 1173 159 160 159 154 95 154 95 154 154 154 95 154 95 154 95 95 95 154 151 156 156 149 43 43 57 57 58 58 65 47 47 42 47 47 47 47 51 45 275 275 275 275 246 247 249 247 247 247 247 247 247 247 247 246 274 274 274 274 273 273 273 273 243 102 243 102 103 104 104 104 104 104 98 99 98 104 106 115
a 29 2 4 116 4 116 116 4 2 2 4 116 4 116 4 2 4 2 2 4 116 118 118 118 118 118 129 132 132 133 132 157 146 139 162 145 144 144 143 27 143 144 143 158 141 144 145 140 139 140 139 140 139 162 162 162 162 145 140 133 140 145 144 143 27 143 27 24 24 27 27 27 143 27 143 143 149 43 43 57 57 150 161 152 152 161 150 151 156 144 156 149 43 38 37 49 37 49 37 48 45 275 45 275 275 275 274 274 274 274 273 273 273 272 272 273 273 243 102 103 104 104 104 104 104 104 104 104 104 104 104 104 104 103 104 98 99 98 98 99 98 104 104
a 1208 162 145 144 143 149 43 43 38 58 65 65 65 65 47 46 41 42 47 42 32 42 32 30 50 50 28 28 28 28 28 28 28 28 28 28 28 28 28 28 28 66 253 66 253 66 253 253 66 253 253 253 253 66 216 66 253 66 253 66 253 253 66 216 215 219 215 216 215 219 213 213 219 176 173 176
a 1030 145 140 133 140 145 145 140 139 148 148 163 148 163 148 163 163 148 163 148 163 163 148 139 162 139 162 162 162 145 145 140 139 162 162 162 162 145 144 143 143 27 143 144 143 149 43 57 43 43 43 149 43 38 37 48 18 18 18 18 18 16 13 13 16 53 19 19 19 19 20 15 15 35 15 15 35 15 15 35 15 35 17 45 45 41 46 41 42 32 30 50 59 60 60 247 247 247 247 247 247 247 247 247 249 248 255 241 255 241 258 241 242 273 243 102 103 103 103 103 103 103 103 103 104 104 98 104 104 104 106 115 105 114 262 113 111 106 106 108 109 115 105 115 105 115
a 517 72 146 139 162 148 163 153 163 148 163 148 163 148 163 148 148 163 148 163 148 163 148 157 146 139 162 162 162 145 145 145 144 156 149 43 38 37 49 49 58 58 49 58 65 65 47 42 32 30 50 28 66 253 66 253 66 216 215 219 215 216 215 216 215 219 215 216 215 216 215 216 215 216 215 216 215 219 213 214 214 214 209 210 210 210 210 107 107 107 108 109 115 109
a 956 137 137 137 137 137 137 137 137 137 137 137 137 137 137 137 137 137 137 137 137 137 137 137 137 137 137 137 137 137 137 137 137 137 137 137 137 137 137 137 137 137 137 137 137 137 137 137 137 137 137 137 138 137 137 137 137 137 137 137 137 137 137 137 137 137 137 137 137 137 137 137 137 137 137 137 137 137 137 137 137 137 137 137 137 137 137 137 137 137 137 137 137 137 137 137 137 137 137 137 137 137 137 137 137 137 137 137 137 137 137 137 137 137 137 137 137 137 137 137 137 137 137 137 137 137 137 137 137 137 137 137 137 137 137 137 137 137 137 137 137 137 137 137 137 137 137 137 137 137 137 137 137 137 137 137 137 137 137 137 137 137 137 137 137 137 137 137 136 126 126 125 134 135 135 22 135 22 22 135 22 23 134 135 155 155 122 123 123 123 123 125 125 125 155 122 121 9 121 9 1 3 1 3 5 5 5 117 118 118 129 129 146 139 162 145 144 144 144 143 27 24 24 38 43 43 43 57 58 65 47 51 49 58 57 58 65 47 47 47 51 45 45 275 275 275 275 275 275 246 247 246 274 275 246 247 247 249 97 250 250 250 250 243 102 243 102 243 102 243 102 103 104 110 112 112 110 104 98 107 107 107 107 107 108 109 115 105 115 105
a 703 92 92 92 92 92 92 92 92 92 92 92 92 92 92 92 92 92 92 92 92 92 92 92 92 92 92 92 92 92 92 92 92 92 92 92 92 92 92 92 92 92 92 92 92 92 92 92 92 92 92 92 92 92 92 92 92 92 93 92 92 92 92 92 92 92 92 92 92 92 92 92 92 92 92 92 92 92 92 92 92 92 92 92 92 92 92 92 92 92 92 92 92 92 92 92 92 92 92 92 92 92 92 92 92 92 92 92 92 92 92 92 92 92 92 92 92 92 92 92 92 92 92 92 92 92 92 92 92 92 92 92 92 92 92 92 92 92 92 92 92 92 92 92 92 92 92 92 92 92 92 92 92 92 92 92 92 92 92 92 92 92 92 92 92 92 92 92 92 92 92 92 92 93 92 92 92 92 92 92 92 92 92 92 92 92 92 92 92 92 92 92 92 92 92 92 92 92 92 92 93 94 93 96 93 96 96 93 96 93 96 93 92 92 92 92 92 92 92 92 92 92 92 92 92 92 92 92 92 92 93 94 93 96 93 96 93 96 93 92 92 92 92 92 92 92 92 92 92 92 92 92 92 92 92 92 92 92 92 92 92 92 92 92 92 92 92 92 92 92 92 92 92 92 92 92 92 92 92 92 92 92 92 92 92 92 92 92 92 92 92 92 92 92 92 92 92 92 92 92 92 92 92 92 92 92 92 92 92 92 92 92 92 92 92 92 92 92 92 92 92 92 92 92 92 92 92 92 92 92 92 92 92 92 92 92 92 92 92 92 92 92 92 92 92 92 92 92 92 92 92 92 92 92 92 92 92 92 92 92 92 92 92 92 92 92 92 92 92 92 92 92 92 92 92 92 92 92 92 92 92 92 92 92 92 92 92 92 92 92 92 92 92 92 92 92 92 92 92 92 92 92 92 92 92 92 92 92 92 92 92 92 92 92 92 92 93 94 73 81 88 88 88 282 282 281 281 281 266 82 82 266 280 279 278 278 222 279 279 278 277
a 792 121 122 155 122 122 121 9 9 9 121 122 121 122 121 122 155 122 121 122 123 125 123 125 123 123 125 123 125 155 122 155 122 122 155 122 123 125 125 134 147 24 38 37 49 58 65 152 89 90 77 78 68 78 68 74 74 74 74 74 74 64 75 76 77 78 79 79 79 79 69 71 69 79 78 68 74 74 74 236 74 74 74 74 74 74 74 74 74 74 74 236 74 64 74 74 74 74 74 74 64 75 64 75 75 75 64 64 64 64 74 74 74 74 74 74 236 74 74 236 74 74 236 236 74 236 235 234 234 70 71 69 71 69 71 69 39 39 39 40 40 39 39 40 39 40 40 39 39 40 39 40 39 40 39 40 61 60 59 59 60 60 247 247 247 247 247 247 247
a 91 9 9 9 121 122 155 122 155 122 155 122 155 122 155 122 122 155 155 122 155 122 122 121 9 121 122 123 123 123 123 123 123 123 125 155 122 155 122 123 122 122 121 122 121 122 155 122 122 121 9 1 0 0 29 202 197 196 197 196 196 197 196 196 197 196 197 196 196 195 201 201 198 200 198 200 200 198 200 198 201 198 200 200 198 201 195 195 119 195 67 66 216 215
a 901 132 132 132 129 129 146 139 148 157 146 139 162 162 162 162 148 163 148 163 148 139 162 162 162 162 145 144 143 143 149 43 43 43 57 58 58 65 47 42 47 42 32 31 193 192 193 192 191 191 119 191 119 195 195 67 66 253 66 253 252 252 252 252 252 217 211 213 219 219 213 211 217 211 213 211 213 219 213 214 214 214 214 209 100 100 99 98 107 107 107 107 108 106 106 108 109
a 68 6 7 56 29 202 29 56 29 202 29 29 29 29 56 29 29 29 29 202 202 29 56 29 202 197 196 197 170 169 172 169 169 172 169 169
a 582 80 79 79 79 78 77 77 76 76 77 77 77 77 77 77 76 76 76 85 83 83 84 82 84 82 266 280 266 267 266 280 279 278 279 278 279 279 278 222 223 225 223 225 228 228 226 226 220 229 229 220 229 263 263 238 264 264 276 276 276 263 276 264 264 238 264 276 272 272 272 273 243 250 250 250 243 102 103 104 104 98 107 108 109 115 105 114 270 262 113
a 542 76 77 76 75 64 75 75 75 64 64 64 64 64 64 75 75 64 75 64 75 75 64 64 75 75 75 64 75 75 75 75 76 77 78 68 78 68 69 69 39 40 39 40 39 39 40 39 40 40 61 40 39 39 39 39 40 40 61 40 61 60 247 247 249 97 250 250 250 243 102 103 103 103 103 103 100 99 98 107 107 107 107 206 206 218 218 214 214 214 213 214 214 214 214 209 100 100 100 99 98 107 107 107 107 108
a 1049 146 146 139 148 148 163 148 163 148 163 148 157 146 139 162 145 140 139 140 133 140 139 140 133 140 133 138 137 137 137 137 137 136 142 158 142 147 147 142 147 147 134 125 125 123 123 123 123 125 125 134 147 147 142 27 27 143 144 143 158 143 158 143 158 137 137 137 137 137 137 137 137 137 137 137 137 137 137 137 136 130 127 5 5 117 117 117 5 117 5 5 5 117 5 117 117 117 118 129 146 139 162 162 148 157 146 139 148 148 148 157 148 139 148 157 146 146 146 139 162 145 145 140 139 162 162 145 145 140 139 140 139 140 133 138 141 144 143 149 43 57 57 58 65 152 164 166 165 159 165 165 165 165 165 165 166 165 165 165 165 165 165 165 165 165 91 91 91 89 90 90 80 79 79 69 39 40 61 60 59 60 59 59 60 59 59 60 59 60 247 249 249 249 249 249 97 250 243 102 243 102 243 102 103 104 104 98 104 104
a 828 124 123 123 123 123 123 123 123 123 122 121 9 121 122 155 122 122 121 122 121 120 8 7 7 7 56 72 56 29 29 29 202 197 196 197 196 197 196 196 197 197 196 196 197 202 202 29 56 72 56 72 72 56 29 29 29 29 29 29 56 7 7 54 7 6 7 7 54 7 7 54 7 7 6 44 17 45 41 45 275 275 275 275 246 274 246 247 247 247 249 249 249
a 56 5 3 1 1 1 3 3 3 12 12 127 128 128 129 132 132 133 140 145 145 140 133 132 129 146 139 162 145 144 143 27 24 38 37 49 58 57 58 65 47 42 32 30 50 28 66 253 66 253 66 253 66 253 253 253 66 253 66 253 66 253 253 66 253 66 253 66 253 253 253 66 253 66 253 253 66 253 66 253 66 216 215 216 215 174 168 168 205 205 205 205 175
a 953 137 137 137 137 137 137 137 137 137 137 137 137 137 137 137 136 130 136 136 126 126 126 125 134 147 134 135 135 135 135 155 122 155 122 155 155 122 123 125 123 123 123 125 123 123 125 123 125 125 134 134 135 135 155 122 121 9 121 122 122 155 122 155 125 155 122 121 9 121 122 121 9 1 0 29 202 29 29 29 56 7 6 7 7 56 7 56 29 29 29 56 72 72 56 29 202 197 202 197 196 197
a 889 130 124 124 124 130 124 130 124 130 124 12 12 12 127 130 124 124 12 12 12 12 3 12 12 12 11 12 3 12 12 127 128 117 5 5 3 3 3 1 3 12 12 12 12 12 12 12 12 3 12 127 130 124 130 127 128 131 138 137 137 137 137 137 137 137 137 137 137 137 137 137 137 137 137 137 137 137 137 137 137 137 137 137 137 137 137 137 137 137 137 137 137 138 137 137 137 137 137 137 137 137 137 137 137 137 137 137 136 130 124 130 124 130 136 130 124 124 130 124 130 124 12 127 130 127 130 127 130 136 130 124 124 12 127 128 128 129 146 157 146 157 146 139 162 139 162 162 162 145 140 140 139 162 139 162 145 140 133 140 145 144 144 143 143 149 43 57 43 43 43 57 58 65 47 42 32 30 50 28 66 253 253 66 253 66 253 252 217 211 213 207 217 217 217 211 208 209 100 100 100 99 98 107 107 108 205 175 205
a 797 121 120 54 7 54 7 56 56 56 72 72 72 72 56 72 146 139 140 133 138 137 137 137 137 137 137 137 137 137 137 137 137 137 137 137 137 137 137 137 137 137 137 137 137 138 141 141 144 145 145 145 140 133 138 138 138 141 144 144 143 27 143 158 137 137 137 137 137 137 137 137 137 137 137 137 137 137 137 137 137 137 137 137 137 137 137 137 137 137 137 137 137 137 137 137 137 137 137 137 137 137 137 137 137 137 137 137 136 130 124 130 124 130 136 130 127 130 124 130 124 124 124 130 124 130 127 130 124 123 123 125 155 125 123 125 134 135 135 135 135 135 135 22 22 22 23 26 25 22 135 135 22 22 22 23 134 135 135 135 13 121 9 10 11 12 127 130 124 12 12 12 3 12 3 1 0 29 29 29 56 7 6 7 56 29 29 56 29 202 29 56 56 56 29 29 56 72 72 146 146 146 139 162 145 140 133 138 138 137 137 137 137 137 137 137 137 137 137 137 137 137 136 130 127 130 124 124 130 124 130 124 130 124 12 12 11 123 123 125 134 125 123 125 123 123 123 125 123 123 123 125 134 135 13 19 19 19 19 19 19 20 15 14 17 44 17 45 51 47 47 42 32 30 50 28 66 216 215 174 168 168
a 1121 154 154 154 95 154 95 154 154 151 156 144 143 27 24 147 134 134 134 135 135 135 13 16 13 121 120 8 7 56 29 29 29 202 197 196 195 201 198 200 198 200 198 201 198 200 200 200 198 201 198 201 198 200 198 201 198 200 198 201 198 200 200 198 201 198 200 200
a 1255 194 194 55 194 55 55 55 194 55 194 55 55 55 194 193 192 193 192 192 192 199 199 199 199 199 192 192 191 119 191 119 191 119 195 195 196 197 196 195 119 195 195 201 195 196 196 196 197 196 197 196 197 196 197 196 195 119 195 196 195 119 195 195 195 119 195 67 66 216 215 174
a 553 77 77 77 77 76 77 77 77 77 78 79 79 80 80 90 89 90 86 76 85 83 84 82 266 267 267 266 82 84 82 84 82 84 82 84 82 266 82 84 82 84 84 82 84 82 84 84 82 266 280 279 279 278 278 278 279 278 277 276 272 272 273 272 273 243 250 250 243 102 103 103 100 100 100 100 99 98 104 106 106 106 106 106 106 106 106 106 106 106 106 106 106 106 106 106 106 106 106 106 106 106 106 106 106 106 108 106 106 115 109
a 1218 163 148 163 148 163 148 148 163 148 163 163 153 156 149 43 57 58 58 65 65 152 164 166 165 165 165 165 165 165 165 166 165 165 165 91 89 152 80 80 152 89 89 89 89 89 89 90 90 80 90 90 90 90 77 77 78 77 78 68 78 79 69 69 79 79 78 79 78 68 78 79 69 79 78 68 78 68 78 77 78 79 79 79 78 79 79 78 79 79 79 69 69 79 79 79 78 79 69 71 69 39 39 40 39 40 40 39 40 61 60
a 712 93 96 93 92 92 92 92 92 92 92 92 92 92 92 92 92 92 92 92 92 92 92 92 92 92 92 92 92 92 92 92 92 92 92 92 92 92 92 92 92 92 92 92 92 92 92 92 92 92 92 92 92 92 92 92 92 92 92 92 92 92 92 92 92 92 92 92 92 92 92 92 92 92 92 92 92 92 92 92 92 92 92 92 92 92 92 92 92 92 92 92 92 92 92 92 92 92 92 92 92 92 92 92 92 92 92 92 92 92 92 92 92 92 92 92 92 92 92 92 92 92 92 92 92 92 92 92 92 92 93 94 94 94 94 94 93 96 93 92 92 92 92 92 92 92 92 92 92 92 92 92 92 92 92 92 92 92 92 92 92 92 92 92 92 92 92 92 92 92 92 92 92 92 92 92 92 92 92 92 92 92 92 92 92 92 92 92 92 92 92 92 92 92 92 92 92 92 92 92 92 92 92 92 92 92 92 92 92 92 92 92 92 92 92 92 92 92 92 92 92 92 92 92 92 92 92 92 92 92 92 92 92 92 92 92 92 92 92 92 92 92 92 92 92 92 92 92 92 92 92 92 92 92 92 92 92 92 92 92 92 92 92 92 92 92 92 92 92 92 92 92 92 92 92 92 92 92 92 92 92 92 92 92 92 92 92 92 92 92 92 92 92 92 92 92 92 92 92 92 92 92 92 92 92 92 92 92 92 92 92 92 92 92 92 92 92 92 92 93 92 92 92 92 92 92 92 92 92 92 92 92 92 92 92 92 92 92 92 92 92 92 92 92 92 92 92 92 92 92 92 92 92 92 92 92 92 92 92 92 92 92 92 92 92 92 92 92 92 92 92 92 92 92 92 92 92 92 92 92 92 92 92 92 92 92 92 92 92 92 92 92 92 92 92 92 92 92 92 92 92 92 92 92 92 92 92 92 92 92 92 92 92 92 92 92 92 93 96 93 96 93 92 92 92 92 92 92 92 92 92 92 92 92 92 92 92 92 92 92 92 92 92 92 92 92 92 92 92 92 92 92 92 92 92 92 92 92 92 92 92 92 92 92 92 92 92 92 92 92 92 92 92 92 92 92 92 92 92 92 92 92 92 92 92 92 92 92 92 92 92 92 92 92 92 92 92 92 92 92 92 92 92 92 92 92 92 92 92 92 92 92 92 92 92 92 92 92 92 92 92 92 92 92 92 92 92 92 92 92 92 92 92 92 92 92 92 92 92 92 92 92 92 92 92 92 92 92 92 92 92 92 92 92 92 92 92 92 92 92 92 92 92 92 92 92 92 92 92 92 92 92 92 92 92 92 92 92 92 92 92 92 92 92 92 92 92 92 92 92 92 92 92 92 92 92 92 92 92 92 92 92 92 92 92 92 92 92 92 92 92 92 92 92 92 92 92 92 92 92 92 92 92 92 92 92 92 92 92 92 92 92 92 92 92 92 92 92 92 92 92 92 92 92 92 92 92 93 96 93 94 93 94 73 94 94 73 94 94 73 73 73 73 73 81 73 81 73 73 81 88 88 282 281 281 280 279 278
a 695 91 160 73 160 73 81 73 81 73 81 88 81 88 282 281 280 279 278 278 278 278 277 277 276 272 272 273 243 102 103 103 103 103 100 100 100 100 100 100 100 100 99 98 104 104 104 106 106 106 106 106 108 109 115 109 115 105 115
a 193 19 19 53 53 19 53 15 15 35 18 18 18 18 16 13 13 19 19 53 53 19 19 19 53 15 35 17 45 45 51 45 41 45 45 41 46 35 17 44 17 14 17 45 41 45 45 41 46 47 42 32 42 47 47 42 39 40 40 40 40 40 40 39 39 39 40 40 39 40 39 39 40 40 61 40 40 40 39 40 61 60 247 246 274 274 275 275 246 274 273 273 243 102 103 103 103 103 103 100 100 99 99 98 99 98 107 206 218 210 210 107 107 107 107 108 108 106 106 108 109
a 970 139 140 145 145 140 145 140 140 140 139 162 145 140 139 140 133 138 137 137 137 137 137 137 137 137 137 137 137 137 137 137 137 137 137 137 137 137 137 137 137 137 137 137 137 137 137 137 137 137 137 137 137 138 141 141 140 140 139 162 145 144 144 156 149 43 38 58 65 47 42 47 42 42 42 32 30 50 28 66 28 66 253 66 253 66 253 253 66 253 253 66 253 253 66 253 66 253 66 216 66 216 215 174 168 205
a 747 96 93 96 93 94 73 73 81 88 282 282 282 281 281 266 266 266 267 280 266 82 266 280 279 278 278 279 279 278 278 222 279 278 278 279 278 279 278 222 221 221 221 279 279 278 222 223 222 223 225 224 230 224 277 276 272 272 272 272 273 243 102 243 102 243 250 243 102 103 104 104 98 99 98 98 98 107 107 108 106 106 106 106
a 874 129 129 129 132 133 140 139 162 145 140 133 132 129 146 146 146 146 146 146 139 162 162 162 145 145 145 145 140 133 138 138 141 141 141 141 144 144 143 143 27 27 143 143 149 43 38 37 49 51 49 37 49 37 49 37 37 49 51 45 41 45 41 46 47 42 39 40 40 39 40 61 60 59 60 247 249 249 249 249 248 249 248 248 248 249 248 255 241 242 273 273 273 273 272 272 272 273 273 243 102 103 103 103 103 103 103 100 99 99 98 99 99 210 218 218 214 214 214 214 214 209 100 100 99 98 99 98 104 104 104 104 104 104 104 98 98 99 98 107 108
a 648 86 90 90 90 90 90 89 89 89 89 89 89 90 90 77 77 77 78 68 78 79 78 68 78 68 74 74 64 75 64 75 64 75 64 64 64 64 64 75 75 75 64 75 64 75 75 76 77 77 70 234 63 234 70 71 69 71 69 39 40 39 39 40 39 40 61 60 59 60 59 60 59 60 59 60 247 247 247 247 247 247 247 249 249 97 250 250 243 102 243 102 103 100 99 98 99 98 107 107 108
a 689 90 77 77 78 68 78 79 69 69 79 79 80 79 69 79 69 69 39 40 40 40 61 61 60 59 60 59 60 62 60 59 60 59 59 60 62 62 60 247 247 247 247 247 247 247 247 247 247 247 247 247 247 247 247 247 247 247 247 246 274 274 274 273 273 273 273 272 272 272 272 273 273 274 274 274 274 273 273 273 273 243 102 103 104 98 99 98 99 98 104 104 104 104 104 104 104 104 104 104 104 104 106 106 106 106
a 204 20 15 35 17 14 15 15 15 35 15 14 44 17 44 17 44 17 45 41 46 41 46 41 42 32 42 47 42 32 30 50 28 28 28 28 28 28 28 28 28 28 28 28 28 28 28 28 28 28 28 28 28 28 28 28 66 253 66 28 66 253 66 253 66 28 66 253 253 66 253 253 253 66 253 66 253 66 253 66 253 253 66 253 66 253 66 253 253 253 66 216 215 174 168 205 205 205 205 205 205 175
a 1042 146 146 139 162 145 145 140 139 140 133 140 139 162 162 162 148 163 148 163 148 139 162 139 140 140 133 140 139 140 133 138 137 136 126 125 123 122 123 125 134 147 134 135 135 155 122 121 122 121 122 122 122 121 120 20 15 35 18 48 18 18 18 35 17 45 51 49 58 65 152 164 166 165 165 165 165 166 165 91 89 73 81 88 88 282 281 280 279 279 278 277 277 276 263 276 272 272 272 272 272 272 273 243 250 250 250 250 250 250 250 250 250 250 250 243 102 103 104 104 104 98 99 98 98 98 104 104 98 107 107 206 218 218 210 210 218 218
a 14 1 3 3 12 11 11 11 11 11 11 12 12 3 12 3 3 3 2 4 2 2 4 2 3 12 12 11 123 123 125 134 135 135 135 135 155 122 155 122 155 155 122 122 121 122 155 122 121 9 121 120 8 8 9 1 0 29 56 7 7 56 72 72 56 29 29 29 56 56 56 56 29 202 202 197 196 197 196 197 196 196 197 202 202 197 196 195 195 195 119 191 119 195 67 66 216 215
a 94 9 121 9 9 8 9 121 122 122 155 122 121 120 8 0 29 56 72 56 29 202 29 56 29 29 29 56 56 56 29 56 72 72 72 56 7 7 56 72 56 29 29 56 29 29 29 56 29 202 197 170 170 169 172 177 172 169 169 172
a 870 129 146 139 162 139 162 162 145 140 139 162 162 148 139 162 145 145 140 139 140 139 139 162 162 145 145 145 140 139 162 145 140 139 162 148 148 157 146 146 146 139 162 145 145 145 140 133 138 137 137 137 137 137 137 137 137 137 137 137 137 137 137 138 137 136 142 27 143 27 27 24 24 38 38 37 48 37 49 51 49 58 65 65 152 65 65 152 164 166 165 165 165 165 91 89 89 89 89 90 77 78 77 78 68 78 79 79 78 77 77 70 70 234 63 63 233 71 69 39 40 40 40 40 61 60 60 59 59 60 59 60 59 60 62 62 62 62 60 59 59 60 59 60 60 247 247 247 249 248 254 248 248 249 248 248 249 249 249 248 248 255 241 242 273 273 243 250 250 250 250 243 250 243 102 103 104 104
a 551 77 78 79 69 39 40 40 40 40 39 40 61 60 62 62 62 60 62 62 62 62 62 60 60 60 59 59 59 59 60 247 247 247 247 247 247 247 247 247 247 247 247 247 247 247 246 274 274 245 231 245 231 231 245 275 275 246 274 275 246 247 249 249 249 97 249 97 250 250 250 250 250 250 250 250 243 102 103 103 103 103 103 103 103 103 103 103 103 103 103 103 103 103 103 103 103 103 103 100 100 99 98 99 99 99 99 98 104 104 104 104 104 104 98 104 104 104 104 98 99 99 99 99 210 210 218 210 107 107 206 206 218 206 206 218 218 214 214 214 209 100 100 99 98
a 1116 153 153 153 153 156 149 43 43 43 149 43 57 43 38 58 65 47 47 51 45 41 46 47 42 47 42 42 47 42 32 30 50 28 66 253 66 253 253 66 253 66 253 66 253 66 253 253 66 216 215 174 173 177 172 169 170 169 170 169 170 169 172 169 170 169 169 172 177 172 169 170 169 172 169 169
a 274 27 143 27 27 24 38 37 37 49 51 45 41 45 41 46 35 17 45 51 49 51 48 45 41 42 32 42 32 30 50 28 28 28 28 28 28 28 28 28 28 28 28 66 253 66 253 253 253 253 253 66 253 253 66 28 28 28 28 28 28 28 28 66 253 66 253 66 253 66 253 66 253 253 253 253 66 253 253 253 66 253 253 66 253 253 253 253 66 216 215 219 213 207 207 212 207 212 212 207 212 212 207 217 211 213 214 214 214 214 218 218 210 210 107 107 107 107 108 106 106
a 895 131 132 132 132 132 129 146 139 140 140 133 138 141 144 144 143 143 149 43 149 43 38 38 37 49 58 49 51 45 45 51 49 58 58 65 65 47 42 47 47 42 42 32 42 32 42 32 30 28 28 28 28 28 28 66 253 66 253 253 66 253 66 253 66 253 253 253 66 253 66 253 252 217 211 213 213 214 214 214 214 214 214 214 213 207 217 211 213 214 209 210 107 107 108 106 106 106 106 106 115 105 115 105 114 262 271 262 113
a 415 48 18 18 18 16 53 15 14 17 44 17 14 33 31 36 31 36 31 32 30 50 28 66 253 66 253 253 253 66 253 253 66 253 66 253 253 253 66 253 253 253 66 253 66 253 66 253 66 253 253 66 28 66 253 253 253 66 253 66 216 215 219 213 214 209 210 210 107 206 206 206 206 218 214 214 214 209 210 210 210 107 108 109 171
a 87 8 8 9 10 122 121 122 155 122 121 122 123 123 122 123 123 123 123 125 134 135 135 135 155 122 155 122 121 120 120 8 9 1 3 3 5 5 3 5 117 118 129 146 146 146 146 146 146 146 139 162 148 148 163 148 148 139 140 139 148 148 139 162 148 163 148 163 148 163 148 139 162 148 163 148 139 139 162 145 144 144 144 143 27 143 143 149 43 38 37 49 37 49 37 49 37 49 37 37 49 58 49 58 58 65 65 47 51 49 58 65 47 42 47 47 47 42 32 30 28 66 253 66 253 253 66 253 66 253 66 216 215 174 168 174 168 205 175
a 173 17 45 51 45 41 45 41 42 32 30 50 28 66 253 66 253 253 66 253 66 28 28 66 28 66 28 28 28 28 28 28 28 28 28 28 28 30 50 50 28 66 216 215 216 66 216 215 216 215 216 215 219 219 213 214 209 100 100 100 99 98 99 99 98 104 98 99 98 98 107 107 107
a 866 128 128 127 127 5 5 5 5 3 3 3 12 3 3 12 3 3 1 3 1 1 0 1 0 0 8 8 0 8 9 121 122 122 122 123 123 123 123 123 125 155 122 155 122 122 155 122 121 122 121 120 8 9 9 121 120 20 15 15 14 33 31 193 192 199 199 199 199 192 191 119 195 201 201 201 198 200 200 198 201 195 196 197 196 197 196 197 197 196 197 170 169 170 169 170 169 170 169
a 596 81 88 282 281 281 280 279 278 277 276 272 273 243 102 101 100 100 99 99 99 98 107 107 206 206 218 210 210 218 210 218 218 206 218 210 210 210 218 214 209 100 100 100 100 100 100 100 100 100 100 100 99 98 104 104 103 104 104 98 104 104 106 106 106 106 106 106 106 106
a 1258 194 55 194 55 55 194 55 55 55 194 55 194 33 31 32 42 47 42 32 30 50 28 66 28 28 66 253 253 66 253 252 252 252 252 253 253 66 253 66 253 66 216 215 216 215 219 219 219 215 174 168 168 205 108 109 115 105 115 105 115
a 12 1 1 3 3 1 3 3 3 1 1 3 3 1 3 12 127 130 124 130 124 130 124 12 12 12 3 12 3 12 12 12 3 3 5 5 5 117 5 5 127 130 124 130 127 130 124 130 127 130 127 128 127 127 130 124 130 127 130 127 130 124 130 124 130 127 127 130 127 130 124 12 3 3 12 127 5 5 3 3 3 12 12 12 12 12 3 12 3 12 11 11 10 11 10 11 12 127 127 130 124 12 3 3 1 3 1 1 3 3 3 3 1 1 3 1 3 3 3 1 0 29 202 29 202 197 196 195 119 191 191 119 191 119 195 67 66 216 215 216 215 219 215 216 215 216 215 219
a 877 129 146 139 140 133 140 139 140 133 138 137 137 137 137 137 137 137 137 137 137 137 137 138 141 144 143 27 24 24 147 142 147 134 134 135 155 155 122 123 125 134 135 135 135 135 135 135 135 155 155 155 122 123 123 125 123 123 122 155 122 123 123 125 134 134 135 135 135 22 135 135 135 135 135 135 135 22 23 24 38 58 58 65 65 161 152 89 91 91 91 91 160 73 73 160 91 89 91 91 89 90 80 79 79 79 79 78 77 77 78 68 78 68 78 68 78 68 78 79 79 79 79 79 78 79 78 68 78 68 74 74 74 74 74 74 74 74 64 64 64 64 75 75 64 64 64 64 64 64 64 74 236 236 235 235 237 265 238 264 276 276 272
a 871 129 129 146 139 140 145 144 156 144 144 144 156 156 156 156 144 156 149 43 149 43 149 43 43 149 43 43 57 58 58 65 47 42 32 30 50 50 28 28 28 30 50 28 66 253 253 66 253 66 28 66 253 66 253 66 253 66 216 215 216 215 219 215 219 215 216 215 216 215 219 213 207 217 217 211 213 207 217 211 213 213 214 209 100 100 100 99 99 98 107 107
a 54 5 5 5 3 3 1 1 1 3 12 12 12 3 3 3 12 12 127 128 127 130 124 12 3 12 11 10 122 121 9 10 122 155 122 123 123 123 125 123 125 125 134 135 155 155 122 155 122 121 122 155 155 122 122 155 122 155 122 122 121 9 1 0 8 9 121 122 121 122 123 123 123 123 123 125 125 123 123 125 123 125 125 134 135 135 155 122 155 122 155 125 134 134 134 134 147 147 142 158 158 143 27 143 27 143 149 43 43 38 38 58 65 152 89 89 90 89 90 90 77 78 79 69 71 69 71 69 71 69 68 78 79 69 79 78 68 78 68 78 68 78 68 74 236 74 74 74 74 64 64 64 75 75 75 64 75 75 64 74 74 74 74 74 74 236 74 64 64 74 74 74 236 235 221 278 278 222 221 278 278 278 278
a 1145 156 156 149 43 149 43 57 58 58 65 65 161 161 161 161 150 161 150 151 156 144 143 143 27 24 24 24 24 24 24 27 27 143 27 143 143 27 27 143 27 24 38 43 57 57 57 43 57 150 161 152 89 90 89 91 89 89 90 90 90 90 89 152 89 90 77 78 68 78 77 77 76 77 77 77 78 79 78 68 78 68 69 69 69 39 40 40 39 39 40 39 39 39 40 40 39 39 39 40 39 40 39 40 61 60 62 62 60 59 60 247 247 247 247 247 247 249 97 249 249 248 248 249 248 254 248 254 248 255 241 258 241 255 241 241 258 241 241 242 242 273 243 250 250 250 250 250 250 243 102 103 104 104 104
a 96 9 9 1 1 3 12 11 12 3 12 127 128 129 146 146 146 146 139 140 140 145 145 145 140 145 140 139 162 145 140 139 162 145 140 133 132 133 140 139 162 145 140 145 145 144 144 144 156 151 156 156 144 145 140 139 162 145 144 143 149 43 149 43 149 43 57 58 65 152 89 152 89 91 91 89 90 90 90 77 78 77 77 76 76 76 77 77 77 77 77 78 79 79 69 69 68 78 79 80 79 79 69 39 40 39 40 61 60 59 60 59 60 59 59 59 60 60 59 60 247 249 249 249 97 249 249 249 97 250 243 102 103 104 104 98 104 104 104 106 106
a 634 85 83 83 84 82 84 82 84 82 266 82 82 84 82 84 82 266 266 267 266 266 280 281 266 280 266 82 84 82 84 82 84 82 266 280 279 279 278 279 278 278 279 279 279 278 277 224 230 263 276 276 272 273 243 102 103 103 103 103 103 103 103 103 103 103 100 100 100 100 100 100 99 98 107 206 218 210 107 206 218 206 218 214 214 209 100 100 100 100 100 100 100 100 99 99 98 104 104 104 98 98
a 1166 158 143 27 143 143 158 143 27 143 143 158 143 27 143 149 43 149 43 149 43 38 38 38 38 38 58 65 47 42 42 32 30 50 28 28 28 28 28 28 28 28 28 66 253 253 66 28 66 253 252 253 253 66 28 28 28 28 28 28 66 253 66 253 253 253 66 253 253 66 253 66 253 253 66 253 253 66 253 66 253 253 66 253 253 253 252 217 211 208 209 209 209 100 100 100 100 100 100 100 100 100 100 100 100 100 100 99 98 98 99 98 104 104 104 104 98 99 99 99 98 99 210 107 108 106
a 1184 160 91 91 165 165 165 165 165 165 91 91 91 91 91 165 165 165 165 165 165 165 165 165 166 165 165 165 165 165 166 165 165 166 165 166 165 165 165 91 91 160 159 160 73 73 81 88 282 281 280 266 280 279 278 222 223 222 223 225 224 277 277 277 277 278 222 279 279 278 278 277 278 277 277 224 277 277 276 264 276 272 271 270 262 113
a 707 92 92 92 92 92 92 92 92 92 92 92 92 92 92 92 92 92 92 92 92 92 92 92 92 92 92 92 92 92 92 92 92 92 92 92 92 92 92 92 92 92 92 92 92 92 92 92 92 92 92 92 92 92 92 92 92 92 92 92 92 92 92 92 92 92 92 92 92 92 92 92 92 92 92 92 92 92 92 92 92 92 92 92 92 92 92 92 92 92 92 92 92 92 92 92 92 92 92 92 92 92 92 93 96 93 96 93 92 92 92 92 92 92 92 92 92 92 92 92 92 92 92 92 92 92 92 92 92 92 92 92 92 92 92 92 92 92 92 92 92 92 92 92 92 92 92 92 92 92 92 92 92 92 92 92 92 92 93 92 92 92 92 92 92 92 92 92 92 92 92 92 92 92 92 92 92 92 92 92 92 92 92 92 92 92 92 92 92 92 92 92 92 92 92 92 92 92 92 92 92 92 92 92 92 92 92 92 93 96 93 96 93 96 93 94 73 94 73 73 81 88 282 282 281 281 281 280 279 278 277 278 277 276 272 272 272
a 1155 157 146 139 140 139 162 139 162 145 145 140 133 138 141 144 143 158 137 137 137 137 137 137 137 137 137 137 137 137 137 137 137 137 137 137 137 137 137 137 137 137 137 137 137 137 137 137 137 137 137 137 137 137 137 137 137 136 130 124 124 130 136 130 124 130 124 130 124 124 124 130 124 130 124 130 124 124 130 127 130 124 130 124 130 127 127 130 136 142 147 134 125 123 123 123 123 123 125 134 125 134 135 22 23 24 38 38 58 49 51 49 51 49 51 47 47 47 42 32 30 50 28 28 66 253 66 253 253 253 66 28 66 253 252 217 217 211 213 214 214 218 218 210 107 206 218 210 107 107 206 218 206 218 206 218 214 214 214 209 209 209 210 107
a 270 27 143 144 144 143 27 143 149 43 149 43 57 150 57 58 65 65 65 152 65 47 42 32 30 50 28 66 253 253 253 66 253 66 253 253 253 253 66 253 66 253 253 66 253 66 253 66 253 66 253 253 253 253 66 253 66 216 215 216 215 216 215 216 66 216 215 174 168 174 168 205 205
a 957 137 137 137 137 137 137 137 137 137 137 137 137 137 137 137 137 137 137 137 137 137 137 137 137 137 138 137 137 137 137 137 137 137 137 137 137 137 137 137 137 137 137 137 137 137 137 137 137 137 137 137 137 137 138 137 137 137 137 137 137 137 137 137 137 137 137 137 137 137 137 137 137 137 137 137 137 137 137 137 137 137 137 137 137 137 137 137 137 137 137 137 137 137 137 137 137 137 137 137 137 137 136 142 158 142 27 27 143 143 27 143 27 24 38 58 58 65 65 58 58 65 47 47 47 42 32 30 50 28 28 28 28 28 30 50 28 66 253 253 253 66 253 253 253 253 253 66 253 66 253 66 253 66 253 66 253 253 66 253 66 253 253 66 253 253 253 253 66 216 215 219 213 219 215 216 215 216 215 174 168 168 205 108 108
a 128 12 11 10 122 155 122 155 122 121 122 155 122 122 123 122 122 121 13 121 120 8 0 0 29 56 56 56 56 72 146 146 139 162 145 145 144 143 149 43 43 149 43 149 43 38 38 37 49 37 49 58 58 65 47 42 32 42 32 32 32 30 30 50 28 66 253 66 28 66 253 66 253 66 253 252 217 211 213 219 213 214 214 214 214 214 209 100 100 100 100 100 100 100 100 99 210 218 210 107 107 107 108 108 205 205 205 205 205 175
a 702 92 92 92 92 92 92 92 92 92 92 92 92 92 92 92 92 92 92 92 92 92 92 92 92 92 92 92 92 92 92 92 92 92 92 92 92 92 92 93 96 96 93 96 93 92 92 92 92 92 92 92 92 92 92 92 92 92 92 92 92 92 92 92 92 92 92 92 92 92 92 92 92 92 92 92 92 92 92 92 92 92 92 92 92 92 92 92 92 92 92 92 92 92 92 92 92 92 92 92 92 92 92 92 92 92 92 92 92 92 92 92 92 92 92 92 92 92 92 92 92 92 92 92 92 92 92 92 92 92 92 92 92 92 92 92 92 92 92 92 92 92 92 92 92 92 92 92 92 92 92 92 92 92 92 92 92 92 92 92 92 92 92 92 92 92 92 92 92 92 92 92 92 92 92 92 92 92 92 92 92 92 92 92 92 92 92 92 92 92 92 92 92 92 92 92 92 92 92 92 92 92 92 92 92 92 92 92 92 92 92 92 92 92 92 92 92 92 92 92 92 92 93 96 93 96 93 96 93 96 93 96 93 96 93 96 93 94 93 96 93 92 92 92 92 92 92 92 92 92 92 92 92 92 92 92 92 92 92 92 92 92 93 96 93 94 94 94 73 73 73 81 88 282 281 280 279 278
a 755 116 4 2 3 3 3 12 12 127 5 117 5 5 117 117 118 129 132 132 133 138 138 137 137 137 137 137 137 137 137 137 137 137 137 137 137 137 137 137 137 137 137 137 137 137 137 137 136 130 136 136 130 124 130 124 130 136 126 136 130 136 130 127 130 124 124 130 124 12 12 3 3 1 3 3 12 127 130 127 127 127 130 124 12 12 3 3 3 3 1 3 3 3 1 0 29 29 202 197 196 196 197 202 197 196 196 197 196 197 196 195 201 195 67 66 216 215 219
a 73 7 6 7 56 72 72 72 56 56 7 7 7 7 8 120 8 0 0 0 8 9 10 122 155 122 155 122 121 9 121 122 155 122 121 120 8 7 6 7 56 56 56 29 202 29 29 56 56 72 72 56 7 56 72 56 29 56 72 72 56 56 72 56 29 202 202 202 197
a 42 4 116 4 116 4 116 118 129 146 139 140 133 138 141 144 143 27 143 27 143 27 143 149 150 161 152 164 166 165 166 165 166 165 165 165 91 91 89 73 81 73 81 88 282 281 280 279 278 278 278 278 278 222 221 222 223 225 224 238 264 276 263 238 265 277 277 277 277 265 238 264 264 238 264 238 238 265 277 276 276 272 272 273 272 273 273 273 243 102 103 104 104 98 99 99 98 104 106 106 108 106
a 647 86 86 90 90 80 79 69 69 79 69 68 78 79 79 69 79 78 79 69 71 69 69 71 69 68 78 79 78 79 69 71 69 71 69 69 68 78 79 79 79 79 79 79 69 68 78 79 79 78 79 69 69 71 69 68 69 39 40 61 60 59 59 59 59 60 247 247 247 247 249 249 249 248 255 241 258 241 242 242 273 243 102 101 101 100 100 99 98 107 107 107 107 108
a 1204 162 148 148 163 148 163 153 163 148 163 148 139 148 157 146 146 146 146 146 146 139 162 145 144 143 144 143 27 143 143 27 143 27 143 149 43 149 43 43 57 150 149 43 149 43 57 58 65 152 164 166 165 91 89 89 89 89 89 89 89 152 89 90 77 77 76 76 77 76 76 76 77 78 68 74 74 74 74 74 74 74 74 74 74 74 64 75 76 77 76 76 75 76 77 78 68 69 69 79 78 68 78 79 79 69 69 39 39 40 39 39 40 39 40 61 60 247 249 97 250 250 250 250 250 250 250 250 243 250 250 250 250 250 250 250 250 250 250 243 250 250 250 250 250 250 250 243 102 103 100 100 100 100 100 100 99 98 107 107 108
a 30 3 3 12 12 12 11 123 123 123 123 125 134 23 24 24 38 37 49 58 65 152 164 166 165 166 165 165 166 165 165 165 165 166 165 165 165 166 165 165 165 91 91 91 89 90 77 78 79 79 78 79 79 78 79 79 79 79 79 79 78 68 74 74 74 74 74 74 236 70 71 69 39 39 40 40 39 40 40 40 40 39 40 40 39 39 40 40 40 61 61 60 62 60 247 249 249 97 250 250 250 250 250 250 250 250 243 250 250 250 250 250 250 250 250 250 250 250 250 250 250 250 243 250 250 250 250 250 250 250 243 102 243 102 103 103 104 98 104 104 104 104 104 104 103 104 98 104 104 98 107 107 108 106 106
a 560 78 68 78 68 78 68 69 79 69 68 74 64 64 75 64 75 75 64 74 74 74 74 74 74 74 74 74 74 74 74 74 74 74 64 64 64 75 76 85 76 77 78 79 79 78 68 69 69 68 69 69 71 69 79 69 71 69 69 79 79 78 79 79 78 68 78 68 78 77 77 77 77 77 76 76 75 64 75 76 76 85 83 83 84 82 266 280 279 278 277 278 279 279 222 279 278 278 222 221 278
a 88 8 0 29 56 7 6 6 7 6 7 56 29 56 56 72 56 56 29 29 29 202 29 29 29 29 56 29 29 56 56 29 202 197 196 197 196 196 197 197 196 196 197 196 196 197 196 197 202 197 202 29 202
a 426 49 37 37 49 51 45 45 41 46 35 15 35 15 35 15 35 15 35 18 25 22 23 134 147 147 142 27 24 24 147 24 38 43 57 58 65 152 65 47 42 32 42 32 42 42 32 42 32 30 30 30 50 28 30 50 28 66 253 253 253 66 253 66 216 215 216 215 219 215 174 168 168 174 168 168 168 205 108 205 205 205 205 205 205 175
a 283 29 56 29 29 202 29 29 29 202 202 202 29 29 29 29 202 202 197 196 197 196 197 196 197 196 197 196 196 197
a 924 134 134 135 135 22 23 26 25 22 22 22 23 26 23 134 135 22 23 134 125 134 23 134 23 26 26 23 26 23 24 38 58 65 65 152 164 166 165 165 165 165 166 165 91 91 89 89 90 90 77 77 77 77 78 77 77 78 68 78 68 78 79 78 68 78 68 78 68 74 64 64 64 64 64 64 64 64 75 76 77 76 85 85 83 83 84 82 266 267 267 280 266 280 279 278 278 278 278 278 278 277 278 277 277 277 265 238 264 276 272
a 1046 146 146 146 157 148 148 139 148 148 163 148 148 148 163 148 163 148 148 163 163 148 139 162 162 148 163 148 163 148 139 162 145 140 139 148 163 148 163 148 163 148 148 157 146 139 162 145 140 139 162 162 145 144 156 144 143 143 27 143 158 142 27 27 143 158 142 147 142 27 143 27 143 27 24 24 38 43 43 149 43 43 43 149 43 57 43 57 43 149 43 57 58 65 161 152 65 47 42 32 30 30 50 28 66 253 66 253 66 253 66 216 215 174 168 168 205 205 205 205 205 168 168 205 205
a 1317 282 281 281 281 281 266 280 279 278 277 278 278 277 278 277 224 230 263 229 263 276 263 263 238 264 276 272 272 273 273 273 272 272 272 273 243 102 103 104 104 104 98 99 98 107 107 206 218 206 206 206 206 218 210 210 107 107 108
a 429 49 37 49 58 58 49 58 49 49 37 49 58 65 47 42 32 31 193 193 192 191 119 191 119 191 119 195 195 67 66 253 66 253 253 66 253 66 253 253 66 253 66 28 66 253 253 253 253 253 253 66 253 66 253 66 253 66 253 66 253 66 253 66 253 253 66 216 215 219 219 215 174 168 205 205 175 205
a 1054 147 147 134 135 135 155 122 123 123 122 123 123 123 125 134 23 134 134 135 22 23 24 147 147 147 126 125 134 147 126 136 130 124 12 12 12 11 11 10 11 11 123 123 122 155 155 125 155 122 155 155 122 155 125 155 122 122 121 122 155 125 155 122 121 122 121 122 123 123 122 123 125 134 135 135 135 135 22 135 22 22 135 135 155 122 123 123 123 123 123 125 134 134 134 135 135 22 23 26 25 22 22 23 24 24 147 147 134 135 22 135 135 13 121 122 121 122 122 122 155 122 123 125 134 125 134 135 155 122 122 123 123 125 134 135 135 155 122 122 155 122 155 122 155 122 155 122 122 155 122 121 9 1 1 1 3 1 3 3 5 5 3 1 1 0 1 3 3 3 3 3 3 3 12 12 12 127 130 136 130 124 12 127 130 127 128 131 132 129 129 132 129 146 146 146 139 162 145 140 133 138 141 144 144 143 149 43 38 43 38 58 65 152 65 47 47 47 47 51 48 45 275 275 275 275 275 45 41 45 51 49 58 49 58 58 65 47 42 39 39 40 39 40 61 61 60 62 62 62 62 62 60 59 59 60 59 59 59 60 247 247 247 247 246 274 273 243 102 103 104
a 480 57 58 65 47 42 32 42 47 47 47 42 42 32 30 30 50 28 28 28 28 28 28 28 28 28 28 28 66 253 66 253 66 253 253 253 66 253 66 28 28 66 253 66 253 66 253 253 252 253 253 253 66 253 66 253 66 253 66 253 66 253 66 216 215 216 215 216 215 219 219 213 214 214 213 211 213 214 214 214 214 214 214 214 214 214 214 214 214 214 214 214 214 214 218 206 206 218 210 107 107 107 108 108 108 106
a 160 16 22 135 135 135 135 155 155 122 122 155 125 134 135 135 135 155 122 121 122 121 122 123 125 123 123 123 123 123 122 122 155 122 121 9 9 121 122 121 120 8 9 121 122 121 13 121 120 121 9 10 122 123 125 134 135 135 135 135 155 125 155 155 122 122 123 123 123 123 125 123 123 123 123 123 122 122 123 11 12 12 11 12 3 12 12 127 12 3 5 117 128 131 138 141 144 143 149 43 43 57 57 43 149 43 149 43 57 58 65 47 47 42 32 30 50 28 66 253 253 253 253 66 253 66 253 252 252 217 217 211 217 217 217 211 217 217 211 213 214 214 214 214 214 214 214 214 214 209 214 214 214 214 214 213 219 215 174 168 168 205 205
a 459 54 120 8 9 1 0 29 56 29 29 202 202 202 197 202 29 202 197 196 197 196 197 196 197 196 197
a 756 116 117 5 5 4 116 116 117 5 5 5 117 118 118 118 118 118 129 129 146 139 162 139 162 162 162 145 140 133 140 145 140 140 145 145 145 145 144 143 149 43 149 43 43 57 43 149 43 149 43 149 43 38 43 149 43 43 57 58 58 58 65 47 51 49 37 49 37 37 49 58 65 152 164 166 165 165 91 160 91 165 165 165 166 165 166 165 165 165 165 91 91 91 89 73 81 88 282 281 281 266 280 279 278 278 277 278 278 222 223 225 228 228 228 228 228 226 226 220 229 263 229 263 238 264 264 276 272 272 272 272
a 728 94 93 92 92 92 92 92 92 92 92 92 92 92 92 92 92 92 92 92 92 92 92 92 92 92 92 92 92 92 92 92 92 92 92 92 92 92 92 92 92 92 92 92 93 94 94 73 73 81 73 94 94 93 96 93 94 93 92 92 92 92 92 92 92 92 92 92 92 92 92 92 92 92 92 92 92 92 92 92 92 92 92 92 92 92 92 92 92 92 92 92 92 92 92 92 92 92 92 92 92 92 92 92 92 93 96 96 93 96 96 93 94 93 92 92 92 92 92 92 92 92 92 92 92 92 92 92 92 92 92 92 92 92 92 92 92 92 92 92 92 92 92 92 92 92 92 92 92 92 92 92 92 92 92 92 92 92 92 92 92 92 92 92 92 92 92 92 92 92 92 92 92 92 92 92 92 92 92 92 92 92 92 92 92 92 92 92 92 92 92 92 92 92 92 92 92 92 92 92 92 92 92 92 92 92 92 92 92 92 92 92 92 92 92 92 92 92 92 92 92 92 92 92 92 92 92 93 94 94 94 73 73 73 73 81 88 282 282 282 281 280 279 279 278 222 223 225 224 230 263 276 272
a 1035 145 145 140 139 139 148 157 148 163 148 148 148 163 153 156 156 156 144 145 140 139 148 163 148 157 146 139 162 145 140 145 140 139 162 145 144 156 144 143 143 27 24 38 43 149 43 149 43 38 43 149 43 149 43 38 37 48 18 18 16 13 13 13 121 120 54 7 7 56 7 56 56 29 202 197 202 202 197 202 197 196 197 196 197 202 202 197 202
a 1039 145 144 143 143 149 43 57 58 65 152 89 90 90 89 73 81 73 73 94 93 94 93 92 92 92 92 92 92 92 92 92 92 92 92 92 92 92 92 92 92 92 92 92 92 92 92 92 92 92 92 92 92 92 92 92 92 92 92 92 92 92 92 92 92 92 92 92 92 92 92 92 92 92 92 92 92 92 92 92 92 92 92 92 92 92 92 92 92 92 92 92 92 92 92 92 92 92 92 92 92 92 92 92 92 92 92 92 92 92 92 92 92 92 92 92 92 92 92 92 92 92 92 92 92 92 92 92 92 92 92 92 92 92 92 92 92 92 92 92 92 92 92 92 92 92 92 92 92 92 92 92 92 92 92 92 92 92 92 92 92 92 92 92 92 92 92 93 96 96 93 94 94 93 96 93 92 92 92 92 92 92 92 92 92 92 92 92 92 92 92 92 92 92 92 92 92 92 92 92 92 92 92 92 92 92 92 92 92 92 92 92 92 92 92 92 92 92 92 92 92 92 92 92 92 92 92 92 92 92 92 92 92 92 92 92 92 92 92 92 92 92 92 92 92 92 92 92 92 92 92 92 92 92 92 92 92 92 92 92 92 92 92 92 92 92 92 92 92 92 92 92 92 92 92 92 92 92 92 92 92 92 92 92 92 92 92 92 92 92 92 92 92 92 93 92 92 92 92 92 92 92 92 92 92 92 92 92 92 92 92 92 92 92 92 92 92 92 92 92 93 94 73 81 88 81 88 282 281 266 280 266 267 266 280 279 278 278 277 277 277 276 276 272
a 473 56 29 202 29 56 29 202 202 29 202 197 196 197 196 196 197 196 196 196 195 195 196 197 196 197 202 29 29 29 29 29 56 72 72 72 72 72 146 146 157 146 146 139 140 139 162 145 140 139 140 145 144 143 149 43 38 38 38 43 149 43 43 149 43 149 43 57 43 43 43 57 58 65 65 47 42 32 30 50 28 66
a 1160 158 137 137 137 137 137 137 137 137 137 137 137 137 137 137 137 137 137 137 137 137 137 137 136 130 136 126 126 126 125 134 147 142 27 143 144 145 140 139 162 145 145 140 145 145 140 133 140 133 140 139 162 145 140 139 148 163 148 139 162 162 162 148 148 148 163 148 163 148 163 148 163 148 157 146 139 139 148 163 148 163 148 163 148 157 146 139 162 139 162 145 140 133 132 133 140 139 140 139 162 145 144 143 149 43 43 149 43 149 43 38 38 38 37 48 18 18 25 18 25 22 22 23 26 25 22 23 24 24 38 37 49 37 49 58 49 37 49 51 49 58 65 47 42 32 30 28 66 216 215 216 215 219 215 216 215 219 215 219 213 207 212 212 212 212 207 212 212 212 212 207 212 207 217 211 213 219
a 1130 155 122 155 122 121 9 1 3 12 11 10 122 121 122 123 123 123 125 123 125 134 134 23 24 147 24 38 38 37 49 58 58 65 47 42 32 31 36 36 36 52 36 36 52 36 52 36 31 193 193 192 192 192 191 119 191 119 195 201 198 201 198 200 198 201 198 201 198 200 198 200 198 200 198 198 200 198 201 195 201 198 201 195 195 201 195 201 198 201 198 200 200 198 200 200 198 200 200 198 200 198 200 200 200 200 200
a 1111 153 163 148 163 163 153 156 151 156 144 145 145 144 144 144 156 149 43 38 37 48 37 49 51 49 37 49 58 57 58 65 47 42 32 30 28 28 28 28 28 28 28 28 28 66 253 66 253 253 66 253 253 66 253 66 28 66 253 253 253 253 66 253 66 253 66 253 66 253 253 66 253 66 253 252 252 253 253 253 253 66 216 215 216 215 216 215 216 215 216 215 216 215 174 173 176 173
a 1213 163 148 163 148 139 162 148 163 148 157 146 146 157 146 146 157 146 139 148 163 163 148 157 146 146 146 139 162 148 163 148 157 148 163 163 148 163 148 163 153 156 149 43 43 43 57 150 57 57 57 150 161 150 151 156 149 43 57 43 57 43 149 43 38 43 57 58 58 65 152 89 90 89 90 90 90 80 79 69 71 69 69 79 80 79 69 39 40 39 40 61 40 39 40 40 40 39 40 39 40 40 39 40 39 40 40 39 39 40 40 61 40 40 61 40 61 60 59 59 59 59 60 247 247 246 247 247 247 246 274 274 274 273 272 272
a 1053 147 126 147 147 147 147 126 147 24 38 37 49 37 48 45 41 46 47 42 32 42 47 51 49 58 65 152 164 152 89 152 65 152 152 65 47 47 42 32 30 50 28 28 66 253 253 66 253 66 253 253 66 253 66 253 66 253 66 253 253 66 253 66 216 215 216 215 216 215 174 215
a 745 96 93 96 93 96 93 92 92 92 92 92 92 92 92 92 92 92 92 92 92 92 92 92 92 92 92 92 92 92 92 92 92 92 92 92 92 92 92 92 92 92 92 92 92 92 92 92 92 92 92 92 92 92 92 92 92 92 92 92 92 92 92 92 92 92 92 92 92 92 92 92 92 92 92 92 92 92 92 92 92 92 92 92 92 92 92 92 92 92 92 92 92 92 92 92 92 92 92 92 92 92 92 92 92 92 92 92 92 92 92 92 92 92 92 92 92 92 92 92 92 92 92 92 92 92 92 92 92 92 92 92 92 93 92 92 92 92 92 92 92 92 92 92 92 92 92 92 92 92 92 92 92 92 92 92 92 92 92 92 92 92 92 92 92 92 92 92 92 92 92 92 92 92 92 92 92 92 92 92 92 92 92 92 92 92 92 92 92 92 92 92 92 92 92 92 92 92 92 92 93 92 92 92 92 92 92 92 92 92 92 92 92 92 92 92 92 92 92 92 92 92 92 92 92 92 92 93 94 94 93 94 93 96 93 94 73 81 88 282 281 266 280 279 278 278 277 265 277 278 279 279 278 222 223 225 224 238 264 238 238 264 276 272 272 272
a 367 43 149 43 57 43 57 150 161 152 80 79 78 68 78 68 78 79 79 69 79 78 68 78 68 78 79 79 79 78 68 74 74 74 74 74 74 74 74 74 64 64 64 64 64 64 75 64 64 74 74 64 75 75 75 75 75 75 75 75 76 77 76 85 83 83 83 83 84 82 82 84 82 84 82 84 82 82 84 84 82 84 84 82 266 82 266 267 267 266 266 82 266 82 84 82 266 280 279 278 222 279 222 279 222 223 225 224 238 238 264 276 272
a 701 92 92 92 92 92 92 92 92 92 92 92 92 92 92 92 92 92 92 92 92 92 92 92 92 92 92 92 92 92 92 92 92 92 92 92 92 92 92 92 92 92 92 92 92 92 92 92 92 92 92 92 92 92 92 92 92 92 92 92 92 92 92 92 92 92 92 92 92 92 92 92 92 92 92 92 92 92 92 92 92 92 92 92 92 92 92 92 92 92 92 92 92 92 92 92 92 92 92 92 92 92 92 92 92 92 92 92 92 92 92 92 92 92 92 92 92 92 92 92 92 92 92 92 93 92 92 92 92 92 92 92 92 92 92 93 96 93 96 93 94 93 96 93 96 93 96 96 96 96 96 93 92 92 92 92 92 92 92 92 93 94 73 81 73 73 73 81 73 73 73 81 88 88 282 281 280 266 280 279 279 222 279 279 278 278 222 223 225 224 230 263 276 272 272 272
a 1033 145 140 133 138 141 140 139 140 139 148 163 148 157 146 146 139 140 133 138 137 137 137 137 137 137 137 137 137 137 137 137 137 137 137 137 137 137 137 137 137 137 137 137 137 137 137 137 137 137 137 137 137 137 137 137 136 130 124 130 124 124 130 127 130 124 123 123 123 123 11 11 11 10 11 123 125 123 123 125 134 134 134 135 22 23 26 23 26 25 22 135 135 135 22 135 22 23 134 135 22 135 13 13 121 9 1 0 29 29 29 56 56 56 7 7 6 6 7 56 7 7 56 29 29 29 202 197 196 196 197 196 197 202 197 196 196 196 197
a 650 87 96 93 96 93 96 96 93 94 73 73 81 88 81 88 81 88 88 88 282 281 281 281 280 266 280 266 267 266 280 266 267 266 280 266 267 267 267 266 267 266 267 266 280 280 280 279 279 278 279 278 277 277 278 278 278 277 277 278 277 277 276 272
a 943 136 130 127 130 127 130 124 130 124 124 130 124 130 124 130 127 130 124 130 124 130 124 130 124 130 136 136 130 136 130 124 124 130 124 12 12 127 128 127 130 127 130 127 130 124 124 130 127 130 127 5 5 5 3 3 1 3 1 1 3 3 3 3 3 3 12 12 11 11 11 12 3 3 1 0 29 56 56 29 202 202 197 196 197 196 197 202 202 197 196 197 196 195 201 198 200 198 200 200 200 198 200
a 981 140 139 148 157 146 139 162 145 145 140 139 148 139 162 148 157 146 139 139 162 148 139 140 139 140 139 162 148 163 148 163 163 148 163 148 163 153 156 156 156 144 143 143 144 156 149 43 149 43 149 43 43 149 43 149 150 57 43 149 43 43 149 43 38 43 43 149 43 38 58 65 47 42 32 30 28 66 216 215 216 215 219 215 216 215 216 215 216 215 216 215 216 215 219 213 213 207 207 217 211 208 211 213 211 213 207 217 211 213 211 213 207 207 216 215 219
a 708 92 92 92 92 92 92 92 92 92 92 92 92 92 92 92 92 92 92 92 92 92 92 92 92 92 92 92 92 92 92 92 92 92 92 92 92 92 92 92 92 92 92 92 92 92 92 92 92 92 92 92 92 92 92 92 92 92 92 92 92 92 92 92 92 92 92 92 92 92 92 92 92 92 92 92 92 92 92 92 92 92 92 92 92 92 92 92 93 92 92 92 92 92 92 92 92 92 92 92 92 92 92 92 92 92 92 92 92 92 92 92 92 92 92 92 92 92 92 92 92 92 92 92 92 92 92 92 92 92 92 92 92 92 92 92 92 92 92 92 92 92 92 92 92 92 92 92 92 92 92 92 92 92 92 92 92 93 96 93 96 93 96 93 96 96 93 92 92 92 92 92 92 92 92 92 92 92 92 92 92 92 92 92 92 92 92 92 92 92 92 92 92 92 92 92 92 92 92 92 92 92 92 92 92 92 92 92 92 92 92 92 92 92 92 92 92 92 92 92 92 92 92 92 92 92 92 92 92 92 92 92 92 92 92 92 92 92 92 92 92 92 92 92 92 92 92 92 92 92 92 92 92 92 92 93 94 93 92 92 92 92 92 92 92 92 92 92 92 92 92 92 92 92 92 92 92 92 92 92 92 92 92 92 92 92 92 92 92 92 92 92 92 92 92 92 92 92 92 92 92 92 92 92 92 92 92 92 92 92 92 92 92 92 92 92 92 92 92 92 92 92 92 92 92 92 92 92 92 92 92 92 92 92 92 92 92 92 92 92 92 92 92 92 92 92 92 92 92 92 92 92 92 92 92 92 92 92 92 92 92 92 92 92 92 92 92 92 92 92 92 92 92 92 92 92 92 92 92 92 92 92 92 92 92 92 92 92 92 92 92 92 92 92 92 92 92 92 92 92 92 92 92 92 92 92 92 92 92 92 92 92 92 92 92 92 92 92 92 92 92 92 92 92 92 92 92 92 92 92 92 92 92 92 92 92 92 92 92 92 92 92 92 92 92 92 92 92 92 92 92 92 92 92 92 93 92 92 92 92 92 92 92 92 92 92 92 92 92 92 92 92 92 92 92 92 92 92 92 92 92 92 92 92 92 92 92 92 92 92 92 92 92 92 92 92 92 92 92 92 92 92 92 92 92 92 92 92 92 92 92 92 92 92 92 92 92 92 92 92 92 92 92 92 92 92 92 92 92 92 92 92 92 92 92 92 92 92 92 92 92 92 92 92 92 92 92 92 92 92 92 92 92 92 92 92 92 92 92 92 92 92 92 92 92 92 92 92 92 92 92 92 92 92 92 92 92 92 92 92 92 92 93 96 96 96 93 92 92 92 92 92 92 92 92 92 92 92 92 92 92 92 92 92 92 92 92 92 92 92 92 92 92 92 92 92 92 92 92 92 92 92 92 92 92 92 92 92 92 92 92 92 92 92 92 92 92 92 92 92 93 94 73 73 81 73 73 81 88 88 282 88 88 88 88 282 281 280 279 278 277 276 272 272 272
a 788 120 54 54 54 21 14 44 17 44 17 45 41 45 51 49 58 65 152 164 166 165 165 165 165 91 91 89 152 152 161 152 161 152 164 152 164 152 164 166 165 165 165 165 165 91 165 165 165 165 165 166 165 165 165 166 165 91 91 160 91 160 91 165 166 165 165 165 166 165 165 165 165 165 166 165 159 165 165 165 165 166 165 165 165 165 165 165 159 160 73 73 81 73 81 73 81 88 282 281 281 280 279 279 278 278 222 221 279 279 279 279 278 278 279 278 222 279 279 279 278 222 223 225 224 277 276 263 238 264 276 272 272
a 1119 153 163 163 153 156 144 145 140 139 162 145 140 133 138 141 144 143 27 143 27 27 24 38 37 49 58 65 152 89 152 89 89 152 89 89 91 91 89 89 90 80 152 65 152 89 89 73 81 73 73 73 81 73 73 73 81 88 282 282 282 281 281 280 279 278 277 277 278 222 223 225 224 277 276 276 264 276 272 272 272
a 958 137 137 137 137 137 136 130 124 12 12 127 130 124 130 127 130 136 130 124 123 125 134 147 134 147 134 135 22 135 155 122 121 9 121 122 123 123 123 123 123 125 125 134 135 13 121 122 155 155 155 155 122 121 9 9 1 3 3 5 5 117 5 5 5 3 3 1 3 3 3 3 3 1 3 3 3 3 1 0 0 8 8 7 56 7 7 7 56 29 202 197 197 197 197 196 197 202 197 196 196 196 197 202 197
a 135 13 16 13 121 122 121 122 123 123 122 122 121 122 121 9 121 122 155 125 134 125 155 122 121 122 121 122 122 122 122 155 122 122 123 123 122 155 122 123 123 123 123 123 11 10 10 122 121 122 121 120 8 7 6 7 7 56 29 29 29 29 29 29 29 202 29 56 29 29 56 7 7 7 7 56 29 56 29 56 56 72 56 56 56 56 56 72 72 72 72 56 56 29 29 29 202 197 196 197 196 197 196 196 197
a 45 4 2 4 5 3 3 1 3 3 12 11 12 11 12 3 12 127 5 117 5 117 117 5 5 5 117 5 5 5 5 3 5 5 4 5 5 117 5 3 3 3 2 3 12 3 3 3 12 11 123 123 123 123 125 155 155 122 155 122 121 9 121 120 8 0 29 29 56 29 56 29 29 29 56 56 29 29 29 202 202 197 196 197 202 197 196 197 196 197 196 197
a 939 135 135 22 135 135 135 13 121 120 8 9 1 1 3 3 3 3 3 5 5 5 127 130 127 5 127 130 136 130 124 130 124 130 124 130 136 130 136 130 136 126 126 125 155 122 155 122 121 122 122 123 122 155 155 122 155 122 123 123 123 123 125 155 122 121 122 155 122 122 121 9 1 0 29 202 197 196 197 196 196 195 119 191 191 119 195 119 195 201 195 119 191 119 195 119 195 201 201 198 201 198 200 198 201 198 198 200 200 198 200 198 200 198 200 198 201 198 201 198 200 198 200 200 198 200
a 511 72 72 72 56 29 202 197 197 202 202 29 29 202 29 56 56 56 56 29 56 72 72 72 56 29 56 72 56 29 202 197 196 196 196 197 196 197
a 1109 152 89 89 91 91 89 89 73 81 73 81 88 88 81 73 73 73 81 73 81 88 88 88 88 282 281 281 281 281 280 266 280 266 280 279 279 278 277 278 278 277 277 278 278 278 278 278 222 279 222 279 278 278 278 222 223 225 228 225 224 238 238 238 264 264 276 272 272
a 475 56 56 72 56 29 29 202 202 202 197 196 197 196 196 197 202 29 29 202 202 197 196 197 196 197 196 197
a 329 37 49 51 45 41 46 41 46 35 15 35 18 16 13 16 22 135 22 135 135 13 121 9 121 122 122 155 155 155 155 122 121 9 1 0 29 202 197 196 196 197 202 197 202 197 196 197 202 197
a 923 134 135 22 23 134 125 155 122 121 122 121 122 155 122 121 122 155 122 121 9 1 3 12 3 2 4 116 4 2 4 2 3 3 1 3 2 4 4 116 4 116 4 2 4 116 4 2 3 1 0 1 3 3 3 1 0 29 29 56 29 29 202 197 196 197 202 197 196 197 197 196 197 196 197
a 1219 163 148 148 139 162 162 162 145 140 140 133 140 133 140 140 133 140 139 162 162 162 148 163 148 163 153 156 144 144 143 144 145 140 145 140 139 148 139 162 162 139 162 145 144 143 158 137 137 137 136 130 124 130 136 130 127 127 130 127 130 124 124 123 123 122 155 122 122 121 9 121 9 121 122 155 122 121 9 9 9 121 9 1 1 1 0 29 29 56 56 72 72 56 29 29 202 29 29 202 29 29 202 197 196 197 202 29 202 202 197
a 57 5 3 5 127 130 124 130 136 126 126 125 123 123 123 123 123 123 125 123 123 123 123 122 121 13 121 13 121 122 123 125 134 125 155 122 122 155 155 155 122 123 122 121 122 123 123 123 11 11 11 12 127 127 128 128 128 128 128 127 128 128 127 130 124 130 127 127 5 3 12 11 12 3 1 1 1 1 0 29 56 7 56 29 202 202 29 29 202 197 202 202 202 29 29 29 202 197 196 195 201 195 196 197 202 197
a 773 118 118 118 129 129 146 146 139 162 162 162 162 148 163 148 139 162 145 140 133 132 132 132 129 129 146 139 140 133 140 139 162 145 145 144 144 143 143 149 43 149 150 57 58 49 37 49 49 58 65 47 42 32 31 33 31 36 31 36 36 36 52 36 36 52 36 36 31 193 192 192 192 199 192 192 191 119 191 119 191 119 191 119 195 195 196 197 196 197 196 195 196 197 196 196 195 196 195 201 198 200 200 200 200 200 200 198 201 198 200 200 200 198 201 198 201 198 200 198 198 200 200 200 200 200 198 201 195 201 198 201 198 201 198 200
a 72 7 7 56 29 29 202 202 197 202 197 196 195 195 119 195 195 196 197 202 202 197 202 202 197 196 197 202 29 29 202 197
a 382 45 275 246 274 273 273 272 271 270
a 1288 267 266 280 279 278 277 277 265 238 264 238 264 238 264 276 272 272 272 272 271
a 298 33 31 32 30 28 66 216 215 174 173 176
a 172 17 45 275 275 246 274 274 274 273 273 273 273 273 273 243 102 103 103 104 104 104 106 115 105
a 350 42 32 30 30 50 50 28 66 216 215 219 176
a 76 7 6 6 6 7 7 56 72 72 56 29 29 29 29 202 197 196 197 202 197 196 197 202 197 196 197 196 197 202 202 29 29 56 56 29 202 202 197
a 1306 281 281 280 279 278 277 276 272 271
a 346 41 45 275 275 275 275 275 246 274 274 246 274 274 274 274 273 273 273 243 102 103 104 106 115
a 1269 202 197 170 169 172
a 309 34 33 31 32 30 30 30 50 50 28 28 66 216 215 219 176
a 608 82 266 280 279 279 278 278 277 277 276 264 238 224 238 264 238 264 238 264 276 276 276 272 272 272 272 271
a 389 45 45 275 246 274 274 274 246 274 274 274 274 274 273 273 273 243 102 103 104 106 115 109
a 566 78 68 69 39 39 39 40 40 61 60 247 247 249 97 101 101 101 102 103 104 106 106 106 115
a 1280 267 280 279 279 278 222 279 278 277 277 276 272 271
a 438 51 45 45 275 246 274 274 273 243 102 103 103 104 106 106 115
a 1292 280 279 222 279 278 278 279 278 277 276 272 272 272 272 272 272 271
a 1283 267 266 280 280 279 278 277 276 272 272 271 270 262 114 271 262 114 271 262 113 262
a 170 17 45 275 275 246 274 273 243 102 103 100 100 100 100 99 98 104 106 106 115
a 1271 266 267 267 267 267 266 266 266 266 280 280 279 278 278 277 265 277 276 272 272 271
a 302 34 32 30 50 28 66 216 215 219 219 176 175 176
a 383 45 41 45 275 275 275 275 275 246 274 273 243 102 103 104 104 104 104 106 106 115
a 1268 202 197 170 169 169 169 169 172
a 629 84 82 266 280 279 278 277 276 263 276 272 272 272 271
a 372 44 17 45 275 275 275 275 246 247 249 97 250 250 250 243 102 103 100 100 100 100 100 99 98 107 108 109
a 207 20 15 35 17 45 275 274 274 273 272 271
a 340 41 45 45 275 275 274 274 273 273 273 243 102 103 104 104 104 104 104 106 106 106 106 115 105 115 105 114 271
a 445 53 15 15 35 17 45 275 275 275 275 274 274 274 273 243 102 103 104 106 115
a 293 33 31 193 193 193 192 192 192 191 119 191 119 191 119 191 191 119 195 201 198 201 198 200 177
a 1297 280 266 280 266 280 280 279 278 278 278 277 276 272 271
a 380 45 275 246 274 273 243 102 103 104 104 106 106 106 106 108 106 115 105
a 387 45 275 275 275 246 274 274 274 274 274 273 243 102 243 102 243 102 103 104 104 104 106 115 105 114 270
a 402 47 47 42 32 30 50 59 59 59 59 59 59 60 60 247 247 247 247 247 247 247 247 247 247 247 249 249 249 97 250 250 250 250 250 250 243 102 102 103 104 104 104 104 104 104 104 104 104 104 104 104 104 104 104 104 104 104 104 106 115
a 624 84 84 82 266 280 279 279 278 278 278 277 276 264 276 272 272 271
a 1261 202 197 170 169 172
a 411 48 18 48 45 275 275 246 274 273 273 273 272 271
a 1300 281 280 266 267 267 267 267 280 279 278 277 277 277 277 276 276 276 272 271
a 332 38 58 65 47 42 39 40 40 40 40 61 61 60 247 247 249 97 250 250 243 102 103 104 106 115
a 188 18 18 35 18 18 48 45 41 41 42 32 30 28 66 216 215 219 176
a 313 35 15 35 17 45 275 246 274 273 273 273 273 273 273 243 102 103 104 104 106 115 105
a 465 55 194 33 33 31 32 30 30 28 28 28 66 216 215 174 173
a 407 47 47 47 42 32 30 30 30 30 50 28 66 216 215 216 215 219 219 176
a 1270 266 82 266 280 279 278 277 276 264 276 263 263 263 238 238 265 277 277 277 277 276 276 276 276 272 272 271 270 262
a 1308 281 280 280 266 267 267 267 266 280 279 278 277 276 272 271
a 299 33 31 36 52 36 52 36 52 30 50 28 66 216 215 219 219 176
a 301 34 32 30 50 28 66 216 215 174 173 177
a 530 75 64 64 64 64 64 75 64 74 74 74 74 74 74 74 74 236 236 236 236 235 235 221 278 277 276 272 272 271 262
a 1307 281 281 281 280 279 278 279 278 277 224 238 238 264 276 264 276 272 272 271
a 1267 202 202 197 170 170 169 172 177 172
a 208 20 15 15 35 17 45 275 246 274 274 274 273 243 250 250 250 250 243 102 103 100 100 99 98 104 104 104 106 115
a 300 34 44 17 45 41 42 32 30 50 28 66 216 215 219 176
a 1287 267 266 267 267 266 267 266 267 266 280 279 278 278 278 277 276 276 272 272 271
a 205 20 15 15 35 17 45 275 246 274 273 273 272 271 262 113 262
a 1290 280 279 278 278 277 277 265 237 237 237 265 277 276 272 271
a 149 14 17 44 17 45 275 275 246 274 245 231 231 245 231 231 245 274 274 273 273 273 273 272 271
a 319 35 17 45 275 246 247 246 247 247 247 247 247 247 247 247 247 247 247 249 248 249 97 250 250 250 250 250 250 250 250 250 250 250 250 243 102 103 104 104 104 104 104 104 104 106 106 106 106 115
a 607 82 266 267 267 266 280 266 280 279 278 277 277 277 277 224 230 263 263 276 276 272 271
a 376 44 17 45 45 275 275 246 274 274 273 272 272 271 262 113 262 113 204
a 627 84 82 266 82 82 266 280 279 278 278 279 278 277 276 276 272 271
a 1284 267 267 267 266 267 267 267 267 266 280 279 278 278 222 279 279 279 278 278 277 277 277 224 238 238 264 238 224 238 264 276 272 272 271
a 354 42 32 30 30 30 50 28 66 216 215 174 173 177
a 352 42 32 32 42 32 30 30 50 28 66 216 215 174 173
a 1289 267 267 267 267 267 267 267 267 266 82 266 267 266 280 279 278 278 222 279 278 277 276 272 272 272 271
a 625 84 82 266 82 266 280 279 279 278 278 222 279 278 277 277 277 276 272 271
a 175 17 14 17 45 275 246 247 247 247 247 249 97 101 100 100 100 100 99 98 104 104 104 104 106 106 106 106 106 108 109 115 105 114 271
a 195 19 53 53 15 15 35 35 15 14 33 31 32 42 32 30 28 66 216 215 219 219 176
a 370 44 34 44 34 32 30 30 30 30 50 59 60 60 60 247 247 247 247 249 249 249 249 249 249 249 97 250 250 250 250 250 250 243 102 243 250 243 102 103 104 104 104 104 106 115 105
a 1309 281 281 280 279 279 278 222 223 225 224 230 263 276 263 238 264 264 264 276 276 276 263 263 263 276 272 271
a 434 51 48 45 275 275 275 274 273 243 102 103 104 104 98 98 99 98 107 108 108 108 109
a 1294 280 266 280 280 279 279 278 222 279 279 222 279 278 279 279 279 278 278 277 276 276 272 271
a 398 46 46 47 42 32 30 28 28 66 216 215 174 168 168 168 205 175
a 177 17 45 45 41 45 51 48 18 18 35 15 35 17 44 17 45 41 45 275 275 274 274 274 274 273 272 271
a 154 15 15 35 17 45 275 246 247 247 247 247 247 247 249 248 248 255 241 242 273 243 102 243 250 250 250 250 250 250 250 250 243 250 243 102 102 103 104 104 106 115 105
a 1285 267 267 267 280 279 279 222 279 279 279 278 277 276 264 238 264 276 276 263 229 229 229 263 263 276 276 263 263 276 264 276 264 276 276 276 264 276 272 272 272 272 272 272 272 272 271 270 262 114 271
a 285 29 202 202 197 170 169 170 169 169 169 172
a 219 21 14 14 33 31 36 31 36 31 193 192 191 191 119 195 201 198 200 198 201 198 200 177 172 177
a 384 45 41 41 45 275 275 275 246 274 274 273 243 102 103 104 106 108 109 115 105
a 259 25 37 37 49 58 65 47 42 32 30 30 28 66 216 215 216 215 219 219 176
a 1301 281 280 279 278 222 223 225 228 228 228 227 110 104 104 98 104 106 106 115 105 115 105
a 353 42 47 42 32 30 50 59 59 59 59 60 59 60 59 60 247 247 247 247 247 249 249 97 250 250 250 243 102 103 103 104 104 104 106 106 106 115 105
a 611 83 83 84 82 266 280 266 280 266 266 267 266 280 279 279 279 278 277 276 272 271
a 623 84 82 266 267 267 266 280 279 279 278 277 277 277 276 272 272 271 270 262 113 204
a 13 1 0 29 56 7 54 120 8 7 54 54 54 120 54 120 120 20 15 14 44 34 32 30 50 28 28 66 216 215 219 176
a 683 90 90 77 77 77 77 78 68 74 236 235 237 265 237 265 238 238 264 238 238 264 276 272 272 271
a 390 46 35 17 45 41 45 41 42 32 30 28 66 216 215 216 215 219 176 173
a 284 29 202 197 170 169 169 169 172
a 335 38 38 37 48 45 41 45 41 42 32 30 30 50 28 66 216 215 216 215 219 176
a 1315 282 281 266 280 279 278 278 279 278 277 276 272 272 272 271
a 150 15 35 17 45 275 275 275 246 274 273 273 243 102 103 104 106 115 109 115 105
a 575 79 79 80 80 152 65 47 47 47 47 47 42 32 30 28 66 216 215 174 173
a 435 51 45 275 246 247 247 246 274 274 273 243 102 102 243 102 103 104 106 115 105 115 105
a 290 33 31 32 32 42 39 39 40 61 60 62 62 62 62 62 62 62 62 60 62 60 60 247 247 247 247 247 247 246 274 273 273 273 243 102 243 102 103 104 106 115 105
a 482 57 58 65 47 42 32 30 28 28 28 28 66 216 215 216 215 219 219 176 175
a 65 6 7 6 55 55 194 33 33 31 32 42 32 30 30 28 28 66 216 215 219 176
a 666 88 88 88 88 282 281 280 280 279 278 278 277 276 264 276 272 272 271
a 287 29 29 202 202 197 170 169 172
a 578 79 79 69 69 71 69 39 40 61 61 60 247 247 247 247 247 247 247 247 246 274 274 273 273 273 273 273 243 102 103 104 104 104 106 106 115 105 115
a 439 51 48 18 18 25 22 23 24 38 38 58 65 47 47 47 42 42 39 39 40 40 61 60 59 59 59 60 247 247 247 247 247 247 249 97 97 250 250 250 250 250 250 250 250 250 250 243 102 103 100 100 99 210 107 107 108 109
a 637 85 83 84 82 82 84 82 266 267 266 280 279 278 277 277 276 272 271
a 343 41 42 32 34 32 42 39 39 40 61 40 40 40 40 39 40 40 61 61 60 60 247 247 247 249 97 250 250 250 250 250 250 250 250 250 250 250 250 250 243 102 103 104 104 104 106 115
a 311 35 17 45 275 246 247 247 247 247 247 247 247 247 247 246 274 273 273 243 250 250 250 250 250 243 250 250 250 243 250 250 250 250 250 250 250 250 250 250 250 243 102 103 104 104 98 104 106 106 115 105
a 446 53 53 15 14 44 34 32 30 30 30 50 28 28 66 216 215 174 168 168 205 175
a 436 51 45 275 275 274 273 273 273 272 271 262 113 204 203 204
a 377 44 17 44 17 45 275 246 274 246 247 247 247 247 247 247 249 249 249 97 250 250 250 250 250 243 102 103 104 104 106 115 105 115 105 115 105 115 105
a 1086 150 57 58 49 58 65 65 47 42 42 32 30 30 30 50 28 66 216 215 174 173
a 586 80 79 79 79 69 39 40 61 61 61 60 59 59 60 60 247 249 97 250 250 250 250 250 250 250 250 250 250 243 102 103 104 106 106 115 105 115 109
a 358 42 32 31 31 36 31 32 30 50 59 60 62 62 62 62 60 62 62 62 62 62 60 60 247 247 246 274 274 273 273 273 273 273 273 273 273 243 102 101 100 100 100 100 99 98 104 104 104 104 106 115 105
a 1259 194 33 31 36 36 31 193 192 192 192 191 119 191 119 191 119 191 119 191 119 195 119 195 201 198 200 198 200 177
a 234 23 24 38 43 43 38 38 58 65 47 51 49 51 45 41 45 41 46 41 42 39 39 40 61 61 60 247 246 274 274 274 274 274 273 243 102 103 104 104 106 106 106 115
a 550 77 76 85 83 84 82 82 266 280 279 278 278 278 279 278 277 277 276 272 271
a 1278 266 267 266 82 266 280 266 267 266 280 279 278 222 223 222 279 278 277 276 272 271 270 262 114 270
a 409 47 42 32 30 50 28 66 216 215 219 176 173 177
a 1137 155 122 155 155 122 155 135 135 135 155 122 122 122 123 123 125 134 147 142 27 24 24 38 43 38 58 58 58 65 47 46 41 45 275 275 275 246 274 273 273 243 102 103 104 106 106 106 106 106 106 106 106 115 105
a 844 126 125 123 123 123 123 125 123 123 125 134 134 134 135 135 135 13 19 20 15 35 17 45 45 51 49 37 49 37 37 49 51 45 45 45 275 246 274 273 273 273 273 273 243 102 103 104 106 108 109
a 476 56 29 202 197 170 169 172
a 197 19 19 19 53 15 14 33 31 32 30 50 28 66 216 215 174 168 205 175
a 626 84 82 266 280 266 82 82 266 267 280 279 278 222 221 222 223 222 223 222 279 278 278 278 277 277 276 272 271
a 203 20 15 15 15 35 15 35 17 14 33 14 17 45 51 45 41 45 275 246 274 274 274 273 243 102 103 104 98 104 104 104 104 104 104 104 104 106 106 115 105
a 385 45 41 45 275 275 275 275 275 275 246 274 274 273 273 243 102 103 100 100 99 98 99 99 98 107 108 205 205 205 205 175 176
a 569 78 79 69 69 39 40 40 40 61 60 62 62 62 60 247 247 247 247 247 247 247 247 247 247 247 249 249 97 250 250 250 250 243 102 103 104 104 106 115 105 115 109
a 136 13 13 121 122 121 120 20 15 35 15 35 15 35 17 44 17 45 41 41 45 275 275 275 246 274 274 274 274 274 274 274 273 243 250 250 250 243 250 250 243 102 101 100 100 99 98 107 108 109
a 421 49 51 45 275 246 247 247 249 249 97 250 250 243 102 243 102 101 102 101 100 100 100 100 99 98 104 104 104 104 104 104 104 104 106 115 105
a 360 43 38 58 65 47 42 32 30 50 50 59 60 59 60 59 60 60 247 247 249 249 249 97 250 250 250 250 250 250 250 250 250 250 250 250 250 250 250 250 250 250 250 250 250 250 250 243 102 103 104 106 115
a 294 33 14 33 31 193 192 191 119 195 195 196 196 196 197 170 169 169 170 169 172 177 172 177
a 308 34 32 42 32 30 50 28 66 216 215 174 173 177 172
a 202 20 15 35 15 35 17 44 17 44 17 14 14 14 17 44 34 44 17 14 14 14 14 33 33 31 32 31 193 192 193 192 193 192 192 191 119 195 119 195 201 198 200 200 177 172
a 454 54 7 54 120 120 120 20 15 15 35 15 35 15 35 15 35 15 35 15 15 35 15 35 17 45 41 45 45 45 41 45 41 45 275 275 275 246 247 247 247 247 247 249 249 97 250 250 243 102 103 104 106 115 105
a 81 8 7 7 6 44 17 45 41 45 41 45 41 46 35 17 17 45 275 275 275 246 274 274 273 273 243 102 103 104 104 104 104 98 107 107 108 205 205 175
a 1194 161 161 161 150 57 57 58 57 58 65 47 42 32 30 50 28 28 66 216 215 219 176 175
a 331 38 43 149 43 43 38 43 149 43 57 43 57 58 49 58 65 65 47 51 45 275 275 275 275 275 275 246 274 274 274 274 273 272 272 272 272 271
a 394 46 41 41 46 46 41 45 275 246 274 274 274 273 273 243 102 103 104 98 99 98 99 98 104 106 115 105
a 178 17 45 51 45 41 45 41 45 41 42 32 30 50 50 28 66 253 253 66 253 253 66 216 215 219 176
a 1221 164 152 65 65 47 42 32 30 50 28 66 216 215 219 219 215 174 173
a 381 45 51 47 47 42 32 30 50 59 59 59 59 60 59 59 60 247 247 246 274 274 273 273 273 272 271 262 114 271 262 113 204
a 356 42 39 39 39 40 40 40 39 40 61 61 60 60 59 60 62 62 60 247 247 247 247 249 97 249 249 248 254 248 249 249 97 250 250 250 250 250 250 243 250 250 243 102 243 102 103 104 104 104 104 106 115
a 494 58 65 47 47 42 32 30 30 28 66 216 215 216 215 174 168 168 168 205 205 175
a 1192 161 150 161 161 152 65 58 65 47 47 42 32 30 50 28 28 28 28 28 28 28 28 28 28 28 28 28 28 66 216 215 219 176
a 766 117 5 3 12 12 12 11 11 12 11 12 12 3 3 12 11 10 122 155 122 121 120 20 20 15 35 17 14 44 17 45 41 45 275 246 274 273 243 102 103 103 104 104 104 104 106 115 105 114 271
a 850 127 130 124 130 136 126 147 147 147 147 147 147 142 147 142 27 143 149 43 43 149 43 57 150 57 43 38 37 49 51 45 45 275 275 246 274 274 246 274 273 273 273 243 250 250 250 243 102 101 100 100 100 99 210 107 108 109
a 171 17 45 41 42 32 30 30 30 30 30 50 28 66 216 215 219 176 173 177
a 1260 202 197 170 169 169 172 169 172 169 172 177
a 500 65 47 47 47 51 45 41 45 41 45 41 41 45 41 45 41 46 35 17 45 41 45 275 246 274 274 246 274 273 273 273 272 272 271 270 262
a 466 55 55 194 194 193 192 192 191 119 191 119 195 195 119 191 119 195 195 119 191 119 191 119 195 119 195 201 198 201 198 198 200 177
a 2 0 29 29 29 56 56 29 202 197 170 169 172 177 172
a 342 41 45 51 45 41 45 41 46 47 42 39 39 40 39 40 40 61 60 62 60 60 247 247 249 249 97 250 243 102 103 104 104 104 104 104 106 106 106 115 109
a 0 0 29 29 29 29 29 29 29 29 29 56 29 29 29 202 197 170 169 169 170 169 170 169 172
a 1277 266 280 266 267 267 280 266 82 266 280 281 266 267 266 280 266 280 279 279 278 278 277 276 272 272 272 273 273 243 102 103 104 104 106 106 106 106 115
a 601 82 266 280 266 280 279 279 278 221 279 222 223 222 223 225 228 228 228 226 226 220 229 263 276 276 272 272 272 272 271
a 441 53 15 15 35 15 35 17 44 17 44 17 44 17 44 17 45 45 41 45 51 45 41 45 275 275 275 275 275 275 246 274 274 274 273 243 102 243 250 250 250 243 102 103 104 104 104 104 106 115 105
a 318 35 15 35 17 45 45 275 275 246 247 247 247 247 247 249 97 250 250 250 250 250 250 250 250 243 250 250 250 243 102 103 100 99 98 107 107 107 107 107 107 108 106 106 115 105 115 109
a 1164 158 137 137 137 137 137 137 138 137 137 137 137 137 137 137 137 137 137 137 137 137 137 138 137 137 137 137 137 137 137 137 137 137 137 137 137 137 137 137 137 137 137 137 137 137 137 136 126 125 123 123 123 123 122 121 9 10 122 121 120 20 15 35 17 44 17 45 41 41 45 275 275 275 246 274 273 243 102 243 102 103 104 104 104 106 115 105
a 7 0 0 8 0 29 29 202 197 170 169 169 172
a 357 42 47 47 42 42 32 30 50 28 66 216 215 216 215 174 173 177
a 363 43 38 37 49 49 37 49 49 58 65 47 51 45 41 42 32 30 28 66 253 253 66 253 66 216 215 174 173
a 727 94 73 81 88 88 88 88 282 282 281 281 281 280 279 278 278 278 278 277 276 272 272 271
a 1182 160 159 165 165 165 165 165 165 165 91 89 90 77 77 77 76 77 77 77 77 78 79 69 68 74 74 74 74 236 235 235 235 237 237 237 237 237 237 256 237 265 277 277 276 272 272 272 271 262 114 271
a 348 41 46 47 42 47 42 32 42 32 30 30 50 28 66 216 215 219 176 175
a 399 46 41 46 47 47 47 47 42 42 47 42 47 42 32 30 30 30 50 59 59 59 60 247 247 247 247 247 247 247 247 249 249 248 255 241 242 242 273 273 243 102 243 102 103 104 104 106 115 105 115
a 667 88 282 281 266 280 266 267 266 267 267 267 267 267 266 266 280 266 280 281 281 266 280 279 278 277 277 276 272 271
a 498 58 65 65 47 47 51 45 41 42 39 40 40 39 40 39 39 40 61 61 60 247 247 247 247 249 249 249 97 250 243 102 103 100 100 100 99 98 107 107 107 108 109 115 105
a 1010 143 144 143 143 143 27 143 27 143 149 43 57 58 65 47 46 47 51 45 275 275 246 274 273 273 273 273 273 273 273 243 102 103 104 98 104 104 106 106 115 105 114 271
a 443 53 19 53 53 15 35 15 35 15 35 17 45 41 45 51 45 51 45 45 45 41 46 47 42 32 30 28 66 216 215 216 215 174 173
a 502 65 47 51 45 41 46 35 17 45 41 45 41 46 35 17 17 44 17 45 275 246 274 274 273 272 273 243 102 103 104 106 106 106 115
a 83 8 9 121 9 9 9 9 10 122 122 155 122 123 123 125 123 122 121 9 121 9 121 120 20 15 14 44 17 14 15 35 15 35 17 45 275 275 275 275 275 275 275 246 274 273 243 250 250 250 250 250 250 250 250 250 250 250 243 250 243 102 103 104 104 106 115 105 115 105
a 16 1 0 8 8 0 29 202 202 197 170 169 172 177
a 1220 164 152 65 47 42 32 30 50 59 59 60 247 247 247 249 248 255 248 255 241 242 273 273 273 243 102 103 104 98 99 98 107 108 109
a 406 47 47 42 32 30 30 50 59 59 59 59 59 60 60 59 59 60 59 60 59 60 59 60 60 247 247 247 247 247 247 247 247 247 247 247 246 274 275 275 246 274 246 274 274 273 273 273 273 273 243 102 103 104 104 104 104 104 104 106 106 106 115
a 1108 152 65 47 42 42 32 30 28 66 216 215 216 215 174 168 168 205 205 205 175
a 404 47 51 45 41 45 41 46 41 46 47 42 32 30 50 50 59 59 60 62 62 62 62 62 60 59 60 247 249 249 248 255 241 242 273 273 273 243 250 250 250 250 250 250 250 250 250 250 250 250 243 102 103 104 104 104 104 104 104 104 106 106 115 105
a 213 21 14 33 31 36 31 36 52 30 28 66 216 215 174 168 168 205 205 205 175 176 175
a 405 47 47 47 42 32 42 32 30 50 28 66 216 215 174 168 168 205 175
a 1002 142 158 142 147 147 126 126 136 142 27 143 149 43 57 58 57 58 58 65 152 89 91 91 89 90 90 90 90 90 77 76 75 75 75 75 64 64 75 75 75 64 64 64 74 74 74 74 74 74 74 74 74 74 74 236 236 236 236 74 74 74 74 236 236 235 237 237 265 238 264 276 264 276 276 272 271
a 349 41 46 35 17 45 41 45 41 42 32 30 50 59 59 59 59 60 247 247 249 97 250 250 250 243 102 243 250 243 250 250 250 250 243 102 243 102 103 104 106 106 115 105 115
a 622 84 82 84 82 82 84 82 84 82 266 280 266 266 280 279 279 278 278 277 276 276 276 272 273 243 102 103 104 104 104 104 104 104 106 115
a 395 46 47 42 47 42 32 30 50 59 60 62 60 247 247 247 249 97 250 250 250 250 250 250 243 102 103 104 106 106 106 115 109 115 105
a 271 27 27 143 27 143 158 143 149 43 57 150 57 58 65 58 57 58 65 47 42 32 30 28 66 216 215 174 173 176
a 201 20 20 20 20 15 15 35 15 15 35 17 45 41 42 47 42 39 39 40 61 61 61 61 61 60 59 60 59 59 60 59 59 60 247 247 249 97 250 250 250 250 250 243 250 250 250 250 250 250 250 250 250 250 250 250 250 250 250 250 250 250 250 250 250 250 243 102 103 100 100 100 100 100 100 99 98 107 107 107 107 107 108 108 109
a 165 16 22 22 135 22 135 22 22 22 135 155 125 123 125 134 135 135 135 22 23 24 24 38 43 38 38 43 43 149 43 43 57 150 161 161 150 57 58 65 47 42 32 30 28 28 28 28 28 28 28 28 28 28 28 66 216 215 216 215 219 176
a 1237 165 165 165 165 166 165 165 165 91 89 90 90 90 80 79 79 69 69 39 40 61 60 62 62 60 247 247 249 97 250 250 250 250 250 250 250 250 250 250 250 250 250 243 102 103 104 106 115 105
a 393 46 35 15 35 17 14 17 45 51 49 37 49 58 58 65 47 42 32 30 28 66 253 66 216 215 216 215 174 173
a 5 0 0 29 29 29 202 202 197 170 170 169 170 169 170 169 169 169 169 169 169 169 172 169 169 172
a 251 25 18 18 48 37 48 18 18 18 18 35 15 15 15 15 35 17 14 14 14 33 31 31 36 31 32 30 30 28 66 216 215 174 168 168 168 168 205 205 205 205 205 205 205 205 175
a 799 121 9 9 1 0 29 56 29 29 202 197 170 169 169 172 177
a 610 83 84 82 82 266 280 281 281 280 281 280 266 280 279 278 277 276 276 272 272 272 272 273 272 272 271
a 619 83 83 84 82 82 84 82 84 82 82 266 82 84 82 266 82 84 82 266 280 279 279 278 277 265 277 277 276 264 276 272 271 262
a 926 134 135 135 22 23 24 24 24 38 43 149 43 149 150 57 58 65 47 42 42 47 42 39 40 61 60 247 247 247 247 246 247 247 249 249 97 250 243 250 250 250 250 250 250 250 250 250 250 250 250 250 250 250 250 243 102 103 104 106 115 105
a 631 85 85 83 83 83 84 84 82 84 82 266 267 266 82 266 280 279 279 278 279 222 223 222 279 278 278 222 279 278 278 277 276 272 272 271
a 1314 282 281 280 266 280 279 279 279 278 222 223 225 224 238 238 265 277 276 263 276 263 276 272 273 273 273 273 273 273 273 273 272 272 271
a 789 120 54 7 7 54 54 54 7 56 56 29 56 7 56 29 29 202 197 170 169 172
a 140 14 14 14 17 44 34 44 17 14 33 31 32 42 39 39 40 61 40 61 60 247 247 247 247 247 247 247 247 247 247 246 274 274 274 274 274 274 274 273 273 273 273 243 102 103 104 104 104 98 107 108 109 115 105
a 295 33 31 32 42 32 30 50 28 66 216 215 216 215 216 215 174 168 205 205 175
a 292 33 31 36 52 36 31 193 192 192 193 192 199 192 191 119 195 196 197 170 169 172 177 172
a 491 58 65 152 65 47 42 39 39 39 40 40 61 61 61 40 40 61 60 59 59 59 60 62 60 247 247 247 247 249 97 250 250 250 250 250 250 250 250 243 102 103 104 98 104 104 106 115
a 780 120 120 120 54 21 14 14 14 14 44 34 44 17 44 17 44 17 14 14 33 31 33 14 33 31 193 193 193 192 192 191 191 119 191 191 119 191 119 191 119 195 201 198 200 198 200 198 200 177 172 177
a 410 48 37 37 49 51 49 51 49 37 49 51 48 18 18 18 18 18 35 17 14 15 35 15 35 17 17 44 17 44 17 45 275 275 275 275 275 275 275 246 274 274 273 273 273 243 102 243 102 103 104 104 98 104 104 104 98 107 108 109
a 1310 282 281 280 281 280 266 266 267 267 280 266 280 279 278 278 277 276 272 273 272 272 272 271
a 499 58 65 152 65 65 47 42 32 42 39 40 40 40 61 61 60 59 59 60 247 247 247 246 247 247 247 247 247 247 247 247 247 249 249 97 250 250 250 243 102 103 103 104 106 106 115 105
a 248 24 24 147 147 134 134 125 123 123 123 123 125 125 134 135 22 23 24 38 38 38 58 57 150 57 58 65 47 42 32 42 47 42 39 40 61 60 60 59 60 247 249 249 97 101 100 99 98 104 104 104 104 106 106 106 115 105 115
a 1066 148 163 163 153 156 149 43 149 43 149 43 57 58 65 47 51 45 275 246 274 273 273 243 102 103 104 104 104 98 107 107 108 109 115
a 1291 280 266 280 279 222 279 278 278 279 222 279 278 278 222 279 222 279 278 278 277 276 276 276 263 238 264 276 272 272 273 273 273 243 250 250 243 250 250 243 102 103 104 104 104 106 115
a 531 75 76 77 77 77 76 76 76 76 77 76 77 76 76 76 75 64 75 75 64 64 64 75 64 64 74 74 236 236 74 74 236 235 221 279 278 277 277 277 276 272 271 270
a 493 58 65 47 47 47 42 32 32 30 50 28 28 66 216 215 219 176 173 177
a 617 83 84 82 266 267 266 267 267 267 280 266 280 279 222 223 225 224 230 263 263 229 220 220 229 220 229 229 229 263 276 263 229 263 263 238 264 276 272 271
a 347 41 42 32 42 32 30 30 30 50 59 59 60 60 59 59 60 59 59 60 62 62 60 247 247 247 249 249 248 248 255 241 242 273 243 102 103 104 104 104 104 104 98 98 107 107 107 108 205 175
a 19 1 0 8 9 1 1 0 29 202 197 170 169 172
a 297 33 14 15 15 35 15 35 15 14 17 45 45 41 46 41 46 35 15 35 15 35 15 35 17 14 33 31 33 31 193 193 31 193 192 192 191 119 195 201 198 200 177
a 730 95 154 151 156 156 144 143 149 43 149 43 38 43 38 58 65 47 42 39 39 40 61 60 247 246 274 273 273 273 243 250 250 250 250 243 102 103 103 104 104 104 104 106 115
a 918 133 140 145 144 143 27 143 149 43 149 43 43 38 43 57 43 43 43 149 43 43 38 43 43 149 43 57 58 49 58 65 47 47 42 32 30 28 28 28 28 28 28 28 28 28 28 28 28 28 28 28 28 28 28 66 253 253 253 253 66 216 215 219 176
a 164 16 22 135 135 135 155 155 122 123 125 123 125 123 125 134 135 135 135 135 13 13 19 53 15 35 15 35 17 44 34 44 17 45 275 275 275 275 275 274 274 246 274 273 243 102 103 104 98 98 107 107 107 107 107 108 106 106 106 115 105 115
a 240 24 38 43 38 58 65 47 42 32 30 50 28 66 253 66 253 66 253 253 66 253 252 253 253 253 66 216 215 219 176
a 1012 143 149 43 149 43 57 58 65 47 42 32 34 32 30 28 66 253 253 66 216 215 216 215 216 215 219 176 175
a 397 46 47 47 42 32 31 36 31 193 193 192 191 119 195 67 66 216 215 174 168 168 205 108 109
a 199 19 19 53 19 19 19 19 19 53 15 35 15 35 15 15 14 14 14 14 33 31 36 31 193 192 199 199 199 192 192 192 192 192 199 192 191 119 191 119 195 201 198 200 200 198 198 201 195 201 198 200 200 177
a 419 48 18 25 26 23 134 147 126 124 124 124 124 12 127 130 124 130 127 5 5 5 5 117 128 127 130 124 130 136 126 136 126 125 134 135 135 135 135 135 135 22 23 26 25 37 48 45 41 42 39 40 39 40 40 40 61 60 247 247 249 97 101 102 103 104 104 104 106 106 115 105 115 105 115
a 810 123 123 123 123 123 123 123 125 134 134 135 135 13 16 53 15 35 17 45 41 45 41 45 41 45 41 41 45 41 45 41 46 41 41 46 41 45 45 275 246 274 274 274 273 273 243 102 101 100 100 100 100 100 100 100 99 98 107 107 108 106 106 115 105
a 375 44 17 17 44 34 44 34 32 32 30 28 66 216 215 216 215 174 173 176 173 177 172
a 158 15 35 15 35 17 44 34 33 31 32 30 50 28 66 216 215 216 215 216 215 219 176 173 176 175
a 44 4 116 4 2 2 3 3 3 1 0 29 29 202 202 197 170 169 170 169 169 169 169 172
a 1132 155 122 155 122 155 122 123 123 123 123 125 123 123 11 123 125 134 135 22 22 22 22 23 134 135 22 22 23 24 38 37 49 51 45 45 45 41 46 41 46 41 46 41 41 45 275 275 275 246 274 274 273 273 273 243 102 103 100 99 98 107 108 109 115 105
a 179 17 44 34 44 34 33 31 193 192 199 199 199 192 191 119 195 195 195 196 196 195 67 66 253 66 216 215 174 168 168 205 205 205 175
a 1198 161 65 47 42 32 30 50 59 59 59 59 60 247 247 247 247 247 247 247 247 247 249 97 249 97 250 250 250 250 243 102 243 102 103 104 98 107 107 108 108 109 115
a 1083 150 149 43 43 43 149 43 149 43 57 150 151 156 156 156 144 143 149 43 43 43 149 43 38 43 57 150 57 58 65 47 47 42 32 30 30 50 59 59 60 247 247 247 249 248 248 255 241 258 241 242 273 272 271
a 448 53 15 15 15 15 15 35 15 35 15 14 17 45 41 45 41 41 42 42 39 39 40 40 39 40 39 40 61 61 60 247 247 247 247 247 247 247 247 247 247 247 247 249 97 249 97 250 250 250 250 250 243 102 243 102 103 104 104 104 106 106 115 105 115 105
a 571 79 80 79 78 68 74 74 236 74 74 74 236 236 236 235 237 265 237 237 237 265 265 277 276 276 276 276 272 273 273 273 273 273 273 243 250 250 250 250 250 250 250 250 243 102 101 101 101 100 100 99 99 98 107 107 108 108 108 108 109
a 458 54 7 7 56 29 29 29 202 202 197 170 169 172 169 172
a 796 121 122 121 13 16 53 15 35 15 35 15 35 17 45 45 41 42 39 40 61 61 60 62 62 62 62 62 60 60 247 247 247 246 274 273 243 250 250 250 250 250 250 250 250 250 250 243 102 103 104 106 106 106 115 105 115 109 115 105
a 77 7 6 55 194 33 31 32 30 50 28 28 66 216 215 219 176 173 177
a 781 120 20 15 15 15 35 17 45 41 42 32 42 32 31 31 32 30 50 50 28 66 253 66 253 66 253 66 216 215 216 215 174 173
a 570 79 78 68 78 68 78 68 78 68 74 74 74 74 236 235 235 235 237 237 265 277 277 276 272 271
a 1007 142 147 142 27 27 27 24 38 43 57 58 65 47 47 42 32 30 50 50 28 66 216 215 174 168 205 205 205 175
a 925 134 135 135 155 155 155 122 155 122 122 122 121 120 120 8 7 7 56 56 29 29 29 202 197 170 169 172 177 172 177
a 1013 143 27 143 27 143 149 43 43 43 43 57 43 57 43 57 43 149 43 57 43 149 43 57 57 43 149 43 43 149 43 43 57 58 65 47 42 42 32 30 30 50 28 66 216 215 219 176
a 432 51 45 41 46 47 47 47 47 42 47 47 47 42 39 40 61 60 59 60 60 59 59 60 60 247 246 274 246 247 249 249 249 97 250 250 250 250 250 250 250 250 243 102 243 250 243 250 243 102 103 103 103 103 103 103 103 104 106 106 115
a 222 22 23 134 135 13 121 122 121 122 123 123 123 125 134 135 135 135 135 22 23 134 147 142 27 24 24 24 24 38 58 49 49 51 45 41 45 275 275 246 247 247 247 247 249 248 248 255 248 254 254 248 248 255 241 242 273 273 272 272 272 273 272 271
a 144 14 14 15 35 17 14 14 15 35 15 35 15 14 33 31 193 192 199 192 191 191 119 191 119 191 119 191 191 119 195 201 198 201 198 200 198 200 198 200 200 198 198 200 198 200 200 177
a 662 88 282 281 281 280 266 82 266 267 267 267 266 267 280 266 280 266 267 266 266 280 279 279 278 278 222 221 279 278 278 279 279 278 277 276 276 272 271
a 855 127 5 3 3 1 0 0 29 29 56 29 202 197 170 169 172
a 784 120 20 15 35 35 17 14 14 15 35 15 35 17 45 41 41 45 41 45 41 45 45 41 42 32 32 42 32 42 42 32 30 50 28 28 28 28 28 28 28 28 66 216 215 216 215 219 176
a 145 14 14 33 31 33 14 14 33 14 33 31 32 30 30 50 28 66 216 215 174 168 168 205 175
a 1103 152 65 47 42 42 32 30 50 28 66 253 253 252 253 66 253 252 253 66 253 66 216 215 219 176 175
a 437 51 47 47 47 47 47 42 39 40 61 61 60 62 60 60 247 247 249 249 249 249 248 255 241 242 273 273 243 250 250 250 250 250 250 250 250 250 250 250 250 250 250 243 250 250 250 250 250 250 250 250 243 102 103 104 104 98 99 98 99 99 98 99 99 98 104 104 104 104 106 106 106 106 115 105 115 105
a 124 12 3 5 5 5 5 5 117 118 118 118 118 129 129 132 132 133 140 133 138 141 141 141 144 156 156 149 43 38 38 58 65 65 47 42 32 30 30 30 50 28 28 28 28 66 253 252 253 66 253 66 216 215 219 176
a 1181 160 73 73 73 73 81 88 282 281 280 281 280 279 278 279 278 277 224 238 238 264 276 276 272 271
a 527 73 81 88 282 281 280 279 222 279 278 278 278 221 222 223 222 223 225 228 227 110 104 106 115 109
a 798 121 120 20 15 14 44 17 45 41 45 41 45 41 46 41 45 41 46 41 42 39 40 61 60 59 59 60 60 59 59 60 59 59 60 247 247 247 247 247 247 247 247 247 247 249 248 255 241 242 273 243 102 103 104 104 104 104 106 115 105 115 105 115 105
a 882 130 124 123 122 155 125 134 134 135 135 13 19 19 19 53 53 53 15 14 15 35 17 14 17 44 34 32 42 39 40 61 60 60 62 60 62 62 60 59 60 247 247 247 247 247 249 249 249 249 249 248 255 241 255 241 242 242 273 243 102 103 104 104 104 104 104 104 106 106 106 106 106 106 115 105 115 105
a 1076 149 43 57 43 43 43 43 43 38 37 49 51 45 45 41 46 35 15 35 15 15 35 17 14 14 33 14 33 14 14 33 31 31 32 30 50 28 28 28 28 28 28 28 28 28 28 28 28 28 66 216 215 219 219 176 175
a 408 47 42 32 42 47 42 39 40 61 60 59 60 60 60 60 247 247 247 247 247 247 246 247 247 247 247 247 247 249 249 97 250 243 102 102 103 104 104 104 104 104 98 104 104 98 99 98 107 107 107 107 107 107 107 108 109
a 620 84 82 266 82 266 267 266 267 280 281 280 266 280 279 222 279 278 278 278 278 278 221 279 278 277 224 238 264 276 272 272 273 243 250 243 102 103 103 104 106 115 105
a 692 91 89 152 65 152 65 47 42 32 30 50 28 28 28 28 28 28 28 66 253 253 253 66 253 66 253 253 252 217 259 217 211 208 209 209 210 210 107 107 107 107 107 107 108 109
a 39 3 3 3 3 1 3 1 0 29 29 202 202 197 170 169 172
a 503 65 47 42 32 30 50 59 60 247 247 247 247 249 97 249 97 250 250 250 250 250 243 102 103 104 104 104 104 104 98 107 107 107 107 107 107 108 106 106 115 105 114 271 262 113 204
a 1318 282 282 281 281 280 280 279 278 222 223 222 279 278 277 277 224 230 224 230 263 276 272 272 273 243 250 250 250 250 250 250 250 250 243 102 103 104 104 104 104 104 104 104 104 104 104 104 106 115
a 1016 143 27 27 143 27 27 24 147 142 158 141 141 144 143 149 43 43 149 43 57 58 49 58 65 47 42 47 47 47 42 32 32 31 32 30 30 50 28 28 28 66 253 66 216 215 219 176
a 449 53 53 53 15 35 15 35 17 44 17 45 41 45 41 45 45 41 45 41 46 47 42 32 30 30 28 28 66 253 66 216 215 174 168 168 205 175
a 272 27 143 149 43 57 43 43 38 58 57 58 65 152 65 47 51 49 37 48 45 41 45 41 41 41 45 41 46 41 45 45 275 275 275 275 275 275 275 246 274 274 273 273 243 102 103 103 104 104 104 104 98 107 107 108 109
a 1118 153 153 153 153 153 153 156 149 43 43 38 38 58 65 47 42 32 30 30 50 59 60 59 60 62 60 247 247 247 249 97 249 97 101 101 100 100 100 100 100 100 100 99 98 98 98 99 98 104 104 104 104 106 115 105
a 1252 194 194 33 33 31 31 36 52 36 52 30 28 28 66 216 215 219 219 176 173 176 173 177
a 163 16 53 19 19 53 15 35 15 35 18 25 18 16 18 18 18 18 35 18 25 26 26 25 18 18 16 22 22 23 24 38 43 38 43 38 58 65 47 47 51 49 49 51 45 41 45 275 275 246 274 273 273 273 273 273 243 102 103 104 104 106 106 106 108 109
a 682 90 77 77 77 76 76 76 75 75 64 64 64 64 74 74 74 74 64 75 64 64 64 64 64 64 74 64 75 75 64 64 75 75 76 76 85 83 84 82 266 280 279 278 278 278 278 278 277 277 277 276 272 271
a 378 44 34 33 33 31 31 32 30 30 30 50 28 66 216 215 219 176 175 176 175 205 108 109
a 806 122 155 122 155 122 121 120 8 9 121 9 8 7 56 29 202 197 170 169 169 172
a 961 138 141 141 144 144 156 149 43 43 38 43 38 37 49 51 45 45 41 46 47 42 39 40 39 40 39 40 61 61 60 62 62 62 62 62 60 247 247 249 248 255 241 242 273 243 102 243 102 101 101 100 100 99 98 104 104 104 104 104 106 115
a 236 23 24 38 38 38 58 65 47 42 39 40 40 39 40 61 61 61 60 59 60 60 59 60 59 60 60 247 247 247 247 249 97 250 250 250 243 102 101 102 103 104 104 106 106 106 106 106 106 106 106 106 115 105 115 105
a 613 83 83 83 83 83 84 82 84 82 266 280 281 281 281 281 281 281 281 280 279 278 278 277 276 272 273 273 243 102 103 104 104 104 98 107 108 109 175
a 758 116 4 2 4 5 5 5 127 130 124 12 12 12 127 128 127 130 124 124 12 12 11 10 122 121 9 121 9 10 122 155 122 155 122 123 125 134 135 135 155 122 122 123 125 125 123 123 123 123 123 123 123 125 134 147 126 125 123 122 121 13 16 13 16 53 15 35 15 15 35 17 45 275 275 275 246 274 274 273 273 243 102 103 100 100 99 98 104 106 106 106 106 106 106 115 105
a 522 73 81 88 81 88 282 88 282 281 281 281 280 279 278 278 222 279 279 279 278 278 278 279 278 278 277 277 277 276 272 272 272 271
a 461 55 194 33 31 32 30 30 50 28 66 216 215 174 168 168 168 168 168 205 205 205 108 205 175
a 468 55 55 55 55 55 55 55 194 55 55 55 55 194 55 55 194 194 193 192 191 192 192 191 119 195 119 195 195 119 195 201 198 200 198 201 198 200 177
a 966 138 138 141 141 141 144 143 27 24 27 27 143 143 27 24 27 24 24 38 58 58 57 43 149 43 149 43 149 43 149 43 57 58 65 58 49 37 48 18 48 45 41 46 47 42 32 42 39 39 40 40 61 60 62 62 62 60 247 247 247 247 247 247 249 248 255 241 242 273 272 271
a 698 91 165 165 165 165 165 166 165 165 165 166 165 91 89 89 90 86 90 90 89 89 90 80 80 79 79 79 79 79 79 69 39 40 61 60 247 247 247 249 97 250 250 250 250 250 250 243 102 103 103 103 104 104 106 115 105
a 564 78 68 78 68 74 74 74 74 236 235 235 237 265 237 265 277 277 276 272 273 273 273 243 102 103 104 106 106 115 105 115 105
a 214 21 20 15 15 14 17 44 17 45 41 45 41 42 42 39 39 39 40 40 39 39 39 40 61 40 61 61 61 40 61 60 62 60 247 247 246 274 275 274 273 273 273 243 250 250 250 250 250 250 250 250 243 250 243 250 250 243 102 103 103 104 104 104 104 104 104 104 104 106 115 105
a 983 140 133 138 137 137 137 137 137 137 137 137 137 137 137 137 137 137 136 126 125 123 123 123 123 125 155 122 121 9 1 1 0 29 202 197 170 169 169 169 172 177
a 526 73 81 73 81 88 88 282 281 281 280 279 222 279 279 278 277 276 272 271 270 271
a 388 45 41 42 32 42 42 32 30 50 59 60 62 62 60 59 59 60 59 60 59 60 59 59 60 247 247 247 247 247 247 247 247 247 247 247 246 274 274 273 273 273 243 102 103 103 103 103 103 103 103 103 103 103 103 103 103 103 103 103 103 103 100 100 99 210 210 107 108 109
a 1274 266 280 279 278 278 279 278 222 223 222 279 278 278 278 278 277 277 224 230 224 238 238 238 238 224 238 224 230 224 230 263 263 276 272 272 272 272 272 273 273 273 243 102 102 103 104 104 106 115 105 114 271 262 113 262 271
a 973 139 162 145 145 145 144 143 149 43 38 58 58 65 58 58 65 161 65 161 150 161 150 161 150 161 150 161 152 65 47 42 32 32 30 50 28 28 66 216 215 219 219 219 176
a 200 20 20 15 35 17 45 41 45 41 45 41 41 46 41 42 42 32 42 39 39 40 40 39 39 39 40 39 39 40 61 61 40 39 40 61 60 59 60 247 246 274 274 273 273 272 272 271
a 379 44 34 32 30 50 28 66 216 215 174 168 168 168 168 205 175 176 173 177
a 359 42 32 30 50 28 66 216 66 216 215 174 168 168 168 168 205 205 205 205 205 175
a 519 72 72 56 29 29 29 56 29 202 197 170 169 169 172 177
a 427 49 58 58 57 43 149 43 38 58 58 58 65 47 47 42 32 42 42 47 47 47 47 42 32 30 50 59 59 60 247 247 249 249 97 250 250 250 250 250 250 250 243 250 250 250 250 250 243 102 103 104 98 104 104 106 106 115
a 1264 202 197 202 197 196 195 201 198 200 200 200 198 200 177
a 1095 151 156 149 43 38 43 57 150 57 43 57 43 57 58 65 47 42 42 32 31 193 193 31 32 30 50 50 28 28 28 28 28 28 28 28 28 28 28 28 66 253 253 66 216 215 219 176
a 216 21 20 15 35 17 45 41 46 47 47 47 42 32 30 50 28 66 253 252 253 66 253 66 253 253 66 253 253 66 253 253 253 253 66 253 66 216 215 174 173
a 1097 151 156 149 43 43 57 43 38 58 65 47 42 32 30 30 50 28 66 216 215 219 176 173 176 175
a 485 57 43 43 149 43 38 43 38 37 49 51 47 42 39 40 40 61 61 60 62 60 60 60 62 60 247 247 247 247 247 249 247 249 97 250 250 250 250 250 250 243 102 243 102 103 103 103 103 104 106 115 105
a 669 88 282 281 280 279 278 278 278 222 279 279 222 223 225 224 238 264 238 238 264 276 263 238 264 264 238 224 238 264 276 276 272 272 273 273 273 273 273 243 102 103 103 100 100 100 100 100 100 100 100 99 99 99 99 98 107 107 107 108 109
a 1129 154 154 154 154 151 156 156 156 149 43 149 43 57 58 65 47 47 42 39 40 39 40 61 61 61 61 61 61 60 59 59 60 60 247 247 247 249 97 250 250 250 250 250 250 250 250 250 250 250 250 250 250 250 250 250 250 250 250 250 250 250 250 250 250 250 243 102 101 102 103 103 103 103 103 103 103 103 103 103 103 103 103 103 103 103 103 103 103 103 103 103 103 103 100 100 100 100 100 100 100 99 98 107 108 109
a 1091 151 150 57 58 57 150 57 43 38 58 65 47 42 42 39 40 40 61 60 59 59 59 60 59 59 59 59 59 59 59 60 59 59 59 59 59 60 59 60 247 247 247 247 247 247 247 247 249 97 250 250 250 250 250 250 250 250 243 250 243 102 103 104 104 104 104 106 106 115 109
a 659 87 88 282 282 281 280 279 222 279 278 278 222 279 278 278 278 222 279 279 222 223 225 224 277 276 272 273 243 102 103 103 103 103 103 103 103 103 104 104 104 104 106 106 115
a 906 132 133 138 137 137 137 137 137 137 137 137 137 137 137 137 137 137 137 137 137 137 137 137 137 137 137 137 137 137 137 137 137 137 137 137 137 137 137 137 137 137 137 137 137 137 137 137 137 137 137 137 137 137 137 138 141 144 143 158 141 144 143 158 143 158 158 142 27 27 24 38 43 43 57 58 65 47 42 42 32 30 30 30 50 28 28 28 28 66 253 66 216 215 174 173 176
a 139 13 13 13 19 19 20 15 35 15 35 17 45 41 45 51 47 47 42 32 30 28 66 253 253 66 28 28 28 28 28 28 28 28 28 28 28 28 28 28 28 28 28 66 253 66 253 66 216 215 216 215 219 219 176
a 148 14 33 31 193 31 36 31 33 31 32 30 30 30 50 59 59 60 62 60 59 60 247 247 247 247 249 249 249 249 248 249 97 250 250 250 250 243 102 103 103 103 103 103 103 103 103 100 99 98 107 108 109
a 141 14 15 35 15 35 17 14 15 15 15 35 17 45 41 46 47 51 45 41 46 41 45 41 46 41 42 32 42 39 39 40 61 60 60 59 59 60 60 247 247 247 247 247 246 274 274 273 243 102 103 104 104 104 104 106 115 105 115 105 115 105
a 1074 149 150 161 152 80 80 79 69 69 69 68 69 69 69 68 78 68 74 74 236 236 74 74 74 74 74 74 74 74 74 74 236 74 74 74 64 75 64 64 75 75 64 64 64 75 64 75 75 75 64 74 74 74 236 235 237 265 277 277 277 277 277 277 265 277 277 276 272 272 271
a 602 82 266 280 266 267 267 280 280 266 280 280 266 267 267 267 267 267 267 280 266 267 267 267 267 280 266 267 266 267 267 267 266 82 266 266 280 281 280 279 278 277 276 263 263 229 263 276 272 273 272 272 272 272 272 272 272 272 271 270
a 209 20 15 35 17 14 44 17 45 41 45 41 45 45 51 45 45 45 41 41 41 46 47 47 42 32 30 50 28 66 216 215 174 173 177
a 400 47 42 32 32 31 32 42 32 42 32 30 50 28 66 216 215 216 215 174 168 168 168 205 205 175
a 949 136 130 124 130 127 5 5 5 3 3 3 12 12 3 3 2 4 116 116 4 116 4 5 3 1 1 1 0 0 29 202 197 196 195 201 198 200 177
a 146 14 15 35 15 14 14 33 31 31 36 36 52 36 31 36 36 31 193 193 192 192 191 191 191 119 191 119 195 196 196 197 170 169 169 172 177
a 167 16 13 16 53 19 53 15 35 15 15 35 17 45 41 45 41 41 45 51 49 37 49 51 45 41 46 47 42 39 40 61 40 39 40 40 61 60 60 62 60 247 247 247 247 247 247 247 247 249 97 250 250 250 250 250 250 243 102 101 100 100 100 100 100 100 100 100 99 98 104 106 115 105
a 418 48 45 275 246 274 274 274 274 273 273 273 273 243 102 101 102 243 102 243 102 103 104 98 107 107 206 107 108 109 115 105
a 847 126 125 134 135 155 122 10 122 123 123 125 134 147 126 125 123 125 155 122 121 9 121 120 20 15 15 35 15 14 15 35 17 14 14 15 14 44 17 45 45 45 275 246 274 274 273 273 243 102 103 104 104 103 103 103 100 99 210 107 107 108 109
a 69 6 7 7 56 56 29 202 29 29 56 7 7 7 6 44 17 44 17 45 41 46 47 47 47 47 47 51 45 41 45 45 41 45 51 45 275 275 275 275 246 274 274 274 274 273 243 102 103 104 104 104 106 106 106 115 105
a 74 7 7 6 55 194 55 194 55 55 55 194 55 55 55 55 194 193 193 31 36 36 31 193 192 191 119 191 119 191 119 195 201 198 200 198 200 200 198 200 200 177
a 1077 149 43 149 43 43 57 57 43 149 43 43 57 43 43 57 43 149 43 149 43 38 38 58 65 47 42 32 30 30 50 59 60 247 247 247 247 247 249 97 249 248 248 248 255 248 249 97 101 100 100 100 100 100 100 100 100 100 100 100 99 98 104 104 98 107 107 107 107 107 107 108 109
a 513 72 56 29 56 29 29 56 29 202 197 170 169 169 169 170 169 172
a 679 89 152 152 152 152 65 47 46 47 47 47 42 32 30 50 28 66 253 66 253 66 253 66 216 215 219 176 175
a 26 2 3 1 3 12 11 123 125 134 125 134 135 135 135 135 135 22 23 134 147 134 135 135 135 135 135 13 16 18 18 18 18 18 18 18 18 48 45 51 45 275 246 274 274 273 243 102 103 100 100 100 99 98 99 99 98 98 99 98 107 108 109
a 982 140 133 140 133 140 133 138 141 141 144 143 27 27 143 149 43 149 43 43 43 149 43 38 38 43 57 150 161 150 161 152 65 65 47 51 45 41 45 41 45 275 246 274 274 274 273 273 243 102 103 103 103 103 100 100 100 100 99 99 98 104 104 104 106 106 115 105
a 645 86 88 282 282 281 280 266 280 266 280 279 278 278 278 277 276 276 263 229 229 263 263 263 263 263 276 263 276 272 271 262 114 262 113 204
a 661 88 282 281 280 266 267 280 279 278 277 276 272 272 273 243 102 101 102 103 104 104 104 104 104 98 107 108 205 175
a 66 6 55 55 55 55 194 55 194 193 192 193 192 199 199 192 193 193 192 191 119 191 119 191 192 192 191 119 195 119 195 195 195 201 198 200 198 201 198 200 198 200 198 200 200 177 172 177
a 565 78 68 78 79 79 79 79 79 69 71 69 71 69 79 80 90 90 77 77 77 77 77 77 77 77 77 78 68 74 74 74 74 74 74 236 235 237 265 238 264 276 272 272 271
a 344 41 45 275 275 275 246 274 274 246 274 274 273 243 250 250 243 102 103 104 104 104 104 104 104 98 99 99 98 99 99 99 98 98 99 98 104 104 104 98 107 107 108 109 171 109
a 157 15 14 14 14 14 44 17 45 45 45 41 41 45 41 45 41 41 46 46 35 15 35 18 48 18 48 37 49 58 58 65 47 47 42 32 30 28 28 28 28 28 28 66 216 215 174 168 205 205 175
a 588 80 90 80 80 79 79 79 79 79 79 79 69 71 69 69 69 39 40 61 40 61 60 59 59 60 247 247 249 249 249 248 255 241 258 241 242 273 273 273 273 243 102 103 103 103 103 104 104 104 104 104 104 106 106 106 115 105
a 676 89 91 89 73 81 88 282 281 280 279 278 278 278 278 278 277 276 276 276 264 276 276 272 272 271 262 113 204
a 1266 202 29 202 197 170 170 170 170 169 169 172 169 172
a 936 135 155 122 123 125 134 135 135 22 22 135 135 13 121 9 1 3 3 3 3 12 127 130 127 130 124 124 130 124 12 3 12 12 11 11 11 123 123 122 122 121 122 121 13 16 13 19 19 19 53 53 15 35 18 18 16 53 19 19 19 19 19 19 19 19 53 15 35 15 35 17 44 17 45 275 275 275 275 275 275 246 274 273 243 102 101 100 100 100 100 100 100 100 100 100 100 100 100 100 100 99 98 104 106 106 106 106 115 105
a 326 37 49 37 49 49 49 37 49 51 45 45 41 46 41 45 41 46 47 42 39 39 40 39 40 40 61 60 62 62 62 62 62 62 60 59 59 59 60 60 59 60 247 247 247 247 247 247 247 247 247 247 247 247 247 246 247 247 249 249 249 248 255 241 242 273 243 102 103 104 106 106 106 115 109
a 132 13 19 19 19 19 19 53 15 35 15 35 18 18 18 48 45 45 41 45 41 46 35 18 18 48 18 18 18 48 45 275 275 246 247 249 247 249 97 249 249 249 249 97 101 100 100 100 100 100 100 100 100 100 100 100 99 98 107 108 108 109
a 1138 155 122 121 9 121 120 8 8 0 0 8 7 7 56 7 54 7 6 7 56 29 29 29 56 29 29 29 29 202 202 197 170 169 172 177
a 442 53 15 35 15 35 17 45 41 45 41 42 39 40 61 60 59 59 59 60 247 247 247 247 247 247 247 247 246 247 246 247 249 249 248 255 241 241 242 242 273 273 243 102 103 104 103 104 98 98 107 108 205 205 205 205 175
a 169 16 13 16 22 22 135 135 135 13 13 16 13 16 13 19 53 15 35 17 45 41 45 41 46 47 47 47 42 32 42 39 40 61 60 59 59 59 59 60 60 247 247 247 249 97 250 250 243 102 103 100 100 100 100 100 100 100 100 100 99 98 104 104 104 104 106 115 105 115 109
a 374 44 34 32 42 32 42 39 39 39 40 39 40 39 39 40 61 40 40 40 39 39 39 39 39 39 39 39 39 40 61 60 247 246 247 247 247 246 274 274 274 274 274 274 273 273 243 102 103 100 100 99 99 98 104 104 104 106 106 106 115 105
a 1156 157 146 157 148 139 140 139 162 162 145 145 140 139 162 139 162 162 162 145 144 143 27 24 38 43 57 43 57 43 57 150 57 58 58 65 47 42 32 30 30 50 28 66 216 215 216 215 219 219 176
a 1257 194 55 55 55 55 194 55 194 55 55 55 55 194 33 31 193 192 192 191 119 195 67 66 216 215 174 168 168 168 205 205 205 205 205 175
a 70 7 56 29 29 202 197 170 169 169 172 169 172 169 172 177
a 594 81 88 81 73 73 81 88 88 282 281 280 279 279 278 277 277 276 272 271 262 113 204
a 1265 202 197 202 202 197 170 169 169 172
a 1031 145 140 133 140 133 132 133 138 141 141 144 143 143 143 143 144 143 149 43 57 58 57 57 58 58 65 47 42 32 30 30 50 28 66 216 215 219 176 175 176 175
a 463 55 55 194 194 55 55 194 33 14 14 14 33 31 36 31 193 193 192 199 199 199 199 199 199 199 199 192 191 119 191 119 195 119 191 119 191 191 191 119 195 119 191 119 195 195 195 201 198 200 200 200 200 200 200 177
a 212 21 20 20 20 15 15 35 17 45 41 46 35 17 45 45 41 42 32 30 50 28 66 253 66 216 215 219 215 219 176 173 176 173
a 440 53 53 19 19 19 19 53 19 53 15 35 17 45 41 46 41 45 41 45 51 48 45 41 46 35 17 44 34 32 42 42 42 32 30 30 50 28 28 28 28 28 28 28 28 28 28 28 28 28 28 28 28 28 28 28 28 28 28 66 253 253 66 216 215 216 215 216 215 216 215 174 173
a 431 51 45 51 45 41 45 51 47 42 39 40 40 40 40 39 39 39 40 39 40 40 61 60 60 60 59 60 60 247 247 247 249 249 97 250 250 250 250 250 250 243 102 103 103 104 98 99 99 98 104 106 115 105 115
a 996 141 144 143 27 27 143 143 149 150 57 58 65 47 42 42 42 32 32 34 44 34 32 30 50 50 59 60 60 60 59 59 59 60 59 59 59 59 59 59 60 59 59 59 59 60 59 59 60 247 247 247 246 274 274 273 272 271
a 227 22 23 134 135 13 16 13 13 19 53 19 19 53 53 15 35 17 44 17 45 41 45 41 46 41 45 41 45 51 47 42 39 39 40 61 61 61 61 60 59 60 62 60 59 60 247 60 247 247 247 249 248 255 241 242 242 273 243 102 103 103 104 104 106 106 115 105
a 777 118 118 118 129 146 139 140 133 140 133 140 145 145 144 144 144 143 149 43 149 43 57 58 57 58 58 65 47 42 32 30 50 59 59 60 59 59 59 59 59 60 247 247 247 247 247 247 247 247 247 247 247 60 247 247 247 249 97 250 250 243 102 103 103 103 103 103 103 103 103 103 103 103 104 104 106 115
a 782 120 8 8 8 0 0 0 8 7 56 29 56 72 72 146 146 139 162 145 140 133 138 137 137 137 136 136 126 125 123 123 123 125 134 135 22 22 22 23 134 135 135 135 135 135 135 22 22 135 22 23 26 25 18 16 13 13 13 19 19 19 19 19 19 53 19 19 53 15 14 33 31 36 36 31 32 30 50 28 28 28 28 66 216 215 219 219 176
a 336 38 58 65 65 47 51 45 51 45 51 45 41 46 46 47 42 47 42 32 30 50 28 28 28 28 28 28 28 66 253 253 66 216 215 174 168 174 173
a 451 54 120 120 20 15 15 15 35 17 45 45 41 46 41 46 47 42 47 42 32 30 50 28 66 216 215 219 176 173 177
a 1014 143 27 143 149 43 149 43 38 43 38 58 65 47 51 45 41 46 41 45 275 274 274 273 273 273 273 243 102 243 102 103 104 98 104 104 104 104 104 104 104 106 115 105 115 105 115 105 115 105 115
a 1275 266 280 266 82 266 280 266 82 84 82 266 267 266 267 266 280 279 279 279 278 278 222 221 279 278 278 222 223 225 228 228 226 226 220 229 229 229 220 220 229 229 229 263 229 263 276 276 272 272 272 272 271
a 760 117 128 131 132 132 129 132 129 146 146 146 146 139 162 145 145 140 139 162 162 145 140 133 138 141 141 144 145 145 145 144 143 149 43 38 58 57 58 65 47 42 32 30 50 50 50 50 28 28 66 253 253 253 253 66 216 215 216 215 219 176
a 278 27 24 38 38 37 49 51 45 51 49 58 65 47 47 42 47 42 32 32 30 30 30 28 28 28 28 28 28 28 66 253 66 216 215 216 215 219 176 173 176
a 1085 150 57 58 65 152 65 47 42 42 39 40 61 61 61 61 61 61 60 60 62 62 60 62 60 247 247 247 247 249 249 249 249 249 97 249 249 97 250 250 250 250 250 250 250 250 250 250 250 250 250 250 250 250 250 250 250 250 250 250 250 250 243 102 103 104 104 106 115 105 114 262 113 204
a 450 54 120 8 9 121 9 9 121 9 9 1 1 1 1 1 0 29 29 202 202 202 197 170 169 170 169 172 177 172 169 170 169 169 169 172
a 656 87 88 282 282 281 280 281 281 281 280 266 267 267 267 267 266 280 266 280 266 280 279 278 222 221 278 278 278 278 222 223 225 224 238 238 224 230 224 230 263 263 229 229 229 263 276 272 272 272 271
a 452 54 21 20 15 35 17 14 33 14 44 17 44 17 45 41 41 46 41 46 47 46 35 17 45 275 275 275 275 246 274 274 274 274 273 273 273 273 273 273 273 273 273 273 273 273 273 243 102 243 102 243 102 103 104 98 104 104 104 106 106 106 106 106 106 106 106 106 106 108 109
a 848 126 125 134 135 135 22 22 135 22 22 22 22 23 134 23 26 25 18 18 35 17 45 41 45 41 45 41 45 41 42 32 30 28 66 253 66 253 253 253 66 253 253 252 217 211 208 97 250 250 250 250 250 250 250 250 250 250 250 250 250 250 250 250 250 250 250 250 250 243 102 103 104 104 106 106 115 105 115 109
a 296 33 33 14 33 31 31 193 192 191 191 119 191 119 191 191 119 195 119 191 119 195 119 195 119 195 195 201 198 200 200 198 200 198 200 198 200 198 200 177
a 266 26 26 26 26 25 25 18 48 45 41 45 45 45 41 46 47 47 42 32 30 28 66 253 253 66 28 28 28 28 28 28 28 28 28 28 28 28 28 28 28 28 28 28 28 28 28 28 28 28 28 28 28 28 28 28 28 28 28 28 28 28 28 28 28 28 28 28 28 28 28 28 28 28 66 253 253 66 253 66 253 66 253 252 217 211 213 219 219 176
a 78 7 56 29 29 56 29 29 56 72 146 146 139 148 163 148 148 148 157 146 139 162 162 145 144 156 156 144 143 27 27 143 158 143 149 43 43 57 58 49 49 37 49 49 51 45 45 275 246 274 274 274 274 274 274 274 273 273 273 243 102 103 104 104 104 104 104 104 106 106 115 105 115 105
a 120 12 12 127 130 124 130 124 12 11 123 125 123 123 123 123 11 11 11 11 10 122 121 9 121 120 120 20 20 15 35 18 18 48 45 45 41 42 32 30 50 28 28 28 28 28 28 28 66 216 215 174 173 176 175 176
a 166 16 53 19 53 53 19 53 15 35 15 14 14 14 14 15 15 35 15 14 15 35 17 45 41 46 35 15 35 15 15 35 15 35 17 14 15 35 17 45 45 41 42 32 30 30 50 59 59 60 62 60 59 59 59 60 60 62 60 60 247 247 247 247 247 247 249 97 250 243 102 101 100 99 98 104 104 106 115 105
a 562 78 79 79 69 68 74 74 74 64 64 75 75 64 64 75 75 64 64 64 75 64 64 64 75 64 74 74 74 74 74 74 74 236 235 237 265 277 277 277 276 272 273 243 250 243 102 103 104 104 104 104 104 98 104 106 106 115 109
a 955 137 137 137 137 137 137 137 137 137 137 137 137 137 137 137 137 137 137 137 137 137 137 137 137 137 137 137 137 136 126 125 123 125 123 123 123 125 123 125 134 23 24 38 43 43 43 57 150 57 150 57 43 149 43 38 43 149 43 38 43 57 150 57 150 57 58 58 65 47 42 32 30 50 59 60 60 59 59 59 59 60 60 247 247 247 247 247 247 247 247 247 249 249 97 250 250 243 102 101 100 100 100 100 99 99 98 107 107 107 108 109
a 291 33 31 33 14 17 14 15 35 15 14 33 31 32 42 39 39 40 40 40 40 39 40 40 40 61 60 60 60 59 59 60 247 247 247 247 247 246 274 274 275 275 275 275 246 247 249 97 250 250 250 250 250 250 243 102 103 103 103 104 104 104 104 104 106 115 105 114 262 113 262
a 548 76 77 77 76 85 85 85 83 83 83 83 83 84 82 266 280 266 267 267 266 267 266 280 279 279 279 279 279 279 278 222 221 222 279 278 278 222 279 279 278 279 278 278 279 279 278 278 278 222 223 222 279 278 278 278 278 277 276 276 276 276 272 271 270
a 1094 151 156 151 156 156 144 144 143 27 27 27 143 144 143 149 43 43 149 43 149 43 57 58 58 49 49 58 65 47 46 35 15 15 14 14 33 31 193 192 199 192 192 191 119 191 192 192 191 119 191 191 119 191 119 195 201 198 200 198 200 200 177
a 371 44 34 32 30 30 28 66 216 66 253 66 253 66 216 215 174 168 168 205 175
a 261 26 25 26 25 18 18 18 35 17 45 41 45 41 45 41 42 42 32 30 30 50 28 66 253 253 252 253 66 253 66 253 253 253 66 253 66 253 66 253 253 253 253 253 66 216 215 216 215 219 219 176
a 609 82 84 82 266 267 280 266 280 266 280 281 281 281 281 281 280 266 267 280 266 266 267 266 280 281 281 281 280 280 279 278 278 277 276 276 272 272 273 243 102 103 103 103 103 104 104 98 107 108 109
a 457 54 120 20 20 15 35 15 35 15 15 15 14 14 14 14 14 15 35 15 35 17 45 41 45 41 45 41 45 41 41 45 41 45 41 42 32 30 50 59 60 247 249 249 249 97 250 243 102 243 102 101 101 102 243 102 103 104 104 104 106 115 105 114 271 270
a 538 75 64 75 64 64 75 64 75 64 64 64 75 75 64 75 75 76 75 75 75 75 75 75 75 64 64 64 64 64 75 75 75 64 64 75 75 75 75 75 75 75 75 75 75 75 64 64 75 64 75 64 74 236 235 237 237 237 237 265 265 238 264 276 263 229 263 238 238 264 276 272 273 273 273 243 102 103 103 103 103 103 103 103 103 103 103 104 106 106 115 105
a 1231 165 165 165 165 165 165 165 159 160 73 81 88 282 281 266 267 267 267 280 279 279 279 222 279 279 278 278 278 279 278 277 276 263 238 265 238 238 264 238 224 230 263 276 263 238 264 276 272 271
a 778 118 129 128 128 131 128 128 131 138 141 141 141 144 144 143 27 143 27 143 27 27 143 27 27 143 27 143 144 143 149 43 57 43 57 150 57 58 65 47 51 47 42 32 30 50 28 30 50 28 28 28 28 28 28 28 66 216 215 219 176
a 430 51 49 58 65 47 47 51 48 45 45 41 45 41 42 32 30 50 59 60 247 247 246 274 274 274 273 243 102 243 102 243 102 103 104 98 107 108 109 115 105
a 1303 281 280 280 279 222 223 222 223 225 223 225 224 238 264 238 264 264 276 272 272 272 273 273 243 102 103 103 103 103 103 103 104 104 106 115 105 115 105 114 262
a 752 116 118 129 146 146 139 162 145 140 145 140 139 140 133 140 139 162 145 145 145 145 144 156 149 43 57 58 65 47 51 45 45 41 46 35 17 14 33 31 36 52 30 50 59 60 247 247 246 274 273 273 273 273 273 273 243 102 103 103 103 103 103 103 103 103 103 103 103 103 104 106 106 106 115 105
a 557 77 77 77 78 68 78 79 79 78 79 69 69 71 69 39 40 61 60 60 59 60 247 247 247 247 247 247 247 247 247 247 247 247 247 247 247 249 97 250 250 250 243 102 102 103 103 103 103 103 103 103 103 104 104 104 104 104 104 104 104 104 104 104 104 104 106 106 115 105 115 105
a 681 90 86 88 282 88 282 281 281 266 280 266 280 279 278 278 279 279 279 279 278 222 279 279 278 278 278 222 223 225 228 227 110 104 104 104 104 106 106 115
a 102 10 122 121 122 123 122 121 120 8 9 9 121 13 19 53 15 35 17 14 14 33 14 14 33 31 36 52 36 52 36 36 31 32 31 32 42 39 40 39 40 61 60 60 60 247 249 249 249 249 97 101 101 100 99 98 98 107 108 108 106 106 106 108 108 109
a 107 10 122 155 155 122 121 120 20 20 15 35 17 44 34 32 42 42 32 30 50 50 28 28 66 253 66 253 66 216 215 216 215 216 215 216 215 219 176 173 176
a 991 141 144 156 156 149 43 149 43 43 57 58 65 47 42 32 30 50 28 66 253 253 66 253 253 66 216 215 216 215 174 168 205 205 175
a 341 41 45 45 41 46 41 46 41 46 41 46 35 15 35 15 35 17 17 44 17 44 17 14 14 33 31 36 36 31 193 192 192 191 191 119 191 119 191 119 191 119 195 195 119 191 119 191 119 195 119 191 119 191 119 191 119 191 191 119 191 191 119 195 201 198 200 177
a 392 46 35 17 14 17 44 17 44 17 45 41 45 51 45 41 46 47 42 47 47 47 42 47 47 42 39 40 39 39 40 40 61 60 247 60 59 60 247 247 247 247 247 247 247 249 97 250 243 250 243 102 103 104 104 104 104 106 106 115
a 654 87 88 282 282 281 281 281 281 281 266 267 280 266 267 267 280 266 82 266 266 280 266 280 279 278 277 276 276 272 273 243 102 103 103 104 106 108 109 115
a 1078 149 43 149 43 38 37 49 51 49 37 37 49 58 65 47 51 45 41 46 47 47 47 51 45 41 46 35 17 45 45 41 45 41 41 46 41 46 47 51 45 275 275 246 274 246 274 274 274 274 274 246 274 273 273 243 250 250 243 102 103 103 103 104 98 104 104 106 115 105
a 598 81 88 81 88 88 282 281 280 279 278 279 279 278 278 277 277 277 277 224 238 264 276 272 272 272 272 273 273 273 243 102 103 103 103 104 104 106 115 105 114 270 262 113 204
a 327 37 48 45 41 45 41 46 41 46 41 46 46 47 42 32 32 42 42 32 31 32 42 32 30 50 28 28 28 28 28 28 28 28 28 28 28 28 28 28 28 28 28 28 66 28 66 216 215 216 215 216 215 219 176
a 845 126 125 123 123 123 11 10 122 123 123 123 125 125 134 135 135 135 22 135 22 23 26 23 134 147 147 147 142 158 137 137 137 137 138 141 144 144 156 156 156 156 156 149 43 57 58 65 47 46 35 15 14 15 35 15 35 15 35 17 44 17 44 34 44 34 44 17 17 45 275 246 274 273 243 102 243 102 103 103 103 104 98 104 104 104 104 104 106 115
a 1017 143 143 149 43 57 58 65 47 42 47 42 32 32 42 32 42 32 30 30 50 28 28 28 28 28 66 253 253 66 216 215 216 215 219 176 173
a 534 75 75 75 75 75 75 75 76 85 83 84 82 266 280 266 280 266 82 266 82 266 267 267 266 267 266 280 279 278 277 277 277 276 276 272 273 272 272 272 272 273 243 102 103 104 106 106 106 115 105
a 590 81 73 81 73 81 88 282 281 266 280 266 267 266 266 280 266 280 279 278 278 278 277 276 272 271
a 1157 157 146 146 146 139 162 162 162 139 162 145 140 145 140 145 144 143 27 143 27 143 144 156 156 149 43 43 38 38 37 49 49 58 58 65 47 42 47 42 47 47 47 42 47 42 39 40 61 61 60 59 60 60 247 247 249 249 248 254 248 255 241 242 273 272 272 272 272 271 262 113 262
a 546 76 77 77 77 76 85 83 83 83 84 82 266 82 266 267 267 267 267 267 267 267 267 267 267 267 267 280 266 280 279 279 278 222 279 278 278 222 223 222 279 278 278 277 277 277 276 276 272 273 273 273 273 273 243 102 103 103 100 99 99 98 104 106 106 115 105
a 984 140 139 140 133 132 132 133 138 137 137 137 137 137 137 137 137 137 137 137 137 137 137 137 137 137 137 137 137 137 137 137 137 137 137 137 137 137 137 137 137 137 137 137 137 137 137 137 137 137 137 137 137 138 138 141 144 144 156 144 144 156 156 156 144 144 156 149 43 38 38 43 43 57 58 65 65 47 42 32 30 30 50 50 28 28 28 28 28 28 66 253 252 217 217 217 217 211 217 217 211 208 211 213 219 176
a 579 79 69 71 69 68 74 74 74 74 74 74 74 74 74 74 74 74 74 236 70 71 69 39 39 39 39 40 40 39 40 40 61 60 62 62 62 60 60 247 247 249 249 249 97 250 250 243 102 243 102 103 104 104 104 104 104 104 98 107 107 107 107 108 109
a 464 55 55 55 194 194 33 14 14 33 31 36 52 36 52 36 52 36 36 31 36 36 31 32 30 50 28 28 66 253 253 253 66 253 66 216 215 216 215 216 215 216 215 174 173
a 635 85 83 84 82 82 84 82 84 82 82 266 267 266 267 267 266 267 266 280 266 280 279 278 222 279 279 278 277 276 276 263 263 276 264 238 238 238 264 276 272 272 272 273 273 243 102 103 103 103 104 106 108 109
a 1276 266 267 280 266 280 266 266 267 267 266 280 266 280 280 281 280 266 280 279 222 223 225 224 230 263 229 229 220 220 229 263 238 238 264 264 238 238 264 276 264 238 238 264 276 264 276 272 272 272 272 272 272 273 273 273 273 243 250 250 250 250 250 250 243 102 103 103 103 103 103 104 104 106 106 115
a 133 13 16 13 19 53 15 15 35 15 35 17 44 34 44 17 45 41 41 46 41 45 41 41 45 41 41 46 41 42 32 30 30 30 50 50 28 66 253 253 66 253 66 216 215 216 215 216 215 219 215 219 176 173
a 215 21 14 15 35 17 44 17 45 41 45 51 47 42 32 30 50 28 66 253 66 253 253 66 253 66 253 66 253 252 252 217 211 213 211 213 207 216 215 219 176
a 110 11 10 122 122 121 122 123 11 12 127 130 124 130 127 128 128 127 130 124 130 127 130 124 130 124 130 124 130 124 130 124 130 136 126 147 147 147 142 27 27 143 149 43 43 149 43 149 43 38 38 58 65 47 42 39 40 40 40 39 39 40 61 60 60 247 249 248 255 241 242 242 273 243 250 250 250 243 102 103 104 104 104 104 98 104 104 106 115 105
a 605 82 82 84 82 84 82 84 82 266 267 280 280 281 281 280 266 267 267 267 267 280 280 266 280 279 279 278 278 278 222 223 225 224 230 224 277 277 277 276 276 272 273 243 102 103 103 103 103 103 104 104 106 106 115 105 115
a 79 7 7 7 7 54 7 56 56 56 29 0 0 29 29 0 29 29 29 29 29 202 197 170 169 170 169 169 172 169 172 169 169 172
a 1143 156 156 149 43 57 43 57 43 38 43 38 43 57 150 161 152 65 47 47 47 42 39 39 39 39 40 61 60 62 62 60 247 247 247 249 249 249 249 97 250 243 102 243 250 250 243 102 103 104 104 98 104 104 106 106 108 108 109
a 1058 147 142 147 147 147 147 147 147 24 38 38 58 49 58 65 47 47 42 32 30 50 28 66 253 253 66 253 66 253 66 216 215 174 168 205 205 175
a 630 85 76 76 85 85 83 83 83 83 83 84 82 266 280 266 280 281 280 279 278 279 278 277 277 277 276 276 272 273 273 273 273 273 243 102 243 102 243 102 103 103 104 106 115 105 115
a 1026 144 144 144 143 27 143 158 143 27 143 149 43 149 43 43 43 43 38 58 58 49 51 45 41 45 41 46 41 46 47 47 42 39 39 39 40 61 60 62 60 60 59 59 60 247 247 247 247 246 247 247 247 247 247 247 247 249 97 249 97 250 243 102 103 104 104 104 104 104 104 104 104 104 98 107 107 108 109
a 568 78 77 77 77 78 68 78 79 79 79 79 78 79 79 69 69 79 69 39 40 39 40 61 61 60 247 247 249 249 249 97 250 250 250 243 102 103 103 104 106 106 106 115 105
a 315 35 15 35 15 14 44 34 32 42 32 32 30 50 50 59 59 59 59 59 60 59 59 60 59 59 59 59 59 60 59 60 59 60 62 60 247 247 249 97 250 250 250 250 250 250 250 250 250 250 243 102 103 103 104 104 104 104 98 99 98 107 107 108 109
a 1087 150 161 152 65 161 161 150 161 150 161 152 89 152 89 152 152 65 47 47 42 32 30 50 28 66 216 215 174 173
a 508 65 47 47 47 47 47 42 42 32 30 50 28 66 216 215 174 168 168 168 168 205 108 106 115 105 115 105 114 262 113 262
a 420 49 49 58 65 47 42 32 30 50 28 28 66 253 253 253 66 253 253 66 253 66 253 253 66 253 253 253 66 216 215 174 168 168 205 175
a 143 14 15 14 14 14 15 14 33 14 14 33 31 31 32 30 30 50 28 66 253 66 253 66 253 66 216 215 219 219 215 219 176 173 176 173
a 1001 142 27 143 144 144 143 27 143 143 149 43 43 57 58 58 49 51 49 51 48 45 41 45 41 46 35 15 35 17 14 44 34 44 17 45 41 45 41 45 41 46 35 15 35 15 35 18 18 18 48 18 18 35 18 18 35 15 14 17 45 275 275 246 274 274 274 246 247 247 247 247 247 247 247 249 248 255 241 242 273 273 243 102 103 103 103 103 103 103 103 103 103 103 103 103 103 103 103 103 103 103 103 104 104 106 106 115 105 115 105
a 10 1 1 3 3 3 12 11 11 11 12 12 127 130 124 130 136 136 142 158 137 137 137 137 137 137 137 137 137 137 137 137 137 137 137 138 141 144 143 27 143 144 156 156 156 151 150 149 43 43 57 43 38 43 149 43 57 58 65 47 47 42 32 32 30 50 50 28 28 28 28 28 28 28 28 28 28 28 28 28 28 28 28 28 28 28 50 28 66 253 66 253 253 253 66 216 215 219 176
a 59 5 3 3 3 1 3 1 0 29 56 29 202 197 170 169 172 169 169 169 169 170 169 172
a 838 125 134 135 135 135 155 155 122 121 120 20 15 15 35 18 48 45 45 41 46 41 46 35 15 35 17 45 41 46 41 46 47 42 47 42 32 30 50 28 28 66 253 252 217 217 211 213 214 209 209 209 209 100 99 99 98 104 104 104 104 106 115 105 115 105 115
a 137 13 19 53 15 35 15 35 18 35 18 48 37 37 49 58 65 152 65 152 65 65 47 51 47 42 32 31 193 192 191 119 191 119 195 201 198 200 198 200 198 200 200 200 200 200 200 200 177
a 1112 153 153 153 163 153 153 156 156 156 156 156 149 43 38 38 58 65 47 47 42 32 30 50 28 28 28 28 28 28 28 28 28 28 28 28 28 50 59 59 60 59 60 247 247 247 247 247 247 247 247 247 247 247 249 249 249 248 255 241 241 255 248 248 255 241 255 241 258 241 242 242 273 273 243 102 103 103 103 103 103 103 103 103 103 103 100 100 100 99 98 107 108 109
a 496 58 58 65 47 47 42 32 30 50 59 59 60 59 59 60 60 60 59 59 60 59 60 247 247 247 247 247 247 247 246 274 275 275 275 275 275 246 274 274 273 272 273 273 273 273 273 273 273 243 250 250 250 250 250 250 243 250 243 250 250 243 102 103 104 104 104 104 106 115 105 115
a 722 94 94 73 81 88 88 88 88 282 281 281 281 280 279 278 279 278 278 277 277 224 230 263 276 272 273 273 243 102 103 103 103 103 103 103 103 103 104 106 106 106 115 105 115 105
a 1273 266 280 280 266 267 267 266 280 279 278 222 279 278 279 222 279 279 278 222 223 222 279 278 278 278 278 278 277 276 272 272 273 273 273 243 102 103 100 100 100 99 98 104 98 99 98 107 108 109
a 1233 165 91 91 89 89 89 91 89 91 91 91 160 159 160 73 81 88 282 282 282 281 280 281 280 281 281 266 280 279 222 279 279 278 277 277 277 276 263 238 264 238 238 264 276 272 271
a 228 22 22 23 24 24 27 27 143 27 143 149 43 57 58 65 47 47 42 32 42 39 39 39 40 39 40 61 60 59 59 59 60 60 62 62 60 59 59 60 62 62 62 62 60 247 247 247 247 247 246 274 274 274 274 275 246 274 274 274 273 273 273 273 243 102 103 103 103 103 103 104 104 104 106 106 115 105
a 339 38 58 65 47 42 32 30 50 59 60 247 247 247 247 247 247 249 249 249 97 249 248 255 241 244 244 239 247 247 247 247 247 247 247 247 246 247 246 274 273 273 273 273 243 102 103 103 103 104 104 106 115 105
a 223 22 22 135 13 16 18 35 15 15 35 15 35 17 45 51 49 51 47 51 49 58 65 47 42 42 32 30 50 28 28 28 28 28 28 28 28 66 253 66 253 66 216 215 216 215 216 215 216 215 216 215 216 215 174 173
a 1226 164 152 65 47 42 32 30 50 59 60 247 247 247 247 246 247 246 274 274 274 274 274 274 274 245 274 246 274 273 243 102 103 100 100 99 98 104 104 103 103 103 100 100 100 100 100 99 99 98 104 106 106 115 105
a 1319 282 281 281 266 267 266 267 266 267 267 267 266 280 279 278 278 277 278 277 276 272 271 270 262 113 204
a 373 44 17 14 17 44 17 45 45 41 46 47 47 42 32 31 193 192 191 119 191 119 191 119 195 201 198 201 198 200 198 201 198 201 198 200 198 198 201 198 198 200 198 198 200 177
a 1313 282 281 281 266 280 281 280 266 267 266 267 267 280 281 280 266 280 279 278 222 279 278 278 222 279 279 278 278 222 221 279 279 278 278 278 278 279 279 279 278 279 278 279 278 277 277 277 276 272 271
a 1165 158 142 27 24 38 58 65 47 42 32 42 32 32 30 30 50 28 28 28 28 28 28 28 66 253 253 66 253 66 253 66 216 215 174 168 205 175
a 688 90 90 77 77 78 79 69 69 39 40 40 40 61 60 60 62 60 60 59 60 62 62 62 60 59 59 60 62 60 247 247 249 249 97 250 243 102 103 103 103 103 103 103 103 100 100 100 100 99 98 107 107 107 107 108 106 115
a 425 49 37 49 58 65 47 42 32 31 32 31 32 42 39 39 39 39 40 39 40 40 39 40 61 60 59 60 59 59 59 60 247 247 247 247 247 246 274 274 274 273 273 273 243 102 243 102 101 101 100 100 100 100 100 100 99 98 104 106 106 106 106 115 105 115
a 1215 163 148 163 153 153 153 153 156 156 156 144 143 149 43 149 43 149 43 38 58 65 65 47 47 47 47 47 47 42 32 30 50 59 60 60 247 247 247 247 249 97 250 250 243 102 103 100 100 99 98 107 107 108 109 115 109 115
a 941 136 142 27 143 27 143 144 144 143 143 158 158 143 143 158 137 137 137 137 137 137 137 137 137 137 137 137 137 137 137 137 137 137 137 137 137 137 137 137 137 137 137 137 138 141 141 144 143 149 43 43 57 43 43 149 43 57 57 150 161 152 65 161 161 161 161 152 65 47 47 47 42 39 39 40 40 40 61 61 60 59 59 59 60 60 247 247 247 247 247 247 249 248 249 97 250 243 102 103 100 100 99 98 107 108 109
a 1009 142 142 158 137 137 137 137 137 137 137 137 137 137 137 137 137 137 137 137 137 137 137 137 137 137 137 137 137 137 137 137 137 137 137 136 126 125 123 123 123 123 123 125 123 123 123 123 123 123 123 123 125 155 122 123 123 125 134 125 125 134 135 22 22 23 24 38 58 49 51 49 58 65 47 47 42 32 30 50 59 59 60 247 247 247 247 246 247 247 247 249 97 250 250 250 250 250 250 243 250 250 250 250 250 250 250 243 250 250 250 250 250 250 250 250 250 250 250 243 102 103 103 103 100 100 100 99 98 104 106 115 105 115 105
a 816 123 123 123 125 123 123 122 122 123 125 123 123 122 123 123 123 123 11 10 9 121 9 9 1 0 8 120 8 0 29 202 197 170 169 172 169 172 177
a 159 15 35 15 35 17 45 41 46 47 42 32 30 50 59 60 62 62 62 62 62 62 62 62 62 60 60 247 247 247 247 247 247 249 97 249 248 249 248 255 248 254 248 255 241 255 248 255 241 255 241 242 242 273 272 272 272 272 273 243 102 103 103 103 103 103 103 103 103 104 98 107 107 107 108 205 175
a 286 29 56 72 146 146 146 139 162 139 162 145 140 133 140 139 140 139 140 139 162 162 148 163 153 156 149 43 149 43 38 58 65 47 42 32 30 50 28 66 253 253 66 216 215 219 176
a 487 57 43 38 43 149 43 57 43 43 38 58 65 152 65 47 42 32 30 50 28 28 28 28 50 28 28 28 28 66 253 253 253 253 253 66 253 66 253 253 253 253 66 253 253 66 253 252 252 252 217 217 211 213 214 214 214 214 218 210 107 107 108 109
a 832 125 123 125 134 147 126 126 147 134 134 125 134 135 22 23 134 23 24 38 38 43 43 38 37 49 51 45 41 45 41 41 42 42 39 40 39 39 40 39 40 61 60 247 247 247 249 249 97 250 250 250 243 102 103 104 104 104 104 104 104 104 104 98 99 98 107 107 107 107 107 107 107 107 107 107 107 108 106 106 106 106 115 105 115
a 305 34 33 33 33 14 17 45 41 45 41 45 41 46 41 45 45 41 46 41 45 41 46 41 41 46 41 46 47 47 51 47 47 47 47 46 47 42 42 32 31 32 30 30 50 59 59 59 59 60 59 60 59 60 62 62 62 62 62 62 62 62 60 59 59 60 247 247 247 247 247 247 249 97 101 100 100 100 99 98 99 98 104 104 106 115
a 795 121 13 16 53 19 53 15 35 18 18 48 18 48 18 18 18 18 18 35 15 35 15 35 17 45 41 45 51 45 41 45 275 275 275 275 246 247 246 274 246 274 273 243 250 250 250 243 102 103 104 104 104 98 99 210 107 107 108 106 115 105 114 105
a 1305 281 266 82 266 280 279 279 278 222 279 278 222 223 222 223 222 279 278 278 278 277 277 276 263 229 263 229 263 276 264 238 264 276 276 276 263 263 276 272 273 243 102 103 103 103 100 99 98 107 107 107 107 107 108 109 115
a 686 90 77 77 77 77 78 79 78 79 78 68 74 236 74 74 74 74 74 74 74 74 236 236 74 74 74 74 74 74 74 74 74 74 236 235 234 63 63 63 63 234 63 234 70 234 63 63 63 63 63 233 233 240 239 256 239 247 247 247 249 249 249 97 249 97 101 102 103 104 104 104 104 104 106 115 105 115 105
a 262 26 25 22 135 13 13 19 53 19 19 53 19 19 53 15 35 17 45 41 45 41 45 41 46 47 42 42 47 51 47 42 32 42 32 32 42 47 47 42 32 30 50 50 59 60 60 247 247 249 249 97 250 250 243 102 243 102 103 104 104 106 115 105
a 28 2 4 4 116 117 128 131 128 127 12 3 3 1 0 8 7 56 29 29 56 29 29 29 202 202 202 197 196 196 196 197 196 195 201 198 198 200 177
a 1279 266 82 84 82 82 84 82 266 280 279 222 221 279 278 278 222 223 225 224 230 224 277 276 263 230 224 230 224 230 263 276 276 272 273 273 243 250 250 250 250 250 250 250 250 250 250 250 250 243 250 250 243 102 103 103 103 103 103 103 103 103 103 103 100 99 99 98 104 104 104 104 104 106 106 115
a 757 116 4 116 118 129 146 146 146 139 162 139 140 133 132 132 157 146 146 139 162 145 145 145 140 133 140 139 162 162 162 145 144 144 143 27 24 24 24 24 27 27 27 143 143 27 24 24 38 37 49 49 49 51 45 275 275 275 275 275 246 274 274 273 273 243 102 103 104 104 98 107 108 106 106 106 115 105
a 580 80 152 164 166 165 165 165 166 165 165 91 91 160 73 81 88 282 281 281 280 279 222 279 279 278 278 278 278 278 279 279 278 222 223 225 224 230 263 263 263 276 276 272 271
a 749 96 96 93 94 73 81 88 88 282 281 281 266 280 279 222 223 225 228 228 228 228 228 228 228 228 228 228 228 226 220 229 229 263 263 238 264 276 264 264 264 276 276 272 271 262
a 999 141 141 141 144 144 143 143 27 143 143 27 143 144 143 27 143 27 143 158 142 27 24 38 58 57 150 161 161 161 161 150 149 43 149 150 149 43 149 43 149 43 149 43 149 43 57 58 49 51 45 41 46 41 46 41 45 275 275 246 274 273 243 102 243 250 250 250 250 243 250 250 250 243 250 250 250 250 250 250 250 250 250 250 250 250 250 243 102 103 104 98 107 108 109
a 1044 146 146 146 139 140 139 162 162 145 144 156 151 156 149 43 43 38 37 49 37 48 18 18 18 18 48 18 18 18 48 45 275 246 247 247 247 247 247 247 247 247 249 248 248 248 248 249 249 249 97 249 249 97 250 250 243 102 101 101 100 100 100 100 99 98 99 98 98 104 106 115 105 115
a 1147 156 149 43 43 57 58 65 47 42 32 42 32 42 32 30 30 50 28 66 253 66 253 66 253 253 253 253 253 66 253 66 253 253 66 253 253 66 253 252 252 217 211 211 208 209 210 107 108 108 205 175
a 333 38 58 65 47 42 39 40 61 40 39 40 39 39 40 40 61 60 59 59 60 247 247 249 248 255 248 254 248 255 241 241 242 242 273 273 273 273 273 273 273 273 272 273 243 250 243 102 243 102 103 104 104 104 104 104 104 104 104 104 104 104 104 104 104 104 104 104 104 106 106 106 106 115 105 115 109
a 914 133 132 133 132 133 138 137 137 137 138 138 141 144 143 143 158 142 27 143 149 43 57 57 150 57 57 58 65 47 46 47 51 45 45 41 46 35 18 25 22 23 26 25 25 18 18 18 18 18 18 25 25 18 48 45 275 275 274 273 243 102 103 103 103 103 103 103 103 104 106 115 105 115 109 115
a 456 54 120 120 20 15 35 18 16 13 19 20 15 35 17 45 45 41 45 41 45 41 42 42 42 32 30 50 59 59 59 60 60 59 60 62 62 60 62 62 62 60 247 249 249 248 254 248 255 241 258 258 241 242 273 272 272 272 273 273 243 102 103 104 104 98 107 108 108 109
a 919 133 138 138 137 137 137 137 137 137 137 137 137 137 137 137 137 137 137 137 137 137 137 137 137 137 137 137 137 138 141 141 141 144 144 143 149 43 43 149 43 149 43 57 43 57 58 65 152 65 47 42 32 42 32 32 42 42 32 42 42 32 32 34 33 31 32 30 50 28 28 66 216 215 219 176
a 1167 158 137 137 137 137 137 137 137 137 137 137 137 137 137 137 137 137 137 137 137 137 137 137 137 137 137 137 137 137 137 137 137 137 137 137 137 137 137 137 137 137 137 137 137 137 137 137 137 137 137 137 137 137 137 137 137 137 137 137 137 137 137 137 137 137 137 137 137 137 137 137 137 137 137 137 137 137 138 137 137 137 137 137 137 137 137 137 137 137 137 137 137 137 137 137 137 136 142 142 27 24 38 38 38 43 43 149 43 43 43 149 43 43 57 58 65 47 42 39 39 39 40 39 40 39 39 40 61 61 60 62 60 59 60 62 62 62 62 60 60 247 247 247 247 247 247 247 247 247 247 247 247 249 97 250 250 250 250 250 243 102 101 101 102 103 103 104 106 106 106 106 115 105 115 105
a 892 131 132 133 138 137 137 137 137 137 137 137 137 137 137 137 137 137 137 137 137 137 137 137 137 137 137 137 137 137 137 137 137 138 137 137 137 137 137 137 137 137 137 137 137 137 137 137 137 137 137 138 137 137 137 137 137 137 137 137 137 137 137 137 137 137 137 137 136 126 125 123 125 123 123 123 125 134 134 135 22 23 24 24 38 37 48 18 35 15 15 35 17 14 17 44 17 14 14 14 17 14 15 15 14 44 17 45 41 45 45 41 45 41 46 41 45 41 46 41 45 41 45 275 246 247 247 247 246 274 274 274 275 275 275 246 247 247 247 247 249 248 248 248 248 254 254 254 248 249 97 250 250 250 250 250 250 250 250 250 250 250 250 250 250 250 250 250 250 250 243 102 103 104 104 106 115 105
a 279 27 143 27 143 27 143 143 27 143 27 143 149 43 57 58 49 37 49 58 49 37 49 37 49 58 65 58 49 51 49 37 49 51 49 58 57 58 57 58 65 47 47 42 32 32 32 42 32 34 32 30 50 28 66 253 66 216 215 219 176
a 1100 152 89 152 65 47 42 32 42 32 30 50 28 28 28 28 28 28 28 66 253 66 216 215 216 215 174 168 205 205 175
a 1183 160 73 81 88 88 88 282 281 280 280 266 267 267 267 280 281 280 281 281 281 281 281 281 281 280 266 280 281 281 281 281 281 281 280 279 222 279 278 278 278 278 278 222 279 278 279 279 278 277 276 272 272 272 272 272 271
a 888 130 127 12 127 5 5 117 117 118 118 118 118 118 129 129 132 129 146 146 146 139 162 162 145 140 133 138 141 144 156 149 43 43 57 43 38 58 49 49 58 65 47 51 49 37 48 45 45 275 246 247 247 249 97 249 97 250 250 250 250 250 250 250 250 250 250 250 243 102 103 103 103 103 100 99 98 107 108 108 109
a 1256 194 33 31 33 31 33 31 193 192 191 119 191 119 195 201 195 119 191 119 195 119 195 195 201 198 201 198 200 177 172 169 169 169 172
a 1228 164 166 165 165 166 165 165 165 91 91 89 89 73 73 81 88 282 281 266 280 266 280 266 280 279 278 278 278 278 277 276 263 276 272 272 273 273 243 102 103 104 104 104 106 115 105
a 890 131 128 129 132 133 138 137 137 137 137 137 137 137 137 137 137 137 137 137 137 137 137 137 137 137 137 137 137 137 137 137 137 137 137 137 137 137 137 137 137 137 137 137 137 137 137 137 137 137 137 137 137 137 138 141 141 144 156 149 43 38 38 58 65 47 42 39 39 39 40 61 61 61 60 59 59 60 247 246 274 273 243 250 250 250 250 243 102 103 100 100 100 100 100 99 98 107 107 108 106 115 105 115 105 114 262 113 204
a 253 25 22 23 22 22 23 22 135 135 135 135 155 122 155 122 121 9 121 122 155 122 155 122 122 121 122 123 125 134 135 22 135 135 22 22 23 26 26 23 134 23 134 134 134 135 22 22 135 135 13 19 19 53 15 14 15 35 17 45 41 42 39 40 40 40 39 39 40 40 39 40 40 40 40 39 40 40 40 61 61 61 60 247 246 274 274 274 275 246 274 273 243 102 243 102 103 104 104 104 104 104 104 106 115 105
a 544 76 85 83 83 83 83 83 84 84 82 266 82 266 267 267 266 280 281 281 281 281 280 279 278 278 278 278 278 278 222 279 278 278 277 276 276 263 276 272 273 272 273 273 273 273 272 273 272 272 272 272 272 272 271
a 386 45 41 45 45 41 45 41 45 41 46 35 15 35 15 35 17 45 51 45 41 45 41 45 41 42 32 30 50 28 28 28 28 28 28 28 28 28 28 28 28 28 28 28 28 28 28 28 28 66 253 66 28 66 253 253 66 253 252 217 217 217 211 213 219 215 219 176
a 361 43 149 43 43 38 37 37 49 37 49 49 51 48 37 38 43 149 43 43 57 43 149 43 38 37 48 45 275 246 274 274 274 246 274 274 273 243 250 243 250 243 102 101 100 100 100 100 100 99 98 98 104 104 104 104 104 104 104 104 98 99 99 98 107 107 107 107 107 108 108 106 106 106 106 106 106 106 106 115 105
a 697 91 91 91 91 91 91 160 159 165 166 165 91 91 91 91 160 73 73 81 88 282 281 280 279 279 279 278 277 276 272 272 273 273 243 250 250 250 250 250 250 250 250 250 243 102 103 104 106 115
a 843 126 126 126 126 126 147 142 27 24 24 38 37 49 37 48 37 49 51 49 51 49 58 57 58 65 65 65 47 42 42 32 34 44 17 14 17 44 17 45 45 41 46 47 42 47 47 47 42 32 31 31 32 30 50 28 28 28 28 28 28 28 28 28 66 253 66 253 66 216 215 174 173
a 369 43 57 43 149 43 57 43 57 57 150 161 150 161 152 65 65 47 51 45 45 41 46 35 15 15 14 14 14 14 15 35 18 16 13 16 13 13 19 53 15 35 15 15 15 35 17 45 275 274 274 273 243 102 103 103 103 103 103 103 103 103 103 104 98 107 108 109 171 109
a 597 81 73 73 81 88 282 281 281 281 281 266 267 266 266 280 279 222 221 279 278 277 277 277 277 276 272 273 243 102 103 103 103 103 100 100 100 100 99 98 104 98 104 104 104 106 106 106 106 106 106 106 106 106 106 106 106 106 106 106 106 106 106 106 106 106 106 106 106 115
a 904 132 133 138 137 137 137 137 137 137 137 137 137 137 137 137 137 137 137 137 137 137 137 137 137 137 137 137 137 136 142 27 27 27 143 27 24 38 58 65 47 42 47 42 39 40 61 40 40 61 61 61 40 40 61 60 60 247 247 247 247 247 247 247 246 247 60 60 247 247 247 246 274 274 274 273 243 102 243 102 103 103 103 103 103 103 103 103 103 103 100 99 99 99 98 107 108 109
a 510 72 56 29 202 202 197 170 169 169 170 169 172 169 172 169 169 172
a 1047 146 146 139 140 133 140 139 140 139 140 139 162 162 162 145 145 144 144 143 149 43 43 57 43 38 37 49 51 49 58 49 37 49 37 49 37 49 58 65 47 42 42 39 40 61 60 59 59 60 60 62 62 62 62 62 62 62 60 60 60 247 249 249 249 97 250 250 250 250 243 102 103 103 104 104 104 106 115 105 115 105
a 281 29 29 29 29 29 29 56 29 56 29 29 202 29 29 29 29 29 56 29 56 56 7 6 55 194 194 194 194 55 55 55 194 55 55 194 194 55 194 55 194 33 31 193 193 192 192 191 119 195 195 201 198 200 200 200 177
a 725 94 73 81 73 73 73 73 81 73 73 73 81 88 282 281 281 280 279 278 279 278 277 276 276 276 276 272 272 271
a 1027 144 143 149 43 149 150 161 150 161 152 65 47 46 47 42 32 30 30 50 28 28 28 28 66 253 66 216 215 219 215 219 219 176 173 176 175
a 853 127 130 124 124 123 123 123 125 123 123 123 125 134 135 155 122 121 9 10 122 123 123 125 134 147 24 24 38 38 37 49 58 65 161 65 58 58 58 65 47 47 42 42 32 31 36 31 32 30 28 66 253 253 66 253 66 216 215 174 168 205 175
a 1242 166 165 91 91 91 91 89 90 80 80 80 79 79 69 69 71 69 71 69 39 40 39 40 39 40 40 40 61 60 60 59 60 59 60 247 249 249 249 97 250 250 250 250 250 250 243 102 101 100 99 98 107 107 108 109
a 664 88 282 282 281 281 266 267 266 82 84 82 84 84 84 82 82 266 280 266 280 266 280 279 278 278 278 279 278 278 277 276 272 272 273 243 102 101 101 102 103 103 103 103 104 98 98 107 107 107 108 109
a 403 47 51 49 49 58 57 43 149 150 161 152 65 65 47 42 42 39 40 40 40 61 61 60 247 249 97 249 249 249 97 250 250 243 102 103 104 104 98 104 103 103 104 104 104 104 104 98 107 107 107 108 109
a 1249 166 165 159 160 159 165 165 166 165 165 165 165 165 165 165 91 160 91 91 91 91 160 91 89 73 81 88 88 88 88 87 88 88 282 281 280 280 279 278 277 276 264 238 264 276 272 271
a 1150 157 148 148 139 162 139 162 145 145 145 144 145 145 140 133 140 139 162 162 148 148 157 146 146 146 139 162 145 144 143 27 27 143 149 43 57 43 57 43 149 43 149 43 43 43 149 43 38 37 48 45 41 41 45 275 275 275 275 246 274 274 274 273 273 273 243 102 243 102 103 103 104 98 107 107 108 109 115
a 162 16 53 15 15 15 35 15 35 17 44 17 44 17 45 51 45 41 41 45 41 46 47 47 42 39 40 61 61 61 61 40 39 40 40 39 40 39 40 40 40 61 61 60 247 247 249 97 249 248 248 255 241 242 273 273 273 273 273 273 243 102 243 102 103 103 103 100 100 100 100 100 100 100 100 99 98 107 107 107 108 109
a 1195 161 161 161 161 161 150 161 161 152 152 89 91 89 89 90 77 77 76 75 64 64 64 75 75 76 85 83 84 82 266 280 281 266 280 279 278 277 276 272 273 273 273 243 102 103 104 106 106 115 105 114 271 270
a 267 26 26 25 26 23 134 23 22 135 155 155 122 121 120 20 15 15 35 17 45 41 42 32 30 50 28 66 253 253 66 216 215 174 168 168 205 205 205 175 176 173 176
a 151 15 35 17 45 275 45 41 45 275 275 246 274 274 274 274 274 274 274 273 273 243 250 250 250 250 250 250 250 250 250 250 250 250 250 250 250 250 250 250 250 250 250 250 243 102 101 100 100 100 100 99 98 107 108 109 115 105 115 105 115
a 1098 151 156 156 144 144 143 143 143 144 143 143 27 143 158 158 142 158 142 27 27 27 143 27 143 149 43 38 43 149 43 38 43 149 43 149 43 38 43 57 43 149 43 38 38 37 48 18 18 35 17 45 41 45 41 42 32 30 50 28 28 28 28 28 66 216 215 219 215 174 168 168 168 168 205 205 175
a 615 83 83 84 82 84 82 266 267 267 267 267 266 280 266 280 266 267 267 267 267 280 266 280 266 280 280 279 278 278 279 278 277 277 276 276 272 273 243 102 101 101 101 100 100 100 100 100 100 100 100 100 100 100 100 100 100 100 100 100 100 100 99 98 104 104 104 104 98 98 107 108 108 109 115
a 1079 149 43 149 43 149 43 57 58 65 47 51 49 51 49 51 47 47 46 47 51 45 275 246 274 274 274 273 273 272 273 273 272 273 243 102 103 103 103 103 103 103 100 100 100 100 100 100 100 100 100 100 99 98 107 107 108 106 115
a 783 120 120 54 21 14 15 35 17 45 41 45 41 46 47 42 32 34 44 17 44 34 32 42 32 42 47 51 45 275 246 274 274 274 274 274 274 274 274 274 274 246 274 274 275 275 275 246 247 247 247 247 247 247 247 247 247 247 247 247 247 249 248 248 249 97 250 243 102 103 104 106 106 115 109
a 232 23 24 24 38 37 48 18 16 53 19 19 19 20 15 35 15 35 17 45 45 41 46 35 17 45 41 45 41 46 41 46 47 42 32 30 30 50 28 28 28 28 28 28 66 253 253 66 253 66 253 253 66 216 215 174 168 168 168 168 205 205 205 205 205 175
a 641 86 86 86 88 88 88 88 88 88 88 282 281 266 280 281 281 281 281 281 280 266 267 280 266 280 279 278 277 277 276 272 272 272 273 273 273 243 250 250 250 250 243 250 243 102 102 103 103 103 104 98 104 104 104 106 106 115 105 114 271
a 460 55 194 55 55 194 33 14 14 14 14 44 17 14 33 31 33 31 36 52 36 31 193 192 192 199 192 191 191 191 191 119 195 201 198 201 198 201 195 201 198 200 198 200 200 200 200 200 177
a 316 35 17 44 34 44 17 45 45 45 45 45 51 45 41 45 51 49 37 49 49 58 65 47 42 32 30 28 66 253 66 253 66 253 253 253 253 253 252 253 253 66 253 253 252 253 66 216 215 219 219 176 175 176
a 424 49 51 48 18 18 18 18 18 18 18 35 17 45 45 41 46 35 15 35 17 14 14 44 17 44 34 32 30 30 30 30 50 28 66 216 215 174 173 176 173 176 175 176 175
a 685 90 80 79 79 69 39 40 40 61 61 40 39 39 39 39 39 39 39 39 40 40 40 40 61 60 247 247 247 246 274 274 275 275 275 246 247 247 247 247 247 60 247 247 247 247 247 247 249 97 250 250 250 243 102 243 102 103 100 100 100 100 100 100 100 100 100 100 99 98 104 106 108 109
a 592 81 73 81 88 282 281 281 281 280 280 279 278 278 222 223 222 279 278 278 279 278 278 277 276 272 272 272 271 262 113 262 113 262 113 204
a 355 42 47 47 47 51 47 42 39 40 39 40 39 40 39 40 40 39 39 40 61 60 59 60 60 59 60 247 247 247 247 247 247 249 97 249 249 97 101 101 102 103 103 103 103 103 100 100 100 100 100 100 99 98 107 108 109 115 105 115 105
a 1003 142 147 24 38 43 38 58 65 47 47 42 32 42 32 30 30 28 66 253 252 217 211 213 214 209 100 100 99 98 99 99 98 99 98 99 99 98 99 98 104 104 104 104 106 115
a 875 129 132 133 140 133 140 139 162 162 145 140 145 144 143 27 24 27 143 27 143 158 137 137 137 137 137 137 137 137 137 137 137 137 137 137 137 137 137 137 137 137 138 141 141 144 143 27 24 24 38 43 43 43 57 58 65 65 65 47 42 39 39 40 40 39 40 40 39 40 40 39 40 40 61 60 247 247 60 247 249 249 249 249 97 250 250 250 250 250 250 250 250 250 243 102 103 103 103 103 100 99 210 210 107 107 108 109
a 90 9 121 122 121 122 123 122 123 125 134 23 24 38 58 65 47 47 42 32 30 30 30 28 66 28 28 28 28 28 28 28 28 28 28 28 28 28 28 28 28 28 28 28 66 253 253 253 66 253 253 66 216 215 216 215 174 168 168 205 205 175
a 558 77 78 79 79 79 69 39 40 61 40 39 40 39 40 40 40 39 39 40 40 39 40 61 60 62 60 62 60 60 247 247 247 249 97 250 250 250 250 250 243 102 243 102 103 104 98 98 98 107 108 109
a 921 134 135 135 135 135 22 23 134 135 135 155 122 122 155 125 134 125 125 134 135 155 122 122 123 123 123 123 125 123 125 134 147 142 147 134 23 26 25 22 22 23 134 147 147 126 125 134 135 135 155 125 134 147 24 24 38 43 57 150 57 57 43 149 43 38 43 149 43 57 43 149 150 57 43 57 150 161 152 65 47 47 47 47 51 45 275 275 246 274 274 274 273 243 250 250 250 250 250 250 243 102 243 102 103 103 103 103 103 103 103 103 103 103 104 106 106 106 115
a 9 0 0 8 9 10 10 122 155 122 123 122 123 123 123 123 125 123 123 123 123 125 134 135 135 22 22 23 26 25 22 135 135 135 135 22 22 22 135 155 122 123 125 134 147 134 135 135 22 22 22 135 135 135 22 135 22 135 155 122 121 120 20 15 35 15 14 17 45 41 46 35 17 14 44 34 33 31 32 30 50 59 60 62 62 62 60 247 247 247 247 247 247 247 247 247 247 246 247 247 247 247 247 247 249 249 97 250 243 102 101 102 243 102 103 104 106 115 105
a 488 57 57 43 38 43 149 43 149 43 38 38 43 38 58 65 47 42 39 40 39 40 61 60 60 59 60 59 60 60 247 249 97 249 97 250 250 250 250 243 102 103 103 104 103 103 103 103 103 103 103 103 103 103 103 103 103 103 103 103 103 104 106 106 106 106 106 106 106 115 105 115
a 856 127 127 128 131 128 128 128 128 128 131 138 137 137 137 136 142 158 137 137 137 137 137 137 137 137 137 137 137 137 137 137 137 137 137 137 137 137 137 137 137 137 137 137 137 137 137 137 137 137 138 137 137 137 137 137 137 137 137 137 137 137 137 137 137 137 137 137 137 137 137 137 137 137 137 137 137 137 136 136 130 127 130 127 130 124 130 124 124 130 124 130 124 130 124 130 127 130 124 130 127 130 127 5 5 5 4 4 4 2 4 116 116 117 5 3 1 0 29 29 29 29 202 197 170 169 169 169 169 172 177
a 532 75 75 75 75 64 64 75 64 64 75 75 75 64 64 64 64 74 74 74 74 64 64 75 75 64 64 64 64 75 64 64 64 64 64 75 76 85 83 83 84 82 266 266 280 279 279 279 279 278 278 279 279 278 277 277 277 277 276 276 276 276 276 264 238 264 276 272 273 243 102 102 101 100 100 100 100 100 99 98 107 107 107 108 109
a 897 131 128 127 128 117 128 128 128 127 128 129 146 146 146 139 148 148 157 146 139 162 145 145 144 143 149 43 57 58 65 47 42 32 30 50 28 66 216 215 216 215 219 219 215 216 215 216 215 216 215 219 176 173
a 1011 143 149 43 43 38 58 58 58 65 152 89 89 90 86 86 88 282 281 266 280 281 281 280 266 266 280 279 279 278 277 277 224 230 263 263 263 229 229 220 220 226 220 229 229 263 238 264 264 276 272 272 271
a 776 118 118 118 118 129 146 139 140 139 140 139 162 145 145 144 156 156 144 143 149 43 149 43 38 38 37 48 45 45 41 42 47 42 42 42 32 42 47 51 45 41 45 41 45 45 51 49 51 48 45 275 275 246 247 247 247 247 249 249 97 250 243 102 103 104 104 104 104 106 106 106 115 105
a 657 87 88 88 282 282 281 266 280 266 266 267 267 267 266 266 280 279 278 222 223 222 223 225 224 238 238 238 238 264 276 272 272 272 273 273 273 273 243 102 243 102 243 250 250 250 250 243 102 103 103 103 103 103 100 100 100 100 100 100 99 98 107 108 109
a 304 34 33 14 33 14 44 17 45 41 46 47 51 45 41 46 41 46 47 47 47 46 47 42 39 40 39 40 40 39 39 39 39 40 40 39 39 40 61 61 60 247 247 247 247 247 247 247 249 249 97 250 243 250 250 243 102 103 103 103 104 104 104 104 104 98 107 108 108 108 106 106 106 106 106 115 105
a 1304 281 281 280 266 280 266 280 281 281 281 280 279 279 279 279 278 277 277 277 278 278 278 278 278 278 222 223 225 228 228 228 228 226 220 220 229 263 276 272 271 270
a 655 87 88 282 281 266 280 266 267 266 82 84 82 84 82 266 280 279 278 222 279 278 277 278 278 278 278 278 278 278 277 277 276 272 272 272 271 270 271
a 800 122 155 125 123 122 155 122 121 9 121 9 9 9 9 121 122 155 122 155 122 122 122 121 122 121 122 155 125 123 11 11 12 11 12 11 10 11 123 123 125 134 135 22 23 26 26 26 23 26 23 22 23 26 23 24 24 38 43 57 43 149 43 57 58 65 47 42 32 30 50 28 28 50 59 59 60 60 60 247 247 247 249 249 249 97 250 250 250 250 250 250 250 250 250 250 250 250 243 250 243 102 103 103 103 104 104 98 107 107 107 108 109
a 396 46 47 47 42 47 51 45 41 45 41 45 41 45 41 42 47 51 45 45 41 45 41 45 41 46 47 42 32 30 50 28 28 28 28 28 28 28 28 30 50 28 28 66 253 66 253 253 66 253 66 216 215 219 176
a 187 18 16 22 135 135 22 23 134 135 22 135 135 135 22 135 135 22 22 23 26 23 26 23 26 23 24 24 38 38 58 65 58 58 58 58 58 57 43 149 43 57 58 65 47 42 32 30 28 28 50 28 28 66 253 252 252 217 211 213 219 176 173 177
a 325 37 37 49 58 65 47 51 45 41 46 35 17 14 33 31 36 31 36 36 36 36 52 36 36 36 36 36 52 36 52 36 36 36 52 36 31 32 30 50 28 66 253 253 66 253 253 66 253 253 253 252 217 211 213 214 214 214 209 209 100 100 100 100 99 210 210 210 107 107 107 107 108 109
a 1312 282 88 282 281 281 281 281 281 280 279 278 278 278 278 278 278 278 277 278 278 222 279 278 279 278 279 279 279 278 222 221 278 277 276 272 271
a 176 17 45 275 45 45 41 45 41 45 275 246 247 247 247 247 249 97 250 250 243 250 243 102 103 103 100 100 99 98 99 98 98 99 99 98 104 106 106 106 106 106 115 105
a 423 49 37 49 37 49 49 58 58 49 37 49 58 65 152 80 79 69 69 71 69 69 71 69 39 40 40 61 60 59 60 59 60 59 60 247 247 249 97 101 100 100 100 100 100 100 100 100 99 99 99 98 104 98 107 107 107 107 108 109 115
a 119 11 12 12 127 130 124 124 124 130 124 12 127 130 124 130 124 130 124 130 127 128 128 129 146 146 146 139 162 162 145 140 133 138 141 144 143 158 141 141 144 143 149 43 57 58 65 152 65 47 51 45 275 275 275 275 246 274 274 273 273 273 243 102 103 103 103 103 100 100 100 99 99 98 107 108 108 106 106 106 106 115 105 115
a 245 24 24 24 24 147 126 125 134 135 135 22 22 135 22 23 26 25 18 18 16 13 19 53 15 35 18 18 18 18 48 45 41 45 41 46 47 42 32 42 42 39 39 40 39 40 40 40 40 39 39 39 40 61 60 59 60 59 59 59 60 59 59 59 60 59 59 59 59 60 62 62 62 62 62 60 247 249 97 101 100 100 100 99 98 104 106 106 106 106 106 106 108 109
a 1162 158 143 149 43 57 150 57 43 57 150 161 150 161 152 65 152 152 65 152 65 47 42 47 42 42 32 30 50 28 66 253 66 253 66 216 215 219 215 174 173
a 593 81 73 81 88 88 282 281 281 280 279 278 278 277 277 278 279 278 278 278 277 277 276 276 272 271
a 501 65 152 65 47 42 42 32 30 30 50 28 66 253 253 253 66 216 215 174 168 168 168 168 168 168 168 168 168 168 205 205 168 168 168 205 175
a 665 88 282 282 281 266 280 279 278 221 221 221 222 223 222 279 279 278 277 276 272 273 243 102 103 104 104 104 104 104 106 115 105 115 105 114 262 113 111 113 204
a 229 22 135 135 135 155 155 125 123 123 123 11 12 11 12 11 12 127 130 124 124 124 130 136 130 136 136 130 136 130 136 142 147 147 147 126 125 123 123 123 125 123 125 134 147 126 125 125 155 122 123 122 123 123 125 134 135 135 22 22 22 22 22 23 134 125 134 147 134 135 22 22 22 23 134 135 135 135 135 155 122 123 122 155 122 123 123 123 123 125 134 135 135 13 121 9 121 122 155 125 125 134 135 155 122 121 120 20 15 14 44 17 44 17 44 34 32 30 30 50 28 28 28 28 28 28 28 28 28 28 28 66 253 253 66 216 215 219 213 219 219 176
a 1197 161 150 57 150 149 43 43 149 43 149 150 161 161 152 89 152 65 47 47 42 32 31 36 52 36 31 193 192 193 192 191 191 119 195 196 195 67 66 216 215 174 173 177
a 660 88 88 88 282 282 88 282 281 281 280 279 278 279 278 277 277 277 277 277 277 276 272 272 272 272 271 270 262 113 262 113 111 106 106 106 106 106 106 106 106 106 106 106 106 106 106 106 106 106 106 106 106 106 106 106 106 106 106 106 106 106 106 106 106 106 106 106 106 106 108 109
a 142 14 17 44 17 45 275 275 275 275 45 41 46 41 45 275 275 275 246 274 274 274 274 274 273 243 102 243 102 103 103 103 104 106 108 109 171 109
a 724 94 73 81 88 87 88 282 281 280 281 281 280 266 280 279 278 277 277 276 263 263 238 264 238 264 238 238 238 238 264 238 264 276 276 263 276 272 272 273 273 273 273 243 102 103 103 103 103 103 103 103 103 103 103 103 104 104 104 104 104 104 98 104 104 104 104 106 106 106 106 106 106 106 106 106 106 106 106 106 106 106 115 105 115 105
a 275 27 24 24 38 43 38 37 49 49 37 49 58 49 51 49 58 58 65 58 57 58 65 65 65 152 89 89 89 73 81 88 282 281 280 279 278 277 276 272 273 272 271
a 105 10 122 122 155 125 134 135 135 135 135 135 135 22 22 22 22 22 23 24 24 38 37 38 37 49 37 48 18 35 15 35 15 35 17 14 33 33 31 33 33 31 36 36 31 31 32 30 50 28 28 28 28 66 253 253 253 66 253 66 216 215 174 168 168 205 108 109
a 486 57 58 57 43 57 43 149 43 149 43 149 43 149 43 43 38 58 65 47 42 39 40 39 40 61 60 59 60 59 59 60 59 59 60 247 247 247 247 246 274 273 243 102 101 102 103 103 103 103 103 103 103 103 100 99 99 98 107 108 109 115 105
a 658 87 88 88 282 281 280 280 281 281 280 279 278 278 279 278 278 278 277 277 277 276 276 272 273 273 273 273 273 274 273 243 102 103 104 104 104 106 115 105
a 1024 144 145 140 139 162 145 140 139 162 139 162 145 140 145 140 139 162 145 144 156 149 43 149 43 38 43 149 43 38 58 58 65 47 42 42 32 30 50 28 28 66 216 215 216 215 216 215 174 168 168 168 168 205 175
a 614 83 83 83 84 82 84 82 84 82 84 82 84 82 84 82 266 280 266 267 267 280 281 281 280 266 267 266 82 266 267 267 267 266 280 279 278 222 223 225 224 238 264 276 276 272 272 273 243 102 103 103 104 104 106 115 105 114 271
a 1067 148 139 162 145 144 156 156 149 43 43 149 43 57 43 38 58 49 51 45 41 45 41 42 39 40 39 40 40 40 40 40 40 40 40 39 40 40 61 60 59 60 59 59 59 59 60 247 246 274 274 274 274 274 274 274 274 274 274 274 273 243 102 103 103 103 100 99 99 98 107 107 108 106 106 106 106 108 109
a 643 86 88 88 81 73 73 81 73 73 81 73 73 81 88 88 282 281 280 279 279 278 277 276 272 271
a 210 21 20 15 35 15 35 15 35 17 14 33 14 15 35 15 14 14 15 15 35 17 45 41 45 41 42 32 30 50 28 28 28 66 253 66 253 253 253 66 216 215 216 215 219 176 175 176 173 176
a 1174 159 165 165 165 165 165 165 165 165 165 165 165 165 159 165 165 165 165 165 91 89 73 81 88 282 282 281 280 281 280 266 280 266 82 266 280 279 279 278 278 222 223 222 279 222 279 278 278 278 279 279 278 278 278 277 276 272 271
a 1051 147 142 158 137 136 142 27 24 38 43 38 38 58 57 150 161 161 65 47 47 42 32 42 42 39 40 40 40 61 60 59 60 247 249 97 250 250 250 250 250 250 243 102 102 101 101 101 102 103 103 103 103 103 103 103 103 100 99 99 99 98 107 108 109 171 184 171 109
a 1214 163 153 156 156 144 143 27 143 27 27 143 158 143 27 24 38 43 43 149 43 57 43 43 149 43 57 57 58 65 47 42 42 32 30 30 50 28 28 28 28 28 28 28 30 50 59 60 60 59 60 60 247 247 247 247 247 247 247 249 97 250 250 243 102 102 101 102 103 103 103 103 103 103 103 103 103 104 104 104 104 106 115 105 115 105 115
a 280 29 29 29 29 29 202 29 29 202 197 196 195 201 198 201 201 198 198 201 198 198 201 198 200 198 200 177
a 696 91 91 160 73 73 81 73 81 88 88 282 282 281 266 280 279 222 223 225 224 277 276 263 229 263 230 224 230 263 276 272 272 272 271 270 271 270 262
a 495 58 58 65 47 42 39 40 40 39 39 40 40 40 39 40 39 40 61 60 59 60 59 60 62 62 62 62 62 62 60 62 62 62 62 62 62 62 62 62 62 60 59 60 60 59 59 60 247 247 249 249 249 249 97 250 250 250 250 250 250 250 250 243 102 103 103 103 103 103 103 103 103 103 103 103 103 103 103 103 103 103 103 103 103 103 103 103 103 103 100 100 99 98 107 108 106 115 105
a 63 6 7 7 7 7 7 7 54 7 54 120 8 9 10 122 122 122 155 155 155 122 123 123 123 125 134 125 134 23 24 147 142 147 134 147 24 147 147 147 142 142 27 27 27 27 143 149 43 38 37 37 49 51 45 41 46 47 51 49 37 49 51 45 51 45 51 49 51 45 275 246 274 273 243 250 250 243 102 243 250 243 102 103 100 100 100 100 100 100 100 100 100 100 100 100 100 100 100 99 99 210 210 107 107 107 107 107 107 107 107 108 108 109 115
a 653 87 88 282 281 280 279 278 222 279 222 279 278 278 278 278 278 222 279 278 222 223 222 221 222 279 278 278 222 223 225 224 277 277 276 263 276 263 238 264 264 264 276 272 273 243 102 243 102 103 104 106 115 105 115 105
a 947 136 126 124 124 130 124 130 127 130 127 130 127 5 117 117 117 5 5 5 5 117 5 117 128 131 138 141 144 144 144 143 143 27 27 143 27 143 27 143 27 143 143 27 143 149 43 149 43 149 43 38 37 49 58 65 47 47 42 32 30 50 59 60 247 249 248 248 248 248 254 254 254 248 248 254 254 254 254 254 248 255 241 255 241 255 241 241 242 273 273 243 102 103 103 103 103 103 103 103 100 100 100 100 99 98 107 107 107 108 106 106 106 115 105
a 4 0 8 8 7 54 21 20 20 20 15 35 15 35 15 15 35 15 15 35 15 35 15 35 15 35 15 14 15 15 15 35 15 15 35 15 15 35 17 45 41 45 41 42 47 42 32 31 32 30 50 28 66 253 253 66 253 253 253 253 66 216 215 174 168 168 168 174 168 205 175
a 413 48 45 41 42 39 39 40 39 40 40 61 40 40 40 39 40 39 40 40 40 40 39 40 40 40 40 40 61 61 60 59 60 62 62 62 60 59 59 60 60 59 59 59 59 60 59 60 62 62 62 60 60 59 60 60 59 60 247 247 249 97 250 250 250 243 102 103 104 106 106 115 105 115 105
a 528 73 73 81 73 73 160 91 89 89 152 65 47 47 47 42 39 40 39 40 40 40 39 40 61 60 62 60 247 247 247 247 247 247 247 247 247 247 247 247 247 247 247 247 247 249 248 255 241 255 241 242 273 273 273 273 273 273 273 273 243 102 103 103 103 103 104 104 104 98 98 104 98 107 108 109
a 467 55 194 33 31 33 31 32 42 32 30 30 50 28 28 28 28 66 253 66 216 215 174 173 176 173 176 173 176
a 673 89 89 90 80 90 90 86 88 282 281 280 266 280 279 279 278 278 278 222 279 278 278 222 223 225 224 277 277 277 265 277 276 276 272 273 273 243 102 102 103 103 104 106 106 106 106 106 106 106 106 115 105
a 244 24 24 24 38 58 57 58 65 47 51 45 45 41 46 47 42 42 47 42 32 42 39 40 40 39 39 40 40 61 61 61 61 61 60 62 62 62 62 60 60 62 62 62 60 60 62 62 62 62 62 62 60 59 60 247 247 247 247 247 247 247 247 247 247 247 249 97 250 250 250 243 102 243 102 103 103 103 103 103 103 100 99 99 98 107 107 108 109
a 915 133 138 141 141 141 141 144 156 156 156 156 144 143 144 144 143 27 143 27 24 24 24 38 37 49 58 65 47 42 39 40 39 40 40 40 39 39 40 39 39 40 40 40 40 40 61 61 60 59 60 60 59 59 59 59 60 59 60 59 59 59 59 60 59 59 60 247 246 274 274 273 243 102 103 104 104 104 104 104 106 106 106 115 105 115 105
a 1081 150 161 152 80 79 78 79 69 71 69 69 39 40 40 40 40 40 61 61 60 60 247 247 247 247 247 247 247 247 247 247 247 247 247 247 247 246 274 274 275 275 246 274 274 274 273 274 274 273 273 243 102 103 103 103 103 100 100 100 100 100 100 100 100 99 98 107 108 109
a 573 79 69 39 40 40 40 39 40 40 39 40 61 40 40 39 40 40 40 40 40 39 40 61 60 62 60 60 59 59 59 60 59 60 247 249 249 97 250 243 250 243 250 243 102 103 103 103 103 103 103 103 100 100 99 98 99 98 107 108 109
a 1008 142 147 134 135 135 155 122 155 122 155 155 122 123 123 125 123 122 123 125 123 123 123 125 134 135 22 135 22 135 135 22 23 134 135 135 135 135 13 16 13 19 19 53 53 15 35 18 18 18 18 18 25 25 26 26 26 25 18 18 18 16 22 22 22 23 22 22 22 135 135 135 155 125 123 123 125 123 125 134 134 135 22 23 26 23 26 23 26 26 25 18 18 18 48 18 18 16 13 13 16 13 16 13 121 120 20 15 14 14 17 45 41 46 47 42 32 30 30 30 50 28 28 28 28 28 28 28 28 30 50 28 66 253 253 66 216 215 219 176
a 852 127 130 136 126 125 134 125 134 23 134 23 134 135 135 135 135 22 22 22 23 134 135 22 22 22 22 22 22 23 24 38 43 149 43 57 150 161 152 89 89 91 91 91 89 152 164 152 89 89 90 77 77 76 85 83 84 82 266 267 267 266 267 280 266 82 266 267 266 280 279 278 279 278 277 276 272 271
a 433 51 49 58 65 47 42 32 31 32 30 50 59 59 60 59 60 59 59 60 62 62 60 59 59 60 247 246 274 274 274 273 273 273 273 273 273 273 273 243 102 103 100 100 100 100 100 100 100 100 99 98 107 107 108 109 115 105 115 105 115 105 115 105 115 105
a 1190 161 152 89 152 65 47 47 47 42 32 32 31 33 14 14 14 44 17 45 41 42 42 32 30 50 50 50 50 59 59 59 60 60 62 62 62 62 60 60 59 60 59 59 60 59 59 60 247 247 247 247 249 97 250 250 250 250 250 250 243 102 103 104 104 98 107 107 108 109
a 269 26 25 25 18 18 18 18 48 18 18 18 48 37 49 51 49 51 49 51 49 51 45 51 49 58 65 47 47 42 32 42 32 30 28 28 28 28 28 28 28 28 28 28 28 28 28 28 28 28 28 28 28 28 28 28 28 28 28 28 66 253 253 66 28 28 28 28 28 28 28 66 216 215 174 168 168 168 205 175
a 130 13 19 19 19 19 19 53 15 35 18 18 18 35 17 44 17 45 41 45 41 42 32 42 39 39 40 39 40 40 40 61 61 60 59 59 60 59 59 59 60 62 62 62 62 60 62 62 62 60 59 59 59 59 60 59 59 60 60 60 59 59 60 62 60 247 247 249 97 250 250 250 250 250 250 250 250 250 250 250 250 250 250 243 102 103 100 100 100 100 100 100 100 100 100 100 99 98 107 108 109
a 1110 153 156 156 144 143 27 27 24 38 58 49 49 51 45 41 45 41 45 41 46 35 15 15 35 17 45 41 46 35 17 14 33 14 14 15 35 18 48 37 48 37 48 45 275 275 246 247 247 247 247 249 97 249 97 250 250 250 250 250 250 243 102 243 102 103 103 103 103 103 100 100 100 100 100 99 98 104 104 104 104 104 104 98 98 104 104 104 104 104 104 104 106 106 115
a 876 129 129 146 146 139 162 148 163 148 139 148 148 163 148 163 148 148 139 140 139 162 145 144 144 143 27 143 27 143 149 43 57 150 151 156 156 149 43 57 43 149 43 57 43 43 57 58 57 58 49 58 49 51 48 45 45 41 42 32 31 32 30 30 30 50 59 60 247 247 247 247 247 246 274 274 246 274 274 274 274 274 274 273 273 273 273 272 272 273 273 272 271
a 104 10 122 122 121 122 122 122 123 123 123 123 123 123 123 123 125 155 122 121 9 1 3 3 3 3 3 3 1 1 1 1 3 12 127 130 127 130 124 130 127 127 130 136 126 125 123 123 123 123 125 134 135 135 135 22 22 23 24 24 38 37 37 49 51 45 41 41 45 275 246 274 273 272 272 272 273 273 243 102 103 103 103 103 103 103 103 103 103 103 100 99 98 107 108 109 115 105 115 105
a 868 128 117 5 4 2 4 116 117 5 5 5 127 128 128 128 117 5 3 3 2 4 5 5 5 3 1 0 8 0 29 202 197 196 197 196 195 195 201 198 200 198 200 200 177
a 962 138 141 141 140 139 162 139 162 145 145 145 140 145 145 140 139 148 148 148 148 157 146 146 139 162 145 145 145 144 143 143 27 27 24 24 38 58 65 152 65 152 65 47 51 45 51 48 45 51 45 275 275 275 246 274 273 273 273 243 102 103 103 103 104 106 106 108 109 115
a 504 65 65 152 65 152 65 58 57 58 65 47 42 32 30 30 30 30 28 28 28 28 28 28 28 28 28 28 28 28 28 28 28 66 216 215 174 168 205 205 205 168 168 168 205 175
a 138 13 16 13 16 53 53 15 35 15 35 15 35 17 17 44 17 44 17 44 17 45 41 45 41 41 41 46 35 17 44 17 45 41 45 41 45 41 46 47 42 39 40 61 60 247 247 247 247 247 247 247 247 246 247 247 247 60 60 62 60 247 247 247 247 247 247 247 60 247 247 247 247 247 247 247 247 247 246 274 246 247 247 247 246 274 274 274 274 275 275 275 246 247 247 247 247 247 247 247 247 247 247 249 97 101 100 100 100 99 99 98 98 107 107 108 109
a 1281 267 266 280 266 267 266 267 266 82 84 82 84 82 84 82 266 280 281 281 280 279 278 279 278 277 277 277 276 272 272 272 272 273 273 273 273 243 102 103 103 103 103 103 103 103 103 103 103 103 103 103 103 103 103 103 100 100 100 100 99 98 99 99 98 99 99 98 104 104 104 106 115 105
a 1032 145 140 139 162 145 145 144 145 144 156 156 144 143 149 43 149 43 149 43 57 150 57 58 65 47 42 32 42 32 30 50 59 60 59 59 59 59 59 59 60 60 247 247 247 60 247 247 247 247 247 247 247 247 246 274 273 273 243 102 103 103 103 103 103 103 103 104 104 106 115 105 115 105 115 105 115 105
a 814 123 11 12 127 130 124 130 124 130 124 124 130 124 130 124 130 136 130 124 130 124 124 12 11 123 123 125 123 123 123 122 123 123 123 125 134 135 135 135 135 22 22 135 22 135 135 135 135 135 135 135 135 135 135 13 19 19 19 53 53 53 53 15 35 17 45 41 46 35 15 15 14 17 44 34 32 30 28 66 253 66 253 252 217 211 213 214 209 214 209 100 100 99 98 104 98 107 108 109
a 857 127 5 5 117 118 118 129 129 129 129 132 132 129 146 146 139 162 162 148 163 163 163 148 163 163 148 163 148 163 153 156 149 43 43 57 58 65 65 47 42 32 30 50 50 59 60 247 247 249 249 97 250 250 250 250 250 250 250 243 102 103 103 100 100 100 100 99 98 99 98 107 107 108 106 106 106 106 106 106 106 115 105
a 258 25 22 135 135 22 23 26 23 22 22 22 22 22 135 13 19 19 53 15 35 18 18 18 18 18 18 18 18 18 18 48 18 18 18 48 45 41 46 41 46 47 42 42 32 30 28 28 66 253 66 253 66 253 66 253 66 253 66 253 66 253 253 66 253 253 66 253 253 66 253 253 66 216 215 216 215 219 176
a 1135 155 122 123 125 134 135 135 135 155 122 121 122 121 122 121 120 121 122 123 125 123 123 123 123 123 123 123 123 123 123 123 125 134 135 135 135 135 135 155 122 121 120 8 9 9 121 120 20 20 15 35 17 44 34 32 30 30 30 30 30 50 59 60 59 59 60 62 62 62 60 59 59 60 62 62 62 62 60 247 247 247 249 249 97 250 250 250 250 250 250 250 250 250 250 250 250 250 250 250 243 102 243 102 103 103 103 104 104 104 104 106 106 106 106 106 106 106 106 106 106 106 106 106 106 108 205 175
a 211 21 14 44 17 14 14 15 35 17 45 41 46 41 45 41 46 41 45 41 46 47 51 47 46 35 15 35 15 35 15 35 18 18 18 18 18 16 13 16 13 121 9 9 10 11 10 122 121 120 121 9 10 122 121 120 20 15 35 15 35 17 45 275 275 246 274 274 274 273 273 273 273 273 243 250 243 102 103 104 104 104 98 104 104 104 104 104 104 104 98 107 107 107 107 108 109 115 105
a 1296 280 279 278 278 278 279 278 278 222 279 278 222 279 278 279 279 278 277 277 277 278 278 278 222 223 222 279 278 278 277 277 277 224 238 264 238 238 238 264 276 272 272 273 273 243 102 103 103 103 103 103 103 103 103 103 103 104 98 104 106 106 106 106 106 106 106 106 106 115
a 1125 154 95 154 154 154 151 156 144 143 27 143 27 27 24 147 142 27 24 24 24 38 38 38 58 65 65 47 42 32 42 32 31 36 36 31 36 31 36 36 36 36 31 31 32 30 50 28 66 253 66 216 215 174 173 176
a 106 10 122 121 120 8 8 0 1 1 3 3 1 3 3 1 3 1 1 0 8 7 7 6 44 34 44 34 44 17 45 41 46 41 42 32 30 50 28 66 253 66 253 66 28 66 253 253 252 217 211 213 219 176
a 693 91 91 165 166 165 165 166 165 165 165 165 165 165 165 165 91 91 89 73 81 88 88 88 282 282 281 281 266 280 266 280 279 278 278 277 276 272 273 243 102 103 103 100 100 99 98 99 98 104 106 106 106 115 105
a 67 6 44 34 33 33 31 32 30 50 28 28 66 216 66 253 66 253 66 253 66 253 66 253 66 253 253 253 66 216 215 219 213 214 218 210 107 108 109
a 779 118 129 146 139 140 139 162 162 139 162 148 163 148 148 163 153 156 156 149 43 57 150 57 58 49 49 37 49 58 65 152 65 47 42 42 39 39 40 40 61 61 61 40 61 61 61 60 59 59 60 60 247 247 247 247 247 247 246 247 249 97 249 248 255 241 258 264 276 263 276 272 272 271
a 759 116 4 2 4 116 118 129 146 139 139 162 139 162 148 148 163 148 163 148 139 148 163 148 148 163 148 163 148 148 163 148 139 162 162 162 145 144 144 144 143 149 43 43 43 149 43 38 38 58 65 47 47 51 48 18 18 25 26 25 22 135 135 135 135 135 135 135 22 135 22 22 22 23 26 25 18 18 48 18 18 18 35 15 35 15 14 17 45 275 246 274 245 274 273 273 273 273 273 273 273 273 243 102 103 104 104 98 104 104 104 104 104 104 104 106 115 105 115
a 772 118 129 129 146 146 146 157 146 139 140 139 162 148 163 148 139 162 145 144 144 145 140 139 140 145 140 133 140 133 132 129 146 139 139 140 139 162 139 140 139 162 162 145 144 143 143 27 27 24 24 38 58 65 47 47 47 51 49 51 49 37 49 58 58 65 47 51 45 41 45 275 246 274 274 274 274 274 274 246 274 274 273 273 243 102 103 103 103 103 103 104 104 104 104 106 106 106 106 115
a 1272 266 267 266 267 267 266 280 280 279 278 278 222 279 279 278 278 222 223 222 223 222 223 225 228 228 228 228 226 220 229 263 276 276 272 272 272 272 272 272 273 273 273 273 272 272 272 272 272 273 243 102 243 102 102 103 103 103 103 103 103 103 103 103 103 103 103 103 103 103 103 104 98 107 107 108 109
a 933 135 155 122 155 122 121 9 121 122 155 122 155 155 125 123 123 125 155 122 121 122 123 125 134 147 134 135 135 135 135 135 135 135 135 135 22 135 135 135 155 122 121 9 121 120 20 20 15 15 35 17 44 17 45 41 45 41 46 41 45 41 46 35 17 14 14 33 31 36 36 36 36 31 193 192 192 191 191 119 195 201 198 200 198 201 198 200 198 201 198 201 198 200 177
a 1298 280 279 278 279 278 222 279 222 279 278 277 277 277 277 277 277 277 277 277 278 279 278 222 223 222 279 278 279 278 278 278 278 277 277 276 276 272 272 273 243 250 250 250 250 250 250 250 250 250 250 250 250 250 250 250 243 102 103 104 106 106 115 105 115 105
a 764 117 118 118 129 146 146 139 162 162 162 162 162 145 144 144 156 156 144 144 143 27 143 27 24 38 58 65 47 51 49 51 49 49 37 49 58 58 57 150 149 43 43 43 57 43 149 43 38 38 43 149 43 57 150 161 150 151 156 149 43 149 43 38 43 149 43 43 149 43 149 43 43 149 43 149 43 57 57 58 58 65 47 42 32 30 28 66 253 66 216 215 216 215 216 215 219 176
a 628 84 84 82 82 82 84 82 84 82 84 82 266 280 280 266 280 279 222 279 279 278 279 278 279 279 278 222 279 278 278 278 278 278 222 221 278 278 278 278 278 278 278 279 278 222 279 222 279 278 277 277 276 276 276 272 273 243 102 243 102 103 100 99 99 99 99 98 104 104 104 106 115
a 37 3 3 3 3 3 3 12 127 130 124 12 11 12 127 130 127 130 136 126 125 134 125 123 123 123 125 134 135 155 125 125 134 134 135 135 22 135 135 22 22 23 24 24 38 58 58 65 47 47 42 47 42 32 42 32 30 50 28 66 253 253 66 253 66 253 66 253 66 253 253 66 216 215 216 215 174 173
a 1185 160 91 91 91 91 91 91 91 89 91 89 90 77 76 76 85 76 85 85 83 83 83 83 83 84 82 84 82 82 266 280 280 281 280 266 82 84 82 84 84 82 266 266 280 279 278 222 279 279 278 222 279 278 278 279 279 278 278 279 278 222 223 225 224 238 224 238 238 238 238 264 238 264 276 272 272 271
a 1104 152 65 47 47 42 47 47 47 47 42 32 42 42 32 30 30 50 28 28 28 28 28 28 28 28 28 28 28 28 28 28 66 253 253 66 253 66 253 66 253 66 216 215 216 215 216 215 174 168 205 175
a 968 138 138 137 137 137 137 137 136 130 124 12 127 130 136 142 158 142 27 24 38 38 37 49 51 49 51 49 37 49 49 37 49 37 49 58 65 47 42 39 40 40 39 40 39 40 40 61 60 62 62 62 60 59 60 60 60 247 247 247 60 247 247 247 249 97 250 250 250 250 243 102 243 102 243 250 250 250 250 250 250 250 250 243 102 103 104 104 104 104 104 104 106 106 106 115
a 147 14 15 14 14 33 31 32 42 39 40 40 39 40 40 61 40 39 39 40 61 40 40 40 39 39 40 40 39 40 40 40 39 40 61 40 39 40 61 61 60 60 59 59 60 60 59 59 60 60 59 59 59 60 247 249 249 97 250 250 250 243 250 250 250 243 102 103 103 103 103 103 104 106 106 106 106 106 115 105 115
a 1186 160 91 91 89 90 90 77 78 79 79 78 68 69 69 39 40 39 39 40 40 40 40 40 40 39 40 61 60 60 247 60 247 247 247 247 247 247 247 247 247 247 247 247 247 60 62 60 59 60 60 247 247 249 97 250 250 250 250 243 102 103 100 100 100 100 100 100 99 98 107 108 109
a 846 126 136 130 124 130 124 130 136 142 27 143 27 143 27 24 38 43 57 150 161 152 164 152 152 152 89 90 77 78 68 74 74 74 74 74 74 74 74 74 74 74 74 74 74 74 74 74 236 235 235 221 279 278 279 278 278 279 279 278 277 224 238 264 276 276 272 271 262 114 105 115 105 115 109
a 1142 156 156 149 43 149 43 57 150 57 43 38 43 38 37 49 49 58 65 65 65 152 65 47 42 39 40 40 40 39 39 40 61 61 61 60 247 247 249 97 249 248 255 241 244 244 244 244 244 244 244 239 247 247 247 247 247 247 247 247 247 247 247 246 247 249 248 248 255 241 242 273 273 273 243 102 103 103 103 103 104 104 104 106 115
a 322 37 37 49 51 45 41 45 41 46 47 42 32 42 32 30 30 50 59 59 60 60 59 60 60 60 62 62 60 62 62 62 62 62 62 60 247 247 249 97 250 250 250 250 250 250 250 250 250 250 250 250 243 102 103 103 103 103 103 103 100 100 99 98 99 99 98 99 99 99 99 98 104 98 104 104 104 106 106 106 115 105 115 105
a 8 0 8 9 1 1 3 12 3 3 3 3 3 5 117 5 3 3 5 3 12 127 130 124 130 124 124 130 124 130 124 130 124 130 124 130 124 130 124 124 130 127 128 129 132 132 133 132 132 132 129 146 139 162 162 162 162 145 144 143 27 143 149 43 149 43 38 37 49 51 47 42 32 30 50 59 59 60 247 247 249 249 248 248 255 248 249 97 250 250 250 243 102 243 102 103 103 103 103 103 103 103 103 103 103 103 100 100 100 100 100 99 98 104 106 106 106 106 106 115
a 819 123 125 123 123 123 123 123 123 123 123 123 123 123 123 123 123 123 123 123 123 125 123 123 123 123 122 155 122 121 122 121 122 155 122 122 121 9 121 120 54 7 7 6 7 7 7 54 21 20 20 20 15 35 18 18 16 13 19 19 19 53 15 35 15 35 17 44 17 14 15 35 15 15 35 15 35 15 35 15 15 35 17 45 45 41 45 41 45 41 46 35 15 15 35 15 35 15 15 35 15 15 14 14 14 14 17 44 17 44 17 45 41 46 35 15 35 15 35 15 35 15 35 15 35 17 44 17 14 15 15 35 17 45 275 275 246 274 273 273 273 273 273 243 102 103 100 100 100 100 100 100 99 98 104 106 115 109
a 241 24 38 58 57 57 57 57 43 43 149 43 38 58 58 65 152 65 47 42 47 51 45 41 42 47 47 42 32 30 50 28 66 253 66 253 253 66 216 215 219 176 173 176 175
a 273 27 143 149 43 57 43 38 58 65 47 47 42 32 42 32 30 50 28 28 28 28 28 28 28 28 28 28 28 28 28 28 28 28 28 28 28 28 28 28 28 28 28 66 216 215 174 168 205 205 205 205 205 205 168 205 175
a 992 141 141 141 141 141 141 144 143 158 142 27 24 24 24 38 38 43 43 149 43 149 43 43 57 58 65 65 65 152 65 47 42 39 40 39 40 39 40 61 61 60 60 247 247 247 247 247 247 60 247 247 60 247 247 247 247 247 246 274 274 274 274 274 273 243 102 103 103 104 98 104 104 104 98 107 108 109
a 561 78 68 74 64 64 64 75 75 75 75 75 75 64 64 75 64 74 74 74 74 74 74 64 64 64 75 75 75 64 75 64 64 64 75 75 75 64 75 75 75 75 64 64 64 74 74 74 74 74 74 74 64 75 75 64 64 75 75 75 75 76 76 85 85 83 83 84 84 82 266 267 267 280 279 278 279 278 222 279 278 278 277 277 276 276 264 276 263 263 263 263 276 263 276 272 271
a 1071 149 43 149 43 149 43 43 149 43 149 43 149 43 57 150 57 43 149 43 149 43 43 38 58 58 65 47 42 39 40 39 40 61 60 247 249 248 255 241 242 242 242 273 272 272 272 273 273 243 250 250 243 102 103 103 103 103 103 103 103 103 103 103 104 98 99 98 104 104 104 104 104 104 104 104 104 104 98 104 104 98 107 108 109
a 314 35 15 15 14 17 44 17 45 45 41 46 35 15 14 33 31 193 192 192 191 119 195 119 195 119 191 119 191 119 195 119 195 195 119 195 201 198 200 200 200 198 200 198 200 198 200 200 200 198 200 198 201 198 200 177
a 651 87 88 88 282 281 281 281 281 280 281 281 280 266 280 281 281 281 280 279 278 278 222 221 279 278 222 221 222 279 279 279 278 278 222 223 225 223 222 221 221 279 278 278 278 278 277 277 277 277 276 272 271
a 813 123 122 121 9 121 122 123 123 123 123 125 155 125 123 123 123 125 123 122 121 122 155 122 121 13 13 19 19 19 53 15 35 15 35 18 18 48 45 275 246 274 274 273 273 273 273 273 273 243 102 103 104 104 106 115 105 115 109 115 105 115 105 115 109 115 105 115 105 115
a 490 58 65 47 51 49 37 48 37 49 58 65 161 161 161 150 161 152 65 47 47 42 47 42 32 30 28 28 28 28 66 253 253 66 253 253 66 253 253 253 66 216 215 216 215 174 168 168 168 205 205 175
a 1029 144 143 27 27 27 27 143 149 43 149 43 38 38 38 43 38 37 48 18 18 18 16 22 22 22 22 22 135 22 22 23 26 23 26 25 22 135 135 13 13 19 19 19 19 20 15 35 15 35 17 44 17 44 17 44 17 14 14 14 15 35 15 15 14 17 44 17 44 17 45 51 49 51 49 49 51 49 37 49 49 37 48 45 45 275 274 274 273 273 243 102 102 103 103 103 103 103 103 103 103 100 100 99 98 107 107 107 108 108 106 115 105 114 105 114 270 262 113 262
a 572 79 79 79 69 69 39 39 40 39 39 39 40 39 40 39 39 40 40 61 60 59 60 59 60 60 247 246 247 247 247 247 246 247 247 247 247 247 247 247 247 247 246 247 247 247 247 247 247 247 249 249 248 255 241 242 273 273 243 102 103 104 98 107 107 108 109 115 105 115 105
a 1311 282 281 280 266 82 84 82 84 82 266 280 279 278 278 277 277 278 222 279 279 278 277 277 277 276 263 276 276 276 272 272 272 272 273 273 273 243 102 103 103 103 103 103 103 104 104 104 104 104 104 104 104 104 104 106 115 105
a 576 79 79 69 79 69 39 40 40 40 39 39 40 40 40 61 61 61 61 61 60 59 59 59 59 59 59 60 59 59 60 62 60 59 59 60 247 247 247 247 247 247 247 246 247 247 247 247 247 247 246 274 273 273 273 273 243 102 103 103 103 103 103 104 104 104 104 106 115 105 115 109 175
a 224 22 135 135 155 122 121 120 54 54 54 54 7 54 7 8 0 0 29 202 202 197 170 169 170 169 172 169 172 169 170 169 169 172 177 172 169 172
a 1056 147 126 125 134 147 134 147 134 135 135 22 23 134 134 135 135 13 16 13 13 16 13 13 16 13 121 9 1 3 3 3 3 3 3 3 12 3 3 3 12 127 5 5 117 5 117 117 5 3 12 127 130 124 130 124 124 124 130 127 130 127 130 127 127 128 129 146 146 157 146 146 146 146 146 146 139 140 139 162 145 140 145 144 144 143 158 137 137 137 137 137 137 137 137 137 137 137 137 137 137 137 137 137 137 137 137 137 137 137 137 137 137 137 137 137 137 137 137 137 137 137 137 137 137 137 137 137 137 137 137 137 137 136 142 147 126 125 134 147 147 134 134 23 24 38 58 49 51 48 18 18 18 18 18 48 45 275 246 274 274 274 274 275 275 246 274 245 275 274 274 273 272 271
a 455 54 21 14 17 45 275 275 275 275 275 275 275 246 247 246 247 247 247 247 247 247 249 248 255 248 248 255 241 258 264 264 276 276 264 276 276 276 276 264 276 272 273 273 273 273 243 250 250 250 250 250 250 250 250 250 250 250 243 250 250 250 250 250 250 250 250 250 243 102 103 103 103 103 103 100 100 100 100 100 100 100 100 100 100 99 98 104 104 104 104 104 98 104 104 98 107 108 205 205 205 108 109
a 1063 148 163 148 163 163 148 148 157 146 139 140 133 140 139 162 148 163 148 163 153 156 156 156 156 149 43 57 58 65 47 42 32 30 28 66 253 66 253 253 253 253 66 253 253 66 253 66 253 66 253 253 253 66 253 66 216 215 216 215 219 219 176
a 753 116 4 116 4 116 4 4 116 118 118 118 129 146 146 157 146 139 148 163 148 148 163 148 139 148 163 148 139 162 162 145 145 144 143 143 27 143 158 142 158 143 158 158 142 27 27 143 158 143 143 158 143 143 27 143 143 158 141 141 144 144 143 27 24 24 38 38 38 37 49 58 49 51 49 37 49 58 58 49 51 45 275 275 275 275 275 275 246 274 274 273 273 243 102 101 101 101 101 101 100 99 98 99 99 98 104 106 106 115 105
a 1286 267 267 266 267 267 267 266 267 267 267 280 279 278 222 279 278 277 278 222 279 278 278 278 277 277 276 263 276 264 276 263 238 264 276 264 238 264 264 264 276 272 273 273 273 273 243 102 101 100 100 100 100 100 100 99 98 107 107 107 107 107 108 205 175
a 899 131 132 132 132 133 138 141 144 143 149 43 38 38 58 57 150 151 156 156 156 149 43 57 57 150 161 161 152 65 47 42 47 47 47 51 45 41 41 45 275 246 274 273 273 243 102 103 103 103 103 100 100 100 100 99 98 99 99 98 104 104 104 104 98 99 210 210 107 107 107 107 108 106 106 106 115
a 1144 156 149 43 57 43 149 43 38 58 58 65 65 65 47 42 42 39 39 40 40 61 61 40 40 40 40 40 40 40 40 39 40 61 61 60 59 60 60 59 59 59 60 62 60 59 59 60 247 247 247 246 274 274 275 246 247 247 247 247 247 247 247 247 247 247 60 247 247 247 247 247 247 247 247 247 247 247 247 249 248 255 241 241 242 273 273 273 273 273 243 250 250 250 250 250 250 250 243 102 103 104 98 107 107 107 108 109
a 1196 161 152 164 166 165 165 165 165 91 91 89 90 90 77 77 77 76 77 76 76 76 76 76 76 85 83 83 83 83 84 82 84 84 82 84 82 84 82 266 280 266 267 267 267 266 267 280 266 280 281 280 279 278 277 277 276 272 273 273 243 102 103 103 100 100 100 100 100 100 99 98 107 108 109
a 1025 144 144 156 156 144 144 156 156 156 156 149 43 57 150 161 150 161 150 57 150 161 152 80 90 90 90 77 76 85 85 85 83 84 82 82 82 266 280 266 280 279 222 223 225 224 230 224 238 264 238 264 238 264 276 272 272 272 272 272 273 243 102 103 103 103 103 100 100 100 100 100 99 99 98 107 108 205 175
a 1005 142 27 143 158 141 144 143 158 142 147 126 147 142 158 143 143 149 43 38 37 49 58 57 58 65 47 42 39 39 40 61 60 247 247 247 249 249 97 249 248 248 249 249 97 250 250 250 243 102 243 102 103 103 104 98 99 98 99 98 107 107 107 107 108 109 115
a 521 73 81 73 81 88 81 73 94 73 81 88 282 281 281 281 280 279 278 278 279 278 278 278 221 278 278 278 222 223 222 279 279 279 279 278 278 277 276 272 271 262
a 1019 143 27 24 27 24 24 38 43 57 58 65 152 89 73 73 73 160 73 81 88 282 281 280 266 82 84 82 266 82 84 82 82 266 266 267 267 267 280 279 278 278 278 222 279 278 278 278 279 278 277 276 276 276 272 271
a 324 37 49 49 51 49 37 49 37 49 58 65 152 65 47 42 39 40 39 40 40 39 40 61 61 60 62 62 62 62 62 62 62 60 60 60 62 60 62 62 62 62 60 247 247 247 247 247 60 247 246 274 273 273 273 273 243 102 103 103 103 103 103 103 103 103 103 103 103 103 103 103 103 103 103 103 103 103 103 103 103 103 103 103 103 103 103 103 103 103 103 103 104 104 104 98 107 108 109 115
a 942 136 136 142 142 27 27 143 149 43 43 38 43 43 38 58 58 65 47 46 35 17 17 45 41 46 41 46 47 47 51 49 51 45 41 41 45 41 45 41 46 35 17 45 41 45 45 51 49 58 57 57 58 58 49 51 45 41 41 46 47 42 32 42 32 31 32 34 44 17 45 275 275 246 274 273 272 273 273 273 243 102 103 104 106 115
a 391 46 46 35 17 44 17 45 41 45 41 46 47 47 42 42 47 42 32 30 50 28 66 253 253 253 66 253 66 253 253 66 253 253 253 253 66 253 66 28 66 253 66 253 253 66 216 215 219 176 173
a 894 131 132 133 138 141 144 143 143 27 24 24 24 24 24 38 43 57 57 43 149 43 149 43 149 43 149 43 38 58 58 58 58 57 150 57 57 43 38 38 58 58 65 161 152 152 65 47 47 42 39 40 61 61 61 60 62 62 60 59 60 62 62 62 62 62 62 62 62 62 62 60 247 247 247 247 247 247 247 247 247 247 247 247 246 274 274 274 273 243 102 243 250 250 250 250 250 250 250 250 243 102 243 102 103 104 104 104 106 106 115 105 115 105
a 32 3 1 1 0 8 8 9 121 120 8 0 0 29 29 56 72 72 118 118 129 132 133 138 137 137 137 137 137 137 137 137 137 137 137 137 137 137 137 137 137 137 137 137 137 137 137 137 137 137 137 137 137 137 137 137 136 126 125 125 134 147 147 147 142 27 143 158 137 137 138 137 137 137 137 137 137 137 137 137 137 137 137 137 137 137 137 137 137 137 137 137 138 137 137 137 137 137 137 137 137 137 137 137 137 137 137 137 137 137 137 137 137 137 137 137 137 137 137 137 137 137 137 137 137 137 137 137 137 137 137 137 137 137 137 137 137 137 137 137 137 137 137 137 137 137 137 137 137 137 137 137 137 137 137 137 137 137 137 137 137 137 137 137 137 137 137 137 138 141 144 143 27 27 143 149 43 43 43 57 57 43 43 38 43 43 38 37 48 45 51 49 51 49 49 51 45 275 275 246 247 249 249 249 97 101 102 102 103 103 103 103 103 103 100 99 98 107 108 109 115
a 858 127 127 128 131 138 141 144 143 149 43 57 58 49 51 49 58 65 47 42 32 42 39 39 40 39 40 61 40 40 39 40 61 60 247 247 247 247 247 247 247 247 247 247 249 97 250 243 250 250 243 102 243 102 243 102 103 100 99 98 99 98 98 107 108 108 109
a 489 57 58 49 37 48 45 45 41 46 35 17 45 41 46 47 47 42 32 42 42 32 30 50 28 28 28 28 28 28 28 66 253 66 253 66 253 253 66 253 66 253 253 66 253 66 216 215 216 215 219 176 173 176
a 951 137 137 137 137 137 137 137 137 138 141 144 144 144 144 145 145 145 145 145 140 133 140 133 138 141 144 143 158 137 137 137 137 137 137 137 137 138 141 144 144 156 149 43 43 149 43 38 38 37 49 51 45 41 46 35 17 45 41 45 41 46 46 47 42 47 42 39 40 61 60 59 60 60 62 60 60 62 60 59 60 59 60 59 59 60 247 247 247 246 274 274 274 275 246 274 274 273 243 102 103 103 100 100 99 98 98 107 108 109
a 721 94 94 73 73 73 81 73 81 73 73 160 73 81 88 282 281 281 281 281 281 281 280 279 278 278 278 278 278 277 276 263 276 272 273 273 272 271
a 505 65 65 47 51 49 49 58 49 51 49 58 58 65 152 89 91 89 90 77 78 79 79 79 78 68 78 68 74 74 74 236 235 237 265 238 264 276 272 273 273 273 243 102 243 102 103 103 100 99 98 98 104 104 104 104 98 104 104 104 104 106 115 105
a 831 125 123 123 125 155 125 123 123 123 123 123 123 125 123 123 123 123 123 123 123 125 155 122 121 13 13 19 53 15 35 17 45 41 46 47 42 39 40 40 40 40 61 60 62 60 62 60 247 246 274 274 274 275 45 275 246 247 247 249 97 250 250 250 250 250 250 250 250 250 250 243 102 243 102 103 104 104 104 104 106 115 105 114 271
a 670 89 152 80 90 86 88 282 282 281 280 281 280 266 267 280 279 278 277 277 276 272 273 273 243 250 250 250 250 243 102 103 103 103 100 99 98 104 104 106 115 105 115 109
a 1224 164 152 161 152 80 152 164 152 164 152 65 65 47 47 42 32 42 32 31 32 30 30 50 28 66 253 66 253 66 253 66 216 215 174 168 168 205 205 175
a 242 24 38 38 58 57 43 57 150 161 161 150 161 152 89 90 90 90 77 76 85 76 76 85 83 84 82 84 82 266 267 267 266 82 82 266 82 266 280 279 278 278 278 222 279 279 278 278 277 277 277 276 263 276 263 229 263 276 272 272 272 273 243 102 103 100 99 98 98 107 107 107 108 109
a 642 86 86 86 86 88 282 282 282 281 280 281 281 280 281 280 281 280 279 278 278 277 278 278 277 276 276 264 264 238 238 238 224 230 263 238 238 238 238 238 238 264 276 272 272 272 271
a 1 0 0 8 9 121 9 10 122 123 11 12 12 3 12 127 127 5 117 117 118 129 146 157 146 139 162 145 144 156 149 43 38 43 57 57 150 57 150 57 58 58 65 65 47 42 32 32 30 30 30 50 59 59 59 60 62 62 62 62 62 62 62 60 62 62 60 247 247 247 249 249 249 249 97 250 250 250 243 102 103 103 103 100 100 99 210 107 108 106 106 108 109
a 1128 154 151 150 149 43 149 43 149 43 149 43 43 57 58 58 65 47 47 42 32 30 50 28 28 66 253 66 253 253 253 66 253 66 253 66 28 28 28 66 28 28 66 216 215 216 215 216 215 174 173
a 1187 160 91 91 91 91 89 89 89 91 91 165 165 165 165 166 165 166 165 165 165 166 165 91 89 89 73 81 88 282 282 281 281 280 266 267 267 267 266 267 266 280 279 279 279 222 223 222 221 278 279 278 278 278 277 277 277 277 276 272 272 272 273 273 243 250 250 250 250 250 243 102 103 104 104 104 106 106 115 105
a 21 2 4 116 4 116 4 2 4 116 4 5 3 3 1 3 3 12 3 3 3 3 3 1 1 3 3 3 1 3 3 5 127 130 124 130 127 130 124 130 124 130 136 126 126 126 125 134 134 135 135 135 135 135 135 155 122 121 122 122 155 125 134 147 147 142 147 147 126 147 142 147 142 27 143 144 156 156 156 156 149 43 43 57 43 38 37 48 45 275 274 274 274 274 274 274 245 275 246 274 274 274 274 273 272 273 273 273 273 273 243 102 103 103 103 103 104 104 104 104 104 106 106 106 106 106 106 106 115 105
a 765 117 128 131 132 133 132 129 146 146 146 146 139 162 162 145 145 140 139 162 162 162 145 145 145 145 140 133 140 140 133 140 145 140 133 138 141 144 144 143 149 43 43 149 43 57 43 57 150 161 161 150 161 152 164 152 164 152 80 79 78 79 79 79 78 68 74 74 74 74 74 236 236 235 237 265 238 264 276 276 276 276 276 272 272 273 273 273 243 250 243 102 102 101 101 102 103 103 103 104 106 115 105 115 105
a 902 132 132 133 138 141 144 143 149 43 149 43 57 58 65 65 58 65 47 42 47 47 47 51 49 51 47 42 32 30 50 28 66 253 253 253 66 253 253 66 253 66 253 66 253 66 216 215 174 168 205 175
a 1041 146 146 139 162 139 140 139 148 163 148 163 153 156 156 156 149 43 149 43 43 43 57 57 57 150 151 156 156 149 43 43 149 43 149 43 38 37 49 49 51 48 18 16 13 19 53 15 14 14 14 14 15 15 35 15 35 15 35 15 14 44 17 45 41 41 45 41 46 35 15 35 17 44 17 14 33 31 33 14 14 14 15 35 17 14 14 17 45 275 246 247 247 249 249 249 249 97 250 250 250 250 250 250 250 250 250 250 250 250 250 250 250 243 102 103 104 106 106 115 105 115 105 115 105 114 271
a 865 128 117 117 118 129 129 146 139 162 145 140 133 140 139 162 162 145 140 139 162 145 140 133 132 133 132 133 140 139 162 145 145 144 144 143 149 43 43 149 43 57 58 58 65 161 150 57 57 43 57 58 65 47 42 32 30 50 59 59 60 247 247 249 248 254 254 254 248 255 241 258 241 258 241 242 242 273 243 102 103 103 103 104 98 107 107 108 109
a 599 81 73 73 73 81 88 282 281 281 266 280 279 278 277 276 264 264 276 272 272 273 273 274 274 245 275 275 246 274 273 273 273 243 102 103 104 104 104 104 104 104 104 104 106 106 115 105
a 97 9 9 121 120 54 7 7 7 7 7 7 54 120 8 0 8 9 1 0 0 0 0 29 29 202 202 202 197 170 170 169 170 169 172 169 172 169 169 172 169 172
a 1168 158 137 137 136 142 27 143 149 43 43 149 43 149 43 57 43 43 57 57 57 57 150 161 150 57 43 43 38 37 49 58 65 152 80 79 69 39 39 40 40 61 61 61 60 59 59 60 247 247 247 249 97 250 250 250 250 250 250 250 250 250 243 102 103 103 103 103 104 104 104 98 107 107 107 107 108 109 171 109 115 105 115
a 785 120 120 20 20 15 14 17 45 41 45 41 41 45 41 42 42 32 42 32 42 39 40 61 60 59 59 60 62 62 62 60 62 62 62 60 60 62 60 60 247 247 247 247 247 249 248 255 248 248 255 241 242 273 243 102 103 103 103 100 100 100 100 100 99 98 107 107 107 108 106 106 106 106 106 106 106 106 106 106 106 106 106 106 106 108 205 175 176
a 802 122 121 9 10 122 121 122 155 122 121 122 155 122 121 13 16 13 16 53 15 35 15 14 14 14 14 14 17 45 41 45 41 46 35 18 18 35 15 35 15 35 15 15 14 33 31 193 193 192 191 191 191 119 191 119 195 196 197 196 196 195 201 198 198 200 198 201 198 200 200 198 201 198 200 177
a 737 95 154 154 159 160 91 165 165 165 159 160 159 160 73 73 73 81 88 282 282 281 280 279 278 277 277 276 272 273 273 273 273 273 273 273 243 250 250 250 250 250 250 250 250 250 250 250 250 250 250 250 243 102 103 103 103 103 104 104 98 104 104 106 115 105 114 270
a 60 6 44 17 14 14 14 33 31 32 34 44 17 44 17 45 41 46 41 45 275 275 275 275 246 274 274 274 274 274 273 243 250 243 102 243 250 250 250 250 250 250 250 250 250 250 250 250 250 250 250 250 243 250 250 250 250 250 250 250 250 250 250 250 250 243 250 250 250 250 250 250 250 243 250 250 250 250 243 102 103 103 103 103 103 103 103 103 103 100 100 100 100 100 100 99 98 104 104 104 103 104 104 104 98 104 98 107 107 107 107 108 109
a 71 7 8 9 1 1 0 0 29 56 29 29 29 29 56 72 146 139 162 162 145 140 133 140 133 138 141 140 139 162 162 162 139 140 139 139 162 145 144 144 156 151 156 151 156 149 150 161 150 57 43 149 43 149 150 161 161 150 161 152 65 47 47 42 32 30 30 28 66 253 253 252 252 252 217 217 217 211 213 214 214 209 210 107 108 108 109 115
a 638 85 76 77 77 77 77 77 77 77 77 77 78 79 69 69 79 69 79 78 79 69 71 69 39 40 61 60 247 247 246 247 249 249 249 97 250 243 102 103 103 103 103 103 103 100 100 100 100 100 100 100 100 100 100 100 99 98 98 99 98 104 106 115 105 115
a 237 23 26 25 22 135 22 23 24 38 43 43 43 38 37 49 58 58 65 47 42 39 39 40 40 61 60 60 59 60 59 60 247 249 97 250 250 250 243 102 243 102 103 100 100 100 100 99 98 104 104 104 103 103 103 103 103 103 103 103 100 100 99 99 98 107 107 108 109 115 105 115 105
a 276 27 143 158 143 27 24 38 58 65 47 42 42 47 47 42 39 40 39 39 39 40 40 40 40 61 60 59 59 60 59 59 59 60 59 59 59 60 59 59 60 59 59 59 59 59 60 60 59 60 247 247 247 247 247 247 247 247 249 248 248 255 241 241 242 242 273 243 102 103 103 103 103 103 103 103 103 103 103 103 103 103 100 99 98 107 107 107 108 108 109 115 105 115 105 115
a 787 120 20 20 15 35 15 15 35 15 35 15 15 35 17 45 45 41 46 47 42 42 32 42 32 42 47 47 42 32 30 30 50 50 28 28 28 28 28 28 28 28 30 50 59 59 59 60 59 60 247 60 62 62 62 62 60 247 247 247 247 247 247 249 97 250 250 250 250 250 250 250 250 250 250 250 250 250 250 250 250 243 102 103 103 103 103 103 100 100 100 99 98 104 106 115 105
a 1169 158 143 158 142 27 27 143 27 27 24 147 134 125 155 122 123 122 10 122 155 125 134 135 135 135 13 13 13 13 121 122 155 122 121 122 155 122 155 122 123 123 123 123 123 123 123 125 123 123 125 134 135 13 121 122 155 122 121 120 120 120 8 8 8 9 1 1 3 3 3 1 1 3 12 3 3 12 12 11 12 3 3 12 12 3 12 12 12 127 127 130 124 130 127 130 124 124 124 130 124 130 124 124 123 123 125 123 125 123 125 134 147 147 24 24 24 24 24 24 147 24 38 37 48 45 275 246 274 273 243 102 101 102 243 102 103 103 104 104 106 106 115
a 912 133 140 139 162 145 144 144 143 27 27 143 149 43 57 43 149 43 38 38 43 57 58 57 150 151 156 156 149 43 38 43 43 38 43 57 43 57 58 58 65 65 152 161 65 47 42 32 30 30 30 50 28 66 253 66 28 66 253 66 253 66 253 66 216 215 219 176
a 533 75 64 75 64 74 74 236 236 74 236 70 71 69 71 69 69 71 69 69 69 79 69 71 69 39 40 40 61 60 247 247 247 60 247 249 97 250 250 243 102 101 101 101 100 99 98 107 107 108 106 115
a 447 53 19 53 53 19 53 19 19 53 15 35 15 35 15 35 15 35 15 15 15 35 15 35 18 16 13 13 121 122 123 123 122 121 120 20 15 14 44 34 33 31 32 30 50 59 59 59 60 59 60 59 60 59 60 62 62 62 62 62 62 62 62 62 62 62 62 60 59 59 59 60 62 60 247 247 247 247 247 247 247 247 247 247 247 247 249 249 249 249 97 249 97 250 250 250 250 250 250 250 250 250 250 250 250 250 250 243 102 243 102 103 103 103 103 103 103 103 104 104 104 104 98 107 107 108 109
a 805 122 123 123 123 123 125 123 123 123 125 134 135 135 135 135 155 122 155 125 134 125 123 123 125 123 125 123 123 122 122 155 122 123 123 125 134 125 134 134 135 135 155 122 155 122 122 123 125 134 135 22 22 22 135 22 23 134 135 22 22 135 135 22 22 23 24 147 147 147 24 38 58 58 49 37 37 48 18 48 45 41 46 35 17 44 34 44 17 14 15 14 33 14 14 14 33 31 32 30 28 66 253 253 66 253 66 253 253 253 253 252 217 217 211 213 214 214 214 209 100 100 100 100 99 210 107 108 109 115
a 854 127 128 128 131 132 133 140 139 162 162 145 140 139 162 148 163 148 163 148 163 148 148 163 148 163 148 139 162 162 145 140 133 138 137 137 137 137 137 137 137 137 137 137 137 137 137 137 137 137 137 137 137 137 137 137 137 137 137 137 137 137 137 137 137 137 137 137 137 137 137 137 137 137 137 136 126 126 136 142 147 142 158 158 142 27 24 38 37 49 51 45 51 45 41 45 41 46 41 45 275 275 246 247 247 247 247 247 249 249 249 97 97 101 102 103 104 104 98 99 99 98 107 107 108 205 175
a 824 124 12 12 11 123 122 121 120 120 54 54 7 6 7 7 56 56 29 29 29 29 29 29 29 56 29 29 29 56 7 54 7 56 29 29 202 29 202 197 196 196 197 196 195 201 198 198 198 200 200 177
a 412 48 18 18 18 18 18 18 18 18 18 18 35 17 45 45 41 41 46 35 15 35 17 44 17 44 17 44 17 44 17 44 34 32 42 32 30 30 50 28 28 66 253 252 253 66 253 66 253 66 253 66 253 253 252 253 66 216 215 216 215 216 215 174 168 205 205 205 205 205 205 175
a 277 27 143 158 137 137 137 137 137 137 137 137 137 137 137 137 137 137 137 137 137 137 137 137 137 137 137 137 137 137 137 137 137 137 137 137 137 137 138 138 141 144 144 144 144 143 149 43 38 38 58 65 47 42 47 47 47 42 32 31 193 31 31 36 36 31 193 192 191 119 191 191 119 195 195 67 66 253 253 66 253 66 253 253 253 66 216 215 219 213 214 214 214 214 214 214 209 100 99 98 107 107 108 109
a 1172 159 165 166 165 91 91 160 91 91 89 152 89 73 73 81 88 282 281 281 281 281 280 266 280 279 279 222 223 225 228 228 228 228 228 228 228 228 228 228 228 225 224 238 264 238 224 230 263 263 276 272 271
a 1154 157 148 139 162 145 140 139 148 157 146 146 157 146 139 162 162 148 148 139 148 163 148 163 148 148 139 148 163 148 163 153 153 153 153 153 156 144 144 143 158 158 137 136 126 136 130 127 127 128 131 128 127 127 128 117 117 117 118 129 132 133 132 129 146 146 139 162 145 144 156 144 144 143 144 144 143 149 43 43 43 38 37 37 37 49 51 45 41 45 275 275 246 274 274 274 274 273 243 102 243 102 103 103 103 103 103 103 104 104 104 104 104 98 107 108 108 109
a 1206 162 162 145 144 143 144 143 27 143 27 143 143 27 27 24 38 38 37 49 51 45 41 45 45 41 45 51 45 41 46 47 42 42 32 32 30 50 28 28 28 28 28 28 66 253 66 253 66 253 253 253 66 253 66 253 253 253 253 253 66 253 253 253 253 253 66 253 253 66 216 215 216 215 216 215 219 176 175
a 43 4 116 4 116 4 116 118 129 132 133 132 129 146 146 139 162 162 145 140 133 140 145 144 156 149 43 38 37 48 45 45 41 45 41 45 41 46 47 47 42 42 32 42 32 30 50 28 28 66 253 253 66 216 215 216 215 219 215 174 168 168 205 175
a 616 83 84 82 84 82 84 82 84 82 266 280 266 82 266 280 281 280 266 267 267 266 82 266 280 266 267 267 267 267 266 280 266 82 266 267 266 280 281 281 281 281 281 266 280 280 279 278 277 276 276 264 276 276 272 272 272 273 273 243 102 103 104 104 98 107 107 108 109 115
a 366 43 43 57 58 49 51 49 51 45 51 47 47 42 39 39 39 40 40 39 39 40 40 39 40 40 39 39 40 39 40 39 40 40 40 61 60 247 247 247 247 247 247 247 247 247 247 249 97 249 248 255 241 242 273 273 273 273 243 102 103 103 103 103 103 103 103 103 103 103 103 100 100 100 100 100 100 99 99 98 98 99 98 107 107 107 107 107 108 109 115 105 114 270 262
a 539 75 64 75 64 74 74 74 74 74 74 74 74 74 74 74 236 70 234 63 63 234 63 63 63 63 63 63 234 70 234 63 63 234 234 63 234 70 70 70 71 69 39 40 39 40 40 40 40 61 60 247 247 247 60 59 59 60 62 62 60 62 60 247 247 247 247 247 247 247 247 249 249 97 250 250 250 250 250 250 250 250 250 250 250 250 250 250 250 250 250 250 250 250 250 250 250 250 250 250 250 250 250 243 102 103 103 104 104 98 104 106 106 115 105 115 105 115
a 230 23 22 135 135 135 135 135 135 13 121 120 121 122 155 122 155 122 123 123 123 123 123 122 123 123 125 125 134 134 135 135 22 22 135 135 155 122 155 122 123 123 123 123 123 125 123 123 123 125 123 123 123 123 123 123 123 123 123 123 123 125 123 125 125 134 135 135 135 135 135 13 19 19 53 19 20 20 20 20 15 35 17 44 17 44 34 44 17 45 41 45 41 46 35 17 44 34 32 30 30 50 50 59 60 60 59 59 59 60 62 62 62 62 60 59 60 60 59 60 60 59 60 60 247 247 247 247 247 247 247 247 247 247 247 247 247 247 247 247 247 246 274 274 246 247 247 247 247 247 247 249 249 97 250 250 243 102 103 103 103 103 103 103 103 104 104 98 107 108 109
a 873 129 146 139 162 139 162 148 163 153 153 153 156 144 156 156 144 145 144 143 158 142 158 137 137 137 137 137 137 137 137 137 137 137 137 137 137 137 137 137 137 137 137 137 137 137 137 137 137 137 137 137 137 137 137 137 137 137 137 137 137 137 137 137 136 136 130 124 124 130 124 12 11 11 12 127 128 129 129 146 146 146 139 162 145 140 133 140 139 162 162 139 162 148 157 146 146 139 162 145 144 143 27 24 24 24 38 58 65 47 42 32 42 39 39 40 61 60 59 59 59 59 59 59 60 247 247 247 247 247 247 247 247 247 247 247 249 249 97 101 100 100 100 100 100 99 98 104 106 108 108 109 115 105
a 189 18 18 25 22 22 23 26 25 26 23 134 134 135 22 22 135 155 122 121 122 123 122 123 11 12 12 12 127 127 130 124 124 12 11 11 12 11 12 127 5 5 5 5 5 5 117 5 5 5 117 117 118 118 118 129 146 139 162 162 162 162 145 140 133 138 141 144 143 27 24 24 38 38 58 65 47 47 42 32 30 30 50 28 28 28 28 28 28 28 28 66 253 253 253 66 253 253 253 66 253 66 253 66 216 215 216 215 219 176 175
a 1299 280 279 278 222 279 278 278 278 222 279 278 278 278 278 222 279 222 223 222 223 222 223 222 223 222 279 278 222 223 222 223 225 224 238 238 238 264 276 272 272 273 273 273 273 273 243 102 243 102 101 102 243 250 250 250 250 250 250 250 250 250 250 250 243 250 250 250 243 102 103 103 103 103 103 103 103 103 103 100 100 100 100 100 100 100 100 100 99 98 104 106 106 106 106 106 108 109
a 545 76 85 76 76 76 76 76 76 76 85 76 77 76 76 85 76 76 76 76 76 85 83 83 84 82 266 280 266 280 266 280 279 278 222 221 279 222 279 222 223 222 221 221 279 278 277 276 272 273 243 102 101 100 99 98 98 107 107 108 109 115 109 115
a 709 92 92 92 92 92 92 92 92 92 92 92 92 92 92 92 92 92 92 92 92 92 92 92 92 92 92 92 92 92 92 92 92 92 92 92 92 92 92 92 92 92 92 92 92 92 93 94 94 73 81 88 282 281 281 281 280 281 281 281 266 280 281 280 266 280 266 280 266 267 280 279 279 279 278 222 221 222 279 278 278 279 279 278 279 279 279 278 279 278 279 278 277 265 277 276 272 271 262
a 152 15 35 17 44 17 45 41 45 41 45 41 45 41 46 47 46 47 42 47 47 51 45 41 46 41 46 46 41 42 32 42 39 40 61 40 40 39 39 39 40 40 61 60 62 60 60 59 60 247 249 249 249 97 250 250 250 250 243 102 243 102 243 102 103 103 100 99 99 98 99 99 98 107 108 109
a 183 18 16 13 19 53 19 19 53 15 15 14 15 15 35 15 35 18 18 18 18 35 15 35 17 44 17 45 41 42 42 47 47 42 32 42 32 42 47 42 32 30 50 59 60 60 62 62 62 62 62 62 60 59 60 62 60 247 60 60 247 247 247 247 247 247 249 97 250 243 102 103 103 103 103 103 104 106 115 105 114 262 113 204
a 22 2 4 5 5 117 118 129 132 133 132 133 140 133 132 129 146 139 162 145 140 139 162 145 140 133 138 141 144 143 27 143 27 143 27 143 27 143 149 43 57 58 57 58 65 47 42 42 32 30 50 59 59 60 59 60 62 60 59 60 62 60 247 247 247 247 247 247 247 247 249 249 248 255 241 242 273 273 273 243 102 103 103 103 104 98 107 108 109 115
a 726 94 73 81 73 73 81 88 282 281 280 279 279 222 279 278 278 279 278 222 221 279 278 277 277 276 263 229 263 238 264 264 276 272 273 273 243 102 103 103 103 103 103 104 98 107 107 108 109
a 723 94 73 73 73 81 88 282 281 281 281 281 266 267 266 267 267 267 267 267 266 267 267 266 280 279 278 279 278 278 278 279 279 278 278 278 222 223 225 224 238 238 238 264 276 272 272 273 273 273 243 250 250 250 250 250 250 250 250 250 250 250 243 102 103 104 106 115 105 115 105 115 109
a 114 11 11 10 122 122 155 122 122 123 125 123 123 123 123 123 123 122 155 155 125 125 123 123 123 123 123 123 123 11 12 3 12 12 12 12 127 128 127 130 136 126 124 130 127 128 117 128 117 5 117 118 118 118 129 129 146 146 146 146 139 162 145 144 143 27 27 27 143 149 43 57 150 161 150 161 161 150 57 58 65 47 51 49 58 65 65 161 161 150 57 57 43 57 58 65 47 42 42 32 30 50 59 60 62 62 62 62 62 62 62 62 62 62 60 62 62 62 62 62 62 62 62 62 62 62 60 247 247 246 274 274 274 274 273 243 102 103 104 106 106 115 105 114 271
a 913 133 132 132 133 138 137 137 137 137 137 137 137 137 137 137 137 137 137 137 137 137 137 137 137 137 137 137 137 137 137 137 137 137 137 137 137 137 137 137 137 137 137 137 137 137 137 137 137 137 137 137 137 137 137 137 137 137 137 137 137 137 137 136 126 125 134 135 22 23 26 25 22 22 22 22 23 26 26 26 25 26 26 25 22 23 24 27 143 27 24 24 147 142 142 147 142 158 142 27 27 143 143 149 43 57 57 43 43 43 57 43 57 43 38 43 149 43 149 43 149 43 149 43 43 43 38 37 49 58 58 58 65 65 47 51 48 45 45 41 42 32 30 50 59 60 247 247 247 247 247 247 249 248 255 241 241 241 255 241 242 273 273 273 273 273 273 243 102 103 103 103 103 103 103 103 103 103 103 103 103 103 103 100 99 99 98 104 104 104 104 103 103 103 104 104 104 104 104 104 104 104 104 104 104 104 106 106 106 115
a 64 6 55 194 33 31 193 31 193 192 191 119 195 67 66 253 253 66 253 66 253 253 253 253 66 253 66 253 253 66 253 66 216 215 216 215 216 215 219 219 215 174 168 168 205 175
a 815 123 122 122 121 122 121 122 155 122 155 122 155 122 123 123 123 125 134 135 135 22 23 134 135 135 135 135 155 122 123 123 125 134 134 135 13 19 19 20 15 14 17 45 41 42 39 40 39 40 39 40 61 61 60 59 59 59 60 62 62 60 60 247 247 247 247 246 274 275 246 274 274 274 274 274 274 274 274 275 275 275 275 275 275 275 275 275 275 45 41 45 275 275 275 246 274 274 274 274 274 274 274 273 273 273 272 271
a 677 89 89 91 91 91 91 91 91 91 91 89 73 81 73 81 88 282 281 281 280 279 222 279 278 278 279 278 221 222 223 225 228 228 228 228 228 227 110 104 98 107 108 109 115 105 115
a 153 15 14 17 44 17 45 41 46 47 42 32 42 32 30 30 50 59 59 59 60 59 59 59 59 59 59 60 62 60 60 247 249 249 249 248 249 97 250 250 250 250 250 243 102 102 101 100 100 100 100 100 100 100 100 100 100 100 100 100 100 100 99 98 99 98 98 107 206 218 218 210 210 210 107 108 106 115
a 600 82 84 84 82 82 266 267 267 267 280 266 280 280 281 280 266 280 266 267 267 267 266 280 281 266 267 267 267 266 82 266 267 267 266 280 281 266 280 281 266 280 266 280 281 281 281 281 280 281 280 266 267 267 266 280 280 279 279 278 277 277 277 276 264 264 276 272 273 273 272 273 243 102 103 104 104 104 104 104 104 104 104 104 106 106 106 106 115
a 80 8 8 7 7 7 6 55 55 194 55 194 194 33 14 15 15 14 33 31 36 52 36 36 52 36 31 31 32 30 50 28 28 28 28 66 28 28 66 216 215 174 168 205 205 175 205 175
a 115 11 10 11 123 125 123 125 125 134 135 135 22 135 22 135 135 155 122 121 120 8 9 121 122 155 122 121 9 10 122 123 123 125 134 135 135 155 125 134 135 135 22 22 23 26 26 23 26 23 134 134 135 13 19 19 20 15 14 14 14 15 35 18 18 25 18 16 13 19 53 53 19 19 19 53 15 35 15 14 17 45 45 275 246 274 274 273 243 250 243 102 103 103 103 104 103 104 98 104 98 107 108 205 175
a 198 19 53 53 53 19 19 53 15 35 15 35 15 14 14 17 45 41 45 41 45 41 45 41 46 41 45 41 41 45 41 45 51 49 49 37 49 37 49 51 49 37 48 37 37 48 18 25 18 25 22 135 135 135 135 13 13 13 16 53 15 14 33 31 32 42 32 30 50 28 66 253 253 66 253 66 253 66 253 253 252 217 211 213 211 213 207 216 215 219 176
a 1040 146 139 148 163 148 148 163 148 148 148 139 148 163 148 139 162 162 162 148 163 148 139 140 139 140 145 140 133 138 141 144 143 143 143 27 143 149 43 43 149 43 57 43 38 38 38 37 49 58 49 49 37 49 58 58 58 49 37 49 49 58 49 51 45 275 45 275 246 274 273 272 272 272 271 270 271 262 114 262
a 668 88 88 282 88 81 88 282 281 280 266 280 266 280 279 278 279 222 279 279 279 278 222 221 279 278 278 278 222 279 222 279 278 279 279 278 278 277 276 276 264 264 238 224 277 276 263 276 263 276 272 273 243 102 243 250 250 250 250 250 250 250 250 250 250 250 250 243 102 102 103 104 104 104 106 115 105 114 271
a 289 29 29 29 202 202 202 29 29 29 29 29 56 7 56 7 7 54 54 7 54 120 20 20 20 15 35 15 15 35 15 35 15 35 17 45 41 45 51 45 41 46 35 15 35 15 15 15 15 35 15 35 17 14 17 14 14 33 33 33 31 36 31 36 36 36 52 30 30 50 28 66 28 66 28 66 216 215 216 215 219 176 175
a 351 42 39 39 39 39 39 40 39 40 61 61 40 61 61 60 59 59 59 60 59 59 59 60 59 60 59 60 60 60 62 62 62 60 59 60 62 60 59 59 59 59 60 62 62 62 62 62 62 60 59 59 60 60 60 59 60 60 59 59 59 59 59 60 247 247 60 59 60 60 247 247 247 247 246 247 247 247 247 247 247 247 247 247 247 247 247 247 247 249 97 101 101 100 99 99 98 107 107 108 205 205 175
a 1006 142 27 24 24 27 143 143 27 143 144 144 143 149 43 43 149 150 57 43 38 37 48 18 18 18 16 22 22 135 22 22 23 134 125 134 147 134 147 142 27 143 158 142 27 143 27 143 149 43 57 58 65 47 42 47 42 47 42 42 39 40 40 40 40 61 61 60 59 59 60 59 59 59 59 59 59 59 59 59 59 60 247 247 246 274 273 273 273 272 272 273 243 102 103 103 103 103 100 100 99 98 99 98 107 108 109
a 963 138 137 137 137 137 137 137 137 137 137 137 137 136 136 126 126 125 134 147 134 147 134 134 134 147 147 142 158 142 27 24 147 134 23 24 24 24 24 24 24 24 27 143 149 43 43 57 43 57 150 161 150 161 150 161 150 161 152 80 90 90 90 90 89 91 89 90 77 77 77 77 78 68 74 74 74 74 74 74 74 74 236 236 235 221 279 279 278 278 222 279 278 277 276 263 276 272 272 272 272 273 273 273 243 102 103 100 100 99 98 107 108 109
a 804 122 121 9 1 3 3 3 1 3 12 3 3 12 12 11 10 11 10 122 123 123 122 155 122 155 135 13 16 13 19 19 19 19 19 53 15 35 15 15 35 17 44 17 45 41 42 42 47 42 39 40 61 61 61 60 62 62 60 62 62 60 60 62 62 62 62 62 60 59 60 59 60 59 60 59 59 59 60 62 62 62 62 60 60 247 247 246 274 274 273 273 243 102 243 250 250 250 250 243 102 103 103 103 103 103 103 103 103 103 103 103 103 103 103 103 103 103 103 103 104 106 115 105
a 829 124 12 127 128 128 127 130 124 130 127 128 128 127 130 127 130 136 130 124 130 124 130 124 130 124 130 127 130 124 130 124 130 127 128 131 132 133 140 139 140 145 140 133 132 129 146 139 140 145 145 145 140 145 144 156 144 144 156 151 156 149 43 38 37 49 37 48 45 45 41 42 42 32 30 50 28 66 253 66 216 215 174 173 176 173 176
a 1282 267 267 267 266 280 266 280 266 280 281 281 280 280 266 280 279 279 279 278 278 279 222 223 225 224 238 238 264 276 264 276 272 273 273 243 250 250 243 102 101 100 100 100 100 100 99 98 99 98 99 99 99 98 107 107 108 106 115 105 115 105 115 105
a 1045 146 157 146 139 162 148 157 146 139 162 145 140 139 140 139 162 145 145 145 140 133 138 137 137 137 136 142 27 143 149 43 57 150 151 156 156 156 144 144 156 144 143 27 143 143 143 143 149 43 149 43 57 43 149 43 43 38 58 65 65 47 47 42 32 42 32 30 28 28 66 253 66 253 66 253 252 217 211 213 214 214 209 209 209 209 100 99 98 104 106 106 106 115 105
a 840 126 125 134 135 13 16 13 121 122 155 122 155 122 121 13 19 19 53 15 35 17 45 41 41 46 41 45 41 46 47 47 47 47 42 32 42 39 39 40 39 40 39 40 40 40 40 39 39 40 40 39 40 39 40 40 39 40 40 40 40 40 40 61 40 61 40 40 40 61 60 247 247 247 249 97 250 250 243 102 103 103 103 104 103 104 104 104 106 106 115
a 1069 148 148 157 146 139 162 162 162 145 145 145 144 143 27 24 38 43 43 38 58 65 58 58 65 152 65 47 42 32 31 31 36 31 36 36 36 36 36 31 32 30 50 28 28 66 253 66 28 28 28 28 66 253 253 66 253 66 253 253 252 217 211 208 209 209 100 99 98 104 104 104 106 106 106 106 115 105 115 105
a 479 56 29 202 197 202 202 202 202 197 196 197 196 195 201 195 201 198 200 200 198 200 177 172 177 172 177
a 714 93 96 96 93 94 94 73 94 93 94 94 73 81 88 282 281 266 280 266 82 266 267 280 279 278 278 277 276 276 272 271 262 113 262 113 204
a 922 134 147 126 125 134 147 134 135 135 135 135 135 135 135 155 155 122 122 123 123 125 125 155 122 155 122 123 123 122 155 122 155 125 134 135 155 122 123 123 123 11 12 12 11 12 127 5 5 5 117 5 5 127 130 127 128 127 130 124 130 127 130 124 130 136 126 125 134 135 135 135 135 22 23 134 135 13 13 13 19 53 15 35 18 48 48 45 51 49 58 65 65 47 47 42 32 31 193 31 36 36 36 31 32 32 32 31 33 33 31 32 30 30 50 50 59 60 59 60 247 247 247 247 247 247 249 248 255 241 242 242 273 243 102 243 102 103 104 104 104 104 104 104 106 115 105
a 986 140 133 140 133 132 132 129 129 128 129 146 146 139 162 145 144 144 143 149 150 57 58 65 161 150 161 65 58 65 47 47 42 39 40 39 40 40 40 39 39 40 40 40 40 61 60 247 247 247 247 247 247 247 249 249 97 250 250 250 250 250 243 102 103 103 103 103 103 103 103 103 103 103 103 103 100 100 100 100 100 100 100 99 98 99 98 104 103 103 103 103 103 103 103 103 103 103 103 103 103 103 103 104 104 104 104 104 104 106 106 115 105 115 105 115
a 1238 165 165 159 160 159 160 91 91 91 89 91 91 91 91 160 73 81 73 81 73 81 88 88 81 88 282 282 282 282 281 281 280 266 82 82 266 280 280 279 222 279 278 278 278 278 277 276 276 272 272 272 272 271 262 114 105
a 190 19 19 53 53 15 15 35 17 45 41 45 41 46 46 47 42 32 42 47 42 32 42 42 32 30 28 28 28 28 28 28 28 28 28 66 253 66 253 66 253 253 253 253 66 253 253 66 253 66 253 253 253 253 66 216 215 216 215 216 215 174 168 168 168 168 168 168 205 175
a 220 22 135 22 135 22 23 22 22 22 22 23 134 23 26 25 22 23 24 38 43 149 43 43 149 43 149 150 57 43 57 43 57 150 57 58 58 65 65 47 42 32 32 34 32 31 193 31 33 14 17 44 34 32 30 28 66 253 66 253 66 28 66 216 215 216 215 219 176 175
a 946 136 130 136 126 136 142 27 24 24 24 38 43 149 43 149 43 43 149 43 38 38 38 37 49 58 65 47 42 32 34 33 31 36 31 31 32 42 39 40 61 60 59 60 59 59 60 62 62 62 62 60 59 59 60 62 60 62 60 60 59 59 60 60 59 59 59 60 247 246 274 246 274 273 273 273 273 273 243 250 250 243 102 103 103 103 103 100 100 99 98 107 108 109
a 362 43 43 149 43 149 43 57 150 57 150 161 161 161 152 65 58 58 57 150 161 150 57 58 58 49 58 65 47 51 45 41 46 46 46 41 46 35 17 14 14 44 17 44 17 44 17 45 275 275 275 246 274 246 274 274 274 274 274 274 275 246 274 246 247 247 247 247 247 247 247 247 246 274 274 274 274 274 273 273 243 102 103 103 100 100 100 99 99 98 107 107 206 218 218 218 206 107 108 108 109
a 563 78 68 78 68 78 77 76 76 76 76 76 85 83 84 84 82 266 280 280 266 82 82 84 82 84 82 84 84 82 84 84 82 84 82 84 82 82 266 280 266 267 267 280 279 222 223 225 228 227 110 104 104 106 115 105 115 105 115 105 114 271
a 672 89 73 81 88 282 281 281 280 266 82 266 82 84 82 84 84 82 266 280 279 278 278 279 278 222 279 278 279 278 222 279 222 221 221 221 279 279 222 223 222 279 278 277 276 272 272 272 273 243 102 103 104 104 104 104 106 115 105 115
a 92 9 9 121 9 121 9 121 9 121 9 121 9 1 0 0 0 0 0 0 29 202 202 29 202 197 196 197 170 169 172 169 172
a 239 23 134 147 134 147 147 147 134 135 135 135 155 122 123 125 125 134 134 135 22 23 26 23 24 147 147 147 142 158 142 142 158 137 137 137 137 137 137 137 137 137 137 137 137 137 137 137 137 137 137 137 137 137 137 137 137 137 137 137 137 137 137 137 137 137 137 137 137 137 137 137 137 137 137 137 137 137 137 137 137 137 137 137 137 137 137 137 137 137 137 137 137 137 137 137 137 137 137 137 137 137 137 137 137 137 137 137 137 137 137 137 137 137 137 137 137 137 137 137 137 137 137 137 137 137 137 137 137 137 137 137 137 137 137 137 137 137 137 137 137 137 137 137 137 137 137 137 137 137 137 137 137 137 137 137 137 137 137 137 137 137 137 137 137 137 137 137 137 137 137 137 137 138 138 137 137 137 137 137 137 137 136 130 136 126 124 124 130 124 130 136 142 27 143 27 143 27 27 27 143 27 24 24 38 43 43 149 43 57 43 149 43 149 43 43 149 43 38 43 38 38 38 43 57 58 57 43 38 43 149 43 43 149 43 149 150 161 150 57 150 57 57 58 58 65 65 47 42 39 39 40 61 60 62 62 62 62 62 60 60 60 247 247 247 247 246 247 247 246 274 273 273 243 250 250 250 250 250 243 102 243 102 101 100 100 100 100 100 100 100 100 100 100 100 99 98 104 104 104 104 106 115 105
a 428 49 58 49 58 58 65 47 42 47 47 42 39 39 40 40 39 40 39 40 39 39 40 40 61 61 60 62 62 62 62 60 62 62 60 60 59 59 60 60 247 247 246 247 247 247 247 247 247 249 97 250 250 250 243 102 103 103 100 100 100 99 98 104 98 107 108 109 115 109
a 748 96 93 96 93 94 73 73 73 81 88 88 88 88 282 281 281 280 266 266 266 82 84 84 82 84 82 266 280 279 279 278 279 278 278 278 279 278 278 277 277 224 230 263 238 264 276 276 276 272 272 271 262 113 204
a 862 128 131 138 137 137 137 137 137 137 137 137 137 137 137 137 137 137 137 137 137 137 137 137 137 137 137 137 137 137 137 137 137 137 137 137 137 137 137 137 137 137 137 137 137 137 137 137 137 137 137 137 137 137 137 137 137 137 137 137 137 137 137 137 137 137 137 137 137 136 136 130 124 130 124 130 127 12 127 12 127 128 128 129 129 128 131 138 137 137 137 137 137 137 137 137 137 137 137 137 137 137 137 137 136 130 127 130 124 12 3 3 3 3 1 1 3 12 11 123 123 122 155 122 121 122 121 122 121 122 121 9 1 1 0 29 29 29 56 72 72 72 72 72 56 56 29 29 29 202 197 170 169 172
a 1050 147 142 158 143 27 143 27 24 38 58 58 58 65 47 42 47 47 42 47 42 39 39 40 40 61 60 59 60 59 60 59 59 59 59 60 59 60 247 247 247 246 274 274 274 273 274 273 243 102 103 103 103 103 104 106 106 106 106 115 105 115 105 115 105
a 462 55 55 194 33 31 36 31 32 42 32 32 30 50 28 66 253 66 253 66 253 66 253 253 252 217 217 211 213 207 217 217 211 217 259 259 217 211 213 219 213 213 214 213 214 214 209 210 107 107 107 108 109
a 967 138 137 137 137 137 137 137 137 137 137 137 137 137 137 137 137 137 137 137 137 137 137 137 137 136 126 126 147 147 147 142 147 142 147 147 147 126 126 147 142 158 137 137 137 137 137 137 137 137 137 137 137 137 137 137 137 136 136 130 124 130 127 127 130 124 12 127 127 130 124 124 130 124 130 124 130 127 130 124 130 136 130 124 130 124 130 124 130 124 124 130 127 130 127 130 136 130 127 128 131 128 131 132 132 132 132 133 140 140 145 144 143 27 24 38 58 65 47 42 32 34 44 17 45 45 275 275 246 274 274 273 243 102 101 101 100 99 99 98 104 104 104 104 104 104 104 110 104 106 115 105 115 105 115
a 303 34 44 34 44 17 14 14 15 35 17 44 34 32 42 47 42 42 39 40 61 61 61 60 60 60 247 247 247 247 247 247 247 246 274 274 274 274 274 273 273 273 272 272 273 273 243 102 243 102 103 103 103 103 103 103 103 103 100 100 100 100 100 100 100 99 98 99 98 104 103 103 103 103 103 103 103 103 103 100 100 100 100 99 98 104 104 98 107 108 109
a 514 72 72 72 72 72 72 118 129 129 129 146 146 157 146 139 162 162 145 144 143 27 143 27 143 149 43 57 43 149 43 43 57 43 43 57 43 38 38 37 49 51 45 41 46 35 15 35 17 45 275 275 246 247 247 247 247 60 59 60 59 60 59 60 247 249 249 97 250 243 102 101 100 99 98 104 104 104 104 98 107 107 108 205 205 205 175
a 58 5 127 130 124 124 130 124 130 124 130 124 130 124 130 127 127 127 130 124 124 12 127 128 128 117 128 131 132 133 138 137 137 137 137 137 137 137 137 137 137 137 137 137 137 137 137 137 137 137 137 137 137 137 137 137 137 137 137 137 137 137 137 137 137 136 142 142 27 143 149 43 38 37 48 37 48 45 41 46 41 46 47 47 42 42 32 30 50 59 60 62 62 62 62 62 62 62 62 62 60 59 60 62 60 59 59 60 62 62 60 59 59 59 60 59 60 59 60 60 247 247 247 247 247 247 247 247 247 247 247 247 247 247 247 247 246 274 273 273 273 273 273 273 273 273 273 273 243 102 103 103 103 103 104 106 115 105 115 105
a 1140 156 156 149 43 43 149 43 149 43 149 43 43 38 38 37 49 58 65 152 164 152 65 65 65 161 152 89 90 89 152 65 47 42 32 30 30 50 28 28 66 253 66 28 66 253 66 253 253 66 216 215 216 215 219 176
a 993 141 141 141 141 141 144 143 27 143 149 43 43 38 43 57 58 65 47 42 47 47 42 32 42 47 42 32 42 42 32 30 50 59 59 59 59 60 59 59 60 59 60 59 59 59 59 60 59 59 59 59 60 247 247 247 247 247 247 247 247 247 246 274 246 274 274 273 273 273 243 250 243 102 103 103 103 103 103 103 104 104 104 106 115 105 114 270 262 113 204
a 944 136 136 136 142 158 142 158 158 142 27 143 144 145 140 133 140 133 140 139 162 148 157 146 157 146 146 146 146 139 162 139 162 139 162 145 144 143 144 144 144 143 158 143 143 144 156 149 43 149 43 57 150 57 58 65 47 42 32 30 50 59 60 247 247 247 246 274 274 274 275 275 246 274 274 274 274 274 274 273 273 273 273 243 250 250 250 250 250 250 250 243 102 243 102 102 103 103 103 103 100 100 100 99 98 107 107 107 107 107 108 205 205 108 109
a 194 19 19 19 53 53 15 35 15 35 15 35 15 35 18 25 26 23 24 24 147 134 147 147 126 136 142 27 143 158 141 144 144 144 143 158 141 141 141 144 143 144 145 140 139 162 145 140 139 162 145 144 156 156 144 143 27 143 158 141 141 144 143 27 143 27 143 143 143 158 143 149 43 57 150 161 150 151 156 156 156 156 149 43 57 58 65 47 47 47 42 47 42 32 30 28 66 253 253 66 253 66 253 252 217 211 213 214 209 100 100 100 100 100 99 98 107 107 108 108 109
a 1092 151 156 156 156 156 156 156 144 144 143 27 143 27 143 149 43 149 43 149 43 57 150 57 43 57 57 57 43 149 43 149 43 43 57 43 149 43 38 58 57 57 43 57 58 65 47 42 32 42 32 30 50 28 66 253 253 66 253 253 66 253 252 252 252 252 253 66 216 215 216 215 174 168 205 175
a 811 123 122 122 155 122 123 123 123 125 123 123 11 12 127 127 130 124 130 136 130 124 130 124 130 124 130 124 130 127 5 127 130 124 124 124 130 136 130 136 136 142 158 143 27 143 158 158 143 27 143 27 27 143 27 24 27 143 27 143 27 143 27 24 38 37 49 58 57 58 65 47 42 32 42 39 40 40 40 39 40 61 60 60 59 60 62 60 247 247 247 247 247 247 247 247 247 247 247 249 249 248 249 248 249 97 250 250 243 102 103 103 104 104 104 104 104 104 106 115 105 115 105 115 109
a 997 141 141 144 144 156 149 43 43 38 58 65 152 89 90 80 80 79 69 71 69 39 39 39 39 39 40 39 40 39 40 40 40 61 40 40 40 61 61 40 61 61 40 40 40 61 61 60 59 60 59 60 59 60 62 62 60 59 60 62 60 247 247 247 249 249 249 248 255 241 242 273 273 243 102 103 104 104 106 115 105
a 515 72 146 146 146 139 162 145 145 144 145 140 139 148 139 140 133 132 132 133 138 141 144 143 149 43 43 149 150 161 152 65 161 150 57 43 57 57 58 65 47 47 47 51 48 45 275 246 274 274 274 274 274 274 274 275 246 274 274 274 274 273 243 102 103 103 104 104 103 103 103 103 103 104 98 107 108 106 115 105
a 235 23 134 135 135 135 22 135 135 22 23 26 23 22 23 22 22 23 134 135 22 135 22 135 13 19 53 15 15 15 15 15 35 15 35 15 35 17 44 17 44 17 45 275 275 275 275 275 45 275 246 274 274 274 274 275 45 45 275 275 275 246 247 247 247 247 247 247 247 249 97 250 243 102 103 103 103 103 104 104 104 104 106 106 115
a 878 129 129 132 132 133 140 133 138 137 137 137 137 137 137 137 138 141 144 156 149 43 149 43 57 58 65 152 164 152 65 47 47 51 49 58 49 58 65 152 65 47 42 32 30 50 50 28 28 66 216 215 216 215 216 215 174 168 168 168 205 175 176
a 260 26 25 26 25 18 16 22 135 135 135 135 135 155 155 122 121 122 155 122 121 9 1 3 3 3 3 5 117 5 117 5 5 5 3 12 11 12 127 128 128 128 129 132 133 140 133 132 133 140 139 148 163 148 148 139 162 145 144 156 149 43 38 43 149 43 149 43 57 58 57 58 65 47 47 42 32 30 50 28 28 66 253 66 216 215 216 215 174 168 168 205 205 175
a 583 80 80 79 69 69 79 79 79 79 69 39 39 40 61 61 40 40 40 39 40 39 40 61 40 39 40 61 60 59 60 62 62 62 60 59 59 60 59 59 60 247 247 247 247 247 249 249 97 101 101 100 100 99 98 104 104 98 99 99 98 99 210 107 108 109
a 987 140 139 162 162 145 144 143 149 43 43 57 150 161 150 151 156 156 149 150 161 161 152 161 161 65 47 47 47 42 32 31 36 36 31 32 42 32 30 50 28 66 28 66 253 66 28 28 28 66 253 66 253 253 252 217 211 213 219 176
a 927 134 135 155 125 134 135 135 135 135 135 135 135 135 135 135 135 22 135 22 135 135 135 13 19 19 19 20 15 35 15 35 15 35 15 15 14 15 15 35 15 14 17 44 17 14 17 45 41 46 41 45 275 275 45 41 46 47 47 42 47 42 32 30 50 59 60 59 59 60 247 247 249 97 97 250 250 250 250 250 250 250 250 250 250 243 102 101 101 101 100 100 100 100 100 100 99 98 107 107 108 106 115
a 1096 151 156 156 149 43 57 57 58 65 47 42 32 42 39 40 40 40 39 40 40 40 39 40 39 40 40 40 39 39 40 40 39 40 39 40 39 40 39 40 61 60 59 60 60 59 59 59 59 59 60 59 59 59 59 59 60 247 247 247 247 247 246 274 273 273 273 273 243 250 250 250 243 102 103 104 104 104 104 98 104 104 104 104 106 106 106 115 105 115
a 988 140 139 162 145 145 140 139 140 133 140 133 138 141 144 156 149 43 38 43 43 43 38 43 57 58 65 47 42 39 39 40 39 40 39 40 61 61 61 60 247 247 249 249 97 249 249 249 248 255 241 258 241 242 242 273 243 102 103 103 100 99 98 99 98 98 104 104 104 104 104 106 106 106 106 106 106 106 106 106 108 108 106 106 115 105
a 775 118 129 146 146 146 139 162 162 145 140 139 162 148 163 148 148 163 148 163 148 157 146 157 146 139 162 162 162 162 162 145 140 145 144 143 149 43 57 58 58 58 49 37 49 51 45 275 275 275 275 275 275 246 274 274 274 275 275 246 274 274 275 275 275 246 247 247 247 247 249 249 248 254 248 248 254 248 255 248 255 241 242 273 272 272 272 273 273 273 243 102 103 103 103 103 103 103 103 103 103 103 103 103 103 103 103 103 103 103 103 100 100 100 100 99 98 98 98 99 98 104 106 106 115 105 115
a 3 0 8 8 7 54 7 6 7 56 56 7 54 54 7 6 44 17 44 17 44 34 32 30 50 59 60 62 60 60 59 60 59 60 59 60 247 60 59 59 59 60 247 247 247 247 246 274 275 246 274 274 274 274 246 247 247 247 247 247 247 247 249 97 250 250 250 250 250 250 250 250 243 102 243 250 250 250 243 102 243 102 101 101 101 100 99 99 98 104 106 115 105 114 271
a 929 134 135 135 135 135 135 135 135 13 13 13 13 19 19 53 15 35 15 35 18 18 18 48 37 49 58 58 65 47 47 51 49 58 65 152 89 91 91 89 91 89 91 160 73 81 88 88 81 73 81 88 282 281 281 281 281 280 279 278 222 279 278 277 277 224 238 238 264 264 238 224 238 238 238 264 264 276 263 276 272 271
a 1037 145 145 162 139 162 162 162 145 144 145 145 144 143 149 43 38 43 149 43 43 149 43 149 43 57 58 65 47 42 42 32 32 30 28 28 28 28 28 28 28 28 28 28 28 28 28 28 28 28 28 28 28 28 28 28 30 30 50 28 28 66 253 66 28 66 253 253 253 66 253 253 66 28 66 253 66 253 66 216 215 219 176
a 1023 144 143 27 143 27 143 27 24 27 143 158 143 143 27 27 143 27 27 143 158 137 137 137 137 137 137 137 137 137 137 137 137 137 137 137 137 137 137 137 137 137 137 137 137 137 137 137 137 137 137 137 137 137 137 137 137 137 138 141 144 145 140 139 148 163 148 163 153 153 156 149 43 57 43 38 58 65 65 47 47 42 42 32 30 30 30 30 50 28 66 28 66 253 66 253 253 253 253 253 253 66 28 66 253 253 66 216 215 216 215 174 173
a 126 12 127 127 130 124 130 127 128 129 129 146 146 139 162 162 162 162 139 148 163 148 139 162 148 139 162 145 144 143 27 27 143 158 142 147 134 135 155 122 155 122 155 122 123 123 122 121 9 9 10 122 123 123 123 123 125 134 147 147 142 27 24 24 24 38 37 38 38 38 43 149 43 38 38 38 37 48 18 35 17 45 41 46 47 47 47 47 42 47 42 47 47 42 32 32 30 30 50 59 59 59 60 59 60 60 247 247 247 247 247 247 247 247 247 247 247 247 249 97 250 250 243 102 103 100 100 100 100 100 100 100 99 99 98 107 107 108 109 115 105
a 225 22 23 134 135 135 135 135 155 122 122 155 155 122 155 125 123 123 125 134 147 134 135 135 135 135 135 155 122 155 122 155 125 134 125 134 135 135 135 135 135 135 135 135 155 122 155 122 155 122 155 122 123 123 123 123 125 134 134 125 123 123 123 11 12 127 130 127 128 127 128 128 127 5 117 118 118 118 118 118 129 128 129 146 139 162 162 139 162 162 145 145 144 145 145 145 144 143 149 43 57 58 65 47 47 42 47 42 39 40 40 39 39 40 39 40 40 40 40 39 40 39 40 40 39 40 40 40 40 61 61 60 59 59 59 59 60 59 59 60 247 247 247 247 247 247 247 247 247 247 247 247 247 247 249 97 250 250 250 250 250 250 250 243 102 103 103 103 103 104 104 106 106 106 106 106 106 106 106 106 106 106 106 106 106 115 105
a 750 116 116 4 116 4 4 2 4 116 4 2 4 116 116 4 116 116 117 5 5 117 117 117 118 118 129 146 139 140 145 140 139 162 162 162 139 162 139 140 145 140 139 140 133 138 141 141 144 143 158 158 137 137 137 137 137 137 137 137 137 137 137 137 137 137 137 137 137 137 137 137 137 137 137 137 137 137 137 137 137 137 138 138 141 144 144 144 143 27 143 149 43 149 43 149 43 38 38 38 37 49 58 65 65 47 42 32 30 30 28 66 253 253 66 253 66 253 66 216 215 219 219 219 213 219 176 173
a 509 65 152 161 152 89 90 86 86 88 88 282 281 281 281 266 266 267 267 267 267 267 267 267 280 281 280 280 281 280 266 280 279 278 279 279 222 279 278 279 278 222 279 278 279 278 278 278 278 278 278 278 278 222 223 222 279 278 278 278 277 276 263 230 224 277 276 263 276 272 271
a 541 76 77 78 79 79 69 39 40 39 40 40 40 39 39 40 61 60 247 247 247 249 249 97 249 249 249 248 255 248 248 255 241 241 242 273 243 102 103 104 104 104 98 107 206 218 218 218 206 206 206 218 218 218 210 107 107 107 107 108 106 115 105 115 105
a 6 0 8 8 9 9 1 3 12 127 127 5 117 118 118 118 118 118 118 118 118 129 146 139 140 145 145 144 144 144 144 143 143 27 24 38 37 49 51 45 41 45 41 46 35 18 18 48 18 18 18 35 18 48 18 16 22 135 22 23 26 26 26 23 26 25 18 48 37 48 45 41 45 51 49 58 65 152 89 89 90 86 86 86 86 88 87 88 87 88 88 282 282 281 281 281 281 280 279 278 278 277 277 276 276 263 276 272 271
a 127 12 11 12 12 3 3 12 12 12 11 11 11 12 3 3 2 4 116 117 5 5 117 117 117 5 5 5 5 5 3 12 12 127 5 3 12 12 12 127 127 5 3 1 0 0 0 29 29 56 29 29 29 56 29 29 202 197 196 195 195 119 191 119 191 119 195 195 119 195 201 198 200 198 201 198 200 200 198 200 177
a 49 4 116 4 116 4 116 116 4 116 4 2 4 2 4 116 4 116 4 116 117 117 5 117 5 5 5 117 117 117 117 118 118 118 129 146 146 146 146 146 139 162 145 140 139 162 162 162 162 148 148 157 146 139 139 148 157 146 146 146 139 162 162 145 144 143 143 27 143 143 143 27 143 27 27 24 38 43 149 43 43 149 43 149 43 38 58 65 65 47 42 47 42 39 40 39 40 40 39 40 39 39 40 39 40 61 61 61 60 247 247 249 249 97 249 97 101 100 100 99 98 107 107 108 109
a 736 95 95 95 154 159 165 165 91 91 91 89 89 90 90 90 77 78 77 78 77 78 68 78 68 78 68 69 68 69 39 40 61 61 60 247 247 247 247 247 249 249 249 249 97 250 250 250 243 102 103 103 103 103 103 103 103 104 106 108 109 171 109
a 263 26 25 37 49 51 45 41 42 47 42 32 42 42 32 32 42 32 42 32 42 32 42 42 47 51 49 37 49 49 51 45 41 45 41 46 35 17 14 14 17 44 17 45 275 275 275 246 274 246 274 274 273 273 273 273 272 273 273 273 273 243 102 103 103 104 104 98 107 108 205 205 175
a 1236 165 91 91 91 160 73 81 73 73 73 81 88 88 282 282 281 281 280 281 266 82 266 280 266 280 279 278 222 279 278 222 279 279 278 277 277 277 277 277 265 277 224 277 276 272 273 273 243 102 103 100 100 100 100 100 99 98 104 104 106 106 106 106 106 106 115 105
a 252 25 22 22 22 135 135 155 122 155 122 121 120 20 15 14 17 45 41 45 41 45 41 45 41 45 41 41 46 35 17 45 51 49 58 65 47 42 32 42 32 30 30 50 28 66 253 66 253 66 216 215 216 215 219 215 216 215 216 215 174 168 205 175
a 975 139 162 145 140 133 138 141 144 143 144 145 144 144 143 149 43 43 57 150 161 152 65 152 65 47 42 32 34 33 31 36 36 36 36 31 33 31 32 30 30 28 66 253 66 28 66 253 66 253 253 66 253 66 216 215 216 215 219 176 175
a 595 81 73 73 81 88 282 281 266 267 266 280 266 267 266 280 281 266 267 267 280 280 279 278 222 223 225 224 238 264 238 265 277 276 272 272 272 273 243 102 101 101 102 243 102 103 104 98 104 104 104 104 106 115 105 115 105
a 691 91 89 73 73 73 73 81 88 88 282 281 280 279 278 278 222 279 278 279 279 278 279 222 223 225 228 225 224 230 224 238 265 277 276 276 272 273 243 102 103 100 100 100 100 100 100 99 98 107 108 109
a 1134 155 122 123 125 123 123 123 123 11 11 12 11 11 12 12 11 12 12 3 3 3 3 12 127 5 5 3 1 0 8 0 8 7 56 56 29 56 29 202 29 29 29 202 29 202 202 197 196 195 201 198 200 177
a 917 133 138 137 137 137 137 137 137 137 137 137 137 137 137 137 137 137 138 141 144 145 140 139 162 148 163 148 157 148 157 146 146 139 148 148 163 148 163 148 139 162 145 140 139 162 145 145 145 140 140 139 162 148 163 148 157 148 157 146 157 146 146 146 139 162 148 157 146 146 146 146 146 139 162 145 145 145 144 144 143 143 143 149 43 149 43 43 38 58 49 58 65 65 47 47 47 51 45 275 274 274 274 273 273 273 273 273 273 273 243 102 102 103 104 98 107 107 107 108 106 106 106 106 106 106 106 106 106 106 106 106 106 106 106 106 106 106 115
a 1043 146 146 146 139 162 162 145 144 145 144 143 144 156 156 144 144 144 145 144 144 144 156 156 144 143 27 143 149 43 43 38 43 149 43 38 43 43 38 37 49 58 49 37 37 49 37 49 51 49 51 45 41 41 45 41 41 45 41 46 35 15 35 17 44 17 45 275 275 274 274 274 274 274 274 246 274 274 275 275 246 274 274 273 243 102 103 100 100 100 100 99 99 98 107 107 107 206 218 210 107 107 107 107 108 109 115
a 834 125 123 123 125 134 135 135 22 23 134 135 135 13 16 13 121 9 121 13 19 19 19 19 53 53 19 19 53 15 35 17 44 34 32 30 30 28 28 66 253 66 253 66 253 253 66 253 66 253 253 66 253 253 66 253 253 253 66 28 66 253 66 253 253 253 66 253 66 253 66 216 215 219 215 219 176 175
a 790 121 9 1 1 0 0 8 0 29 56 7 7 7 56 56 72 56 29 202 197 197 196 197 196 197 197 170 169 170 170 169 172 177
a 1048 146 139 148 139 148 163 163 163 153 153 156 149 43 43 57 58 65 47 47 47 47 42 47 51 49 37 48 45 45 41 46 47 42 32 42 39 40 40 39 40 39 40 39 40 39 40 39 39 40 40 61 60 59 60 247 247 247 247 249 97 250 250 250 250 243 102 243 102 103 103 103 103 103 103 100 100 99 99 210 107 107 107 108 108 109 115
a 35 3 12 127 5 3 3 3 5 5 5 5 5 117 128 131 138 137 137 137 137 137 137 137 137 137 137 137 137 137 137 137 137 137 137 137 137 137 137 137 137 137 137 137 137 137 137 137 137 137 137 137 137 137 137 137 137 137 137 137 137 137 137 137 137 137 137 137 137 137 137 137 137 137 137 137 137 137 137 137 137 137 137 137 137 137 137 137 138 141 144 143 27 143 149 43 57 150 57 150 161 150 161 152 65 47 42 32 32 32 34 32 42 32 30 50 28 28 66 253 253 253 66 253 253 253 66 253 253 66 253 66 216 215 174 168 168 205 205 205 205 175
a 872 129 146 146 139 162 139 148 157 146 139 140 139 162 162 162 145 144 156 144 144 156 156 156 144 143 149 43 149 43 57 58 65 65 47 47 42 42 32 32 42 32 42 32 30 50 28 66 253 66 253 253 66 28 66 253 66 216 215 216 215 219 176 175
a 516 72 146 139 162 145 144 144 143 158 158 143 27 143 27 143 149 43 57 150 57 58 49 49 51 49 51 49 51 45 41 45 41 45 41 46 41 46 47 42 39 40 40 40 40 40 39 39 40 61 60 62 62 62 60 59 59 60 62 62 60 59 59 60 247 249 249 248 255 241 244 244 244 244 239 247 249 97 101 101 101 102 243 102 103 104 104 106 106 106 106 106 106 106 106 106 106 106 106 106 106 106 106 106 106 106 106 115 105 115
a 768 117 5 3 12 12 11 123 123 123 123 123 125 134 135 135 22 22 135 155 122 155 122 123 123 123 125 134 125 134 135 22 23 26 25 18 16 53 15 35 15 14 44 34 32 30 30 50 28 66 253 66 253 66 28 66 253 252 253 66 253 66 28 66 216 215 219 215 216 215 219 215 219 176 173
a 444 53 19 53 15 35 15 35 15 15 35 18 18 18 18 18 18 18 18 18 18 16 53 15 35 18 18 18 18 18 35 15 15 35 15 15 15 14 17 45 275 275 45 41 45 41 46 35 15 15 15 35 17 45 41 45 275 246 247 247 247 247 246 274 274 274 274 274 246 274 275 275 275 275 275 246 247 247 247 247 247 247 247 60 247 247 247 247 247 247 247 247 247 246 274 273 273 273 273 273 273 273 273 243 250 250 250 250 250 250 250 250 243 102 103 103 103 104 104 104 104 106 106 106 106 106 115 105 115 105
a 477 56 7 7 7 7 56 72 72 56 29 56 29 29 202 197 196 197 196 195 119 191 192 199 199 192 191 119 191 119 195 119 191 119 191 119 195 201 198 200 177
a 1210 163 153 153 163 148 157 146 146 146 139 162 162 145 144 143 27 24 24 38 43 38 58 57 43 57 150 161 150 161 152 65 47 42 32 30 50 59 59 60 247 247 247 247 247 247 247 249 248 255 241 242 273 272 272 273 273 272 272 273 243 102 103 104 104 104 110 112 110 112 110 112 110 112 110 112 112 111 112 111 113 262
a 17 1 1 1 3 3 1 3 3 3 3 1 3 3 2 4 2 4 2 2 2 3 3 3 12 11 123 123 123 125 123 125 134 147 126 125 134 135 135 135 135 135 22 135 155 122 121 9 121 9 121 122 155 122 155 125 134 125 123 123 125 125 134 147 147 134 125 123 123 123 123 123 123 123 125 123 123 123 123 123 123 123 123 125 134 134 125 125 134 125 123 123 123 125 123 123 123 125 123 123 11 10 122 123 123 125 134 135 155 122 121 122 123 123 125 134 135 22 135 135 155 122 121 9 121 122 155 122 155 122 121 9 121 9 121 120 20 20 15 35 15 35 15 15 15 35 15 15 35 17 45 275 275 246 274 274 274 274 274 274 274 274 246 274 274 246 247 247 247 60 59 59 59 60 60 247 247 247 247 249 97 250 250 250 250 250 250 250 250 250 250 250 250 243 250 250 250 250 250 250 250 250 250 250 250 250 250 250 250 250 250 250 250 243 102 103 104 106 106 106 106 115 105 115
a 896 131 132 132 132 133 138 141 144 143 143 27 143 149 43 43 149 43 43 149 43 38 58 58 58 58 57 58 65 47 42 39 40 40 61 60 60 247 247 246 274 273 273 243 102 103 104 106 106 115 105 114 270 262 271 262 113 111 112 112 111 113 111 106 115 105 115 105 115 105
a 1161 158 137 137 137 137 137 137 138 137 137 137 138 141 144 144 156 149 43 57 43 149 43 43 57 57 43 43 149 43 149 43 43 149 150 161 152 152 89 90 89 152 65 47 42 32 42 32 32 30 50 28 66 253 253 253 253 66 253 66 253 253 253 66 216 215 219 213 214 213 219 176
a 885 130 124 130 127 130 124 130 127 130 136 136 126 124 124 130 124 130 136 130 124 130 136 126 125 123 122 155 122 122 121 9 8 7 56 29 56 29 56 72 72 72 72 72 56 29 202 29 29 202 202 197 196 195 201 198 200 198 200 200 177 172
a 935 135 135 13 16 53 53 19 53 15 35 15 14 33 31 193 193 31 32 30 50 28 28 28 28 28 28 28 28 28 28 28 28 28 28 66 253 66 253 66 253 253 66 253 66 253 253 66 253 66 216 215 216 215 174 168 205 175 176 175
a 884 130 124 123 125 134 135 135 22 22 23 134 134 23 26 23 134 134 147 142 142 27 143 27 143 27 24 38 43 149 43 57 58 58 65 47 51 45 41 45 45 41 42 32 42 47 42 39 40 61 60 62 62 62 62 60 59 59 59 60 59 59 59 60 59 59 59 60 59 60 62 60 62 60 59 59 59 59 59 60 59 60 247 249 97 250 250 250 250 250 250 250 250 250 250 250 250 250 250 250 250 243 250 250 243 102 243 102 103 104 104 106 106 115 105
a 1000 142 147 24 38 43 149 43 149 43 149 43 57 150 151 156 144 144 143 143 27 143 27 143 149 43 38 38 58 65 47 42 39 40 40 61 40 39 40 39 40 40 61 60 59 60 62 60 247 247 247 247 247 247 247 247 247 247 247 247 60 60 247 247 247 247 247 247 247 249 249 97 250 250 243 102 103 104 104 104 106 106 106 106 106 108 106 108 205 205 175
a 680 90 77 77 76 76 77 76 76 75 75 75 64 64 64 64 64 64 75 64 75 75 64 75 75 64 75 64 75 75 64 64 75 75 76 76 85 76 76 77 77 78 68 74 74 74 74 74 236 235 221 221 279 278 277 224 230 263 238 265 277 276 272 273 243 102 102 243 250 250 243 250 250 250 250 250 250 250 250 250 243 102 103 104 104 104 104 104 104 104 98 107 108 109
a 1176 159 160 159 165 91 91 91 91 91 91 160 159 165 165 165 165 91 160 91 165 165 165 165 165 91 91 91 89 73 73 81 73 81 73 81 88 282 281 281 281 280 266 280 279 278 279 278 277 277 277 276 272 271
a 1248 166 165 91 160 91 165 91 160 91 91 91 91 91 91 165 165 165 91 89 73 81 88 88 88 282 281 280 279 278 279 278 278 278 278 277 276 272 273 243 102 103 103 103 103 103 103 103 103 103 103 103 103 103 103 103 103 104 106 108 109 115 105 115
a 807 122 122 121 122 155 135 155 125 125 134 135 22 23 26 25 18 35 15 35 17 45 41 45 41 41 45 41 45 275 45 41 42 47 42 47 42 42 47 47 47 47 42 32 30 50 59 59 59 60 62 62 60 59 59 59 60 247 247 247 247 247 247 249 248 255 241 242 273 243 250 243 102 103 103 104 106 106 106 106 106 115 105 115 105 114 271 262 114 262 271
a 1254 194 33 31 32 42 32 30 30 50 28 66 253 253 253 66 253 253 253 253 66 253 253 66 253 253 66 253 66 253 253 66 253 66 28 28 66 253 253 253 66 253 66 216 215 216 215 216 215 174 168 168 168 205 175
a 945 136 136 130 124 12 127 130 127 128 129 146 146 146 146 139 148 157 146 146 139 140 133 140 139 162 162 162 162 145 144 144 143 143 27 143 149 43 149 43 149 43 149 43 57 43 43 57 58 57 43 149 150 57 43 57 150 161 152 65 47 47 42 47 47 42 32 30 30 50 59 59 60 62 62 62 60 59 59 59 59 60 62 62 62 62 62 62 62 62 62 62 62 60 60 247 247 249 249 249 249 249 249 97 250 250 250 250 243 102 101 102 103 103 100 99 98 104 106 106 106 115 105
a 820 124 130 136 130 124 130 127 128 128 128 128 131 132 133 138 141 144 143 143 149 43 149 43 43 149 150 161 150 161 150 161 65 152 89 73 81 88 282 281 280 279 278 277 277 277 278 277 277 277 277 277 277 224 277 224 230 224 238 264 276 272 271
a 93 9 9 121 122 123 123 123 123 125 123 123 123 125 123 125 123 11 12 12 127 5 3 12 12 3 3 1 1 3 3 3 3 1 0 29 29 202 202 202 197 196 196 196 197 170 169 169 169 172 169 170 169 170 169 169 169 172 169 172 177 172
a 1106 152 65 47 42 47 47 46 47 42 32 30 30 30 30 50 28 66 253 66 253 66 253 66 253 66 253 66 253 253 253 66 253 66 253 253 253 253 253 253 66 28 66 216 215 174 168 205 205 175
a 1235 165 166 165 165 166 165 165 91 91 89 90 77 70 71 69 69 79 79 80 80 79 69 39 40 40 61 60 247 247 247 247 247 247 247 246 274 274 274 274 274 274 274 275 246 274 274 274 274 274 274 275 275 275 246 274 273 273 274 273 243 102 103 103 100 100 100 99 98 107 108 108 109
a 1146 156 156 156 156 156 156 144 144 144 143 158 142 27 143 27 143 143 27 27 143 149 43 43 57 150 161 152 89 73 73 73 160 73 81 88 88 282 281 280 279 278 278 278 277 276 272 272 272 272 272 272 273 272 271 270 262 113 262 113 262 113 204
a 646 86 86 86 88 282 281 281 280 281 280 266 267 280 279 278 279 278 279 222 223 225 224 238 264 276 272 272 272 273 243 102 103 100 100 99 98 107 107 108 108 109 115 109 115 105
a 1152 157 146 139 162 148 157 146 157 146 157 148 139 139 162 162 145 144 145 145 145 144 143 149 43 149 43 43 149 43 149 43 38 37 48 45 51 47 47 42 32 30 50 28 66 253 253 252 217 211 213 214 214 214 209 100 99 98 104 104 104 98 99 99 98 107 107 108 205 205 175 176 175
a 910 133 132 157 146 157 148 157 148 163 148 163 148 148 163 163 153 156 144 143 27 143 143 149 150 57 43 149 43 38 38 37 49 51 49 49 51 45 45 275 45 275 246 274 274 274 274 245 275 275 275 275 275 275 275 275 246 247 247 247 247 247 247 247 247 247 247 247 247 247 247 249 97 250 250 250 243 102 103 103 104 104 104 104 104 98 107 107 107 108 205 205 205 175
a 52 5 5 4 116 116 116 117 5 5 3 3 1 3 3 3 3 1 3 3 1 3 3 3 3 3 12 12 11 12 3 3 5 5 117 117 5 117 5 127 127 5 3 3 1 0 8 0 0 29 29 29 56 7 7 54 120 121 120 20 20 20 20 15 35 18 18 18 18 18 18 35 17 44 17 44 17 44 17 44 34 44 34 32 32 42 47 42 47 42 32 32 30 50 28 66 216 215 174 168 205 175
a 243 24 24 147 126 126 147 24 24 24 27 143 143 158 142 158 142 147 147 142 147 147 142 147 147 134 135 135 155 155 122 122 155 125 134 135 22 23 134 134 125 134 135 13 13 121 9 10 122 121 122 122 121 122 155 155 122 121 9 121 9 1 1 1 1 3 1 3 3 3 3 12 12 12 12 3 3 12 12 127 5 5 5 3 3 12 3 12 3 1 3 12 12 3 1 3 3 5 117 5 4 116 4 116 4 4 5 5 117 117 5 127 128 127 127 130 127 130 124 12 127 5 127 12 12 11 10 122 123 123 122 121 120 20 20 21 20 15 35 17 44 17 45 275 246 274 274 274 273 273 273 273 273 243 102 103 104 106 106 106 106 106 106 106 106 106 106 115 105 114 271 270
a 323 37 37 48 18 25 25 18 25 22 22 135 135 13 13 121 122 123 123 123 123 123 123 123 123 123 11 12 127 128 129 129 129 146 139 148 157 146 146 139 162 145 162 145 140 145 145 140 145 144 143 27 24 24 24 38 43 43 149 43 149 43 149 43 149 43 57 58 57 58 65 65 47 42 39 39 40 40 61 60 59 60 59 59 59 60 247 247 60 59 60 60 59 60 247 247 247 249 249 97 249 97 250 250 250 250 250 250 250 243 250 250 250 250 250 250 250 250 250 250 250 243 102 103 104 98 104 104 104 104 104 104 104 106 115
a 841 126 126 125 134 135 22 22 22 22 23 24 24 147 142 27 143 158 141 144 143 27 24 24 38 37 49 49 51 49 58 65 161 152 65 47 47 42 42 32 30 30 30 50 50 28 28 28 28 28 28 28 28 28 28 28 28 28 28 28 28 28 28 28 66 28 28 28 28 28 28 28 28 28 28 28 28 28 28 28 28 28 50 28 66 28 66 253 66 253 66 253 66 216 215 174 173 176
a 62 6 6 7 7 54 120 8 8 9 9 1 3 1 3 12 12 3 1 0 29 202 202 202 202 197 196 197 196 195 201 198 200 198 200 200 198 200 200 198 198 200 200 198 200 200 198 201 198 200 177
a 338 38 38 38 38 37 49 49 58 65 47 51 49 58 65 47 46 47 47 47 42 32 30 50 50 28 28 28 28 28 28 28 28 28 28 28 66 28 66 253 253 253 253 66 253 253 253 253 253 252 217 217 211 213 214 214 214 209 214 214 209 100 100 100 100 100 100 100 100 100 100 100 100 100 100 100 100 100 100 100 100 100 100 100 100 100 99 98 107 107 107 107 107 107 108 108 108 106 106 106 106 106 106 108 109
a 979 139 140 139 162 145 145 145 140 139 148 163 163 148 148 148 148 163 148 163 153 156 156 144 143 27 143 149 43 149 43 57 58 65 47 42 39 40 40 39 40 40 40 61 40 40 40 61 60 247 247 247 247 247 247 247 246 274 275 275 274 273 243 102 103 103 103 103 103 103 103 100 99 99 98 107 108 109 115 105 115 105 115 105 114 105 115 105
a 1099 151 150 161 161 65 152 89 152 89 89 73 73 81 73 73 81 88 282 281 281 280 279 222 223 225 224 238 238 238 238 238 265 237 256 237 237 237 237 237 237 237 237 237 265 277 277 277 276 276 264 276 272 272 271 270
a 55 5 5 127 127 130 124 124 130 124 130 124 130 124 130 124 124 124 12 3 3 3 3 3 3 1 0 0 29 56 29 29 56 56 29 56 29 0 0 29 56 29 29 29 202 197 196 195 119 191 119 191 119 195 201 198 198 198 201 198 200 200 177 172 169 172 169 172 177
a 1200 162 162 145 144 143 27 27 27 143 149 43 57 43 38 43 149 150 151 150 161 161 152 164 152 65 65 47 42 47 51 45 45 275 275 275 246 247 247 247 246 274 275 275 275 246 274 274 275 246 274 275 275 246 274 274 274 274 273 272 272 273 273 273 243 102 103 103 103 100 100 99 99 98 99 98 104 98 107 107 107 107 107 107 107 107 107 107 108 109
a 995 141 144 156 156 156 151 156 144 145 144 145 144 143 27 143 27 143 27 27 24 38 43 38 58 58 58 57 150 161 161 152 89 89 89 91 91 91 91 89 152 65 47 51 45 41 46 35 35 17 44 17 45 41 46 47 42 39 40 40 61 40 40 61 61 40 61 60 59 59 60 59 59 60 247 247 247 247 247 249 249 249 97 250 250 250 250 250 250 250 250 250 250 243 102 103 103 103 103 103 103 104 106 106 106 106 106 106 115 105 115 105 115 105 115 105 115 105 115
a 826 124 130 127 5 5 117 117 117 5 5 3 12 12 12 12 11 11 123 123 123 123 123 123 125 134 135 135 135 135 22 22 135 22 22 135 135 135 135 135 135 135 22 22 23 134 135 135 135 135 135 135 22 135 22 22 22 22 22 23 26 25 18 25 22 22 23 24 38 43 149 43 38 43 43 149 43 149 43 149 43 43 57 150 57 150 161 161 150 57 150 57 58 65 47 42 42 32 31 36 31 32 30 50 59 60 59 59 60 59 59 60 60 247 247 249 249 248 248 248 248 248 254 248 248 254 248 248 255 241 242 273 273 272 273 273 243 102 101 100 100 100 100 100 99 210 218 210 107 107 107 108 109
a 543 76 76 76 77 78 77 77 78 79 79 79 69 69 69 79 69 69 71 69 79 69 69 39 40 39 40 61 60 59 59 60 247 247 247 247 247 249 248 249 249 97 250 250 250 250 243 250 250 250 250 243 250 250 250 250 250 250 243 250 250 250 250 250 250 250 250 250 250 250 250 250 250 250 250 250 250 250 250 250 250 250 250 250 250 250 250 243 102 101 100 99 210 210 210 107 108 108 108 106 115 105
a 540 76 77 78 68 78 79 79 80 90 77 77 78 79 79 79 79 78 68 78 79 69 71 69 69 39 40 39 40 39 39 40 39 40 40 39 40 40 39 39 40 61 60 59 59 60 59 59 60 59 59 60 247 247 247 247 249 248 255 241 242 242 273 273 272 272 272 272 272 271
a 31 3 3 12 3 12 3 1 3 3 12 127 130 124 130 124 124 130 124 12 12 11 10 11 11 12 11 11 123 125 134 134 147 147 147 134 135 135 22 135 22 22 135 155 155 122 123 123 123 125 123 125 123 123 125 123 123 123 122 123 125 134 134 125 125 134 135 22 22 23 22 22 135 13 19 19 20 21 20 20 15 35 15 35 18 16 13 13 13 121 122 121 120 20 15 35 15 35 17 14 33 31 31 193 192 193 193 192 192 191 119 195 201 195 201 198 200 200 198 201 198 200 198 200 177 172 177 172 169 172
a 1018 143 149 43 57 58 65 47 42 42 32 30 50 59 60 59 59 59 59 59 59 60 247 249 247 246 274 274 273 273 273 273 243 250 250 250 250 250 250 250 250 250 250 250 250 250 250 250 250 243 102 103 100 100 100 99 98 99 99 98 104 106 106 106 106 106 106 106 106 106 106 106 115 105 114 262 113 262 113 111 113 204
a 735 95 154 154 154 154 151 156 149 43 149 43 43 149 43 149 43 43 57 58 65 152 89 89 91 91 89 152 164 166 165 166 165 166 165 165 165 165 165 165 165 165 165 165 91 89 90 90 90 86 86 86 86 86 86 86 88 282 88 87 88 282 281 281 281 280 266 280 280 266 280 266 267 280 279 278 277 265 277 224 230 224 230 263 276 276 272 271
a 886 130 124 130 124 130 127 5 3 1 0 0 29 56 29 202 29 202 202 197 196 196 196 197 196 197 170 169 172 177
a 368 43 149 43 57 43 57 58 65 47 42 32 32 42 32 34 44 34 32 30 50 28 28 28 28 28 28 28 28 28 28 28 30 50 28 28 28 66 28 66 253 66 253 253 252 253 66 253 66 253 66 253 253 253 253 66 216 215 216 215 216 215 216 215 219 219 176
a 900 132 129 146 146 146 146 146 139 140 133 140 139 162 145 144 143 143 144 144 144 144 143 149 43 149 43 149 43 149 43 43 38 38 43 38 58 58 57 43 149 43 38 58 65 47 42 32 42 32 42 32 30 50 28 66 253 253 66 28 28 66 253 253 66 253 66 253 66 216 215 219 219 176 173
a 1136 155 125 123 123 123 123 123 123 123 125 123 125 134 147 134 147 142 158 137 137 137 137 137 137 137 137 137 137 137 137 137 137 137 137 137 137 137 137 137 137 137 137 137 137 137 137 137 137 137 137 137 137 137 137 137 137 137 137 137 137 137 137 137 137 137 137 137 137 137 137 137 137 137 137 137 137 137 137 137 136 130 124 130 124 130 124 130 136 136 136 130 136 142 27 143 27 24 38 38 58 65 47 47 47 42 42 32 32 42 47 47 42 32 30 50 28 28 66 253 66 216 215 216 215 219 215 174 168 168 168 168 205 205 108 106 106 115
a 837 125 134 134 135 135 155 122 121 122 121 122 123 123 123 123 123 125 134 135 135 135 155 125 134 135 135 22 22 22 22 23 134 135 135 22 22 22 22 135 135 13 121 122 155 125 134 147 24 24 38 58 65 47 47 42 42 32 30 50 50 28 28 28 28 28 28 28 28 28 28 28 28 28 28 28 28 28 28 28 28 28 28 28 66 28 28 28 28 28 28 28 28 28 28 28 28 28 28 28 28 28 28 28 28 28 28 28 28 28 28 28 28 28 28 66 253 66 216 215 219 219 215 174 173 176 175 176 175
a 938 135 135 135 155 122 10 122 155 122 121 122 155 122 123 123 123 123 123 123 125 134 134 23 26 23 134 147 142 147 134 134 135 135 135 135 135 135 13 13 16 53 19 19 53 15 15 15 14 33 31 193 192 191 119 195 119 195 119 191 119 195 195 195 195 195 119 191 119 195 201 201 198 201 198 200 198 201 198 200 198 201 198 200 198 201 201 198 200 198 200 200 177
a 206 20 20 15 35 15 15 15 35 15 35 18 18 35 15 35 15 15 35 15 35 17 44 17 45 41 45 41 45 51 45 41 45 45 275 275 275 246 274 274 246 274 274 274 246 247 247 247 247 247 249 248 249 97 249 248 255 241 258 241 242 273 243 250 250 250 250 250 243 250 250 250 250 250 250 243 102 101 102 103 103 103 103 103 103 103 103 103 103 100 99 99 99 99 98 104 104 110 112 110 112 111 106 115 105 115 105 115 105 114 270
a 1179 159 165 165 165 166 165 165 165 165 165 166 165 166 165 165 165 165 91 91 91 89 91 91 89 91 89 91 91 89 89 89 90 89 90 77 76 76 76 76 85 83 84 82 266 267 266 267 266 280 279 278 222 223 222 279 278 277 277 277 276 276 276 272 273 273 243 102 243 102 103 103 104 104 104 104 104 104 104 104 104 103 104 106 106 106 106 106 106 106 106 106 115 105 115
a 1177 159 165 91 89 89 89 89 73 81 88 282 281 281 281 266 280 281 266 82 84 82 84 82 82 266 280 279 279 278 222 279 278 279 278 279 279 278 277 276 272 272 272 271 262 113 111 106 106 115 105
a 880 130 124 130 127 130 124 124 130 124 12 127 128 127 130 124 124 130 127 5 117 118 118 129 129 146 139 148 157 148 157 146 157 146 157 146 139 140 139 162 162 162 139 162 145 145 145 140 139 140 139 140 139 148 157 146 146 146 146 146 139 162 145 144 156 149 43 149 43 57 150 57 57 58 58 65 47 47 47 47 42 39 40 40 61 60 247 247 247 247 249 97 250 250 243 102 101 101 102 101 102 103 103 103 103 103 103 103 103 103 103 103 103 103 103 103 103 103 103 103 100 100 100 100 99 98 104 106 115 105 115 105
a 849 126 125 125 134 147 142 158 137 137 137 137 137 137 137 137 137 137 137 137 137 137 137 137 137 137 137 137 137 137 137 137 137 137 137 137 137 137 137 137 137 137 137 137 137 137 137 137 137 137 137 137 136 142 147 142 27 143 149 43 57 43 149 43 149 43 149 43 38 43 57 43 43 43 57 43 149 43 149 43 149 43 149 43 57 150 57 58 65 47 42 32 42 47 42 32 30 50 28 66 253 66 253 66 253 66 216 215 216 215 216 215 174 168 168 168 205 175
a 53 5 117 117 117 117 117 117 5 117 117 117 118 129 146 146 146 157 148 148 163 148 148 139 162 145 140 145 144 144 143 149 43 149 43 38 58 65 65 47 42 47 47 42 39 39 39 39 39 39 39 40 40 61 40 40 40 61 40 40 39 39 40 39 40 39 40 40 39 40 39 40 40 39 40 61 60 59 60 60 60 59 59 60 247 249 248 254 248 248 255 241 242 273 272 273 243 102 101 101 100 100 100 99 98 107 107 107 108 109
a 492 58 65 47 47 47 42 32 42 39 39 40 40 61 61 60 60 59 60 62 62 60 247 247 247 247 247 247 247 247 247 247 247 247 247 249 249 249 247 247 247 247 247 247 60 59 60 62 62 62 62 62 62 62 60 62 62 62 62 60 247 60 62 60 60 247 247 247 249 249 97 249 248 255 241 242 273 273 273 273 273 243 102 103 103 103 103 103 100 100 100 100 99 98 99 99 210 107 108 109
a 254 25 18 18 18 16 53 15 35 17 44 34 44 17 44 17 44 17 45 45 41 42 32 42 39 40 39 40 39 40 40 40 61 60 247 247 247 247 247 246 247 247 247 247 60 60 59 60 247 247 247 247 246 247 247 247 247 247 247 247 60 59 60 59 60 247 247 247 247 247 247 247 247 247 249 249 97 249 97 250 250 243 102 243 102 103 103 104 104 104 106 106 106 115 109
a 134 13 121 9 1 3 3 3 3 12 127 130 127 130 124 130 136 130 124 130 124 130 127 5 5 5 127 5 117 5 117 5 5 4 5 3 3 3 3 3 3 1 0 8 9 121 9 121 9 121 122 121 122 122 155 122 155 122 155 122 123 123 125 123 123 125 155 125 123 125 134 135 135 135 135 135 135 135 22 22 23 134 134 135 22 22 135 22 23 24 27 24 38 37 49 37 37 48 18 48 45 41 45 45 275 275 274 273 243 102 243 102 103 104 110 104 104 104 98 99 98 107 107 108 109
a 1153 157 146 146 139 162 162 162 145 145 144 144 145 145 144 143 149 43 43 57 43 149 43 149 43 38 58 65 58 65 47 42 42 42 47 51 49 51 45 45 275 45 275 275 275 275 246 274 273 273 274 274 274 274 274 274 274 274 274 274 246 274 273 273 273 273 273 273 272 271
a 1072 149 43 149 43 149 43 57 43 57 58 65 152 89 90 80 79 79 69 69 39 40 40 39 40 39 39 40 40 40 39 40 39 39 39 40 40 39 39 40 40 61 60 62 60 62 62 60 59 60 247 247 246 247 249 97 249 248 254 254 248 249 97 250 250 250 250 243 102 103 103 104 104 106 115 105 115
a 860 128 128 127 5 5 5 5 5 5 5 5 3 3 3 3 1 1 3 3 1 1 3 12 127 128 117 117 5 3 3 3 3 3 3 3 3 3 3 1 0 29 56 29 29 202 29 202 197 196 195 196 197 170 169 172
a 1222 164 152 164 152 65 65 47 47 42 32 31 193 31 36 31 33 31 193 192 192 193 193 192 191 119 195 119 191 119 191 119 195 67 66 28 28 28 28 28 50 28 66 253 66 216 215 216 215 174 168 168 205 175
a 1209 162 162 145 144 144 144 144 143 27 143 143 144 143 27 24 38 58 65 47 51 49 37 37 49 51 49 51 49 51 49 51 45 45 41 41 45 41 41 42 47 42 32 42 39 39 40 39 40 61 60 60 59 59 60 60 59 60 247 60 62 62 62 60 247 247 247 247 247 247 249 97 250 250 243 102 103 103 103 100 99 98 99 99 99 98 104 104 98 98 104 106 106 115 105 115
a 715 93 94 73 81 73 81 88 282 282 281 280 266 267 266 267 267 280 279 278 222 221 279 278 279 278 279 278 222 279 278 278 279 278 277 224 238 264 276 272 273 273 273 243 102 103 104 98 107 107 108 109
a 954 137 137 137 137 137 137 137 137 137 137 137 137 137 137 137 138 137 137 137 137 137 137 137 137 137 137 137 137 137 137 137 137 137 137 137 137 137 137 137 137 137 137 137 137 137 137 137 137 137 137 137 137 137 137 137 137 137 137 137 137 137 137 137 137 137 137 137 137 137 137 137 137 137 137 137 137 137 137 137 137 137 137 137 137 137 137 137 137 137 137 137 137 137 137 137 137 137 137 137 137 137 137 137 137 137 137 137 137 137 137 137 137 137 137 137 137 137 137 137 137 137 137 137 137 137 136 126 147 147 126 125 125 123 125 123 125 134 135 135 135 135 22 22 23 22 135 13 16 13 19 19 19 53 53 15 15 35 17 14 33 14 17 45 45 41 45 41 42 47 47 51 49 37 49 51 49 51 49 58 65 65 47 42 47 42 32 30 50 28 28 50 59 60 247 247 247 247 247 247 246 274 274 246 274 274 274 275 275 246 247 60 62 60 59 60 59 60 247 247 247 249 249 249 97 250 250 250 250 243 102 243 102 103 104 106 106 115
a 1232 165 165 165 165 165 165 165 165 165 165 166 165 165 165 166 165 165 165 165 165 91 91 160 73 160 73 81 73 73 81 88 88 282 282 282 281 281 280 279 222 279 279 278 279 278 278 222 223 222 223 225 224 277 224 230 224 230 224 277 276 276 272 272 271 270 262 113 204
a 497 58 65 65 65 152 152 65 161 150 161 150 57 43 43 43 43 149 43 57 57 150 161 150 161 65 47 42 32 30 50 28 28 28 28 28 28 28 28 28 28 28 28 28 28 28 66 253 66 253 253 66 253 66 253 66 253 66 253 252 217 211 213 211 213 214 214 214 218 206 218 206 218 210 210 107 108 106 106 115 105
a 118 11 10 122 122 121 122 123 123 125 134 135 135 22 22 23 134 134 135 135 135 22 22 22 22 22 23 26 26 26 26 26 26 25 18 18 18 25 18 35 18 18 25 26 23 134 135 135 135 135 135 135 155 155 122 123 123 122 123 125 134 134 135 135 135 135 135 135 22 23 26 25 22 135 135 135 135 135 22 135 22 22 23 26 23 22 135 135 135 135 22 22 23 24 38 38 38 38 58 65 65 65 65 47 42 32 30 50 59 60 62 62 60 247 249 248 255 241 242 242 273 274 273 273 273 273 243 102 103 103 103 100 100 100 100 99 98 107 108 109 115
a 95 9 1 3 3 12 12 127 128 127 130 127 130 124 124 130 124 124 124 130 136 130 124 124 130 136 126 126 126 136 136 130 124 123 125 123 123 125 123 125 123 123 123 125 134 135 155 155 122 121 122 121 120 54 120 8 9 9 121 120 8 7 7 56 72 72 72 146 146 146 139 162 148 148 163 148 157 146 146 139 162 148 148 157 146 139 162 148 163 148 157 146 146 139 162 139 162 148 163 153 153 163 148 163 148 163 148 157 146 146 139 162 145 144 143 143 158 137 137 137 137 137 137 137 137 137 137 137 137 137 137 137 137 137 137 137 137 137 137 137 137 137 137 137 137 137 137 137 137 137 137 137 137 137 137 137 136 126 136 130 124 130 136 126 125 123 122 122 121 122 122 155 122 121 122 121 120 20 20 15 35 15 35 35 17 45 275 246 274 273 272 271
a 255 25 18 35 17 44 17 45 41 46 41 46 41 46 35 17 45 41 46 35 15 35 18 18 18 48 37 49 51 48 45 41 45 45 41 46 47 46 47 47 42 32 42 47 42 47 47 42 32 30 50 28 66 253 66 253 253 253 66 253 253 253 66 253 66 28 66 253 66 216 215 219 215 216 215 219 219 176
a 948 136 126 126 147 142 142 27 24 24 24 38 43 149 43 149 43 149 43 38 43 57 58 65 47 42 32 42 42 42 32 30 30 50 28 28 28 28 28 66 253 66 253 253 253 66 253 66 28 66 253 252 217 211 208 211 208 209 100 100 99 98 104 104 98 99 99 98 104 104 104 98 104 106 115 105
a 117 11 123 123 125 125 125 123 123 125 134 147 147 134 147 147 134 135 135 155 122 155 125 155 122 122 123 123 125 134 134 147 126 125 123 123 123 11 11 11 10 122 155 122 123 11 10 122 121 122 155 122 123 123 122 155 122 121 13 13 121 9 9 121 9 121 9 1 0 29 29 56 29 29 202 197 196 197 196 197 170 169 172
a 320 37 37 38 58 58 65 47 47 47 42 42 42 32 30 50 28 28 66 253 66 253 66 253 66 253 253 252 253 253 66 253 253 66 253 66 253 66 253 66 216 215 219 213 207 212 207 216 215 216 215 174 168 168 168 168 168 168 168 168 168 168 168 168 168 168 168 168 205 205 175
a 584 80 79 79 79 79 78 77 77 76 75 75 64 64 64 75 64 64 64 75 75 64 64 64 75 64 64 75 75 64 64 64 64 64 64 75 64 64 64 64 74 74 74 74 74 74 74 74 74 74 74 74 74 74 74 74 74 74 236 235 235 234 63 233 233 233 71 69 39 39 40 61 60 247 247 247 247 247 60 62 62 60 59 60 59 60 247 247 247 247 246 274 274 274 274 273 243 102 103 103 103 103 103 103 103 103 103 103 103 103 104 104 98 104 104 106 115 105 115 105 115 105
a 1068 148 163 148 163 148 157 146 146 146 146 139 162 148 148 163 148 163 148 163 153 153 153 153 156 156 144 143 149 43 57 57 43 38 43 149 43 57 43 38 43 43 43 57 150 57 43 57 57 43 149 43 43 38 43 38 43 38 43 43 149 43 43 38 58 58 65 47 47 42 47 42 32 30 30 50 50 59 60 59 59 60 247 247 247 247 247 247 247 247 247 247 247 249 97 250 250 250 250 250 250 250 250 250 250 250 250 250 243 250 250 250 250 250 243 102 243 102 103 104 104 104 104 106 108 109 115 105
a 268 26 25 26 25 26 25 37 48 18 25 22 22 22 23 134 135 135 135 135 135 135 135 135 135 135 135 22 22 135 135 13 121 9 9 1 1 3 12 12 12 12 127 5 5 3 12 127 5 5 5 5 3 3 1 3 3 3 3 3 3 2 3 12 12 3 3 3 1 0 29 56 29 56 29 202 202 202 197 197 170 169 172 169 172 169 172
a 836 125 134 135 135 135 22 23 134 135 135 155 122 123 123 125 134 147 147 134 125 155 155 155 122 155 135 22 23 134 134 135 22 23 134 134 147 147 147 147 147 134 147 126 125 123 123 125 123 122 123 123 11 12 3 1 1 3 3 3 3 3 12 12 12 11 11 123 123 123 123 123 123 123 123 123 125 123 125 123 123 125 134 125 134 134 147 147 147 147 134 135 155 122 121 9 10 122 122 122 155 122 121 120 120 20 15 35 15 35 17 45 41 45 45 41 46 41 45 41 42 32 34 44 17 45 275 45 45 275 246 274 273 273 273 243 102 103 103 104 106 106 106 106 106 106 106 106 106 106 106 106 106 106 106 106 106 106 106 106 106 106 106 106 106 108 109
a 893 131 132 133 140 133 138 137 137 137 137 137 137 137 137 137 137 137 137 137 138 138 141 141 144 143 27 24 38 58 65 152 65 58 65 47 42 47 42 32 42 47 42 47 42 42 32 32 30 50 59 59 60 247 247 247 247 247 247 247 60 247 247 247 247 247 247 247 247 247 247 247 247 247 249 248 254 254 248 255 241 244 244 244 244 244 244 244 244 239 256 239 256 237 237 265 238 238 238 264 264 276 263 276 276 263 238 264 264 276 264 276 272 271
a 552 77 77 77 78 68 69 79 69 39 40 39 39 39 40 39 39 39 39 40 61 61 60 247 246 274 274 273 273 243 102 243 102 243 102 103 104 104 106 106 115 105 115 105 115 109 171 184 183 188 189 184 171 167
a 591 81 88 282 281 281 281 280 266 82 84 82 84 82 84 82 84 82 84 82 84 82 84 82 84 82 266 280 280 280 266 280 266 267 266 267 280 280 279 278 221 278 279 278 279 279 278 278 279 278 279 279 278 222 223 225 224 230 263 238 264 264 276 276 272 272 272 273 273 272 272 272 271
a 612 83 83 83 83 83 83 83 83 84 84 82 84 84 82 266 280 279 278 278 222 223 225 223 222 279 278 278 279 278 278 278 277 277 278 277 277 277 277 276 272 272 273 273 273 243 102 103 103 104 104 104 104 106 108 109
a 1089 150 161 150 161 161 161 150 161 161 152 65 65 47 47 42 42 32 42 47 42 32 30 28 28 28 28 28 28 66 253 66 253 66 253 66 253 66 253 66 253 253 66 253 66 28 66 253 66 253 253 66 253 253 66 253 66 216 215 174 173
a 549 76 76 75 75 64 74 74 74 74 74 236 74 74 74 64 64 64 75 64 64 64 64 64 75 64 64 64 75 75 64 64 64 64 64 64 75 75 64 75 75 75 64 74 74 74 236 236 236 236 70 70 71 69 39 40 40 61 60 60 247 247 247 247 247 247 60 59 60 60 60 59 60 59 60 59 60 59 60 59 60 247 249 97 250 250 250 250 250 250 250 250 250 250 250 250 243 102 103 100 100 100 100 100 100 100 99 98 104 104 104 106 106 106 106 106 106 106 106 106 106 106 106 106 106 106 106 106 106 106 106 106 106 106 106 106 106 106 106 106 106 106 106 108 108 109
a 246 24 38 38 38 58 65 152 89 89 73 81 88 282 281 281 281 281 281 280 266 267 280 281 281 266 280 266 267 267 267 267 267 280 280 266 280 279 278 279 222 279 278 279 278 278 277 276 272 273 243 102 103 103 103 100 100 99 98 104 104 106 115 105 115 105 115 105
a 694 91 89 90 89 91 89 90 80 79 79 69 69 69 69 71 69 69 71 69 71 69 71 69 39 39 39 40 39 40 61 61 60 60 247 247 247 247 247 247 247 247 247 247 247 247 247 247 247 247 247 247 246 274 246 274 246 274 273 243 102 103 103 103 103 103 103 103 103 103 103 103 103 103 103 103 103 103 103 103 100 100 100 99 98 104 104 110 104 98 99 98 107 107 108 109
a 977 139 148 139 140 140 133 132 133 138 138 141 141 144 143 27 24 38 58 65 47 42 47 47 47 47 46 35 17 14 14 44 17 44 17 45 41 45 41 46 47 42 32 30 50 59 59 60 59 59 60 59 60 247 247 247 247 247 247 247 246 274 274 273 273 272 273 243 102 103 103 103 103 103 103 100 100 100 100 99 99 99 98 99 98 107 108 106 106 106 106 108 108 109
a 1211 163 148 139 162 145 144 143 149 43 57 43 57 43 149 43 57 58 58 65 47 46 41 45 41 46 35 15 35 17 14 33 14 17 45 51 49 58 49 37 49 51 47 42 47 42 32 30 50 28 28 66 253 66 253 66 216 215 216 215 219 219 176 173 174 173 176
a 86 8 7 7 56 29 56 29 202 29 29 29 29 56 29 56 29 29 56 56 29 56 29 202 202 29 29 29 202 197 196 197 170 169 172 177 172 177 172
a 618 83 83 83 83 84 82 266 82 266 280 279 278 277 276 276 263 238 265 237 265 277 278 278 222 279 278 277 276 272 273 273 243 102 101 100 100 99 98 99 98 104 98 107 107 107 108 108 109
a 1070 149 43 57 150 161 152 152 65 47 42 47 46 41 45 41 46 47 47 47 47 42 32 42 32 32 30 50 28 28 66 253 253 66 253 253 253 253 253 66 253 66 253 252 253 252 217 211 213 214 214 209 100 100 100 100 99 99 98 99 98 107 107 107 107 107 107 108 109 115 105 115 105
a 401 47 42 32 30 28 66 216 215 216 215 174 215 216 215 216 66 253 253 66 28 28 66 253 66 216 215 219 176
a 690 91 91 91 165 165 91 91 91 91 165 165 166 165 91 91 89 91 91 91 91 91 91 165 91 89 91 91 91 165 165 91 91 160 91 91 89 89 90 90 77 77 76 75 64 64 64 64 64 64 64 64 74 74 74 74 74 74 74 64 75 64 75 75 64 64 75 75 76 76 85 85 76 76 76 85 83 83 84 82 84 82 84 82 266 82 84 82 266 267 267 267 280 266 280 279 278 278 277 276 272 273 273 243 102 103 104 104 106 106 106 106 106 106 106 108 109
a 1253 194 194 55 55 194 55 55 55 55 55 194 55 55 55 55 55 55 194 55 194 33 31 36 52 36 36 36 36 36 52 36 52 36 52 36 36 36 31 193 193 193 192 191 119 191 191 119 191 119 195 67 66 253 253 253 66 253 66 253 253 66 253 66 253 66 253 66 216 215 174 173 176 175
a 1114 153 163 148 139 140 139 162 145 144 145 140 139 148 163 148 163 148 139 162 145 140 139 148 163 148 139 162 145 140 133 138 141 144 144 143 149 43 149 43 149 43 57 43 57 43 57 150 57 150 149 150 161 161 152 65 47 42 32 34 44 17 44 17 45 275 246 274 274 273 273 273 273 273 273 273 273 273 243 102 243 102 101 101 101 102 243 102 103 104 104 104 106 106 106 115 105 115
a 767 117 128 129 132 129 146 146 139 140 133 140 139 140 145 144 143 27 143 27 24 24 147 142 27 24 24 38 37 37 49 49 51 49 37 49 49 58 58 57 43 57 58 65 47 42 39 40 40 39 40 40 39 39 40 39 39 39 40 61 60 60 59 60 62 60 59 60 59 59 60 62 62 62 62 60 59 60 62 62 60 247 247 247 247 247 247 247 249 97 250 250 243 250 250 250 250 250 250 250 250 250 250 250 243 102 101 102 243 102 103 104 106 106 115
a 1093 151 156 144 156 144 145 140 145 140 139 162 145 140 139 148 163 148 163 153 156 149 150 161 150 161 150 161 152 164 152 89 90 90 77 76 77 76 76 85 83 84 82 84 82 84 82 266 280 279 278 277 277 276 272 273 273 273 243 102 102 103 103 103 103 103 103 103 103 104 98 107 108 205 205 205 205 205 205 205 205 175
a 1202 162 145 140 145 140 139 162 162 145 144 143 149 43 57 150 57 43 38 43 149 43 38 38 58 65 47 51 49 49 37 49 51 49 58 58 65 65 152 164 152 65 65 47 42 32 30 30 28 66 253 66 216 215 174 168 205 205 205 205 168 205 175
a 864 128 129 146 146 139 162 145 145 145 144 156 156 156 144 143 27 143 27 143 27 24 38 43 149 43 38 58 49 37 48 37 49 49 58 65 152 80 90 90 77 77 78 68 78 68 69 69 69 39 40 39 40 40 39 39 40 61 60 59 59 60 247 247 247 249 249 249 97 250 250 250 250 250 250 250 243 102 103 104 106 115 109 115 105 114 270
a 484 57 58 65 47 47 42 42 32 42 39 40 40 61 40 39 40 39 39 40 61 60 62 60 59 59 60 60 60 59 60 59 60 247 247 247 247 247 247 246 247 247 247 249 97 250 250 243 250 250 250 250 243 102 102 103 104 104 98 98 98 99 98 99 98 104 98 104 106 106 106 106 115 105 115 109
a 113 11 12 127 127 5 5 117 5 117 5 5 3 3 12 127 5 5 5 5 127 128 128 117 118 118 118 118 118 118 129 146 139 162 162 139 162 145 140 139 148 157 148 139 162 162 162 162 145 144 143 149 43 38 38 37 49 37 48 37 37 49 37 49 58 65 47 42 32 30 30 50 28 28 28 28 66 253 253 253 66 253 66 216 215 216 215 219 213 214 209 100 100 99 210 210 107 108 109 115
a 1230 165 165 165 165 165 165 165 165 165 165 165 166 165 165 165 165 166 165 91 91 91 165 165 165 165 91 89 91 91 160 73 73 81 73 81 73 94 73 73 81 73 81 88 282 281 281 281 280 266 267 266 280 279 278 278 277 276 263 238 264 238 238 264 238 264 276 272 272 271
a 422 49 51 49 58 65 65 65 152 152 80 79 78 68 78 79 69 39 40 39 40 39 40 40 39 40 39 40 61 61 60 60 59 60 247 247 247 247 249 97 249 97 250 250 250 250 250 243 102 243 102 103 104 98 104 104 104 104 98 99 98 107 108 109
a 1149 156 156 144 144 144 143 149 43 43 57 58 65 152 65 65 152 80 79 69 71 69 68 78 77 77 76 76 76 76 76 76 76 76 76 85 76 76 76 76 76 76 76 77 78 68 74 236 236 74 74 74 64 64 64 64 75 75 76 77 76 76 76 75 64 64 74 74 236 236 236 236 235 221 279 279 278 278 277 276 272 273 273 273 273 273 273 243 102 102 243 102 103 104 104 104 104 106 115 105
a 174 17 14 33 14 15 35 17 45 45 45 45 41 42 32 42 39 39 40 40 39 40 39 40 39 39 40 61 60 60 62 60 62 60 62 62 60 59 60 60 60 59 60 247 247 247 247 60 62 62 60 59 59 59 60 247 249 249 249 97 250 250 243 102 243 102 103 103 103 103 103 100 99 98 104 98 104 104 104 104 98 107 108 109
a 833 125 134 135 135 135 13 16 18 18 25 25 37 49 51 49 58 65 47 51 49 58 58 65 65 161 150 57 58 65 47 46 47 42 39 40 39 40 40 39 40 39 40 39 40 40 39 40 40 61 61 60 59 60 62 60 59 60 247 247 247 247 247 247 247 247 246 274 274 273 243 102 243 102 103 100 100 100 99 98 98 104 104 98 107 107 108 205 205 175
a 18 1 1 3 3 3 3 1 3 3 1 0 8 9 1 0 29 56 29 29 29 29 202 197 196 197 196 196 197 196 197 170 169 172 177
a 131 13 121 9 9 1 1 1 3 1 0 1 1 3 3 3 1 0 8 8 9 8 9 9 9 1 3 3 3 1 3 12 3 1 1 3 3 3 3 12 12 127 5 117 128 127 128 128 117 5 5 127 5 117 117 118 118 118 118 129 132 129 146 157 146 146 139 162 162 145 144 143 27 24 38 37 48 37 49 37 49 58 58 49 58 65 47 42 32 32 30 50 28 66 253 66 253 253 66 216 215 174 173 176
a 719 93 96 93 96 93 96 96 93 92 92 93 94 73 160 160 91 89 152 152 164 166 165 165 91 89 89 89 73 81 88 88 282 281 281 280 279 278 278 278 278 278 277 276 272 272 272 272 271 270
a 859 127 128 131 132 133 138 141 141 144 156 156 156 156 144 144 143 27 24 38 43 43 43 43 38 38 43 57 150 57 43 149 43 149 43 38 58 65 47 42 47 42 32 42 32 42 32 30 30 28 66 253 253 66 253 66 253 253 66 253 253 253 66 253 66 253 66 253 66 253 253 66 216 215 219 176 173 176
a 770 118 118 129 129 129 146 157 146 146 157 148 139 162 145 140 145 144 145 144 144 143 27 27 24 24 38 58 58 58 58 65 152 65 65 65 65 161 150 57 57 150 57 150 57 58 49 51 49 58 65 152 65 65 47 42 32 30 50 59 60 247 246 274 274 274 245 231 232 231 232 231 245 275 275 275 275 246 274 273 273 273 243 102 103 103 103 103 103 103 100 99 98 99 99 98 99 210 107 107 107 107 108 109
a 1020 144 144 156 144 156 144 156 149 43 149 43 43 38 58 65 152 65 47 51 48 18 48 45 41 46 47 42 32 34 44 34 32 30 50 28 66 253 253 66 253 66 253 66 253 66 253 253 252 252 217 211 213 214 214 213 214 209 208 209 208 209 209 100 100 100 100 100 100 100 100 100 100 100 100 100 100 99 98 104 106 115 105
a 606 82 84 82 266 267 280 279 278 279 278 278 278 278 278 277 277 277 278 278 279 278 222 279 278 278 278 278 278 279 278 278 277 276 272 272 273 273 273 272 273 243 102 103 103 103 100 100 99 99 98 104 104 104 104 104 104 106 115 105 114 262 113 204
a 1251 194 33 14 15 35 15 35 15 35 18 35 15 15 14 17 14 15 15 35 17 44 17 44 17 44 34 44 34 32 30 30 30 50 28 28 28 28 28 28 28 66 253 66 253 66 253 66 253 253 253 66 253 66 253 66 253 66 253 66 253 66 253 66 216 215 216 215 216 215 216 215 219 219 219 219 219 176 175 176
a 1293 280 266 280 266 267 267 267 266 280 279 278 277 278 277 277 277 277 278 278 279 279 278 279 279 279 278 278 277 276 264 276 263 276 272 272 272 272 272 273 243 250 250 250 250 250 250 250 250 243 102 103 104 104 104 104 106 106 106 108 109
a 818 123 123 125 134 135 155 122 155 122 155 122 122 123 123 125 125 134 134 135 135 155 155 122 123 123 123 125 123 123 123 123 123 123 123 123 125 123 123 125 134 147 134 125 125 123 123 123 123 125 123 123 123 123 123 123 123 123 123 123 123 125 134 135 22 23 134 134 135 155 155 122 155 125 125 134 135 22 22 22 23 24 38 58 65 47 42 32 42 32 30 50 28 28 28 66 253 66 28 66 253 66 253 66 253 253 252 252 217 259 232 231 245 231 245 274 274 274 273 243 102 103 104 106 106 106 106 106 115 105 115
a 559 77 77 76 76 76 76 75 64 75 64 64 64 64 64 64 64 74 74 74 64 64 75 75 75 75 64 75 75 75 75 75 64 75 64 64 64 64 64 64 75 64 75 64 64 75 76 76 76 75 64 75 64 64 64 64 64 75 64 74 74 74 74 74 74 74 64 64 75 64 75 75 64 75 64 75 64 74 236 235 235 235 234 70 71 69 39 40 39 40 39 40 40 40 40 61 60 59 59 60 247 247 247 247 247 247 247 247 247 247 249 249 249 97 250 250 243 102 103 103 103 104 104 104 104 104 104 104 106 106 115 105
a 1022 144 143 144 143 143 149 43 38 37 49 58 65 47 47 42 39 40 40 61 61 60 59 60 59 59 59 59 59 59 59 60 62 62 60 59 59 60 59 60 247 60 247 247 247 247 247 247 246 274 274 275 275 275 275 275 275 275 275 246 274 273 273 273 243 250 250 250 250 250 250 250 250 250 250 243 102 243 250 250 250 250 250 250 250 250 243 102 243 102 103 104 104 104 104 104 104 104 104 104 104 104 104 104 104 110 112 112 112 110 104 104 104 98 107 108 108 109
a 554 77 78 68 74 74 74 74 74 64 64 64 64 64 75 64 75 75 76 85 85 76 85 76 75 75 64 64 64 75 75 75 75 75 64 64 75 64 75 75 75 75 64 75 76 76 76 76 76 77 78 79 79 79 78 79 79 79 79 80 79 79 78 79 80 80 79 78 79 79 78 68 74 74 74 74 236 236 236 74 74 74 74 74 236 236 74 74 74 74 74 74 236 236 236 236 235 221 222 223 222 279 278 278 277 277 224 230 224 230 224 230 224 238 264 264 276 272 272 272 271 270 271
a 729 94 93 96 96 93 96 93 94 73 81 88 282 281 280 280 279 278 222 223 225 228 228 228 226 220 229 263 238 238 238 265 237 265 277 276 272 272 271
a 965 138 137 137 137 137 137 137 137 137 137 137 137 138 137 137 137 137 137 137 137 137 137 137 137 137 137 137 137 137 137 137 137 137 137 137 137 137 137 137 138 141 144 145 140 139 148 157 146 139 162 148 148 139 140 133 138 137 137 137 137 137 137 137 137 137 137 137 137 137 137 137 137 137 137 137 136 126 125 123 125 134 135 22 23 24 38 38 38 43 57 58 65 47 47 47 47 51 49 51 49 37 49 58 65 47 42 32 30 50 28 28 28 28 66 253 66 253 253 252 217 211 211 213 214 209 210 107 206 218 210 107 107 107 107 108 106 106 106 115 105 115
a 108 10 122 123 11 123 123 123 123 123 125 123 123 123 122 121 9 121 122 155 122 121 9 121 122 121 120 121 9 1 3 3 3 12 12 11 12 127 5 5 5 117 5 5 3 3 3 12 127 130 127 130 124 124 124 124 12 3 3 5 117 118 118 118 129 146 146 146 157 146 146 139 162 148 148 148 139 139 162 162 139 162 145 140 139 162 162 139 162 139 140 133 132 133 138 138 137 137 137 137 137 137 138 141 144 156 149 43 149 43 57 150 151 150 57 150 161 152 65 47 47 42 32 42 39 40 40 61 60 60 59 59 59 60 59 60 247 246 274 273 243 102 103 104 104 104 104 104 104 104 104 104 104 104 104 104 106 106 115 105 115 105 115 105
a 1028 144 143 144 144 144 144 156 149 43 43 38 43 38 43 38 58 58 65 161 152 65 65 47 42 32 42 32 42 39 40 40 40 40 39 40 39 39 40 61 60 59 59 59 59 59 59 59 60 62 62 60 62 62 62 62 62 62 62 62 60 247 249 97 250 250 250 250 243 250 250 250 250 250 250 250 250 243 102 243 250 250 250 250 250 250 250 250 250 250 243 102 243 102 103 100 100 100 100 99 99 210 210 210 210 210 210 218 206 206 107 107 108 109
a 674 89 73 94 73 81 88 88 282 282 281 281 280 279 279 278 278 222 279 279 278 222 279 278 277 277 276 263 230 263 263 263 263 263 238 238 264 238 238 264 238 264 276 272 273 273 273 273 243 102 103 104 104 104 104 104 106 106 106 106 106 106 108 106 106 108 106 106 106 106 106 106 106 106 106 106 106 106 106 106 106 106 106 106 106 106 115
a 821 124 130 124 130 124 130 136 126 126 125 123 122 155 122 123 123 125 134 134 125 123 122 122 121 122 123 123 125 134 147 134 147 147 134 135 135 135 135 22 23 26 25 18 18 18 35 15 35 15 35 17 14 44 17 45 41 46 47 47 51 49 37 49 37 48 37 49 49 37 38 43 57 58 58 65 47 42 32 30 30 50 28 28 28 66 253 253 252 252 252 217 217 259 232 231 245 231 231 231 245 274 274 246 274 274 274 246 274 274 273 273 243 102 103 104 98 107 108 106 106 106 106 115 105 115
a 960 138 137 137 137 137 136 126 125 134 125 134 134 147 134 135 135 135 135 13 16 13 13 16 22 22 23 134 134 135 135 135 135 135 22 23 134 135 155 125 155 122 123 123 122 121 9 1 3 3 1 1 3 12 12 3 3 3 3 3 1 0 29 0 29 29 202 197 196 197 196 197 170 169 169 169 172 177
a 365 43 149 43 149 43 57 43 149 43 149 43 149 150 161 152 89 90 77 76 76 76 76 76 76 77 77 78 68 78 79 78 79 79 79 78 79 79 79 79 69 79 79 79 79 78 77 76 85 83 83 83 84 82 84 82 84 82 84 82 266 267 266 280 266 280 266 82 266 267 266 266 267 267 266 267 280 279 278 278 278 278 278 277 276 272 271
a 1163 158 143 27 24 27 24 38 37 49 58 57 150 161 161 150 57 57 57 43 57 150 151 150 161 65 47 42 32 31 32 42 32 30 50 28 66 253 253 66 253 66 253 253 253 66 253 252 217 211 213 214 214 213 214 214 209 210 218 214 209 210 107 107 107 108 106 115 105 115 105
a 472 56 72 72 72 146 146 139 162 162 148 139 162 145 145 145 145 144 144 144 144 143 149 43 149 43 149 43 57 57 43 57 57 150 161 161 150 161 152 161 161 150 57 150 161 161 150 161 161 150 161 152 164 152 65 47 47 51 45 275 275 275 246 274 273 273 273 273 273 243 102 103 103 103 103 103 103 103 103 100 100 100 100 100 99 98 104 104 104 106 106 106 108 109 115 109 115
a 168 16 13 16 13 13 19 19 19 20 20 20 15 35 15 35 15 35 15 35 15 35 15 35 15 35 18 48 18 16 13 16 13 121 122 123 11 12 3 3 12 127 130 127 130 124 130 124 123 123 123 123 11 12 11 10 122 121 9 121 122 155 125 134 135 135 135 135 155 122 123 125 125 134 125 125 134 147 134 147 147 147 126 136 130 124 124 130 124 130 124 12 12 127 130 127 5 5 5 3 3 1 1 3 3 12 12 3 3 1 0 29 202 202 197 170 169 172 169 169 169 172
a 1229 164 166 165 165 165 166 165 165 91 91 91 91 91 89 89 73 73 94 73 73 81 73 73 81 88 282 281 280 280 280 280 266 280 279 278 278 279 278 222 223 225 228 228 228 228 227 110 112 112 111 112 110 104 104 104 104 104 104 104 104 104 98 104 104 104 104 104 106 106 106 106 106 106 106 106 115 105 114 271
a 218 21 21 20 15 15 35 17 45 41 42 42 42 42 32 30 30 28 66 216 66 253 66 253 253 66 253 66 253 253 66 28 28 28 28 28 28 28 28 66 253 66 253 66 253 253 253 66 253 66 253 66 253 253 66 253 66 253 253 66 216 215 174 173
a 1239 165 166 165 165 165 165 166 165 166 165 91 91 91 89 91 91 91 89 89 90 77 78 79 79 69 71 69 71 69 39 40 39 40 39 40 40 39 40 39 40 39 40 40 39 39 39 40 39 39 40 40 40 39 40 61 60 59 59 59 59 59 59 60 60 59 59 59 60 60 59 60 59 60 247 247 247 247 249 249 97 250 243 102 101 101 100 100 100 99 98 98 107 108 109
a 1060 148 163 148 157 146 139 162 162 145 145 145 140 133 138 138 137 136 130 127 130 136 136 142 147 24 24 24 38 58 65 47 42 42 47 42 32 42 32 30 50 28 66 253 253 66 253 253 66 253 66 253 253 66 253 66 253 66 253 66 253 253 66 253 253 66 253 66 253 66 253 253 66 216 215 174 173
a 998 141 144 143 144 143 149 43 149 43 149 43 149 43 43 149 43 38 58 65 47 42 32 30 50 28 28 28 28 28 66 253 66 253 66 253 253 253 253 253 253 66 216 215 219 215 216 215 216 66 253 66 253 253 66 253 252 217 217 211 213 219 219 219 176 175
a 761 117 118 129 146 146 146 157 146 139 162 162 148 163 163 148 163 148 163 148 163 148 148 163 148 163 163 163 148 163 148 148 157 146 139 140 139 162 145 145 140 145 145 144 156 144 144 143 27 143 27 27 24 38 38 38 58 57 58 49 51 45 51 45 275 274 273 243 102 243 250 250 250 250 243 102 103 103 103 103 103 103 103 103 104 104 104 104 98 104 98 99 98 104 98 104 104 104 106 106 115 105 115
a 1212 163 148 163 148 148 163 148 139 162 145 140 133 138 137 136 130 127 128 128 127 130 124 130 124 130 124 123 122 121 122 123 123 123 122 121 122 121 122 155 122 123 125 134 135 135 135 155 155 122 155 155 122 155 122 10 10 122 121 122 123 123 123 125 125 155 122 123 123 123 125 134 147 147 126 125 123 123 123 123 123 123 123 122 155 122 123 123 123 123 11 10 122 121 122 121 122 123 122 123 123 123 123 123 123 125 155 125 123 11 10 122 123 125 125 125 155 122 122 121 9 9 9 9 121 122 155 125 134 135 155 125 134 135 13 13 16 13 13 19 19 19 20 15 35 17 44 17 44 34 44 34 33 14 14 14 15 35 17 44 17 44 17 45 275 275 275 246 274 274 274 274 273 273 273 243 102 103 104 98 107 108 106 115 105
a 1117 153 153 153 153 163 148 148 139 162 162 139 148 157 146 139 162 145 140 139 162 145 144 144 145 140 133 138 137 137 137 137 137 137 137 137 137 137 137 137 137 137 137 137 137 137 137 137 137 137 137 137 137 137 137 137 137 137 137 137 137 137 137 137 137 137 137 137 137 137 137 137 137 137 137 137 137 137 137 137 137 137 137 137 137 137 137 137 137 137 137 137 136 126 125 134 135 135 155 122 121 122 123 123 123 123 123 125 134 134 134 125 155 122 155 122 122 122 121 9 121 122 123 125 134 135 135 135 135 155 122 123 125 134 134 134 125 134 135 135 135 135 135 135 135 135 13 16 13 121 9 10 122 123 125 123 123 123 123 123 123 11 10 122 121 122 121 122 123 125 134 147 147 126 125 134 125 123 123 123 123 123 123 122 155 155 122 155 122 121 122 155 122 123 123 122 121 9 9 9 9 9 121 122 155 122 121 120 121 122 122 122 155 122 121 122 155 122 123 123 125 123 125 125 134 135 135 135 135 135 22 135 135 135 22 22 22 22 23 24 38 37 49 51 45 51 45 275 246 274 274 274 274 273 273 273 243 102 103 104 104 104 98 104 104 106 106 106 106 115 105 115 105
a 711 93 96 96 93 92 92 92 92 92 92 92 92 92 92 92 92 92 92 92 92 92 92 92 92 92 92 92 92 92 92 92 92 92 92 92 92 92 92 92 92 92 92 92 92 92 92 92 92 92 92 92 92 92 92 92 92 92 92 92 92 92 92 92 92 92 92 92 92 92 92 92 92 92 92 92 92 92 92 92 92 92 92 92 92 92 92 92 92 92 92 92 92 92 92 92 92 93 92 92 92 92 92 92 92 92 92 92 92 92 92 92 92 92 92 92 92 92 92 92 92 92 92 92 92 92 92 92 92 92 92 92 92 92 92 92 92 92 92 92 92 92 92 92 92 92 92 92 92 92 92 92 92 92 92 92 92 92 92 92 92 92 92 92 92 92 92 92 92 92 92 92 92 92 92 92 92 92 92 92 92 92 92 92 92 92 92 92 92 92 92 92 92 92 92 92 92 92 92 92 92 92 92 92 93 94 93 94 73 81 88 282 281 281 281 281 281 281 281 266 280 266 280 266 267 267 266 267 267 267 280 279 222 279 278 278 277 277 277 277 276 272 273 243 102 102 243 102 103 103 104 104 104 104 104 104 104 106 115 105 114 271
a 469 55 194 55 194 55 55 55 55 194 33 31 32 34 32 31 193 192 191 119 195 195 119 191 119 195 195 195 119 191 119 191 119 191 119 195 195 196 197 202 197 170 169 170 169 169 169 172
a 156 15 35 18 48 18 18 18 18 18 18 48 48 37 48 45 41 46 35 17 45 41 45 41 46 35 18 48 37 37 49 51 45 41 45 41 46 47 42 42 32 31 32 30 50 28 28 30 50 59 59 60 59 60 59 59 59 60 59 59 59 60 59 60 247 249 249 249 249 97 249 249 97 250 243 102 243 102 103 100 100 100 99 99 98 107 107 108 109 115
a 738 95 154 95 154 95 95 154 154 151 156 156 144 144 143 149 43 57 57 150 161 65 152 89 90 90 77 77 76 75 64 64 64 75 64 75 64 64 75 75 64 64 74 74 74 74 74 74 74 74 74 74 236 74 236 74 74 74 74 74 74 74 74 74 74 74 74 236 236 235 237 237 265 277 276 263 276 272 272 272 272 273 243 250 250 250 243 250 250 250 250 250 250 243 102 103 104 104 106 108 109
a 589 80 80 79 78 77 76 77 76 76 77 77 77 77 76 76 85 76 76 76 76 85 85 85 76 76 76 77 77 78 68 78 79 79 69 71 69 68 78 77 78 68 74 74 64 64 75 75 64 74 74 74 74 236 236 74 74 74 74 74 74 236 74 74 74 74 74 74 74 74 74 64 64 64 75 76 76 85 83 83 84 84 84 82 84 82 84 84 82 266 280 266 280 280 279 279 279 279 278 278 277 276 272 271
a 678 89 73 73 73 73 81 88 88 81 88 88 88 81 88 282 281 281 280 281 281 280 266 267 266 82 266 266 280 266 280 279 278 278 278 278 222 221 279 278 279 222 221 279 278 279 278 279 279 278 278 279 278 277 276 276 272 273 243 102 243 102 103 104 104 104 104 106 106 115 105 115 105
a 1199 161 150 161 161 150 57 58 65 161 150 57 150 161 161 152 89 91 160 91 91 160 73 73 81 73 73 81 73 73 81 88 88 88 282 281 281 280 266 280 279 278 279 279 278 222 279 222 221 222 279 278 222 279 278 277 265 238 238 224 238 264 238 264 264 276 272 272 272 271
a 739 95 154 95 154 154 151 156 149 43 149 43 57 43 43 57 57 150 57 58 65 47 47 47 42 32 30 50 59 59 59 59 60 59 60 59 59 59 59 60 60 59 60 60 247 247 247 247 249 97 250 250 250 250 243 102 243 102 103 103 100 100 100 100 100 99 98 104 98 99 99 98 99 98 107 107 107 108 108 109
a 1223 164 152 89 73 81 88 88 282 281 281 281 281 280 266 280 279 279 279 279 278 278 279 278 278 278 279 278 278 277 276 263 276 276 276 276 272 273 273 273 272 273 273 243 102 102 102 102 101 102 103 104 98 107 108 106 106 106 106 106 106 106 106 106 106 106 106 115 105
a 1061 148 157 148 157 146 139 148 163 163 153 156 156 149 43 149 43 43 149 43 149 43 149 43 57 43 38 43 57 150 161 161 152 164 166 165 166 165 166 165 165 165 165 165 165 91 91 160 91 91 160 159 160 73 81 88 88 81 88 88 282 281 280 279 279 279 278 278 277 276 272 273 273 243 102 103 104 104 104 104 104 104 104 104 106 108 109
a 1064 148 148 139 162 145 145 144 145 144 156 156 156 149 43 38 38 38 37 38 43 43 149 43 149 150 161 152 89 90 90 77 76 77 76 85 83 83 83 83 83 83 84 82 266 280 279 278 279 278 222 221 279 279 279 279 279 278 222 279 278 277 276 272 272 272 273 273 273 243 102 103 103 103 103 103 103 100 100 100 100 99 98 99 98 107 108 109 115 105
a 1124 154 95 154 95 95 95 95 154 95 95 154 151 150 161 161 152 164 152 65 65 47 47 42 42 32 30 50 28 66 253 253 66 253 66 253 253 66 253 66 253 66 253 66 216 215 216 215 219 176
a 937 135 22 22 23 26 26 23 26 25 26 26 25 22 22 23 134 147 134 134 135 135 155 122 155 122 123 123 123 122 122 155 122 121 122 155 122 122 121 122 123 123 123 125 134 134 125 125 134 135 22 23 26 26 25 22 135 135 22 23 22 22 22 135 135 135 22 23 26 26 23 22 135 155 122 121 122 123 125 123 123 123 125 134 134 147 147 134 135 135 155 122 122 121 9 9 121 9 1 3 3 3 1 0 8 7 56 29 56 29 29 202 197 196 195 201 198 201 198 201 198 198 200 200 198 200 198 200 200 177 172
a 75 7 7 6 44 17 44 17 14 14 14 17 14 44 17 45 45 41 46 35 15 35 18 18 25 22 22 22 135 22 23 134 135 135 13 121 9 121 13 13 13 19 53 15 35 15 15 15 14 33 14 14 44 17 44 17 44 34 44 34 32 30 50 28 66 253 66 253 253 66 253 253 66 216 215 216 215 219 219 219 219 213 219 219 176 173 176 173 176
a 916 133 140 133 132 132 132 132 129 129 146 139 162 145 140 133 140 139 162 162 148 163 148 139 140 139 162 139 140 133 140 139 162 162 162 145 140 139 162 148 163 163 163 148 163 148 163 148 157 146 146 146 157 146 146 139 162 145 145 145 140 139 162 145 144 144 143 27 143 143 27 27 143 143 143 149 43 149 43 43 149 43 43 43 149 43 149 43 57 58 58 65 152 65 47 42 42 32 30 50 59 59 60 59 60 62 60 247 247 247 247 247 247 247 247 247 249 249 249 248 254 248 248 248 255 241 258 241 242 273 273 273 243 102 101 100 100 100 100 100 99 98 107 107 107 108 109
a 25 2 3 1 1 1 0 29 29 29 29 56 7 6 7 56 29 202 29 29 29 29 56 29 29 29 0 29 202 29 29 29 56 7 56 29 56 56 29 29 202 197 196 196 196 197 170 169 172 177
a 928 134 135 135 155 122 155 122 121 9 121 122 121 9 1 3 3 12 12 127 128 127 5 5 117 117 117 5 5 5 5 3 1 3 12 127 5 3 3 3 1 3 3 1 1 1 1 0 8 0 29 29 56 29 29 56 56 56 29 56 29 29 56 72 72 146 139 162 145 140 139 162 162 145 144 156 149 43 43 57 43 149 43 149 150 57 43 43 149 43 38 38 38 43 57 150 161 150 161 161 161 152 89 89 89 89 89 152 65 65 47 42 32 42 39 40 61 60 59 59 60 247 246 274 274 273 273 273 273 273 272 271
a 321 37 49 37 49 58 58 65 65 47 42 39 40 39 40 40 39 39 40 40 39 40 61 61 40 61 40 39 40 40 40 61 61 61 60 62 62 60 60 59 59 59 60 60 62 62 62 62 60 60 62 60 60 59 60 59 59 60 59 59 60 60 62 62 62 60 60 247 247 247 247 247 247 247 247 249 248 254 248 255 241 242 242 273 243 102 103 103 100 100 99 98 104 104 104 106 115 105 115 105 115 105 115 105 115 105
a 687 90 90 90 77 78 68 74 74 74 74 74 74 74 74 74 74 74 74 74 74 74 74 74 74 74 74 74 74 74 74 74 236 70 71 69 79 79 79 69 79 69 71 69 69 69 71 69 39 39 40 40 39 40 40 61 60 59 59 59 60 60 62 60 59 60 62 62 62 60 62 62 62 62 62 62 62 62 60 247 247 247 249 248 254 248 254 248 255 241 258 241 242 242 273 273 243 102 102 103 104 104 106 106 115 105 115 105 115
a 547 76 85 83 84 82 266 82 84 82 266 267 266 82 266 82 266 267 267 267 267 266 267 267 267 266 82 84 82 266 280 266 82 266 280 281 280 279 278 279 278 279 278 278 278 221 221 221 222 221 278 222 279 278 279 278 278 277 277 277 276 276 263 276 272 273 243 250 250 250 250 250 250 250 250 250 250 243 102 103 104 98 107 108 106 106 106 115 105 114 105
a 192 19 53 15 35 15 15 14 14 15 35 15 15 35 17 45 41 46 46 47 47 42 39 40 39 39 40 39 40 61 40 39 40 61 60 59 59 60 59 59 60 59 60 62 62 62 62 62 62 60 59 60 247 247 60 59 60 62 62 62 62 62 62 60 247 247 249 97 250 250 250 250 250 250 250 250 243 102 103 103 100 100 100 100 100 100 99 98 99 98 104 106 106 106 106 106 106 106 106 106 106 106 106 106 106 106 106 106 106 106 106 106 106 106 108 205 175
a 1216 163 148 157 148 163 148 163 148 148 163 163 148 163 148 163 148 157 146 157 146 139 162 148 148 163 163 148 163 148 148 163 148 139 162 148 163 148 139 162 145 144 143 27 143 149 43 43 57 57 58 65 152 164 152 89 89 89 89 89 90 77 77 76 76 77 76 76 85 76 85 83 83 83 83 83 84 82 84 82 266 280 266 280 279 279 278 278 222 279 278 277 277 277 265 237 237 265 277 276 272 272 272 272 272 272 271
a 1127 154 154 163 148 163 148 148 163 148 148 163 148 163 148 163 148 163 148 139 162 162 145 144 143 27 143 158 143 143 143 149 43 57 58 65 152 152 65 152 89 91 89 89 91 89 91 91 165 165 165 165 165 165 166 165 91 91 91 89 89 90 77 70 70 71 69 71 69 69 39 40 39 39 39 39 40 61 40 40 39 39 40 61 60 60 247 247 247 247 247 247 247 247 247 247 247 247 247 249 248 254 248 254 254 254 254 254 254 248 255 241 242 242 273 243 102 103 104 104 104 104 104 104 104 106 115 105 115 105 114 271
a 640 86 86 86 86 88 87 88 282 281 281 280 281 280 281 280 281 281 280 279 279 278 222 223 225 224 230 224 230 263 276 272 272 272 272 272 273 243 102 103 100 100 100 100 100 100 99 98 98 107 107 107 107 107 107 107 206 218 218 214 214 209 210 210 210 107 108 109
a 1015 143 27 24 24 24 147 147 147 134 125 134 135 135 135 135 22 23 22 23 26 25 22 135 135 22 135 155 122 155 122 122 122 122 123 125 123 123 123 125 134 125 134 23 26 23 26 26 26 25 18 18 18 18 18 18 48 45 41 45 41 45 41 41 46 41 45 45 41 45 41 45 41 46 41 45 41 45 41 45 41 45 275 275 275 275 45 41 45 275 246 274 273 273 272 273 243 102 103 103 103 104 103 104 104 104 104 104 106 106 106 106 106 115 105
a 196 19 53 53 15 35 18 35 17 44 17 45 41 46 46 41 46 35 18 48 18 35 17 44 34 32 30 50 28 66 253 66 253 66 253 66 253 66 253 66 253 253 253 253 66 253 66 253 66 253 66 253 66 253 66 253 66 216 215 219 215 216 215 219 219 176 173 176
a 478 56 72 56 72 72 72 146 146 146 139 140 139 162 162 145 144 143 27 24 147 147 142 158 141 141 141 144 143 149 43 149 43 38 58 58 65 47 42 42 32 30 50 28 66 253 252 253 253 253 253 66 28 30 30 50 28 66 253 253 253 253 66 253 66 253 66 253 253 66 216 215 219 176
a 471 56 29 0 0 8 9 121 122 121 122 155 122 155 122 155 155 122 155 122 121 122 123 125 125 155 155 155 122 155 122 122 155 122 123 123 123 123 123 123 125 134 147 134 135 13 121 9 9 9 121 9 1 3 3 3 12 127 128 128 128 128 129 132 133 140 139 162 145 140 145 140 145 145 145 144 143 27 27 143 149 43 57 150 161 150 57 43 57 57 150 151 156 149 43 43 43 149 43 43 57 150 151 156 156 156 149 43 149 43 149 43 38 58 49 37 48 18 18 48 18 16 13 16 13 16 13 121 122 121 9 121 9 1 3 12 11 12 12 12 12 12 11 12 12 12 12 11 11 10 11 10 122 121 122 123 123 125 134 135 135 135 135 135 135 135 135 135 155 122 121 122 123 125 125 125 125 155 122 155 122 155 122 155 122 155 122 121 9 121 9 9 121 120 54 120 20 15 35 17 45 275 246 274 274 273 243 102 103 103 104 104 104 106 115 105 115
a 1073 149 43 43 43 57 58 49 51 45 41 41 45 41 41 46 47 47 42 47 47 42 47 42 39 40 39 40 39 39 40 40 39 39 40 40 39 40 40 61 40 39 40 40 61 60 247 60 59 60 247 247 247 247 247 60 247 247 247 249 97 97 249 97 250 250 250 250 250 250 250 250 250 250 243 102 243 102 103 104 98 104 98 104 104 104 106 106 106 106 106 106 106 106 115
a 1263 202 202 197 202 197 196 197 196 197 196 195 201 198 200 200 200 198 201 198 201 198 201 198 200 198 200 177 172
a 652 87 96 93 96 96 93 96 93 96 93 94 94 73 73 73 73 73 81 88 282 281 280 279 278 278 277 276 276 272 273 273 243 102 103 104 104 104 104 106 106 106 108 109
a 644 86 76 76 77 78 77 76 77 78 79 78 68 74 64 75 75 64 64 75 64 64 64 75 76 77 78 79 80 79 79 79 79 79 79 79 69 79 79 79 78 79 69 39 40 39 40 40 40 40 40 39 40 39 40 39 40 39 40 39 40 39 40 39 40 40 40 61 61 60 60 247 249 249 248 255 241 242 273 273 272 272 271 270 262
a 50 5 5 127 130 127 130 124 124 124 124 130 124 130 127 130 124 12 12 127 130 124 130 124 130 124 124 130 124 124 123 123 122 155 122 123 123 11 123 11 12 12 127 128 117 117 128 129 129 132 129 146 146 139 162 145 145 140 145 144 145 144 143 144 144 143 144 156 156 149 43 38 43 149 43 57 57 58 65 47 42 32 30 30 30 50 28 28 66 253 66 253 66 253 66 216 215 216 215 219 213 214 213 214 214 214 214 214 214 214 218 218 206 218 206 218 210 107 107 107 107 107 107 107 108 109
a 112 11 12 12 11 12 11 12 3 12 11 11 12 127 130 124 124 12 12 3 1 0 29 56 29 0 8 7 7 56 29 56 29 202 197 196 197 196 197 196 197 170 169 169 169 172
a 763 117 118 118 118 118 118 118 118 118 129 129 146 146 157 146 146 139 162 145 140 139 162 148 163 148 148 163 148 163 148 157 146 139 162 145 144 144 143 158 143 27 27 27 143 149 43 57 43 57 57 58 65 65 65 47 42 47 42 42 32 31 33 14 14 33 31 193 31 32 30 50 59 60 62 62 60 247 247 247 247 249 97 249 249 249 249 248 254 254 248 255 248 254 254 254 248 255 241 255 241 242 273 273 273 273 273 243 102 103 104 104 104 104 98 98 107 107 107 107 107 108 205 175
a 537 75 75 75 75 75 75 75 64 74 74 74 64 64 64 64 75 75 75 75 75 75 75 75 64 74 74 64 74 236 74 74 74 236 236 236 236 236 74 64 64 64 64 64 75 64 64 64 75 75 64 75 64 64 75 75 64 74 74 74 74 236 236 236 74 74 64 75 64 64 64 64 74 74 74 74 74 74 74 236 236 235 234 63 63 63 63 63 233 240 240 240 240 233 233 233 240 240 233 233 240 239 256 237 265 237 237 237 237 237 237 265 238 264 276 272 272 272 272 272 272 273 273 243 102 103 103 103 103 103 103 100 99 98 107 107 108 106 106 106 106 106 106 106 106 106 106 106 115 105
a 1080 150 151 151 156 149 43 43 38 58 58 65 152 152 164 152 65 47 51 45 41 45 41 45 41 42 39 39 39 40 40 40 40 39 40 40 39 39 39 40 40 40 39 40 61 61 60 60 247 247 247 247 249 249 249 248 249 249 249 248 255 241 244 244 244 244 244 244 244 244 244 239 256 237 237 237 265 238 264 276 272 272 272 272 272 273 243 102 243 102 103 103 104 104 104 104 98 104 104 104 104 106 106 115 109
a 952 137 137 137 137 136 142 27 27 143 158 137 137 137 137 137 137 137 137 137 137 137 137 137 137 137 137 137 137 137 137 137 137 137 137 137 137 137 137 137 137 137 137 137 137 137 137 137 137 137 137 137 137 137 137 137 137 137 137 137 137 137 137 137 138 141 144 143 27 27 24 24 24 147 147 126 125 134 135 135 155 125 123 123 125 134 135 155 122 122 155 122 121 122 155 125 125 134 147 134 135 135 135 135 22 23 26 26 25 26 26 23 134 135 155 122 123 125 123 125 125 123 125 134 134 147 147 147 24 38 43 43 43 43 38 38 58 65 152 89 89 89 90 89 73 94 73 73 73 81 88 282 281 281 281 281 280 279 279 279 278 277 277 277 276 276 264 238 264 264 276 272 273 243 102 103 104 104 98 107 108 109
a 191 19 19 19 53 19 19 19 19 19 19 19 19 19 53 15 35 18 18 35 15 35 17 44 17 14 15 35 18 18 18 18 48 18 18 18 18 18 18 25 25 26 23 24 24 147 134 147 134 23 134 135 135 135 135 135 22 135 135 135 13 16 13 16 13 16 13 16 22 23 22 22 22 22 23 134 135 135 155 122 121 9 9 121 9 10 122 123 125 125 134 125 134 134 134 134 134 125 125 134 135 135 135 155 155 125 134 134 125 155 122 123 123 123 123 125 123 123 123 122 123 125 125 123 123 123 123 123 123 123 125 134 135 22 22 22 23 134 125 134 135 135 135 22 22 23 26 23 24 24 38 43 43 57 43 38 58 58 65 47 47 42 32 42 32 30 50 59 60 60 59 59 59 60 59 59 60 59 60 247 247 247 247 249 248 248 248 254 248 255 241 242 242 273 243 102 103 104 98 107 108 106 106 115 105
a 1062 148 163 148 163 148 157 146 146 139 148 148 139 148 163 153 156 151 156 156 156 151 156 156 144 143 27 24 147 134 135 22 23 26 23 26 25 18 18 18 18 16 18 25 18 18 18 48 18 18 16 22 135 135 135 135 22 22 22 22 22 22 23 134 134 135 135 155 122 121 9 1 1 1 3 3 12 11 12 127 127 127 130 124 130 124 130 124 130 124 124 130 124 124 124 130 136 126 125 134 135 155 122 155 122 155 122 123 125 125 134 23 26 25 18 18 18 18 25 18 25 25 26 23 24 24 24 38 58 65 47 47 42 32 30 50 28 28 28 66 253 66 253 66 216 215 174 168 205 175
a 1188 160 73 81 73 73 81 88 282 281 280 279 278 221 279 278 278 279 278 222 279 279 279 278 222 223 222 279 222 223 225 228 226 220 229 263 276 276 263 230 224 230 224 277 277 277 277 224 230 263 276 272 271 270 271 270 262 113 204
a 23 2 3 3 2 3 3 1 3 3 3 3 1 3 5 4 2 3 3 3 12 3 5 5 5 5 5 5 5 5 117 117 117 118 118 129 146 139 162 148 163 148 148 148 163 153 163 148 163 153 156 156 149 43 57 43 149 43 43 57 58 65 47 42 42 39 40 39 40 61 60 247 247 246 274 274 273 273 273 243 250 250 243 102 243 102 103 103 100 99 99 98 104 98 107 107 107 107 107 108 109 115 105 115 109
a 1250 194 55 55 55 194 55 194 194 55 194 55 194 33 31 193 193 193 192 192 192 191 191 119 191 119 195 119 191 119 191 119 195 196 197 196 197 197 196 195 119 195 119 191 119 191 119 195 119 191 119 195 201 198 200 177
a 713 93 92 92 92 92 92 92 92 92 92 92 92 92 92 92 92 92 92 92 92 92 92 92 92 92 92 92 92 92 92 92 92 92 92 92 92 92 92 92 92 92 92 92 92 92 92 92 92 92 92 92 93 96 93 96 93 96 93 94 73 94 94 94 94 94 94 94 94 73 81 88 282 282 281 281 281 280 266 267 267 266 266 280 279 279 279 279 279 278 277 224 230 263 238 264 264 264 276 276 276 272 272 273 273 273 273 273 273 272 271
a 535 75 75 64 64 64 75 64 64 64 75 75 75 64 64 75 76 85 83 83 83 83 83 84 84 84 82 82 84 82 84 82 84 84 82 266 266 280 266 280 279 278 278 277 224 238 264 238 238 265 238 238 238 264 276 263 263 230 230 230 224 230 224 277 277 276 272 273 273 272 273 243 102 103 103 103 103 103 103 103 103 103 103 103 103 103 103 103 100 100 100 100 100 100 99 98 98 99 98 107 107 107 108 108 109 115 105 114 270
a 801 122 122 121 9 1 3 12 127 130 127 130 127 130 124 124 130 124 130 124 130 124 124 130 124 124 130 124 124 12 11 11 123 123 125 134 135 135 22 23 24 24 38 58 65 65 47 42 47 42 32 42 47 42 32 30 50 28 28 66 253 66 253 66 216 215 219 215 216 215 216 215 216 215 174 168 205 205 175 176
a 1244 166 165 91 89 152 89 89 152 89 91 91 91 91 91 91 91 91 91 89 90 90 86 86 88 81 88 282 281 266 267 267 267 267 267 266 267 267 266 280 266 82 84 82 84 82 266 267 266 280 279 278 278 278 279 278 222 279 279 278 222 223 222 279 278 278 278 222 223 225 224 238 264 276 264 276 272 273 243 102 103 104 104 104 106 115 105
a 453 54 7 56 7 54 54 7 56 56 7 7 54 54 120 121 122 155 122 121 9 121 9 1 0 29 56 56 7 54 7 54 54 7 56 29 56 56 29 29 202 197 196 197 202 197 196 196 195 195 119 195 201 198 200 200 198 200 200 200 177
a 851 127 130 124 130 124 130 124 124 130 136 130 124 130 124 124 12 11 123 123 123 123 125 134 135 13 13 13 121 9 1 3 3 12 3 3 2 4 116 116 117 128 127 130 124 130 124 124 130 136 142 27 143 27 143 144 143 144 144 156 156 149 43 149 43 38 37 49 37 49 58 65 47 47 51 49 51 49 49 37 48 18 35 18 18 18 18 18 25 18 16 13 19 19 19 19 53 19 19 19 19 19 19 19 19 20 15 35 15 35 15 35 17 44 34 32 42 42 32 30 30 50 50 59 59 60 247 247 247 247 249 97 250 243 102 103 103 103 103 100 100 99 98 98 104 104 104 104 104 98 107 108 106 106 106 106 106 106 106 106 106 108 108 109
a 414 48 18 18 18 16 13 13 16 53 19 19 19 19 53 53 15 35 18 18 18 18 25 18 18 18 35 15 14 15 35 18 25 26 26 26 25 22 135 135 135 135 135 135 22 22 23 22 22 22 23 26 26 23 26 25 18 18 18 18 35 15 15 35 15 35 17 44 17 45 41 45 41 46 41 41 45 41 42 32 30 50 28 66 253 66 253 253 253 253 66 253 66 253 66 253 66 28 66 253 253 66 253 66 216 215 216 215 219 176 173 176
a 61 6 55 194 194 55 55 194 55 55 194 194 33 31 193 192 199 192 193 192 192 191 119 191 119 191 192 191 119 191 191 119 191 119 195 67 195 196 197 196 197 196 197 170 169 169 172 177
a 1059 147 147 126 136 130 127 127 130 136 130 124 124 124 130 124 130 124 130 127 5 3 3 3 3 3 1 0 29 202 29 56 72 146 139 140 139 162 148 157 146 139 162 145 140 139 148 163 148 163 153 153 156 156 149 43 57 58 58 65 47 42 32 30 50 50 28 66 253 66 253 66 216 215 174 168 168 205 175
a 1084 150 161 150 57 57 43 149 43 57 150 161 152 80 152 89 73 81 73 81 88 81 88 88 88 81 73 73 160 159 160 73 73 73 160 73 73 73 81 88 282 88 282 281 266 267 267 267 280 279 279 279 279 222 279 278 278 277 276 272 272 272 271
a 123 12 127 130 124 130 124 124 130 127 130 124 130 124 130 124 124 130 127 128 131 132 133 138 137 137 137 137 137 137 137 137 137 137 137 137 137 137 137 137 137 137 137 137 137 137 137 137 137 137 137 137 137 137 136 130 124 12 12 3 12 127 130 124 130 124 12 3 1 3 12 127 128 128 117 117 5 4 2 3 3 1 0 8 120 20 15 35 18 25 18 18 18 35 15 35 15 35 18 48 18 48 37 49 58 65 47 42 32 30 50 28 28 66 253 252 252 217 211 208 259 217 217 211 213 219 213 219 215 216 215 219 219 176
a 11 1 3 1 1 3 3 3 12 11 12 12 3 12 3 3 12 12 3 3 3 3 12 11 12 127 128 127 5 3 3 1 0 29 29 202 197 196 197 196 197 170 169 172 169 172 177
a 256 25 26 25 22 23 134 147 147 134 135 155 122 123 123 122 155 122 121 122 123 125 123 125 123 11 12 11 10 11 12 12 11 11 11 10 122 121 122 123 123 11 123 123 123 125 123 123 125 123 123 125 155 122 121 9 121 122 121 122 155 125 134 147 147 134 147 142 27 143 158 143 27 27 27 24 38 38 58 65 152 164 166 165 166 165 166 165 165 91 89 91 89 73 160 160 73 73 81 73 81 88 88 88 282 281 281 281 281 281 280 279 222 221 279 279 278 278 278 279 278 277 277 277 276 272 271 270
a 706 92 92 92 92 92 92 92 92 92 92 92 92 92 92 92 92 92 92 92 92 92 92 92 92 92 92 92 92 92 92 92 92 92 92 92 92 92 92 92 92 92 92 92 92 92 92 92 92 92 92 92 93 92 92 92 92 92 92 92 92 92 92 92 92 93 94 94 93 94 73 94 73 81 88 81 88 282 281 266 280 266 280 280 279 278 278 279 278 279 279 279 278 278 279 278 278 277 278 277 276 272 271
a 1295 280 266 267 267 266 280 266 280 279 279 222 223 225 228 228 228 226 226 220 229 229 263 276 276 272 273 243 102 103 104 98 98 104 104 98 104 104 104 104 98 104 98 104 104 98 98 104 106 108 109 115 105 115 105 115 105 115 105 115 109
a 817 123 123 125 134 147 142 27 143 158 137 137 137 137 137 138 137 137 137 137 137 137 137 137 136 130 124 130 124 124 130 127 5 5 3 3 3 3 12 11 11 123 123 123 123 123 125 125 123 123 123 123 125 123 123 125 123 11 12 127 128 128 131 132 129 146 146 146 139 140 145 145 144 156 144 156 149 43 149 43 149 43 38 43 57 43 43 57 43 38 58 65 47 42 47 47 47 47 47 42 32 32 32 42 47 47 47 42 42 32 30 28 66 253 253 66 253 253 66 253 66 253 66 253 66 253 253 66 253 66 216 215 216 215 216 215 216 215 219 176
a 930 135 135 135 135 135 135 22 22 135 155 122 121 122 121 122 121 9 9 1 1 3 3 2 4 116 4 4 116 4 2 4 116 4 116 116 118 118 129 146 139 162 145 140 139 148 163 148 163 163 148 163 153 156 144 143 149 43 38 37 49 51 45 275 275 246 247 247 247 247 60 247 249 249 97 250 250 250 250 250 250 250 250 250 250 250 250 250 250 250 243 102 243 102 103 100 100 100 100 99 98 104 104 104 98 104 98 107 107 107 108 106 115 105
a 989 140 133 132 133 138 137 137 137 137 137 137 137 137 137 137 137 137 137 137 137 137 137 137 137 137 137 137 137 137 137 137 137 137 137 137 137 137 137 137 137 137 137 137 137 137 137 137 137 137 137 137 137 137 137 137 137 137 137 137 137 137 137 137 137 137 137 137 137 137 137 137 137 136 126 126 125 123 123 125 125 123 125 155 122 122 123 123 123 123 11 12 12 127 130 124 130 136 126 124 130 124 130 124 124 130 124 130 136 130 124 123 123 123 123 125 134 125 155 155 155 122 121 9 1 3 3 3 3 1 3 1 1 0 8 9 121 120 54 54 120 8 9 9 9 9 121 122 121 122 155 122 121 120 20 15 35 17 17 45 41 45 275 275 275 275 275 275 275 275 275 45 45 41 42 32 30 50 50 28 66 253 253 253 253 66 253 66 253 66 216 215 216 215 219 219 176
a 337 38 58 65 47 47 42 39 39 39 40 40 40 61 61 60 62 60 247 247 247 247 247 247 246 274 273 273 273 273 243 102 103 104 104 104 98 104 104 104 104 98 99 99 98 98 99 210 218 206 206 218 218 218 210 218 206 218 210 210 107 107 108 109 171 184 171 109
a 1101 152 164 166 165 165 165 91 91 91 91 91 91 91 91 91 89 91 91 91 165 165 166 165 165 165 165 91 89 73 81 88 282 281 281 266 280 279 279 279 278 279 278 222 279 279 278 222 223 225 224 238 264 264 276 272 272 272 272 273 273 273 272 272 273 243 102 243 250 250 250 250 250 250 243 102 103 103 104 98 107 107 108 205 205 175
a 684 90 90 80 152 65 161 152 65 161 150 161 152 164 166 165 165 165 165 165 91 89 73 73 94 94 94 94 94 73 81 88 88 88 88 282 281 281 281 281 281 281 281 281 280 279 278 278 277 276 276 263 276 272 272 273 272 271 262 113 111 113 262 113 262 114 262 271
a 85 8 7 6 7 56 29 202 29 29 29 202 202 29 56 7 56 29 29 202 197 196 197 196 196 197 170 169 172
a 330 38 38 58 65 47 42 47 47 51 47 42 47 47 42 32 30 28 66 253 253 66 253 66 253 66 253 66 253 66 253 66 253 66 253 66 253 66 253 66 253 253 66 253 66 253 66 216 215 216 215 174 168 168 205 205 205 175
a 909 132 133 140 140 133 138 138 137 137 137 137 137 138 141 141 141 144 145 145 140 133 138 138 141 141 141 141 141 141 144 143 149 43 43 57 150 57 58 58 57 58 65 161 161 152 164 166 165 166 165 165 165 165 165 91 89 73 81 88 87 96 96 93 94 73 81 88 87 88 87 88 282 282 281 281 280 279 278 277 277 276 272 273 273 243 102 103 100 100 99 99 98 107 107 107 107 107 108 109
a 100 10 11 11 123 123 123 123 123 123 123 125 134 147 134 135 22 22 22 22 23 134 147 126 125 123 11 10 11 12 11 11 12 127 130 136 142 27 143 27 143 149 43 38 58 57 58 65 152 164 166 165 165 165 165 165 165 165 166 165 165 165 165 91 91 160 159 165 165 165 165 91 91 89 89 89 91 89 89 89 91 91 91 91 91 89 89 91 91 91 91 89 90 80 79 79 79 78 79 79 78 68 69 71 69 68 74 236 74 74 74 74 74 74 74 74 74 74 74 74 74 74 74 64 64 64 64 64 64 64 64 64 64 75 75 75 75 75 64 64 64 64 75 75 64 74 74 74 74 236 235 221 279 278 277 276 276 263 229 263 276 272 272 272 272 272 272 272 272 273 273 243 102 103 104 104 104 106 115
a 932 135 135 22 22 22 22 22 135 155 122 122 123 122 123 123 123 123 123 125 134 135 13 13 121 120 8 9 121 9 9 10 122 123 125 123 125 134 135 135 155 155 125 125 134 125 134 135 135 135 135 22 23 134 135 155 122 155 122 121 9 1 0 0 29 202 197 196 197 196 197 196 197 170 169 170 169 172 177
a 103 10 11 11 11 123 123 123 125 125 155 122 122 155 122 123 125 123 123 123 125 123 123 125 123 123 123 125 155 122 155 155 155 122 122 123 125 123 123 123 123 123 123 125 155 122 155 122 123 123 123 125 123 125 123 123 123 122 10 11 11 12 12 3 3 12 127 130 127 130 124 12 12 127 127 130 127 128 129 146 146 139 140 145 140 139 148 163 148 163 153 156 149 43 57 43 57 150 57 43 149 43 57 43 38 58 57 58 65 47 42 47 42 42 32 30 30 50 59 59 60 247 247 249 97 97 250 250 250 250 250 250 250 250 250 250 250 250 243 102 101 101 100 100 99 98 99 98 99 98 107 107 108 109 115 105
a 364 43 149 43 149 43 57 58 58 49 37 49 49 51 45 41 45 41 46 47 42 32 31 31 31 32 30 30 50 28 28 66 253 253 253 253 66 253 66 253 253 66 253 253 253 66 253 66 253 66 216 215 216 215 174 168 205 205 175 176 173 177 172 177 172
a 1245 166 165 165 165 165 166 165 165 165 166 165 165 166 165 166 165 159 165 165 165 165 166 165 166 165 165 166 165 165 91 91 91 91 165 165 91 91 91 160 91 91 91 91 89 89 91 91 91 160 73 73 94 94 94 73 73 94 94 73 73 73 81 73 73 73 81 88 282 282 282 281 281 281 281 281 281 281 281 281 281 280 279 278 278 277 277 276 272 273 273 273 272 271
a 978 139 162 145 145 145 145 144 143 27 27 143 143 27 143 27 27 143 158 137 137 137 137 137 137 137 137 137 137 137 137 137 137 137 137 137 137 136 126 126 147 147 142 142 147 126 125 123 123 123 125 125 123 123 123 123 122 122 123 125 134 135 22 135 22 135 13 121 122 123 123 123 123 122 123 123 122 122 155 125 155 155 122 121 120 120 54 21 20 15 15 35 17 45 41 46 41 42 32 30 30 30 50 28 66 253 253 66 253 66 253 66 253 253 253 66 253 66 253 66 253 253 252 253 66 253 66 216 215 174 168 168 168 174 168 168 168 168 205 175
a 577 79 78 68 78 79 79 79 79 78 77 70 234 63 234 63 63 63 63 234 63 234 63 233 233 233 233 71 69 39 40 40 40 39 40 39 39 39 40 39 40 40 40 61 61 60 62 62 60 62 62 62 60 59 59 60 60 59 59 59 59 59 59 60 59 59 60 60 247 246 247 247 247 247 249 97 250 250 250 250 243 102 101 100 100 99 98 107 107 108 106 115 105 115
a 82 8 8 9 121 9 1 3 1 3 3 3 3 3 3 3 12 12 12 3 12 3 1 0 8 9 1 3 1 3 3 3 1 1 0 0 0 0 29 29 202 29 29 56 29 202 197 196 195 196 197 170 169 169 172
a 881 130 136 142 147 147 147 142 147 134 147 134 135 155 155 122 121 122 122 123 125 134 135 135 135 155 122 121 9 9 1 3 12 127 127 130 136 126 125 134 134 135 135 135 135 135 135 13 16 13 16 13 13 19 19 19 53 15 35 17 14 15 35 17 45 41 45 41 46 35 15 14 14 14 33 14 33 31 33 14 33 33 31 31 36 36 36 36 31 193 31 36 36 36 36 36 52 36 36 52 30 50 28 66 253 66 253 66 253 253 66 253 253 66 253 253 66 253 252 217 211 213 214 209 210 107 108 109 115
a 1123 154 154 95 154 95 154 95 154 154 95 154 95 95 154 151 156 149 43 57 43 38 37 49 37 49 37 49 58 65 47 42 32 42 32 30 50 28 28 66 216 215 216 215 216 215 216 215 219 176
a 636 85 85 83 83 83 83 83 83 83 83 84 82 84 84 82 84 82 84 82 84 82 84 82 266 267 267 266 267 266 267 280 266 280 266 280 279 278 222 223 225 224 238 264 264 276 272 272 272 272 272 273 273 273 273 274 274 273 273 243 102 103 100 100 99 98 104 104 110 104 104 106 115 105
a 1193 161 152 164 152 65 65 152 65 47 42 32 30 28 28 28 28 28 28 28 28 28 28 28 28 28 28 28 28 28 28 28 28 28 28 28 28 66 253 66 253 66 28 66 253 253 253 253 253 66 253 253 66 253 253 253 253 66 253 253 66 253 253 253 66 253 253 66 253 66 253 66 253 66 253 252 217 211 213 214 209 209 214 209 210 210 210 107 107 107 108 109
a 233 23 26 25 22 22 23 24 38 58 57 43 38 37 37 49 58 58 65 47 46 47 42 32 30 50 28 28 28 28 28 28 28 28 28 28 28 28 28 28 28 28 28 28 28 28 28 66 253 253 253 66 253 253 253 66 253 66 253 253 253 66 253 66 253 66 28 66 253 253 66 216 215 216 66 253 253 252 252 253 253 66 216 215 219 176
a 920 134 134 135 135 155 122 121 13 16 53 15 35 17 44 17 45 41 42 42 32 32 42 47 51 45 41 46 46 47 42 42 39 40 40 39 40 61 60 247 247 247 247 247 247 247 247 247 60 59 60 247 247 247 247 247 249 249 248 255 241 242 273 243 250 250 250 250 250 250 243 250 250 250 250 250 243 102 103 103 103 103 103 103 103 103 103 103 103 100 100 100 99 98 99 98 107 206 218 210 210 107 107 107 107 108 109 115 105
a 1113 153 153 153 153 153 156 156 149 43 38 38 58 65 152 164 152 164 152 65 152 65 47 47 42 32 30 28 28 28 28 66 253 66 253 66 28 66 253 253 253 66 253 66 253 66 253 66 253 253 253 253 66 253 253 253 66 216 215 216 215 174 168 168 168 168 205 175
a 506 65 152 164 152 164 166 165 166 165 165 165 165 165 165 165 165 166 165 165 166 165 165 165 166 165 165 165 165 165 165 166 165 91 160 73 81 88 88 87 88 88 88 88 88 282 281 281 281 280 266 267 267 266 267 267 267 267 266 267 267 267 267 266 267 266 82 84 82 84 82 84 82 84 82 82 84 82 82 84 82 266 82 266 267 280 266 280 279 278 222 279 278 278 277 276 272 272 272 273 243 102 243 102 103 104 104 106 115
a 307 34 44 34 44 17 14 33 14 15 35 17 45 45 41 42 42 32 30 30 50 50 28 28 28 66 253 66 28 28 28 28 28 28 28 28 28 28 28 28 28 28 28 28 28 28 66 216 215 174 215 174 173 177
a 741 96 93 96 93 94 93 92 92 92 92 92 92 92 92 92 92 92 92 92 92 92 92 92 92 92 92 92 92 92 92 92 92 92 92 92 92 92 92 92 92 92 92 92 92 92 92 92 92 92 92 92 92 92 92 92 92 92 92 92 92 92 92 92 92 92 92 92 92 92 92 92 92 92 92 92 92 92 92 92 92 92 92 92 92 92 92 92 92 92 92 92 92 92 92 92 92 92 92 92 92 92 92 92 92 92 92 92 92 92 92 92 92 92 92 92 92 92 92 92 92 92 92 92 92 92 92 92 92 92 92 92 92 92 92 92 92 92 92 92 92 92 92 92 92 92 92 92 92 92 92 92 92 92 92 92 92 92 92 92 92 92 92 92 92 92 92 92 92 92 92 92 92 92 92 92 92 92 92 92 92 92 92 92 92 92 92 92 92 92 92 92 92 92 92 92 92 92 92 92 92 92 92 92 92 92 92 92 92 92 92 92 92 92 92 92 92 92 92 92 92 92 92 92 92 92 92 92 92 92 92 92 92 92 92 92 92 92 92 92 92 92 92 92 92 92 92 92 92 92 92 92 92 92 92 92 92 92 92 92 92 92 92 92 93 94 73 73 81 88 88 282 281 280 279 278 278 278 277 278 277 224 238 238 238 238 238 264 276 263 263 238 238 264 264 276 264 276 272 271 262 114 271
a 581 80 79 79 69 79 78 79 79 79 69 79 79 79 79 78 79 78 79 79 79 79 80 90 90 80 90 86 86 86 88 282 281 281 281 281 280 266 267 266 280 266 267 267 267 266 82 84 82 84 82 82 84 82 266 267 266 267 267 267 267 267 267 267 266 82 266 82 84 82 266 280 279 279 279 279 279 222 223 222 223 225 224 238 264 276 276 272 271
a 121 12 12 12 12 12 127 128 131 132 133 132 132 129 146 139 162 145 140 145 140 133 140 139 140 133 140 133 132 133 138 141 144 156 156 149 43 57 43 149 43 43 38 38 58 65 47 51 49 58 65 161 161 161 152 161 150 151 156 156 156 156 156 144 143 27 27 143 149 43 43 149 43 38 58 65 152 65 47 51 48 45 41 46 47 42 32 30 30 50 59 59 59 60 60 60 59 59 59 59 60 59 60 59 59 60 247 249 97 250 243 102 103 104 98 107 107 108 106 106 115 105
a 1302 281 281 266 267 266 267 266 280 266 280 266 266 280 266 280 266 267 266 280 266 267 280 266 267 267 266 82 84 82 266 280 281 281 281 281 281 281 281 280 279 279 278 222 221 222 279 278 277 277 277 276 276 272 272 272 273 243 102 103 103 100 100 100 99 98 107 107 107 107 108 109 115 105 115 105 115 105 115 105 115 105 115 105 115 109
a 1038 145 145 140 139 162 162 148 163 148 148 163 148 139 162 145 144 143 27 143 149 43 149 43 43 38 37 37 49 58 65 47 47 51 49 37 48 45 41 46 47 47 42 32 42 47 47 42 32 30 30 50 28 66 253 253 253 66 253 253 66 253 253 66 253 66 253 253 252 217 259 217 259 232 231 231 231 245 275 275 275 275 275 275 275 275 275 246 274 274 273 273 273 273 273 273 273 273 273 243 102 103 104 104 98 104 106 115
a 1082 150 57 57 150 57 43 38 37 49 58 65 47 47 47 47 47 42 32 42 32 31 193 193 192 192 191 119 195 195 119 191 191 191 119 195 196 197 196 197 196 197 196 197 170 169 169 170 169 169 169 172
a 1065 148 163 148 148 139 162 145 144 143 149 43 57 58 58 57 57 43 149 43 43 149 43 57 57 150 161 150 149 43 38 43 57 150 161 150 57 150 161 161 150 57 43 57 150 161 150 151 156 156 144 143 27 24 147 142 27 143 27 24 38 43 57 58 65 47 42 42 32 31 193 192 191 119 195 195 195 119 191 119 191 191 119 191 119 195 119 191 119 191 119 191 119 191 119 191 119 195 195 201 198 201 198 201 195 119 195 67 66 253 253 252 253 253 66 216 215 219 176
a 842 126 126 125 123 125 134 135 135 135 135 135 135 135 22 23 24 38 37 49 49 37 48 37 48 45 41 45 51 45 41 46 47 42 32 30 28 28 28 28 28 66 253 66 253 66 253 66 253 66 253 253 66 253 253 66 216 66 253 253 66 216 215 219 176 175 205 205 205 175
a 869 128 128 128 127 130 124 130 124 124 12 12 11 12 3 3 12 12 127 127 5 5 3 12 127 128 127 5 5 127 5 127 130 127 130 124 130 124 12 127 130 124 130 124 130 124 130 136 130 127 128 129 146 139 162 145 145 144 144 143 144 143 27 143 149 43 38 58 57 150 57 58 49 58 65 152 65 47 47 42 32 32 32 31 36 36 31 193 193 192 192 192 191 119 195 195 119 191 119 191 191 119 191 119 191 119 195 119 191 119 191 119 191 119 195 201 198 201 198 198 200 198 200 198 200 177
a 1227 164 166 165 91 89 152 65 152 89 90 77 77 78 68 74 74 74 236 70 71 69 71 69 68 78 79 69 39 39 39 39 40 40 61 61 61 61 60 60 60 247 60 60 59 59 59 60 247 247 246 274 274 246 274 274 274 245 275 275 275 246 274 273 273 243 250 250 243 102 243 250 250 250 250 250 250 243 102 103 104 106 106 106 106 106 106 106 106 106 106 106 106 106 106 106 106 106 106 106 106 106 106 106 106 106 108 109
a 264 26 25 26 25 26 23 22 22 135 155 122 123 11 12 11 12 127 130 136 142 147 142 158 137 137 137 137 137 136 130 124 123 123 122 122 123 123 11 12 127 130 127 128 128 131 132 129 146 139 140 133 140 133 138 137 137 137 137 137 137 137 137 137 137 137 137 137 137 137 137 137 137 137 137 137 137 137 137 136 126 125 134 135 13 13 16 22 22 135 135 13 121 122 122 121 9 9 9 1 0 29 202 29 0 8 9 9 1 0 8 9 1 3 3 12 127 130 127 130 124 130 124 130 124 124 130 136 142 27 143 143 27 143 27 27 27 27 143 143 143 158 158 137 137 137 137 137 137 137 137 137 137 137 137 137 137 137 137 137 138 141 141 141 144 143 143 149 43 38 37 49 51 49 58 65 47 42 32 42 47 42 42 32 30 30 50 50 50 28 66 253 253 66 216 215 219 219 176
a 699 91 91 160 159 160 91 165 91 91 91 165 165 165 165 165 165 165 165 165 159 160 91 89 152 65 65 47 51 49 58 57 43 149 150 161 161 152 152 89 152 164 166 165 91 89 91 91 160 73 81 88 88 282 281 281 281 280 279 278 278 279 278 277 277 276 272 273 273 243 102 243 102 103 104 106 115
a 250 25 18 25 26 25 18 18 18 18 48 45 41 46 35 15 35 15 35 17 45 41 46 35 17 14 15 15 35 18 35 18 25 22 22 135 135 135 135 22 135 135 135 135 22 23 24 27 27 143 27 24 38 43 57 43 149 43 57 58 65 65 161 152 161 150 57 43 57 43 149 43 57 43 38 58 65 152 80 90 77 77 76 76 75 75 75 75 64 64 64 64 74 74 74 74 74 64 64 64 75 75 75 76 76 85 85 83 84 82 84 82 266 267 266 267 267 267 267 267 267 266 82 266 266 280 279 278 222 223 222 223 225 228 227 110 112 112 112 112 110 112 110 104 104 104 104 104 104 104 104 106 115 105
a 861 128 128 117 117 5 3 1 1 3 1 3 1 3 3 12 3 2 3 3 1 3 12 12 12 127 128 131 132 133 138 137 137 137 137 137 137 137 137 137 136 130 124 130 127 130 124 124 130 124 124 12 12 127 130 124 130 124 130 127 130 124 130 124 130 124 12 127 130 127 5 5 4 4 116 4 116 117 118 118 118 118 118 129 129 129 132 132 133 138 141 141 144 144 145 140 139 140 145 145 144 156 149 43 38 43 43 149 43 38 37 48 18 18 48 18 18 48 18 18 48 18 18 18 35 15 14 17 45 51 49 51 45 275 246 274 274 274 274 274 274 273 273 243 102 102 243 250 250 250 250 250 243 102 103 104 104 104 104 104 104 104 98 99 99 98 104 104 104 104 104 106 115 105 115 105
a 1180 160 91 91 91 91 165 165 165 165 166 165 165 166 165 166 165 165 165 165 165 91 91 165 91 91 165 91 91 89 89 152 164 152 152 89 90 86 86 86 86 86 86 90 89 73 81 88 282 281 281 280 279 278 278 278 279 279 278 278 278 278 277 224 238 264 238 238 224 230 263 263 263 229 229 263 276 272 273 273 273 243 102 243 102 103 104 106 106 106 106 106 106 106 106 115 109
a 265 26 26 23 26 25 22 22 22 23 24 38 58 65 47 42 32 30 50 28 66 253 66 253 66 253 253 253 66 253 66 253 253 253 253 253 66 253 253 66 28 66 253 253 66 253 66 253 66 253 66 253 66 253 253 66 253 66 253 66 253 253 66 216 215 216 215 219 215 219 176
a 185 18 18 16 13 16 13 19 19 19 53 15 35 15 35 15 35 15 35 17 44 34 32 30 30 28 28 66 216 66 253 253 253 253 66 253 253 66 253 66 253 66 28 28 66 28 66 253 66 216 215 219 176 173 177
a 567 78 79 69 71 69 39 40 39 39 40 39 39 40 61 60 59 60 59 59 60 62 62 62 62 62 60 59 60 247 249 248 248 255 241 244 244 244 244 244 244 244 244 244 244 244 244 239 247 247 247 247 249 249 247 247 249 97 249 249 249 97 250 250 250 243 102 243 102 103 104 104 98 107 107 108 109
a 180 18 18 18 18 48 45 51 49 49 58 65 47 42 47 47 42 32 30 30 50 28 28 28 28 28 66 253 66 253 66 253 253 66 253 66 253 66 28 28 28 28 28 28 28 28 28 66 253 66 253 66 253 253 253 253 252 252 217 259 259 259 232 231 231 231 232 231 231 251 231 251 231 245 231 231 231 245 231 245 274 246 274 273 243 102 103 104 104 106 106 115 105
a 585 80 79 78 79 78 68 74 74 74 236 74 74 74 64 64 64 64 75 76 75 64 64 75 64 64 64 64 64 64 64 75 75 64 64 64 75 64 64 64 75 75 75 64 64 75 75 64 75 64 64 75 64 64 64 64 75 64 64 64 75 75 64 64 64 64 64 64 64 64 74 74 74 64 74 74 236 235 221 221 278 279 278 279 278 221 279 222 223 225 223 225 224 230 263 263 238 264 276 272 272 272 271
a 182 18 35 15 15 15 35 17 14 15 35 15 35 15 15 15 15 35 17 44 17 14 15 35 15 35 17 44 34 44 17 44 34 33 33 14 15 14 15 14 44 17 44 17 44 17 14 44 17 45 51 45 51 45 41 46 35 15 35 18 48 18 18 16 13 121 122 122 155 122 155 122 155 122 122 155 155 122 121 122 155 122 155 122 123 123 122 122 121 122 155 122 121 120 54 7 56 29 202 197 196 196 196 195 196 197 170 170 169 172
a 328 37 49 51 48 45 41 41 46 35 15 35 17 45 41 45 51 48 18 18 18 35 15 14 14 33 31 36 36 31 31 33 31 33 33 31 36 52 36 52 36 36 52 36 52 36 52 36 36 36 36 52 36 52 36 36 31 32 30 50 28 30 50 50 59 60 59 60 60 60 62 60 247 247 246 247 247 247 247 247 247 247 247 247 247 247 247 247 247 247 247 247 247 247 247 247 247 249 97 250 250 250 243 102 103 104 104 104 104 104 104 106 106 106 106 106 106 106 106 106 106 106 108 106 108 108 109
a 905 132 133 138 137 137 137 137 137 138 137 137 137 137 137 137 137 137 137 137 137 137 137 137 137 137 137 137 137 137 137 137 137 137 137 137 137 137 137 137 137 137 137 137 137 137 137 137 137 137 137 137 137 137 137 138 141 141 144 143 158 158 142 158 142 158 137 137 137 137 137 137 137 137 137 137 137 137 137 137 137 137 137 137 137 137 137 137 137 137 137 137 137 137 137 137 137 137 137 137 137 137 137 137 137 137 137 136 126 125 134 134 135 135 135 22 22 22 23 134 125 123 125 155 122 155 122 155 122 122 123 125 134 125 123 125 123 125 125 123 125 123 123 123 125 123 125 123 123 11 12 127 5 117 118 129 129 146 146 146 139 162 145 144 144 144 144 156 156 144 145 140 133 132 133 140 140 145 140 139 162 145 145 145 140 133 138 137 138 141 141 144 144 145 144 143 149 43 38 58 58 65 47 42 39 40 40 39 40 40 61 40 61 60 247 247 60 60 59 60 59 59 60 62 62 62 62 62 62 60 247 247 247 247 247 247 247 247 247 247 246 247 247 247 249 249 97 250 250 250 250 250 250 243 102 101 101 102 103 104 106 115 105 115 105 115 105
a 830 125 123 125 134 135 135 135 135 22 23 26 25 26 23 134 135 22 22 135 155 155 122 122 123 123 123 123 123 125 123 123 123 125 123 123 123 123 123 125 134 147 134 147 147 134 125 134 135 22 22 22 22 23 24 38 43 43 57 150 161 152 89 89 89 90 80 80 90 77 77 77 77 76 76 85 83 84 84 82 82 84 82 266 280 279 278 222 223 222 223 222 279 278 222 223 225 224 230 224 230 224 230 224 238 264 276 276 276 272 272 272 273 273 243 250 243 102 243 102 101 102 103 104 104 104 104 104 104 106 106 115
a 604 82 84 84 82 266 82 266 267 280 266 267 267 266 267 267 280 280 281 281 280 266 266 82 266 280 281 281 266 280 266 280 281 280 279 278 277 276 272 272 272 273 273 243 102 101 102 102 103 103 103 103 103 103 103 103 103 103 100 99 98 98 99 210 218 210 107 108 106 106 115 105 115 105 115 105 115
a 1004 142 158 143 27 143 27 143 149 43 38 37 49 58 58 57 43 57 43 57 58 57 150 57 43 43 149 43 38 58 65 47 42 47 47 42 32 42 42 32 30 30 50 28 66 253 66 253 66 216 215 219 213 214 214 214 214 214 218 218 206 218 210 107 108 109 171 184 171 109 115 105
a 89 8 9 1 0 29 56 72 72 118 129 146 146 139 162 148 139 148 163 148 148 148 163 163 148 163 163 153 163 148 139 162 145 144 156 149 43 149 43 149 43 43 149 43 38 43 149 43 43 149 43 38 58 57 58 65 47 42 32 30 50 28 28 66 216 215 216 215 216 215 219 176 173 176 173 177
a 734 95 154 154 154 95 154 154 154 95 154 95 154 154 151 156 149 43 43 43 57 58 65 152 164 152 65 47 42 39 39 39 39 40 40 40 39 40 39 40 40 40 39 40 40 61 60 59 59 59 60 59 60 62 62 62 62 62 60 247 247 247 249 97 101 100 100 100 100 100 100 99 98 99 99 98 104 98 107 107 107 107 107 107 108 109
a 1141 156 156 156 156 151 156 156 149 43 149 43 38 43 149 150 57 43 149 43 57 43 57 43 149 43 57 43 43 43 149 43 149 43 43 149 150 161 161 150 57 43 57 43 149 43 149 43 38 37 49 49 58 57 150 151 150 151 156 149 43 43 57 150 57 58 65 65 152 65 47 47 42 32 30 30 30 50 28 28 28 28 28 28 30 50 28 66 253 253 253 66 253 66 253 66 253 253 66 28 66 253 66 216 215 219 215 174 173
a 639 85 76 85 76 76 76 75 64 75 64 64 64 64 64 75 75 75 75 64 75 64 64 64 75 75 75 64 64 64 64 75 64 75 64 64 64 64 75 64 75 64 75 75 64 64 64 75 75 64 75 64 64 64 64 64 64 64 75 75 75 75 64 64 64 64 64 64 75 75 75 75 64 74 74 74 74 74 74 74 74 74 74 74 74 74 74 74 74 74 64 75 75 64 64 75 75 75 64 64 75 64 75 64 64 75 76 85 83 83 84 82 266 280 266 280 279 279 278 279 222 223 225 224 238 264 276 263 229 263 229 220 229 263 263 276 276 272 271 270
a 536 75 64 75 64 64 74 74 74 74 74 74 236 236 236 74 236 236 74 74 74 64 64 75 76 76 77 77 76 75 64 64 74 74 74 74 74 74 236 74 74 236 235 237 265 265 237 265 237 237 237 265 237 265 238 264 276 272 273 273 273 273 273 273 273 273 273 243 250 250 250 250 243 250 250 250 250 243 102 103 104 98 104 106 106 106 106 106 106 106 106 106 106 106 106 108 109 115 109
a 940 136 130 124 124 130 124 130 124 12 3 3 3 3 1 0 8 9 9 121 120 8 9 121 120 8 9 121 13 13 16 13 121 122 155 122 155 122 123 123 125 134 125 134 135 135 155 122 155 122 155 122 123 122 121 122 155 122 155 122 123 125 134 147 142 27 24 24 38 38 58 65 47 42 42 42 32 31 193 192 191 119 195 201 198 198 200 198 200 198 200 198 201 198 200 200 200 200 198 201 198 200 198 198 200 198 201 198 200 198 200 200 200 198 201 198 200 177
a 720 94 73 73 81 88 282 281 266 82 84 82 266 267 266 267 280 280 281 280 266 280 266 280 279 278 279 278 278 278 277 276 276 276 263 229 229 229 220 229 229 229 229 263 276 276 263 238 264 276 272 273 243 102 243 102 243 250 250 250 250 250 250 250 250 243 102 101 100 100 100 100 100 100 100 100 100 99 98 99 99 98 98 107 108 205 205 205 175
a 863 128 127 130 124 130 124 130 124 124 124 130 136 142 142 158 143 27 143 149 150 151 156 156 149 43 38 43 57 150 161 150 57 43 149 43 149 43 57 57 58 65 47 42 32 30 30 28 66 253 66 253 66 253 66 253 252 217 217 217 217 211 208 209 214 214 209 100 100 99 98 99 98 99 98 99 98 107 108 106 115 105 114 270
a 99 9 9 8 9 121 122 123 123 123 123 123 123 123 123 123 123 123 123 123 123 123 123 125 134 147 126 126 126 125 123 125 123 122 121 122 155 122 121 13 19 53 15 15 35 18 16 13 121 9 121 9 1 3 1 0 1 1 1 0 0 29 202 197 196 197 196 197 196 197 170 169 172
a 574 79 79 69 71 69 71 69 79 79 69 69 68 78 79 79 78 79 78 77 77 76 77 77 78 68 69 79 80 79 79 79 69 68 69 71 69 69 79 78 77 77 78 77 70 70 71 69 71 69 71 69 39 39 40 61 61 60 247 246 274 274 274 274 273 273 273 273 273 243 102 103 104 104 106 106 106 115
a 1034 145 140 139 162 145 145 140 145 145 140 133 138 141 144 145 145 145 140 133 138 138 137 137 137 137 137 137 137 137 137 137 137 137 137 137 137 137 137 137 137 137 137 137 137 137 137 137 137 137 137 137 137 137 137 137 137 137 137 137 137 137 137 137 137 137 137 137 137 137 137 137 137 137 137 137 137 137 137 137 137 137 137 137 137 137 137 137 137 137 137 137 137 137 137 137 137 137 137 137 137 137 136 142 27 143 143 149 43 57 58 65 47 47 42 39 40 39 40 39 40 39 40 40 40 40 61 60 247 247 247 247 246 274 275 275 275 275 275 275 246 274 274 274 274 274 274 274 274 274 274 273 272 272 273 273 273 273 273 273 243 102 101 101 102 103 103 103 100 99 99 99 98 99 99 98 107 107 107 108 109 115 105 115 105 115 109
a 1107 152 161 161 150 161 150 57 58 65 152 89 90 90 90 77 77 77 76 77 78 68 69 79 78 79 79 69 39 40 40 39 40 61 60 59 60 59 60 59 60 60 62 60 247 247 247 247 249 97 250 250 250 243 102 101 101 101 100 100 100 100 100 100 100 99 98 98 104 104 104 98 104 104 104 104 104 98 99 98 107 108 106 115
a 809 122 155 122 123 123 123 125 125 125 123 123 123 125 134 134 135 22 23 134 147 142 158 158 141 141 140 133 138 137 137 137 137 137 137 137 137 137 137 137 137 136 136 130 124 130 124 130 124 130 124 130 124 130 136 130 124 130 127 130 127 5 3 3 1 3 3 1 3 12 12 11 10 122 155 122 121 13 121 122 121 120 20 15 14 14 33 31 33 31 36 31 31 31 36 52 36 52 30 50 28 66 253 66 253 66 253 66 253 66 253 66 253 66 253 66 216 215 174 168 205 175
a 825 124 130 124 130 127 130 127 128 131 138 141 140 139 162 145 145 144 144 144 143 143 144 143 143 149 43 149 43 57 43 57 58 65 47 42 47 47 47 42 47 42 47 42 42 32 42 32 42 42 32 30 50 28 66 216 66 253 66 253 66 253 253 66 216 215 216 215 219 176 175
a 231 23 26 26 23 134 135 155 122 155 122 123 123 122 155 122 122 155 122 123 123 123 123 123 11 123 123 123 125 125 123 123 11 12 3 3 3 12 127 127 5 3 3 3 1 3 1 0 29 56 29 29 29 56 29 29 202 29 202 197 196 197 197 197 196 195 195 195 119 195 119 191 119 195 201 198 201 198 198 200 177
a 1207 162 145 140 139 162 145 145 144 156 149 43 57 150 57 43 38 43 57 43 57 150 161 161 161 150 161 150 57 150 161 150 161 152 80 79 79 79 78 68 69 39 40 40 40 39 40 39 40 39 39 40 39 40 61 40 39 40 40 61 40 61 60 62 62 62 62 60 247 247 247 246 274 273 243 102 243 102 243 102 243 102 103 104 106 115 105 115 109
a 1055 147 134 135 135 135 155 122 122 122 121 9 10 10 122 123 125 123 123 123 123 125 123 123 123 123 125 125 123 11 10 11 123 123 125 123 125 134 147 134 135 22 135 13 19 19 19 19 53 15 14 15 35 18 48 18 18 16 13 16 13 121 9 10 122 123 123 123 123 11 12 12 127 130 124 130 124 130 124 130 136 142 27 24 27 24 38 37 49 37 49 51 45 275 275 246 274 274 273 243 250 250 250 250 250 250 250 250 250 250 250 250 250 250 250 243 102 103 103 103 103 103 103 103 103 103 103 103 103 103 100 99 98 107 107 107 206 206 218 210 210 107 206 218 210 107 108 108 106 115 105
a 803 122 122 155 122 121 13 16 22 22 23 134 135 135 22 22 135 135 22 23 134 135 13 121 9 1 0 0 8 9 121 122 155 122 155 122 122 155 125 125 134 135 13 121 122 121 122 155 122 155 122 155 122 155 122 123 123 125 123 123 123 123 123 123 123 123 125 125 134 147 147 24 38 37 49 51 45 45 275 275 246 274 273 273 273 273 272 273 243 102 243 250 250 250 250 250 250 250 243 102 243 102 243 102 103 104 104 104 98 99 98 104 104 110 112 112 110 112 111 106 115 109
a 518 72 72 56 56 29 29 56 72 56 29 29 29 29 29 56 29 202 29 29 29 29 56 29 29 29 202 29 56 72 72 56 56 29 202 197 170 169 169 170 169 169 172 177
a 155 15 35 15 35 15 35 17 45 41 46 35 15 35 17 44 17 44 34 44 34 33 14 33 33 14 14 17 45 45 41 45 41 45 45 41 42 32 30 30 50 50 28 66 253 66 253 66 253 66 253 66 253 253 253 253 253 66 253 66 253 253 66 253 66 253 66 253 66 253 66 216 215 216 215 219 213 219 213 214 209 210 210 107 108 109
a 994 141 140 139 162 145 140 139 162 139 162 139 140 133 140 145 144 144 156 149 43 43 38 43 57 43 149 43 149 43 38 43 38 38 43 149 43 149 43 149 43 43 149 43 43 149 43 149 43 149 43 38 43 149 43 43 57 57 58 65 65 47 42 32 32 30 30 50 28 66 253 66 253 66 253 66 28 66 253 253 66 253 66 253 66 253 66 253 253 66 253 66 216 215 219 176 173
a 24 2 4 116 116 4 116 116 116 116 4 116 4 5 5 5 3 1 0 8 9 1 0 29 29 29 202 202 197 196 196 197 196 197 196 197 196 195 119 195 201 201 198 201 198 200 198 200 177
a 238 23 134 125 134 135 135 135 135 135 155 125 125 134 135 135 155 125 123 123 123 123 123 123 123 123 125 123 123 123 123 11 12 127 130 124 12 127 5 3 1 3 3 12 127 130 124 124 130 127 130 124 130 124 130 124 130 127 130 124 124 130 124 130 124 130 124 130 127 127 130 136 142 27 143 27 24 38 43 43 43 38 43 43 43 149 43 149 43 149 43 57 150 149 43 43 43 149 43 149 43 43 43 149 43 149 43 149 150 161 152 65 47 47 42 32 30 50 28 66 253 253 66 253 253 252 252 217 211 211 213 207 212 212 212 212 212 207 217 217 211 213 219 176 173 176
a 786 120 8 0 29 56 29 29 29 29 29 202 29 202 202 202 197 196 197 202 202 197 196 195 201 198 200 200 177 172 169 172
a 1151 157 148 139 162 162 145 145 140 133 140 133 138 141 141 144 145 140 133 138 138 141 144 143 27 27 143 144 144 144 144 143 149 43 149 43 38 43 43 57 57 58 65 47 42 32 31 36 52 36 52 36 52 36 36 36 36 31 32 30 50 50 59 60 59 60 62 60 62 62 62 60 62 62 62 62 62 62 62 62 60 60 62 60 59 60 59 60 60 59 60 247 247 247 247 247 249 249 249 248 248 249 247 247 247 247 246 247 247 247 246 274 245 275 274 274 274 274 274 274 274 274 274 273 273 273 273 273 243 102 102 103 104 106 115 105
a 84 8 7 56 7 7 6 7 54 7 6 7 7 7 54 120 121 122 121 122 155 122 121 122 155 155 122 123 123 123 123 125 134 23 134 135 13 13 13 121 9 121 120 8 8 0 8 7 56 72 72 146 139 162 145 145 140 145 145 140 139 162 148 163 148 148 163 148 163 148 139 140 139 162 145 140 139 148 148 148 148 163 153 156 144 143 149 43 38 37 37 49 49 49 37 49 58 65 65 65 47 42 47 51 45 45 275 246 274 274 273 273 273 272 272 273 273 243 102 103 104 106 106 106 108 106 115
a 903 132 129 128 127 5 3 3 1 3 12 3 12 3 3 12 12 127 130 124 130 124 130 124 130 124 12 127 130 136 136 130 124 12 12 12 127 130 124 130 124 130 124 130 124 124 124 130 136 130 124 130 124 124 130 124 124 130 136 136 130 127 130 124 130 124 12 12 11 10 11 12 12 11 12 12 3 3 12 12 12 3 1 0 8 0 29 56 29 56 72 146 139 162 145 144 144 156 156 156 156 149 43 149 43 57 58 58 65 47 47 42 47 47 42 39 40 39 39 39 40 40 40 61 61 60 62 62 62 60 247 247 247 249 97 249 249 249 97 250 250 250 250 250 243 102 103 104 106 108 205 175
a 733 95 95 154 95 154 154 95 154 95 95 95 154 159 160 73 160 73 73 73 73 73 73 73 73 73 73 73 89 90 89 152 89 152 152 65 47 42 32 30 50 28 66 253 66 253 253 66 216 215 216 215 219 219 176
a 632 85 85 85 85 85 85 83 83 84 82 84 82 266 82 82 82 82 82 84 84 82 82 84 82 84 82 266 280 279 279 278 222 279 278 222 223 222 279 278 278 278 222 279 278 278 221 221 279 278 222 279 278 278 222 223 225 228 226 226 220 220 220 226 220 220 220 226 220 229 263 276 264 276 272 273 273 273 243 102 103 104 104 104 106 108 108 106 106 115
a 891 131 132 129 129 146 146 146 157 148 163 148 163 148 163 163 148 163 148 163 148 139 162 145 145 140 133 140 133 140 139 140 133 140 145 144 143 27 143 27 143 158 137 137 137 137 137 137 137 137 137 137 137 137 137 137 137 137 137 137 137 137 137 137 137 137 137 137 137 137 137 137 138 137 136 126 126 125 134 135 13 19 19 53 53 15 35 18 18 18 48 18 35 18 25 18 18 18 48 45 41 45 275 275 246 274 274 274 274 273 243 102 101 100 99 98 98 98 104 104 106 115 105 114 262 114 262 113 111 106 115 105 115 105 115 109
a 883 130 124 130 124 130 124 130 124 130 127 130 136 130 124 130 127 128 129 146 139 140 145 145 140 139 162 139 140 139 162 162 145 144 156 144 145 145 140 139 162 162 139 162 145 144 156 156 156 149 43 57 150 161 152 164 152 65 47 51 49 58 65 65 152 65 65 47 42 39 40 40 40 40 39 40 61 60 60 60 62 62 62 62 62 62 62 62 62 62 62 62 62 62 60 59 59 60 60 59 60 59 60 60 59 60 59 60 59 60 247 247 247 247 247 247 247 249 249 249 249 97 249 97 250 250 250 250 243 102 102 103 103 104 104 106 115 105 115 105
a 20 2 3 3 3 3 3 12 127 5 117 117 5 117 128 128 128 127 130 136 142 158 142 147 134 135 13 16 13 16 22 135 135 135 22 22 135 155 122 123 125 123 123 125 134 135 135 135 22 23 26 23 26 23 26 26 23 26 23 22 23 26 23 24 38 43 57 58 57 43 38 43 149 43 149 43 149 43 149 43 57 150 57 57 43 43 38 43 38 38 37 37 48 18 18 16 53 15 35 15 35 15 35 15 35 15 35 15 14 33 33 31 36 36 36 36 36 31 32 30 30 50 28 28 66 253 66 253 66 253 253 66 253 252 253 66 253 66 253 253 253 253 253 253 66 216 215 174 168 168 168 205 175
a 1234 165 165 165 165 165 165 165 165 165 166 165 165 165 165 165 165 165 165 165 165 165 165 165 165 165 166 165 165 165 165 166 165 165 165 165 165 165 165 165 165 165 91 91 89 90 77 77 77 77 77 77 77 78 79 78 79 69 71 69 79 79 79 78 79 79 78 68 78 68 78 79 79 80 79 69 69 39 40 39 40 39 39 39 40 40 61 60 60 59 59 60 62 62 60 62 60 59 59 60 247 249 248 249 97 101 101 100 99 98 107 107 107 107 107 108 205 205 175
a 247 24 24 24 38 38 43 38 58 58 58 57 150 57 43 43 149 43 57 43 38 37 49 49 58 65 65 47 47 42 32 42 39 40 39 40 40 39 40 39 40 39 40 39 39 40 40 61 60 59 60 247 60 60 59 60 62 62 62 62 60 62 62 60 59 60 60 59 59 60 62 62 62 62 62 60 59 59 59 60 59 60 62 60 62 62 60 62 62 62 62 60 60 62 60 247 247 247 246 274 273 272 272 272 271 270
a 671 89 89 90 90 77 76 76 77 77 78 79 79 79 79 78 68 78 68 78 79 78 77 77 77 77 77 78 79 69 79 79 78 68 74 74 74 74 74 74 74 74 74 74 74 236 235 235 235 235 221 222 223 222 279 278 222 223 222 223 225 228 228 228 228 228 228 226 220 229 220 220 229 220 229 229 229 263 276 272 273 243 102 103 103 103 104 104 104 104 106 115
a 990 141 144 144 143 143 149 150 151 156 156 144 143 27 143 158 142 147 126 126 125 125 155 155 122 155 122 121 122 122 121 120 20 20 21 14 33 31 193 192 191 119 191 191 119 191 191 119 191 191 191 119 191 119 191 119 195 195 195 201 198 198 200 198 200 198 198 200 198 201 198 200 198 201 198 201 198 200 198 201 198 200 200 200 198 201 198 200 198 200 198 200 198 198 200 198 201 198 198 200 200 200 177 172 177
a 512 72 72 72 56 29 56 72 56 29 29 202 202 197 196 196 197 170 169 170 169 169 172 177 172 169 172 169 169 172 169 169 169 169 172 177
a 633 85 85 76 76 77 77 78 79 78 79 69 71 69 71 69 71 69 69 39 39 39 40 39 39 40 61 60 59 59 59 59 59 59 59 59 59 60 247 246 274 274 273 243 102 101 100 100 100 100 100 99 98 107 206 218 206 218 210 210 210 107 107 107 206 218 210 210 210 107 107 107 108 108 108 109
a 47 4 2 4 116 116 4 116 116 4 5 5 117 117 5 5 3 3 3 1 0 0 1 1 3 3 1 3 12 11 12 12 12 12 12 127 130 127 130 127 130 127 127 130 127 5 117 5 5 3 3 1 1 0 0 29 56 29 202 197 196 197 202 197 170 169 169 172 177 172 177
a 317 35 15 35 15 35 17 45 41 45 41 45 41 46 46 41 45 45 41 45 45 41 46 47 47 51 49 51 45 275 45 45 275 275 275 275 246 247 249 97 250 250 250 250 250 250 250 250 243 102 103 103 103 103 103 103 103 103 103 103 103 103 103 103 103 104 104 104 98 104 104 98 104 98 104 104 104 98 98 107 108 108 106 115 105 115 105 115 109
a 98 9 9 9 9 9 121 120 20 15 35 17 45 41 46 47 42 32 30 50 28 66 28 28 28 28 28 28 28 28 28 28 28 28 28 28 28 28 28 28 28 28 28 28 28 50 28 28 66 253 253 253 253 253 66 253 253 253 66 253 253 253 66 253 253 253 66 253 66 253 253 66 28 66 253 66 253 253 66 253 66 216 215 219 215 174 168 205 205 205 205 175
a 101 10 122 123 123 125 134 125 125 123 123 123 123 11 12 11 10 11 123 122 123 123 11 12 3 3 3 3 3 1 3 12 12 12 3 3 3 1 3 3 3 3 3 3 12 3 3 5 4 116 116 118 129 146 139 162 139 162 162 162 162 162 145 145 144 143 158 137 137 137 137 137 137 137 137 137 138 137 137 137 137 137 137 137 137 137 137 137 137 137 137 137 137 137 137 137 137 137 137 137 137 137 137 137 137 137 137 137 137 137 137 137 137 137 137 137 137 137 137 137 137 137 137 137 137 137 137 137 137 137 137 137 137 138 138 141 144 143 143 158 137 137 137 137 137 137 137 137 137 137 137 137 137 137 137 137 137 137 138 141 141 144 143 27 143 149 43 149 43 149 43 149 43 38 37 37 49 58 65 47 47 51 49 51 48 45 275 45 275 275 246 247 247 247 247 247 247 247 247 246 247 246 274 273 273 273 243 250 250 250 250 250 243 102 103 104 104 104 104 104 104 104 104 104 104 106 106 106 106 106 106 108 109
a 41 4 116 4 5 3 3 3 1 1 3 3 3 1 1 1 1 1 3 3 12 127 130 136 126 147 147 147 147 147 142 147 24 38 37 49 37 49 58 58 65 47 47 47 47 42 32 30 50 28 66 253 253 253 66 253 253 253 66 253 66 253 253 66 253 253 66 253 66 253 66 253 66 253 66 253 66 216 215 174 168 168 205 108 109
a 1205 162 148 163 148 163 148 139 140 145 144 143 144 144 145 145 144 145 145 140 145 140 140 139 162 145 140 139 140 139 162 145 145 140 145 145 140 133 140 145 145 144 143 27 24 24 24 38 58 65 47 42 32 42 32 42 32 30 50 28 28 66 253 66 253 252 253 253 66 253 66 253 66 253 66 253 66 216 215 216 215 174 168 205 205 175
a 1316 282 281 280 280 266 267 266 266 280 279 278 277 277 277 278 278 277 278 278 222 223 222 223 222 279 279 278 278 278 222 223 225 224 238 238 264 238 264 276 276 276 276 272 273 243 102 243 102 103 104 104 106 115 105 115 105 115
a 36 3 12 3 3 1 1 0 0 0 29 29 29 29 29 29 56 72 146 146 139 148 163 148 148 148 163 153 156 144 156 156 151 150 161 161 152 65 47 42 42 42 32 42 39 40 40 39 39 40 39 39 40 40 39 40 61 60 59 60 59 59 60 60 247 247 247 247 247 247 247 247 247 247 249 249 97 250 250 250 250 243 250 250 250 250 250 250 250 250 250 250 250 250 250 250 250 250 250 250 243 250 250 250 250 250 250 250 250 250 250 250 250 243 250 243 102 103 103 103 103 100 100 99 98 99 98 107 108 109 115 105 114 271 270 262 271
a 950 137 137 137 137 137 137 137 137 136 130 127 5 5 3 1 3 12 127 5 127 130 124 130 127 130 127 130 124 12 127 128 128 128 129 128 127 5 127 130 124 124 130 124 130 127 128 128 129 146 139 148 148 163 148 163 163 148 157 146 139 162 148 148 163 148 163 148 163 148 148 163 148 163 148 139 162 162 139 162 145 145 144 143 27 27 24 38 37 48 37 49 37 48 18 18 18 18 18 18 18 18 16 13 19 53 15 15 15 35 17 44 34 44 17 45 275 246 247 247 247 247 247 247 247 247 247 247 247 247 247 247 247 247 249 249 97 250 250 250 250 250 243 250 250 250 250 250 250 250 250 250 250 250 250 250 250 250 243 250 250 250 250 250 250 250 250 250 250 250 250 250 250 250 250 250 250 243 102 103 104 104 104 98 98 99 98 98 104 104 104 106 106 106 106 106 106 115 105 115 105 115 105 115
a 46 4 116 118 129 129 129 146 146 146 157 146 139 162 139 162 139 162 145 145 140 133 140 145 145 145 162 148 163 148 163 148 163 148 163 148 163 148 139 162 139 162 148 148 139 148 139 140 145 140 139 140 145 145 140 133 140 133 140 139 162 145 144 143 149 43 149 43 57 43 149 43 38 37 49 58 49 37 48 45 41 46 47 42 32 31 36 31 36 36 31 193 192 192 199 192 191 119 195 201 198 201 198 198 201 195 201 198 201 198 200 200 200 177 172
a 774 118 129 132 133 132 133 138 137 137 137 137 137 137 137 137 137 137 137 137 137 137 137 137 137 137 137 137 137 137 137 137 137 137 137 137 137 137 137 137 137 137 137 137 137 137 137 137 137 137 137 137 136 130 124 130 127 130 124 12 127 130 124 130 127 128 129 146 146 139 148 163 148 163 148 163 148 163 148 148 157 146 146 146 139 162 162 162 148 163 148 148 163 148 163 148 148 163 148 163 148 139 162 145 145 145 145 140 133 138 141 144 156 156 144 143 27 143 27 143 149 43 149 43 57 57 150 57 57 58 65 47 51 49 58 49 58 65 47 42 32 30 30 50 59 60 247 249 97 250 250 250 250 243 102 103 103 104 104 98 107 108 109 115 105 115 105 115 105 115 105
a 116 11 12 3 3 3 12 12 3 5 5 117 5 5 117 117 5 3 12 3 12 127 5 5 127 130 124 12 12 12 12 11 123 125 123 123 125 134 135 22 23 24 38 58 65 152 65 65 47 47 47 51 48 18 25 26 25 22 23 22 23 24 147 142 27 143 158 137 138 137 137 137 137 137 137 137 137 137 137 137 137 137 137 137 137 138 141 141 144 143 143 149 43 38 43 149 43 43 149 43 57 58 49 37 49 51 45 275 275 246 247 247 247 249 97 249 249 97 249 97 250 250 243 102 103 100 99 98 99 98 98 99 98 99 98 104 106 115 105
a 483 57 150 57 43 38 38 38 43 149 43 57 58 58 65 152 89 89 90 90 80 80 90 80 90 90 80 152 164 166 165 165 91 160 159 165 165 166 165 165 166 165 165 165 165 165 165 165 165 165 165 165 165 165 91 91 91 91 91 165 165 166 165 165 166 165 165 165 165 166 165 91 160 91 91 89 73 81 73 81 88 282 282 281 266 280 279 279 278 277 277 276 276 263 238 264 276 272 271
a 417 48 18 16 13 13 19 19 53 15 35 15 35 15 15 35 17 14 17 44 34 44 17 45 41 45 51 49 58 65 65 161 161 152 89 90 77 77 77 77 77 77 77 77 76 76 76 76 76 76 76 76 76 76 76 76 76 77 77 70 234 63 234 63 234 63 63 63 234 63 234 70 70 234 63 63 234 234 63 234 63 233 71 69 39 40 39 40 39 40 61 60 60 59 60 59 60 59 60 247 247 247 247 247 247 249 248 248 255 241 242 242 273 272 272 273 273 273 273 273 243 102 243 102 103 100 100 99 98 107 108 109
a 111 11 12 12 12 12 12 12 127 5 5 4 116 4 116 4 116 116 117 5 4 116 116 4 4 2 4 116 4 116 4 2 4 5 3 3 3 12 127 128 128 117 5 4 5 5 5 5 4 116 118 129 129 132 133 138 137 137 137 137 137 136 130 127 130 136 126 126 126 147 126 136 126 126 125 134 135 22 135 22 135 135 155 122 121 122 123 123 123 122 155 125 123 123 123 123 123 123 123 11 10 122 155 122 121 120 20 15 35 17 45 45 275 246 274 273 272 272 273 243 102 101 101 100 100 99 98 99 98 107 107 107 108 205 168 205 205 175
a 1075 149 43 38 58 49 58 65 152 80 79 78 77 70 77 78 68 78 79 80 79 80 79 69 71 69 71 69 69 39 39 40 40 39 39 40 61 61 60 247 249 249 97 250 250 250 243 102 103 103 103 103 103 103 103 103 103 103 103 103 103 100 100 100 100 100 100 100 100 99 98 107 108 106 115 105 115 105 115 105 115 109
a 1088 150 57 43 149 43 149 43 43 43 149 150 57 58 65 47 42 32 42 39 39 39 40 61 40 39 40 40 40 61 61 61 60 59 59 60 59 59 60 60 62 60 247 247 247 247 60 59 59 60 59 60 62 60 59 59 60 59 60 59 59 60 62 62 60 59 60 59 60 59 60 59 60 60 60 59 59 60 62 62 60 247 249 249 97 249 249 97 250 250 250 250 250 250 250 250 243 250 250 250 250 250 243 102 103 104 104 104 104 104 106 115 105
a 675 89 91 160 91 89 152 164 152 164 166 165 165 165 166 165 165 165 165 165 165 165 165 165 166 165 166 165 165 165 165 166 165 165 165 91 91 165 165 165 166 165 165 166 165 166 165 165 165 165 165 165 165 165 165 165 165 165 91 89 152 89 89 91 91 89 89 89 90 89 91 89 89 73 73 81 88 282 281 281 280 279 278 278 277 278 278 277 276 272 271
a 310 35 17 45 41 45 41 45 41 45 45 41 46 35 15 35 18 35 18 18 48 18 35 15 15 35 15 35 17 44 17 45 51 47 51 47 42 42 32 42 32 30 50 28 66 253 253 253 253 253 253 66 253 66 28 66 253 66 253 253 66 253 66 253 253 253 66 216 215 216 215 216 215 219 176 173 177
a 520 73 73 81 88 88 282 282 281 281 281 280 281 280 266 82 82 84 82 84 82 84 84 82 84 82 84 82 82 266 280 279 278 222 223 225 224 238 264 238 264 238 264 264 276 263 230 224 238 238 264 276 276 272 273 273 273 243 102 103 103 100 99 98 99 98 104 104 104 104 104 104 104 104 104 104 104 106 106 106 106 115 109 115 105 114 105
a 481 57 43 57 43 149 43 43 43 57 57 57 150 161 161 161 152 89 73 73 81 73 160 91 165 91 91 89 89 152 65 47 42 32 42 32 30 50 28 66 253 252 217 211 213 211 213 219 215 216 215 216 215 174 173 177
a 587 80 79 79 69 71 69 68 74 74 74 74 74 74 236 236 74 74 74 74 64 75 75 64 75 64 64 64 64 75 64 64 64 64 75 75 75 64 75 64 74 74 74 236 74 74 74 74 236 236 74 64 64 75 75 64 75 64 64 64 75 75 75 75 64 64 64 75 75 75 64 74 74 236 74 74 74 74 64 64 75 76 76 76 85 85 76 75 64 64 64 64 64 64 64 64 75 75 76 76 77 70 234 63 233 233 240 233 233 233 233 240 239 239 247 246 274 274 274 245 274 274 273 243 102 103 103 104 104 104 106 106 106 106 106 108 106 115
a 1246 166 165 165 165 166 165 166 165 165 165 165 91 91 91 91 89 91 89 89 89 73 81 73 81 73 73 94 73 73 81 88 81 88 81 88 81 73 160 73 81 88 282 282 281 281 280 279 278 278 279 278 277 277 277 276 276 276 264 276 276 272 272 271 270 262 113 262 114 262
a 823 124 124 130 127 130 136 130 124 130 124 130 124 130 124 124 130 127 127 130 127 130 124 130 124 130 136 130 127 5 3 12 127 130 136 130 124 124 130 124 124 130 127 127 130 127 5 117 5 117 117 117 117 118 118 129 146 146 146 139 140 139 148 163 148 163 153 163 148 157 148 157 146 139 162 162 145 145 144 143 143 158 143 27 143 27 143 27 143 143 158 143 27 143 27 24 38 43 57 58 49 51 49 58 58 49 51 45 275 246 247 247 246 274 274 273 272 272 272 272 272 272 273 273 273 273 273 273 273 273 273 272 273 243 102 243 250 250 243 250 250 250 250 250 250 243 102 243 102 103 103 104 106 106 115
a 282 29 29 29 202 29 29 56 72 56 56 29 29 202 202 197 196 197 196 196 197 196 196 197 170 169 172
a 649 86 86 86 86 88 282 88 87 88 282 281 281 281 281 280 281 280 279 278 278 277 277 278 278 277 276 272 273 273 273 273 273 273 273 273 243 102 103 104 104 110 104 104 104 98 99 98 107 108 109 115
a 791 121 122 155 122 155 125 134 147 134 134 147 134 23 134 147 142 27 143 149 43 149 43 149 43 57 150 161 152 65 47 42 42 42 47 47 47 47 47 47 42 32 30 50 28 66 253 66 253 66 253 66 253 66 253 66 28 30 50 28 66 253 66 253 66 253 253 253 66 253 252 217 217 211 213 219 213 219 176
a 523 73 73 73 81 73 81 88 282 281 281 281 280 279 278 222 223 225 228 228 226 220 229 263 263 276 272 272 273 243 102 103 100 100 100 100 100 100 100 100 100 100 100 100 100 100 100 100 100 99 98 99 98 107 107 206 218 206 206 206 218 210 210 210 210 107 108 109
a 257 25 22 23 134 125 134 147 126 126 126 126 125 134 135 155 122 121 120 20 15 14 15 15 14 17 14 33 31 193 193 193 192 192 192 191 191 119 195 195 195 119 191 191 119 191 191 119 191 119 195 195 195 196 197 202 29 29 202 202 29 56 29 202 197 170 170 169 170 170 170 169 172 177
a 1178 159 160 73 81 73 73 73 73 73 73 81 73 160 73 73 73 73 81 73 73 81 73 81 73 73 160 91 91 91 165 165 165 91 89 90 86 88 282 281 281 281 280 280 266 266 280 266 280 279 279 278 277 276 276 272 272 272 272 272 272 272 271
a 1171 159 160 73 73 73 73 81 88 282 281 266 267 280 266 267 267 267 267 267 280 281 280 266 267 266 267 267 267 266 267 280 279 278 279 278 222 279 278 278 279 278 278 279 278 278 277 277 276 263 276 276 272 273 273 243 250 250 250 243 102 103 103 104 104 104 104 98 107 107 107 107 107 107 107 108 109 115 109 115 105
a 1090 151 156 144 156 144 143 158 142 27 24 24 24 24 24 38 58 57 150 161 152 65 65 65 58 49 37 49 51 49 37 49 51 49 37 48 18 35 18 48 37 49 37 49 49 58 65 152 164 166 165 91 89 89 152 65 152 164 152 65 47 47 42 32 42 32 30 30 50 28 66 253 66 216 215 174 168 205 205 108 106 106 106 115
a 186 18 18 18 18 35 15 15 35 17 14 33 31 31 31 36 31 36 36 36 52 36 52 36 31 36 36 36 52 36 36 31 36 36 31 193 31 33 14 33 14 33 14 33 31 36 31 36 36 31 193 192 191 119 191 119 195 201 198 201 198 198 200 198 200 198 200 198 200 198 200 200 200 177 172 169 170 169 172 169 169 170 169 172 177
a 751 116 118 118 118 118 129 146 146 139 140 139 162 145 145 140 133 138 137 137 137 137 137 137 137 137 138 138 137 137 137 137 137 137 137 137 137 137 137 137 137 137 137 137 137 137 137 137 137 137 137 137 137 137 137 137 137 137 137 137 137 137 137 137 137 137 137 137 137 137 137 137 137 137 137 138 141 144 143 149 43 43 43 43 149 43 57 150 57 58 65 47 47 42 47 42 42 32 30 50 28 66 28 66 253 66 253 66 253 253 253 253 253 253 253 66 253 253 66 253 66 253 66 253 66 253 66 216 215 216 215 219 219 215 216 215 219 219 215 219 215 219 219 176
a 743 96 93 94 93 96 96 93 96 93 94 94 73 81 88 88 282 282 281 280 279 279 278 278 222 279 278 277 277 277 277 224 277 277 276 276 263 238 264 276 272 272 272 272 272 272 273 243 102 243 102 243 250 243 250 250 250 250 250 250 250 243 250 250 250 250 250 250 243 102 103 104 104 106 106 106 115 105 115 105
a 887 130 127 130 124 12 12 12 3 3 3 1 0 8 9 121 120 121 122 155 122 122 123 123 123 125 134 135 155 122 155 122 155 155 122 121 9 9 1 0 29 56 7 56 29 202 197 202 197 196 196 197 170 169 169 169 169 170 169 169 169 172 169 169 170 169 169 172
a 306 34 33 14 33 31 36 52 36 52 36 36 52 36 52 36 31 32 30 30 50 28 28 28 28 28 28 28 28 28 28 28 28 28 28 28 66 253 66 253 253 253 66 253 253 253 253 66 253 66 253 253 253 66 28 66 253 66 253 66 253 66 253 253 66 253 252 252 253 66 216 215 216 215 174 168 168 205 175 176
a 793 121 120 8 0 8 9 1 0 8 9 1 1 1 0 8 0 29 202 197 196 197 197 196 195 195 119 195 195 195 67 66 253 252 217 217 259 259 232 232 232 231 245 275 275 275 275 275 275 275 275 246 274 274 274 274 273 273 273 273 273 273 243 102 243 102 101 102 103 103 104 104 104 104 106 106 108 109 115 105
a 731 95 154 159 160 91 165 165 165 91 165 166 165 91 91 89 89 73 160 91 91 91 89 90 77 77 77 77 77 77 77 77 77 77 76 76 76 77 70 234 63 63 63 63 63 63 63 63 63 63 63 63 63 234 70 70 234 63 234 63 63 63 63 63 233 71 69 79 79 79 69 69 39 40 61 60 59 60 59 60 247 247 247 247 246 274 274 273 243 102 102 243 102 101 101 101 101 101 101 102 103 104 104 104 104 104 104 104 106 115 105 115 105 114 271
a 129 12 12 127 5 127 130 124 130 124 12 12 12 127 130 127 130 127 127 5 127 130 127 5 5 117 5 117 5 3 12 3 3 3 3 3 1 0 29 56 29 202 197 196 197 202 197 170 169 172 169 169 169 169 169 172
a 1243 166 165 165 165 165 166 165 165 166 165 166 165 91 91 165 165 165 165 165 165 91 91 89 89 90 90 90 77 77 77 77 78 68 78 77 78 68 78 68 69 79 79 78 68 69 68 74 74 74 236 235 235 237 237 237 265 277 277 277 277 276 272 273 273 273 243 102 243 250 250 250 250 250 250 250 250 250 250 243 102 102 102 243 102 103 104 104 104 110 112 111 106 106 106 106 106 108 106 115
a 771 118 129 146 146 139 162 162 162 145 145 140 133 132 157 148 148 157 146 139 162 162 145 140 145 144 156 149 43 149 150 57 150 151 156 149 43 57 43 57 43 38 37 49 37 49 58 65 152 161 152 89 90 80 79 69 71 69 39 39 39 40 61 40 40 40 39 40 40 40 40 61 40 40 39 40 40 40 39 39 39 40 40 39 39 40 39 39 40 40 40 61 60 60 62 62 62 60 59 60 247 247 249 97 101 101 100 100 100 100 100 100 100 100 99 98 107 108 106 115 105 115
a 1052 147 126 125 125 134 135 155 122 121 9 121 122 155 122 155 122 155 122 121 120 8 7 6 44 17 45 41 46 35 15 35 17 44 17 14 33 31 193 192 191 119 195 201 198 201 198 198 200 198 201 195 67 66 253 253 66 28 66 253 66 253 66 253 253 253 66 253 253 253 253 66 216 66 216 215 216 215 216 215 219 176
a 898 131 128 129 128 117 118 129 129 146 139 162 145 144 145 140 139 140 133 140 145 144 144 143 143 27 27 143 158 142 27 143 27 143 143 27 24 147 142 147 134 135 155 122 122 121 122 123 122 155 155 122 122 155 155 122 122 121 122 155 122 123 125 155 125 134 134 135 135 135 155 122 123 123 123 11 11 11 12 127 128 127 130 124 130 124 130 124 130 124 130 124 12 11 11 11 12 12 127 5 3 1 0 29 0 0 29 56 29 202 197 170 169 169 169 169 170 170 169 170 169 169 172 169 169 169 170 169 169 170 170 169 172 169 172
a 1120 154 154 154 159 165 166 165 165 91 160 159 165 165 165 165 165 165 165 165 91 89 73 73 160 73 73 89 90 90 89 90 77 77 76 85 76 76 76 77 78 79 80 90 80 79 69 79 79 78 68 78 68 74 74 74 236 235 221 278 222 223 225 228 227 110 112 110 112 110 104 98 107 107 108 109
a 744 96 93 96 93 96 93 94 94 73 81 73 81 88 88 282 281 281 280 279 278 279 278 277 277 278 222 279 278 278 278 222 223 225 224 230 263 276 272 272 271
a 249 24 24 24 38 37 48 18 18 18 18 35 18 18 18 18 18 48 45 41 46 47 42 32 32 34 32 34 44 34 44 17 45 41 42 32 42 32 42 47 42 47 42 42 47 42 47 42 42 32 30 50 28 28 66 253 66 216 215 216 66 216 215 174 168 168 168 205 175
a 345 41 45 51 48 18 25 26 25 18 48 18 48 18 48 18 48 45 45 45 41 46 47 47 42 32 30 50 28 66 253 66 253 66 253 66 253 66 28 28 66 253 66 253 66 28 66 216 215 174 168 168 168 205 205 108 109 115 109
a 907 132 133 132 129 129 146 157 146 139 162 145 140 139 162 145 140 133 138 137 137 137 137 137 137 137 137 137 137 137 137 137 137 137 137 137 137 137 137 137 137 137 137 137 137 137 137 137 137 137 137 137 137 137 137 137 137 137 137 137 137 137 137 137 137 137 137 137 137 137 137 137 137 137 137 137 137 137 137 137 137 137 137 137 137 137 137 137 137 137 137 137 137 137 137 137 137 137 137 137 137 137 137 137 137 137 137 137 137 137 137 137 137 137 137 137 137 137 137 137 137 137 137 137 137 137 137 137 137 137 137 137 137 137 137 137 137 137 137 137 137 137 137 137 137 137 137 137 137 137 137 137 137 137 137 137 137 137 137 137 137 137 137 137 137 137 137 137 137 137 137 137 137 137 137 136 126 126 125 123 123 123 123 123 125 134 147 142 158 137 137 137 137 137 137 137 137 137 137 137 137 137 137 137 137 137 137 137 137 137 137 137 137 137 137 137 137 136 130 124 130 124 130 127 127 130 127 130 136 142 142 27 24 147 142 158 142 27 27 27 143 158 141 141 144 156 149 43 149 43 149 43 38 58 65 152 65 161 161 161 152 152 89 90 89 89 89 90 90 89 90 77 77 76 77 78 79 79 79 79 79 69 39 39 40 39 40 61 61 61 61 61 61 60 60 62 62 62 62 62 60 60 59 59 60 62 62 60 59 59 59 60 60 59 60 62 60 60 62 62 62 62 60 247 249 248 255 248 255 241 242 242 273 243 102 101 101 100 99 98 104 104 104 106 106 115
a 716 93 94 73 73 81 73 94 94 94 73 81 88 88 88 282 282 281 281 280 279 279 278 279 222 223 222 279 279 279 278 278 278 278 278 222 279 222 279 278 278 278 277 278 222 223 222 223 222 279 278 222 279 279 279 278 278 278 277 224 277 276 276 276 272 272 272 273 273 273 273 273 273 273 273 273 273 273 273 273 273 273 243 102 103 103 104 104 104 104 106 115 105
a 740 96 93 92 92 92 92 92 92 92 92 92 92 92 92 92 92 92 92 92 92 92 93 92 92 92 92 92 92 92 92 92 92 92 92 92 92 92 92 92 92 92 92 92 92 92 92 92 92 92 92 92 92 92 92 92 93 96 96 93 96 96 93 92 92 92 93 96 93 92 92 92 92 92 92 92 92 92 92 92 92 92 92 92 92 92 92 92 92 92 92 92 92 92 92 92 92 92 92 92 92 92 92 92 92 92 92 92 92 92 92 92 92 92 92 92 92 92 92 92 92 92 92 92 92 92 92 92 92 92 92 92 92 92 92 92 92 92 92 92 92 92 92 92 92 92 92 92 92 92 92 92 92 92 92 92 92 92 92 92 92 92 92 92 92 92 92 92 92 92 92 92 92 92 92 92 92 92 92 92 92 92 92 92 92 92 92 92 92 92 92 93 92 92 92 92 92 92 92 92 92 92 92 92 92 92 92 92 92 92 92 92 92 92 92 92 92 92 92 92 92 92 92 92 92 92 92 92 92 92 92 92 92 92 92 92 92 92 92 92 92 92 92 92 92 92 92 92 92 92 92 92 92 92 92 92 92 92 92 92 92 92 92 92 92 92 92 92 92 92 92 92 92 92 92 92 92 92 92 93 96 93 94 73 73 81 88 282 281 280 279 279 278 222 223 222 279 278 278 278 277 276 272 271
a 226 22 23 22 23 26 26 25 25 25 26 25 22 22 22 22 135 135 22 23 24 38 58 65 152 164 166 165 91 91 91 91 91 91 89 91 91 89 89 90 90 90 77 78 79 79 79 78 79 79 78 79 80 80 90 86 88 88 282 88 282 281 266 280 279 278 278 222 221 279 279 222 223 225 228 225 224 230 263 276 263 263 229 263 238 238 264 238 264 264 264 264 276 272 273 273 273 243 102 102 102 103 104 106 115 109
a 1217 163 148 163 153 153 156 156 144 144 144 143 158 141 144 143 27 24 24 38 43 43 57 57 150 161 161 152 164 152 65 47 42 39 40 40 39 39 39 40 61 61 60 59 60 60 62 62 60 59 60 59 59 59 59 60 59 59 59 59 60 62 60 59 59 59 59 59 59 59 60 59 60 59 60 62 62 60 59 60 60 62 62 60 59 59 60 247 247 247 247 247 247 247 249 97 101 102 103 104 104 104 104 98 99 98 99 98 99 98 104 104 106 115 105
a 959 137 137 137 137 137 137 138 141 144 145 140 133 132 133 138 137 137 137 137 137 137 137 137 137 137 137 137 137 137 137 137 137 137 137 137 137 137 137 137 138 141 144 145 144 144 143 149 43 149 43 149 43 57 150 149 43 38 38 58 58 49 58 49 58 65 152 89 91 160 91 91 91 91 91 91 89 89 91 89 152 65 47 42 32 32 42 32 30 50 28 66 253 253 66 253 66 253 66 253 66 216 215 216 215 216 215 174 168 205 108 109
a 1240 166 165 165 166 165 165 166 165 166 165 166 165 165 91 89 89 89 89 90 90 89 89 152 89 89 91 91 91 91 91 91 91 91 165 165 165 166 165 165 166 165 165 165 165 91 89 90 90 86 86 86 86 88 282 281 266 280 279 278 279 278 279 278 279 279 278 278 222 279 222 223 225 224 238 238 264 264 276 276 272 273 272 272 273 272 273 273 243 102 243 102 103 104 104 106 106 106 115 105
a 33 3 3 3 12 3 3 1 3 3 3 12 11 12 11 12 127 5 3 12 11 11 123 11 10 122 155 122 123 123 123 125 134 23 26 25 18 18 16 22 23 26 25 26 23 26 23 26 25 18 18 25 22 135 135 135 22 22 22 135 135 135 135 22 22 135 135 135 22 22 23 134 125 134 125 123 123 123 125 123 123 123 125 123 123 123 125 134 134 135 135 155 122 123 123 123 125 134 147 126 136 130 127 130 124 130 127 130 124 12 12 127 130 136 130 136 136 130 124 124 130 124 130 127 130 124 124 130 127 128 128 117 118 129 146 146 139 162 145 140 133 140 139 140 133 140 139 140 145 140 133 132 133 138 138 137 137 137 137 137 137 137 137 137 137 137 137 137 137 137 137 138 137 137 137 137 137 137 137 137 137 137 137 137 137 138 141 141 144 144 156 156 149 43 149 43 149 43 149 43 149 43 57 150 57 150 161 161 150 161 150 161 152 65 47 42 32 30 50 28 66 216 215 216 215 216 215 219 176 173
a 217 21 21 20 15 35 15 35 17 45 41 42 32 30 50 28 66 216 215 216 215 174 215 216 215 216 215 216 215 216 215 216 215 174 173 176 175 176 175 176
a 184 18 18 18 25 22 23 134 135 155 125 134 135 22 22 23 26 25 25 18 18 18 16 22 23 26 25 22 23 26 23 22 22 135 22 22 135 135 155 122 122 155 122 155 155 155 155 122 121 122 155 122 123 123 125 155 122 121 122 121 9 1 0 29 202 197 196 197 196 197 196 195 67 66 253 253 66 253 253 253 66 253 253 66 216 215 174 168 205 205 175
a 754 116 4 116 4 116 4 4 2 2 4 116 118 129 146 157 146 146 139 148 163 148 163 148 148 157 146 139 140 133 132 133 138 138 141 141 141 144 143 27 143 158 143 27 143 149 43 43 43 43 43 149 43 43 149 43 43 38 58 65 47 42 32 42 32 42 32 30 30 50 28 66 253 66 253 66 253 66 253 66 253 66 253 66 253 66 253 253 66 253 252 217 211 213 214 209 210 210 210 107 108 109 115 109
a 1036 145 140 133 138 137 137 137 137 137 137 137 137 137 137 137 138 137 137 137 137 137 137 137 137 137 137 137 137 137 137 137 137 137 137 137 137 137 137 137 137 137 137 137 137 137 137 137 138 141 144 143 144 144 156 156 149 43 43 149 43 57 43 149 43 43 43 43 149 43 43 149 43 43 57 43 43 38 43 38 37 49 58 57 43 43 43 38 43 149 43 38 38 38 58 65 65 47 42 47 42 32 30 50 50 28 28 28 28 28 28 28 66 253 66 253 66 253 66 253 253 252 252 252 253 253 253 66 253 253 253 253 253 66 253 252 252 252 217 211 208 259 217 211 213 207 216 215 216 215 219 213 213 214 214 214 214 209 100 100 99 98 98 104 104 104 104 104 106 106 115
a 1247 166 165 165 165 91 89 152 89 73 73 73 81 88 87 88 282 281 281 281 281 281 281 280 279 278 222 223 225 228 228 228 228 228 225 228 228 226 226 226 220 229 263 263 276 264 276 263 238 238 238 264 238 264 264 276 272 272 273 273 273 273 273 243 250 250 250 250 243 102 103 104 104 106 106 106 106 106 106 106 106 108 205 205 108 109
a 603 82 84 82 84 82 266 82 84 82 84 82 266 267 266 267 267 266 280 279 278 278 222 279 278 278 222 223 222 221 279 279 278 278 279 279 222 221 279 279 278 278 279 278 222 223 225 228 228 228 228 228 225 223 222 223 225 228 227 110 112 110 104 104 104 104 104 104 104 104 104 98 107 107 107 107 107 108 109 171 184 183 186
a 621 84 82 84 82 84 82 84 82 82 82 82 84 82 84 82 266 267 280 266 82 84 84 82 266 280 266 267 280 280 281 281 280 279 279 278 278 222 223 222 223 222 279 278 222 279 278 277 277 277 276 276 272 273 273 273 243 250 250 250 250 250 250 250 250 250 250 243 102 103 103 100 99 210 210 210 210 210 107 107 107 107 107 107 206 206 218 218 218 206 206 218 210 107 107 108 109 115 105 115 105
a 1021 144 143 149 43 38 43 149 43 149 43 38 43 57 57 58 57 57 43 57 58 65 65 47 42 32 42 32 42 47 42 32 30 30 50 28 66 253 253 253 253 253 253 66 253 66 216 215 219 213 214 214 218 214 214 214 209 209 214 214 214 214 209 100 99 98 99 99 98 99 98 107 107 108 108 106 115 105
a 835 125 123 125 123 125 134 135 13 121 9 9 9 121 122 121 122 123 123 123 123 123 122 121 122 122 123 125 123 123 123 125 123 123 123 125 123 123 123 123 123 125 123 125 134 125 155 122 123 125 123 11 12 12 127 128 117 5 117 5 5 5 5 117 5 3 3 1 0 29 29 56 29 29 202 202 197 196 197 170 170 169 172 169 169 172 169 172 169 169 169 172
a 109 10 11 11 12 12 11 12 11 10 122 121 122 155 155 122 155 122 155 155 122 155 122 155 122 155 122 122 121 9 121 9 1 3 12 3 12 127 130 127 130 124 130 127 128 128 117 117 5 5 5 3 3 1 1 0 29 29 29 56 7 54 7 7 7 54 7 6 7 7 7 56 29 56 29 29 29 0 8 9 121 122 122 155 122 121 122 123 123 122 122 123 123 123 123 123 125 123 123 123 123 125 134 135 13 16 22 23 26 26 26 25 18 35 15 35 15 15 35 17 45 45 45 275 275 274 274 274 274 274 274 274 246 274 275 275 275 45 45 45 41 41 46 41 42 42 39 40 39 40 40 40 39 40 40 40 39 40 40 40 40 61 60 247 247 247 249 249 249 248 255 241 242 273 243 102 243 102 243 102 103 104 98 107 107 108 109
a 934 135 22 23 134 147 147 134 135 135 135 135 22 22 22 135 13 19 53 19 53 15 35 18 48 18 18 25 22 23 134 134 135 135 135 135 135 135 155 122 121 9 1 0 0 8 8 8 9 1 3 1 3 3 3 3 3 2 3 3 12 127 130 124 130 124 124 130 127 130 124 130 124 130 127 127 128 117 117 118 129 128 128 117 117 5 5 117 118 129 146 146 146 146 146 146 139 162 162 162 145 140 139 140 133 138 138 141 141 144 145 145 145 145 144 156 156 149 43 149 43 149 43 38 43 149 43 57 58 58 58 58 57 58 65 47 42 47 42 39 39 40 40 40 40 40 61 40 39 40 61 60 59 59 60 59 59 59 59 59 59 59 60 62 62 62 62 60 59 59 60 62 60 59 59 59 60 60 60 60 59 59 60 60 59 59 59 59 60 60 59 60 62 62 60 247 246 274 274 274 274 273 273 272 271 270
a 762 117 118 118 118 129 146 146 146 139 162 145 144 143 143 27 143 143 144 143 158 137 137 137 137 137 138 141 144 143 27 143 149 150 57 43 149 43 57 58 57 58 65 65 47 42 42 32 42 32 42 32 30 50 28 66 253 253 253 253 66 253 253 66 253 253 253 66 253 66 253 66 253 253 253 253 66 253 253 253 66 253 66 253 66 253 253 253 253 253 252 217 211 213 214 209 100 100 99 98 107 107 108 109 115 105 115 105
a 794 121 120 8 120 54 7 56 29 56 72 72 72 56 29 56 56 29 202 29 29 29 56 56 7 56 56 29 56 72 72 146 146 157 148 139 162 148 163 153 153 156 156 149 43 149 43 38 43 149 43 38 43 43 38 37 49 58 65 47 42 32 32 42 42 42 32 30 30 28 66 216 215 216 215 216 215 219 213 214 213 214 209 209 209 100 100 100 99 99 99 98 107 108 205 205 205 175
a 972 139 162 148 163 153 163 148 163 148 163 153 153 156 149 43 149 43 43 149 43 57 43 57 43 38 43 57 43 149 43 149 43 38 38 58 49 51 49 58 58 65 47 47 42 47 47 47 42 42 47 42 32 31 36 52 36 36 31 32 30 50 28 28 66 253 66 28 66 253 66 253 253 66 253 66 253 66 216 215 216 215 216 215 216 215 219 215 219 213 219 176
a 1115 153 153 153 153 163 148 163 148 163 148 163 148 148 139 162 148 163 148 163 153 153 153 163 148 163 148 157 146 146 139 162 145 140 139 140 139 148 139 162 145 144 144 144 143 27 143 149 43 43 57 43 149 43 43 149 43 38 58 65 47 47 47 47 42 32 30 30 50 28 66 253 66 253 253 253 66 253 66 253 253 66 253 252 253 253 66 253 253 66 253 253 66 216 215 216 215 219 213 214 214 218 218 218 210 107 107 107 108 109 115 105
a 38 3 12 12 127 130 124 124 12 127 130 124 123 123 125 125 125 123 123 125 134 135 155 122 122 155 122 122 121 9 1 0 0 1 0 0 0 29 202 197 196 197 196 195 67 66 253 253 253 253 66 253 253 66 253 253 66 253 66 216 215 216 215 216 215 216 215 216 215 174 168 168 168 205 108 108 205 205 175
a 1159 157 146 139 140 133 138 138 137 137 137 137 137 137 137 137 137 137 137 137 136 136 126 147 134 134 134 135 135 13 121 122 122 121 120 8 9 121 120 54 120 54 54 7 56 29 29 29 56 29 29 29 29 56 72 72 146 139 162 145 145 145 144 145 144 143 149 43 43 149 43 57 150 57 43 149 43 57 43 57 150 151 150 57 150 161 161 161 152 89 91 89 152 152 65 152 65 47 42 32 30 30 50 28 28 66 253 66 253 66 216 215 219 215 216 215 216 215 219 219 219 219 213 214 214 214 214 214 214 214 214 214 214 214 209 100 99 98 107 107 107 108 109
a 1057 147 147 134 135 155 122 122 121 122 123 123 122 121 9 121 9 1 3 3 3 12 127 5 5 3 3 3 3 3 1 1 0 0 8 8 9 10 122 121 122 121 9 10 122 155 122 121 122 121 122 155 122 121 122 155 155 122 121 120 120 20 15 35 15 35 15 35 17 45 41 41 45 41 46 47 51 47 51 49 49 58 65 65 47 42 32 30 30 50 28 28 66 253 253 66 253 253 66 253 66 216 215 216 215 216 215 216 215 216 215 219 215 219 176 173 177
a 48 4 2 2 4 116 4 116 4 5 5 5 3 12 12 3 3 1 1 1 3 1 1 3 12 12 12 12 11 12 127 5 3 2 4 116 4 116 4 116 4 116 118 118 118 118 118 118 118 129 146 146 146 146 146 146 139 148 139 162 145 144 144 143 27 143 27 24 24 24 38 43 57 58 49 49 58 65 47 42 32 42 32 42 32 42 39 39 40 40 39 39 40 39 39 40 61 60 59 60 247 247 247 247 247 247 249 249 97 249 249 249 249 249 249 97 249 97 250 250 250 250 250 250 250 243 102 103 104 98 98 104 104 98 107 108 109 115 105
a 1126 154 154 95 154 154 95 95 154 95 95 95 154 95 95 154 95 154 154 95 154 154 154 151 150 57 57 58 65 47 42 32 30 50 28 66 253 253 66 216 215 174 168 168 168 205 205 205 205 175
a 416 48 18 18 18 18 18 18 35 15 35 17 17 14 15 35 15 35 15 35 15 35 17 44 34 32 30 30 50 50 28 66 253 66 216 66 253 66 28 66 253 66 253 253 66 253 253 253 66 253 66 253 66 253 66 253 253 66 216 215 216 215 216 215 216 215 174 173 177
a 1133 155 155 122 123 125 134 134 135 135 22 22 23 134 135 135 22 22 22 22 22 23 26 26 25 26 23 24 38 38 43 149 43 57 43 38 58 65 152 164 166 165 165 166 165 166 165 165 165 165 165 165 166 165 165 165 165 165 166 165 91 160 159 165 165 166 165 165 166 165 165 165 166 165 166 165 166 165 165 165 165 159 160 73 94 73 73 94 73 160 91 89 89 91 160 91 91 91 89 89 91 91 89 90 90 90 90 77 77 76 85 83 84 82 84 82 84 82 266 266 280 266 280 279 279 279 222 223 225 224 238 264 238 264 264 238 238 264 276 263 263 276 272 271
a 732 95 95 95 154 154 154 159 160 160 91 160 159 160 91 89 89 89 90 77 76 76 76 76 75 75 64 64 64 64 74 74 74 74 74 74 74 64 64 64 75 76 76 77 77 77 76 76 76 75 75 64 64 64 64 75 64 75 75 64 64 64 75 64 75 75 75 76 75 76 75 75 64 64 75 75 75 64 64 75 75 64 75 75 64 75 64 64 64 74 74 74 64 64 74 74 74 64 64 75 75 76 76 76 85 85 83 83 83 83 83 84 82 84 82 266 267 267 266 280 266 267 280 266 280 266 267 266 267 267 266 267 267 267 267 267 267 280 280 279 279 278 278 277 276 272 272 271 270 262 114 270 262 271
a 808 122 121 9 121 9 1 1 3 1 3 12 3 1 1 0 29 202 202 197 202 202 202 202 202 29 202 197 196 197 170 169 169 172 169 169 172
a 221 22 23 134 135 135 13 13 121 9 1 3 12 11 11 123 123 125 134 125 134 147 147 147 142 158 142 27 143 27 143 144 143 27 24 24 24 24 24 38 37 49 37 49 58 65 47 47 42 47 42 39 40 61 61 40 39 39 40 39 39 40 40 40 40 39 40 39 40 61 60 59 59 60 62 62 60 60 247 247 247 60 62 62 62 60 247 247 249 248 255 241 244 244 244 244 244 244 244 244 244 244 239 247 247 247 247 246 247 249 97 249 97 250 250 250 250 250 250 250 250 250 250 250 250 250 250 250 250 250 250 243 102 103 104 106 115 105 115 105 115 105
a 1191 161 152 89 89 89 89 152 65 152 164 152 152 65 47 42 32 30 50 59 60 59 59 59 60 62 60 59 59 60 59 59 60 59 60 60 62 62 60 59 59 60 60 59 59 60 60 62 60 60 247 247 246 247 249 249 248 249 97 249 248 248 248 255 241 242 273 273 273 273 243 102 103 104 104 98 104 104 104 98 104 106 115 109 115 105
a 717 93 94 94 93 96 93 96 93 92 92 92 92 92 92 92 92 92 92 92 92 93 94 73 81 88 88 282 281 281 280 279 279 278 277 277 277 277 277 276 264 276 272 272 273 273 273 243 250 250 243 102 103 104 104 104 104 110 110 104 104 104 104 104 106 115 105 115 105 114 271 270 262 113 262 113 262 114 271
a 839 125 134 147 142 158 143 27 143 149 43 149 43 38 43 149 43 43 149 43 149 43 149 43 57 58 58 65 47 42 39 40 40 61 60 59 59 59 60 59 60 247 247 249 248 255 241 242 273 273 273 273 272 273 243 102 243 102 103 103 103 103 103 103 103 103 100 99 98 99 210 107 206 218 210 107 108 106 106 106 106 106 106 106 106 106 108 108 109 171 184 183 186
a 1148 156 149 43 43 57 43 149 43 38 43 43 57 43 149 43 38 37 37 49 37 49 37 49 37 48 45 41 46 35 15 35 17 45 41 46 47 47 47 47 42 32 42 32 32 42 42 32 30 50 28 66 253 66 253 66 253 66 253 66 253 66 253 66 253 253 66 253 252 252 217 217 259 259 208 97 249 249 248 248 248 255 241 258 241 242 242 273 274 274 273 272 271 270
a 812 123 123 123 123 123 123 123 123 123 123 11 12 3 12 127 5 5 117 117 5 5 117 117 5 117 5 117 5 117 117 5 117 117 118 118 129 129 129 128 117 5 127 5 117 5 3 3 12 3 3 3 1 1 3 3 1 1 3 3 3 3 3 12 3 12 127 130 124 12 3 1 3 12 12 12 12 11 12 12 12 3 12 12 11 11 123 123 123 123 125 134 147 142 158 143 27 143 143 158 158 137 137 137 137 137 137 137 137 137 137 137 137 137 137 137 137 137 137 137 137 137 137 137 137 138 137 137 137 137 137 137 137 137 137 137 137 138 137 137 137 137 137 137 137 137 137 137 137 137 137 137 137 137 137 137 137 137 137 137 137 137 137 137 137 137 137 137 137 137 137 137 137 137 137 137 137 137 137 137 137 138 138 141 144 143 27 143 27 143 158 143 143 158 137 137 137 137 137 137 137 137 137 137 137 137 137 137 137 137 137 137 137 137 137 137 137 137 137 137 137 137 137 137 137 137 138 138 141 144 143 27 143 158 143 143 27 143 27 143 149 43 149 43 38 58 65 65 47 42 32 30 30 30 30 50 28 28 66 253 253 253 253 253 66 253 66 253 253 253 66 216 215 216 215 174 174 168 205 205 175
a 556 77 78 68 69 79 79 69 39 40 39 40 40 40 39 40 39 40 40 40 39 39 39 39 40 40 40 40 40 40 61 60 247 247 247 247 247 247 247 247 247 247 247 247 247 60 60 60 59 60 247 247 247 247 247 60 62 62 60 59 60 62 62 62 62 60 59 60 62 62 62 62 62 62 60 247 247 247 246 274 273 272 273 273 273 273 243 250 250 250 250 250 250 250 250 250 250 250 243 102 101 101 102 103 104 104 104 103 104 106 115 105 115
a 525 73 73 81 88 282 281 281 280 281 281 281 280 266 280 279 279 278 278 279 278 222 223 225 224 230 224 277 277 276 263 238 238 264 276 272 273 273 273 243 102 101 101 102 101 100 100 99 98 107 206 206 218 210 107 107 107 107 107 107 107 108 106 106 106 115 105 115 105 115 105 115 105 115 105 115
a 1158 157 146 146 139 162 162 148 163 148 148 163 148 157 148 163 148 163 148 163 148 163 148 163 148 163 163 163 148 163 148 163 153 156 156 144 144 143 27 24 24 24 147 142 147 147 147 147 142 142 147 134 135 135 135 135 22 23 24 24 38 37 38 38 43 57 57 58 58 65 161 161 152 89 89 90 90 77 78 77 78 79 78 79 79 79 79 79 80 79 79 79 78 79 69 79 78 68 78 68 78 77 76 85 85 83 84 82 84 82 266 280 279 278 278 277 277 276 272 271
a 974 139 162 162 145 144 145 144 143 143 27 143 27 143 158 143 149 43 57 58 65 47 42 39 40 61 60 59 60 59 60 62 60 59 59 59 60 59 59 59 59 59 59 59 60 59 59 60 60 247 247 247 60 247 247 247 247 247 247 247 247 247 247 247 247 247 60 247 247 247 60 60 59 59 60 59 59 60 59 60 59 60 59 60 62 62 62 62 62 62 62 60 59 60 59 59 60 59 60 59 59 60 62 62 62 62 62 62 62 62 62 60 59 60 59 60 59 60 62 62 62 60 247 249 248 255 241 242 273 243 250 250 250 243 102 103 104 104 104 104 104 106 106 106 106 106 106 106 115
a 867 128 127 127 130 127 127 130 136 126 126 147 126 126 147 147 142 142 158 142 27 143 27 143 27 143 143 158 137 137 137 137 137 137 137 137 137 137 137 137 137 137 137 137 137 137 137 137 137 137 137 137 137 136 126 147 134 135 135 22 23 26 25 26 23 26 26 23 24 38 38 38 43 38 58 65 65 152 152 164 152 65 65 47 42 47 42 42 47 42 32 31 193 192 192 191 119 195 196 197 196 197 196 197 170 169 172 169 172
a 1241 166 165 91 165 165 165 165 165 166 165 91 91 91 160 159 160 91 89 90 90 80 79 69 68 78 77 77 77 76 76 76 75 75 75 64 64 64 64 64 64 64 64 64 64 64 64 64 75 64 64 64 75 75 75 75 75 75 64 64 64 75 64 75 76 77 77 78 68 78 68 74 74 74 74 74 74 74 74 236 70 234 70 71 69 71 69 69 39 39 39 40 39 39 40 39 40 39 40 40 61 60 60 60 247 247 247 247 247 247 247 247 247 247 247 247 247 247 247 247 247 247 246 274 273 243 102 103 104 104 104 106 106 115 109
a 1131 155 122 121 122 121 9 9 121 120 20 20 21 20 15 35 17 44 17 44 34 44 34 32 30 30 50 28 28 66 253 253 66 253 253 66 253 66 253 253 66 253 66 253 253 66 253 253 253 66 253 66 28 28 30 50 28 28 28 66 253 253 253 66 253 66 253 66 253 253 66 253 66 253 253 253 66 216 215 216 215 174 168 205 205 205 175
a 971 139 162 145 140 139 162 139 140 139 162 162 162 139 162 145 140 139 139 162 145 144 145 144 143 27 143 27 24 147 147 142 142 147 142 147 134 135 135 135 155 122 155 122 123 123 123 123 123 125 125 125 123 125 123 123 123 11 10 122 155 122 122 123 123 125 125 123 123 123 123 123 123 125 155 155 122 121 122 122 155 122 121 120 120 8 0 29 56 29 29 202 197 196 195 119 191 119 195 195 67 195 201 198 201 195 201 198 200 200 200 198 201 198 198 201 198 201 198 200 200 200 177 172
a 911 133 140 133 140 133 140 133 132 157 146 146 139 162 162 162 162 145 140 140 139 148 148 163 148 139 148 148 163 148 163 148 157 146 146 146 157 146 139 162 162 145 162 145 144 156 149 43 57 43 57 58 65 161 161 150 161 161 152 89 89 89 91 89 152 89 89 152 65 47 51 49 51 45 275 275 275 275 275 246 274 273 272 272 272 273 243 102 103 100 100 100 100 100 99 210 107 107 206 218 206 218 210 107 108 109
a 1225 164 166 165 165 165 165 165 165 165 165 91 91 91 91 165 165 91 91 91 165 165 165 165 165 165 165 166 165 165 166 165 165 165 165 159 165 165 166 165 165 165 166 165 165 165 165 165 166 165 91 160 91 91 165 165 165 91 91 91 165 165 165 165 165 165 165 165 159 160 73 81 73 81 88 81 73 73 81 73 73 73 81 88 88 282 281 281 281 281 266 280 266 82 84 82 266 82 84 82 266 280 266 82 84 82 84 84 82 266 280 279 278 277 277 277 277 276 272 271
a 288 29 29 29 202 29 29 202 202 202 29 202 202 197 196 197 196 197 196 196 196 197 197 197 197 197 170 169 169 172 169 169 169 172 177
a 1105 152 65 152 65 152 164 152 89 90 89 91 91 160 73 81 73 73 81 88 88 282 88 282 281 281 266 280 279 278 278 279 278 279 278 278 278 277 277 276 272 273 273 243 102 103 100 100 100 99 98 99 98 107 107 107 108 109 115 105 115 105 114 271 270
a 40 4 4 116 116 116 116 4 2 4 2 4 116 4 116 4 116 4 116 116 4 2 4 116 4 116 116 118 118 129 146 146 139 148 163 148 163 148 157 146 146 139 162 139 148 157 146 146 146 139 162 145 140 139 162 162 162 148 163 148 163 163 148 157 148 163 148 139 162 139 162 148 148 148 139 162 139 148 163 148 163 148 157 146 139 162 145 140 140 139 162 145 145 140 133 138 137 137 137 137 137 137 137 137 137 137 137 137 137 137 137 137 137 137 137 137 137 137 137 137 137 137 137 137 137 137 137 137 137 137 137 137 137 137 137 137 136 142 158 158 137 137 137 137 137 137 138 137 137 137 137 137 137 137 137 137 137 137 137 136 130 124 123 125 123 125 134 135 135 135 13 121 9 10 122 155 135 135 135 13 13 19 19 19 19 19 53 15 35 17 45 45 51 45 275 275 275 246 247 247 247 247 247 247 247 247 247 247 247 247 247 247 247 249 97 250 250 250 250 250 243 102 101 100 100 99 98 104 98 104 104 104 104 98 107 107 107 107 108 205 108 108 109
a 746 96 96 93 96 93 96 93 94 94 73 81 88 282 281 266 280 279 278 279 278 277 276 276 272 273 273 273 272 273 273 273 274 274 274 274 273 243 102 103 104 104 104 104 98 104 106 115 109
a 181 18 18 18 35 17 45 275 275 275 275 246 274 246 247 247 247 247 247 247 247 247 249 249 97 249 97 249 97 249 97 250 250 250 243 102 103 100 100 100 100 100 100 100 99 98 99 99 98 107 206 218 210 218 214 214 214 214 214 209 210 107 107 107 206 218 214 218 210 107 107 107 107 107 108 108 109 115
a 908 132 133 138 137 137 137 137 137 137 137 137 137 137 137 137 137 137 137 137 137 137 138 141 144 143 158 143 158 142 147 147 134 135 22 22 22 23 24 38 38 43 43 57 58 65 58 65 47 51 45 41 45 41 46 41 45 41 46 46 35 18 35 18 35 15 15 35 17 45 51 49 49 37 49 51 49 58 65 47 47 42 47 47 42 32 32 30 50 28 66 28 66 253 66 28 28 66 253 66 253 66 253 253 253 253 253 66 216 215 174 168 205 205 108 109
a 1170 159 165 165 165 91 89 152 65 65 152 161 152 164 152 65 152 89 73 73 81 73 73 81 73 73 89 91 91 91 160 91 91 91 91 91 91 89 73 81 88 282 281 280 279 222 223 222 279 278 278 278 222 221 278 279 278 277 277 276 263 229 263 229 220 229 229 229 263 276 272 271
a 705 92 92 92 92 92 92 92 92 92 92 92 92 92 92 92 92 92 92 92 92 92 92 92 92 92 92 92 92 92 92 92 92 92 92 92 92 92 92 92 92 92 92 92 92 92 92 92 92 92 92 92 92 92 92 92 92 92 92 92 92 93 96 93 94 73 81 73 81 88 88 282 88 81 88 88 282 88 88 88 81 73 81 73 81 88 282 281 281 281 280 280 279 222 279 278 278 277 277 278 277 276 272 271
a 985 140 133 138 141 144 144 156 144 143 149 43 149 43 43 43 149 43 149 43 149 43 57 57 43 57 150 161 161 152 89 90 77 77 76 77 77 77 76 76 85 76 76 75 64 64 75 64 75 64 75 64 75 75 64 64 64 64 75 64 64 64 64 64 64 75 76 76 76 75 75 75 76 77 78 77 76 75 75 64 64 64 75 64 64 75 64 75 76 76 76 85 85 83 83 83 83 83 83 83 83 84 82 266 267 267 280 279 279 278 278 278 278 278 279 278 222 221 279 278 278 278 278 278 278 279 278 277 277 277 276 272 272 273 273 273 243 102 103 104 98 104 104 104 104 106 106 115 105 115 105
a 161 16 22 22 135 135 135 135 135 135 135 135 135 155 122 121 9 10 11 12 127 128 128 127 5 5 5 5 3 12 11 12 12 3 3 1 0 8 9 121 9 1 1 1 3 1 3 3 3 3 3 12 11 11 11 12 11 12 127 130 124 130 124 124 124 124 130 124 130 124 130 127 130 124 130 127 5 3 12 11 123 123 125 134 135 22 22 23 134 147 24 24 24 24 24 147 147 134 134 135 135 135 135 22 135 13 13 13 19 19 19 19 53 19 19 19 53 15 35 18 16 13 16 13 13 13 16 53 19 19 53 15 35 15 35 17 45 275 246 247 60 247 247 247 247 247 249 249 97 249 248 254 254 248 255 241 258 241 258 241 244 244 244 239 247 247 247 247 249 97 250 250 250 250 250 250 243 102 103 100 100 99 98 98 104 104 106 106 108 109
a 125 12 127 130 124 124 130 124 12 12 11 11 11 12 3 3 1 1 0 29 29 29 56 72 72 72 56 56 7 7 54 120 54 7 56 72 72 72 56 72 56 72 118 118 129 128 131 132 133 140 133 138 137 137 137 137 137 137 137 137 137 137 137 137 137 137 137 137 137 137 137 137 137 137 137 137 137 137 137 137 137 137 137 137 137 137 137 137 137 137 137 137 137 137 137 137 137 137 137 137 137 137 136 130 124 130 124 124 130 124 123 123 123 123 123 11 10 11 12 127 130 127 127 5 5 127 5 5 117 118 118 118 118 118 118 118 129 132 129 129 128 128 131 132 129 146 139 148 139 140 133 132 133 138 141 144 143 27 143 149 43 43 149 43 57 57 43 43 57 57 43 38 38 58 57 58 65 65 47 42 39 40 39 40 40 40 39 39 40 39 39 39 40 61 60 62 62 62 62 62 60 59 60 247 247 247 247 247 246 274 273 272 272 272 271
a 507 65 47 51 48 45 41 45 41 41 46 46 46 41 42 47 42 47 47 42 47 42 32 31 36 36 36 31 31 36 52 36 31 33 31 32 30 50 28 28 66 28 28 66 253 66 253 253 66 253 66 253 66 253 252 217 211 213 214 214 209 100 99 99 98 104 104 98 107 206 218 218 206 218 210 107 107 108 109
a 964 138 141 141 141 144 143 27 143 149 43 149 43 43 43 149 43 149 43 57 58 65 47 42 32 42 32 30 50 28 66 253 66 28 66 253 66 253 253 66 253 66 253 66 253 66 253 66 253 66 253 253 66 253 253 66 253 66 216 215 219 219 213 219 215 219 215 219 213 214 218 206 107 108 205 205 175
a 1262 202 29 202 202 197 202 202 202 29 202 197 196 197 196 197 170 169 172 169 172
a 980 140 139 162 145 145 145 140 133 138 137 137 137 137 137 137 137 137 137 137 137 137 137 137 137 137 137 137 137 137 136 142 147 134 135 13 19 19 19 19 53 15 14 17 45 41 45 51 48 45 45 45 45 275 45 275 275 246 247 247 247 247 247 247 247 247 249 248 248 254 248 255 241 242 242 273 273 273 273 273 273 243 102 103 104 106 106 106 106 106 106 106 106 106 106 115 105 115 105 115 109 115 105 115 105 115 105 114 262 271 262 113 111 113 262 113 204
a 718 93 96 93 96 93 92 92 92 92 92 92 92 92 92 92 92 92 92 92 92 92 92 92 92 92 92 92 92 92 92 92 92 92 92 92 92 92 92 92 92 92 92 92 92 92 92 92 92 92 92 92 92 92 92 92 92 92 92 92 92 92 92 92 92 92 92 92 92 92 92 92 92 92 92 92 92 92 92 92 92 92 92 92 92 92 92 92 92 92 92 92 92 92 92 92 92 92 92 92 92 92 92 92 92 92 92 92 92 92 92 92 92 92 92 92 92 92 92 92 92 92 92 92 92 92 92 92 93 94 94 73 81 73 81 88 282 281 280 279 278 278 278 279 278 278 222 223 222 279 278 278 222 279 278 222 279 278 222 223 222 221 222 223 225 228 228 228 228 228 228 228 228 226 220 220 220 220 226 220 220 220 229 229 220 220 229 220 229 229 229 229 263 276 272 272 272 272 272 272 272 272 271
a 1175 159 160 73 81 73 73 81 88 282 281 281 280 266 280 266 280 266 280 279 278 277 278 222 279 278 278 278 278 277 278 222 223 225 224 230 224 238 264 238 224 277 224 230 263 238 264 276 264 276 272 272 271 270 262 114 271
a 822 124 130 127 128 128 128 128 129 146 146 146 157 146 146 139 162 139 148 139 148 148 139 148 148 157 148 163 148 163 148 163 148 163 148 148 163 148 163 163 148 139 140 139 162 162 145 140 133 132 133 138 141 141 144 143 143 158 158 158 142 147 147 147 126 126 126 147 142 158 142 158 158 137 137 137 137 137 137 137 137 137 137 137 137 137 137 137 137 137 137 137 137 137 137 136 130 127 128 128 117 5 5 3 3 1 0 29 56 29 56 72 56 72 118 129 146 139 162 145 140 133 132 133 132 133 138 141 144 156 144 145 145 140 145 144 143 149 43 149 43 149 43 149 43 38 58 65 47 47 51 45 275 246 247 247 247 247 249 97 249 249 249 249 97 250 250 250 250 250 243 102 243 102 243 102 103 104 104 98 104 104 104 104 106 115 105
a 700 92 92 92 92 92 92 92 92 92 92 92 92 92 92 92 92 92 93 92 92 92 92 92 92 92 92 92 92 92 92 92 92 92 92 92 92 92 92 92 92 92 92 92 92 92 92 92 92 92 92 92 92 92 92 92 92 92 92 92 92 92 92 92 92 92 92 92 92 92 92 92 92 92 92 92 92 92 92 92 92 92 92 92 92 92 92 92 92 92 92 92 92 92 92 92 92 92 92 92 92 92 92 92 92 92 92 92 92 92 92 92 92 92 92 92 92 92 92 92 92 92 92 92 92 92 92 92 92 93 94 93 96 93 96 96 93 92 92 92 92 92 92 92 92 92 92 92 92 92 92 92 92 92 92 92 92 92 92 92 92 92 92 92 93 94 94 93 96 93 92 92 92 92 92 92 92 92 92 92 92 92 92 92 93 94 94 73 73 81 88 87 88 282 282 281 281 281 281 281 280 266 267 267 267 266 280 279 279 278 279 279 278 222 223 225 228 228 226 226 220 220 229 263 276 272 272 271
a 524 73 160 91 160 160 159 165 165 165 165 166 165 165 166 165 159 165 165 165 91 89 90 90 80 90 77 76 77 77 77 78 68 69 69 79 79 79 78 68 78 79 69 69 71 69 39 40 39 39 40 61 40 40 61 40 40 39 39 39 40 39 40 39 40 39 40 61 60 60 59 60 62 60 59 60 59 60 60 247 247 249 248 249 249 249 248 255 241 242 273 243 102 103 100 100 100 100 99 98 107 107 107 107 108 109
a 704 92 92 92 92 92 92 92 92 92 92 92 92 92 92 92 92 92 92 92 92 92 92 92 92 92 92 92 92 92 92 92 92 92 92 92 92 92 92 92 92 92 92 92 92 92 92 92 92 92 92 92 92 92 92 92 92 92 92 92 92 92 92 92 92 92 92 92 92 92 92 92 92 92 92 92 92 92 92 92 92 92 92 92 92 92 92 92 92 92 92 92 92 92 92 92 92 92 92 92 92 92 92 92 92 92 92 92 92 92 92 92 92 92 92 92 92 92 92 92 92 92 92 92 92 92 92 92 92 92 92 92 92 92 92 92 92 92 92 92 92 92 92 92 92 92 92 92 92 92 92 92 92 92 92 92 92 92 92 92 92 92 92 92 92 92 92 92 92 92 92 92 92 92 92 92 92 92 92 92 92 92 92 92 92 92 92 92 92 92 92 92 92 92 92 92 92 92 92 92 92 92 92 92 92 92 92 92 92 92 92 92 92 92 92 92 92 92 92 92 92 92 92 92 92 92 92 92 92 92 92 92 92 92 92 92 92 92 92 92 92 92 92 92 92 92 92 92 92 92 92 92 92 92 92 92 92 92 92 92 92 92 92 92 92 92 92 92 92 92 92 92 92 92 92 92 92 92 92 92 92 92 92 92 92 92 92 92 92 92 92 92 92 92 92 92 92 92 92 92 92 92 92 92 92 92 92 92 92 92 92 92 92 92 92 92 92 92 92 92 92 92 92 92 92 92 92 92 92 92 92 92 92 92 92 92 92 92 92 92 92 93 92 92 92 92 92 92 92 92 92 92 92 92 92 92 92 92 92 92 92 92 92 92 92 92 92 92 92 92 92 92 92 92 92 92 92 92 92 92 92 92 92 92 92 92 92 92 92 92 92 92 92 92 92 92 92 92 92 92 92 92 92 92 92 92 92 92 92 92 92 92 92 92 92 92 92 92 92 92 92 92 92 92 92 92 92 92 92 92 92 92 92 92 92 93 94 93 96 93 92 92 92 92 92 92 92 92 92 92 92 92 92 92 92 92 92 92 92 92 92 92 92 92 92 92 92 92 92 92 92 92 92 92 92 92 92 92 92 92 92 92 92 92 92 92 92 92 92 92 92 92 92 92 92 92 92 92 92 92 92 92 92 92 92 92 92 92 92 92 92 92 92 92 92 92 92 92 92 92 92 92 92 92 92 92 92 92 92 92 92 92 92 92 92 92 92 92 92 92 92 92 92 92 92 92 92 92 92 92 92 92 92 92 92 92 92 92 92 92 92 92 92 92 92 92 92 92 92 92 92 92 92 92 92 92 92 92 92 92 92 92 92 92 92 92 92 92 92 92 92 92 92 92 92 92 92 92 92 92 92 92 92 92 92 92 92 92 92 92 93 94 73 81 88 282 281 281 281 280 279 279 278 278 277 277 276 263 276 263 229 263 263 276 276 272 273 243 102 243 102 101 102 243 250 243 250 250 250 250 250 250 250 243 102 101 102 243 102 103 103 103 104 104 104 106 106 106 106 106 106 106 115 105
a 15 1 3 3 3 3 3 3 3 3 12 11 11 123 123 123 123 123 123 123 123 125 134 134 135 135 135 135 22 22 135 22 22 23 134 135 22 23 134 135 155 122 121 9 121 13 19 19 53 19 53 53 53 15 35 15 35 35 15 35 17 44 34 32 42 32 42 42 32 30 50 28 28 66 253 253 66 253 253 66 253 66 253 252 217 217 211 213 219 213 207 217 211 213 219 219 213 214 214 214 214 209 210 218 214 214 214 209 210 107 107 108 106 115 105 115 105
