Generation: 0
safetyTest 1.000000 0.168000 0 100 500 10 0 0 0.01 0.032 0.048 0.062 0.08 0.1 0.128 0.15 0.168
Generation: 1
safetyTest 1.000000 0.198000 1 100 500 10 0 0 0.006 0.024 0.036 0.06 0.082 0.104 0.134 0.158 0.198
Generation: 2
safetyTest 1.000000 0.222000 2 100 500 10 0 0 0.002 0.012 0.028 0.052 0.074 0.104 0.136 0.182 0.222
Generation: 3
safetyTest 1.000000 0.234000 3 100 500 10 0 0 0.002 0.022 0.034 0.054 0.082 0.138 0.168 0.202 0.234
Generation: 4
safetyTest 1.000000 0.284000 4 100 500 10 0 0 0.008 0.016 0.04 0.064 0.094 0.144 0.202 0.266 0.284
Generation: 5
safetyTest 1.000000 0.286000 5 100 500 10 0 0 0.006 0.026 0.054 0.096 0.134 0.186 0.242 0.294 0.286
Generation: 6
safetyTest 1.000000 0.334000 6 100 500 10 0 0 0.004 0.032 0.058 0.094 0.136 0.176 0.216 0.276 0.334
Generation: 7
safetyTest 1.000000 0.364000 7 100 500 10 0 0 0.014 0.05 0.08 0.12 0.19 0.252 0.3 0.344 0.364
Generation: 8
safetyTest 1.000000 0.392000 8 100 500 10 0 0 0.004 0.032 0.076 0.13 0.18 0.218 0.278 0.332 0.392
Generation: 9
safetyTest 1.000000 0.404000 9 100 500 10 0 0 0.008 0.028 0.064 0.112 0.174 0.258 0.302 0.358 0.404
Generation: 10
safetyTest 1.000000 0.422000 10 100 500 10 0 0.002 0.01 0.032 0.072 0.124 0.192 0.278 0.342 0.414 0.422
Generation: 11
safetyTest 1.000000 0.492000 11 100 500 10 0 0 0.008 0.042 0.098 0.174 0.238 0.318 0.396 0.472 0.492
Generation: 12
safetyTest 1.000000 0.564000 12 100 500 10 0 0.004 0.022 0.052 0.106 0.18 0.258 0.34 0.408 0.514 0.564
Generation: 13
safetyTest 1.000000 0.564000 13 100 500 10 0 0 0.012 0.052 0.106 0.184 0.25 0.352 0.442 0.522 0.564
Generation: 14
safetyTest 1.000000 0.564000 14 100 500 10 0 0 0.012 0.046 0.102 0.18 0.264 0.334 0.394 0.474 0.564
Generation: 15
safetyTest 1.000000 0.580000 15 100 500 10 0 0 0.012 0.066 0.142 0.254 0.354 0.482 0.558 0.644 0.58
Generation: 16
safetyTest 1.000000 0.658000 16 100 500 10 0 0.002 0.014 0.068 0.132 0.244 0.346 0.448 0.512 0.586 0.658
Generation: 17
safetyTest 1.000000 0.660000 17 100 500 10 0 0 0.016 0.058 0.136 0.238 0.326 0.468 0.554 0.618 0.66
Generation: 18
safetyTest 1.000000 0.704000 18 100 500 10 0 0 0.022 0.066 0.128 0.242 0.334 0.442 0.54 0.612 0.704
Generation: 19
safetyTest 1.000000 0.704000 19 100 500 10 0 0.002 0.03 0.076 0.182 0.294 0.414 0.518 0.608 0.678 0.704
Generation: 20
safetyTest 1.000000 0.732000 20 100 500 10 0 0 0.024 0.082 0.168 0.29 0.428 0.532 0.644 0.722 0.732
Generation: 21
safetyTest 1.000000 0.796000 21 100 500 10 0 0.002 0.032 0.086 0.19 0.312 0.458 0.576 0.676 0.758 0.796
Generation: 22
safetyTest 1.000000 0.796000 22 100 500 10 0 0.002 0.026 0.1 0.22 0.344 0.456 0.57 0.652 0.734 0.796
Generation: 23
safetyTest 1.000000 0.842000 23 100 500 10 0 0 0.04 0.13 0.24 0.376 0.526 0.662 0.762 0.832 0.842
Generation: 24
safetyTest 1.000000 0.842000 24 100 500 10 0 0.002 0.024 0.104 0.214 0.368 0.518 0.65 0.756 0.842 0.842
Generation: 25
safetyTest 1.000000 0.854000 25 100 500 10 0 0.002 0.034 0.134 0.284 0.424 0.57 0.686 0.796 0.87 0.854
Generation: 26
safetyTest 1.000000 0.872000 26 100 500 10 0 0 0.024 0.094 0.218 0.358 0.53 0.666 0.756 0.828 0.872
Generation: 27
safetyTest 1.000000 0.902000 27 100 500 10 0 0 0.034 0.136 0.278 0.438 0.594 0.712 0.8 0.854 0.902
Generation: 28
safetyTest 1.000000 0.902000 28 100 500 10 0 0.004 0.036 0.138 0.288 0.452 0.602 0.74 0.818 0.878 0.902
Generation: 29
safetyTest 1.000000 0.922000 29 100 500 10 0 0 0.04 0.13 0.284 0.436 0.592 0.694 0.792 0.854 0.922
Generation: 30
safetyTest 1.000000 0.940000 30 100 500 10 0 0 0.048 0.166 0.338 0.526 0.692 0.812 0.888 0.92 0.94
Generation: 31
safetyTest 1.000000 0.948000 31 100 500 10 0 0.002 0.034 0.144 0.29 0.474 0.642 0.766 0.856 0.904 0.948
Generation: 32
safetyTest 1.000000 0.948000 32 100 500 10 0 0 0.052 0.164 0.318 0.488 0.652 0.804 0.874 0.94 0.948
Generation: 33
safetyTest 1.000000 0.962000 33 100 500 10 0 0.002 0.064 0.212 0.368 0.564 0.72 0.832 0.9 0.936 0.962
Generation: 34
safetyTest 1.000000 0.972000 34 100 500 10 0 0.002 0.048 0.16 0.366 0.54 0.722 0.826 0.892 0.928 0.972
Generation: 35
safetyTest 1.000000 0.972000 35 100 500 10 0 0 0.05 0.176 0.342 0.526 0.696 0.806 0.888 0.942 0.972
Generation: 36
safetyTest 1.000000 0.986000 36 100 500 10 0 0 0.056 0.202 0.414 0.61 0.784 0.89 0.954 0.984 0.986
Generation: 37
safetyTest 1.000000 0.986000 37 100 500 10 0 0.002 0.082 0.204 0.422 0.62 0.78 0.892 0.95 0.98 0.986
Generation: 38
safetyTest 1.000000 0.990000 38 100 500 10 0 0 0.078 0.244 0.464 0.682 0.842 0.932 0.968 0.984 0.99
Generation: 39
safetyTest 1.000000 0.990000 39 100 500 10 0 0.004 0.07 0.262 0.484 0.708 0.848 0.936 0.978 0.99 0.99
Generation: 40
safetyTest 1.000000 0.996000 40 100 500 10 0 0.002 0.064 0.238 0.43 0.68 0.848 0.928 0.972 0.982 0.996
Generation: 41
safetyTest 1.000000 0.996000 41 100 500 10 0 0.002 0.066 0.226 0.458 0.686 0.858 0.948 0.982 0.992 0.996
Generation: 42
safetyTest 1.000000 0.996000 42 100 500 10 0 0.002 0.078 0.244 0.454 0.684 0.804 0.896 0.958 0.99 0.996
Generation: 43
safetyTest 1.000000 0.996000 43 100 500 10 0 0 0.072 0.254 0.476 0.69 0.828 0.892 0.948 0.974 0.996
Generation: 44
safetyTest 1.000000 0.996000 44 100 500 10 0 0 0.07 0.252 0.44 0.656 0.828 0.922 0.972 0.986 0.996
Generation: 45
safetyTest 1.000000 0.998000 45 100 500 10 0 0.004 0.078 0.24 0.488 0.738 0.884 0.958 0.982 0.994 0.998
Generation: 46
safetyTest 1.000000 1.000000 46 100 500 10 0 0.002 0.094 0.246 0.502 0.728 0.9 0.976 0.996 1 1
testName time fitness gens maxGens agents groupsize e0 e1 e2 e3 e4 e5 e6 e7 e8 e9 e10
safetyTest 1.000000 1.000000 47 100 500 10 0 0.002 0.084 0.256 0.478 0.694 0.856 0.946 0.988 0.998 1
Generation: 0
safetyTest 1.000000 0.206000 0 100 500 10 0 0 0.01 0.038 0.056 0.086 0.12 0.152 0.19 0.212 0.206
Generation: 1
safetyTest 1.000000 0.206000 1 100 500 10 0 0 0.01 0.026 0.042 0.07 0.102 0.126 0.158 0.188 0.206
Generation: 2
safetyTest 1.000000 0.238000 2 100 500 10 0 0.002 0.012 0.03 0.062 0.092 0.122 0.15 0.196 0.216 0.238
Generation: 3
safetyTest 1.000000 0.292000 3 100 500 10 0 0 0.012 0.036 0.06 0.094 0.144 0.196 0.232 0.266 0.292
Generation: 4
safetyTest 1.000000 0.320000 4 100 500 10 0 0 0.018 0.052 0.084 0.11 0.142 0.186 0.24 0.294 0.32
Generation: 5
safetyTest 1.000000 0.342000 5 100 500 10 0 0 0.016 0.048 0.072 0.102 0.152 0.2 0.236 0.29 0.342
Generation: 6
safetyTest 1.000000 0.414000 6 100 500 10 0 0 0.022 0.056 0.092 0.142 0.206 0.256 0.318 0.366 0.414
Generation: 7
safetyTest 1.000000 0.450000 7 100 500 10 0 0.002 0.036 0.058 0.108 0.168 0.238 0.298 0.368 0.422 0.45
Generation: 8
safetyTest 1.000000 0.478000 8 100 500 10 0 0 0.024 0.072 0.148 0.188 0.258 0.32 0.41 0.46 0.478
Generation: 9
safetyTest 1.000000 0.480000 9 100 500 10 0 0.002 0.032 0.07 0.146 0.194 0.258 0.314 0.39 0.456 0.48
Generation: 10
safetyTest 1.000000 0.516000 10 100 500 10 0 0 0.042 0.102 0.184 0.25 0.302 0.352 0.426 0.464 0.516
Generation: 11
safetyTest 1.000000 0.584000 11 100 500 10 0 0 0.042 0.092 0.17 0.25 0.342 0.438 0.52 0.574 0.584
Generation: 12
safetyTest 1.000000 0.622000 12 100 500 10 0 0 0.022 0.068 0.174 0.276 0.36 0.44 0.536 0.604 0.622
Generation: 13
safetyTest 1.000000 0.642000 13 100 500 10 0 0 0.046 0.088 0.166 0.258 0.348 0.47 0.556 0.646 0.642
Generation: 14
safetyTest 1.000000 0.670000 14 100 500 10 0 0.002 0.058 0.122 0.216 0.314 0.402 0.476 0.584 0.674 0.67
Generation: 15
safetyTest 1.000000 0.688000 15 100 500 10 0 0 0.052 0.104 0.216 0.332 0.424 0.512 0.6 0.68 0.688
Generation: 16
safetyTest 1.000000 0.770000 16 100 500 10 0 0.002 0.062 0.14 0.264 0.376 0.49 0.598 0.676 0.754 0.77
Generation: 17
safetyTest 1.000000 0.770000 17 100 500 10 0 0.002 0.062 0.138 0.274 0.398 0.508 0.612 0.72 0.8 0.77
Generation: 18
safetyTest 1.000000 0.780000 18 100 500 10 0 0.002 0.07 0.14 0.262 0.36 0.486 0.584 0.672 0.746 0.78
Generation: 19
safetyTest 1.000000 0.812000 19 100 500 10 0 0 0.058 0.13 0.25 0.394 0.526 0.64 0.746 0.818 0.812
Generation: 20
safetyTest 1.000000 0.846000 20 100 500 10 0 0.002 0.066 0.138 0.258 0.378 0.494 0.602 0.69 0.768 0.846
Generation: 21
safetyTest 1.000000 0.846000 21 100 500 10 0 0.002 0.06 0.126 0.262 0.41 0.516 0.624 0.724 0.806 0.846
Generation: 22
safetyTest 1.000000 0.870000 22 100 500 10 0 0.002 0.06 0.144 0.29 0.454 0.586 0.714 0.806 0.876 0.87
Generation: 23
safetyTest 1.000000 0.884000 23 100 500 10 0 0.002 0.066 0.152 0.304 0.454 0.596 0.728 0.834 0.892 0.884
Generation: 24
safetyTest 1.000000 0.888000 24 100 500 10 0 0.002 0.08 0.188 0.326 0.5 0.632 0.722 0.81 0.868 0.888
Generation: 25
safetyTest 1.000000 0.916000 25 100 500 10 0 0.002 0.09 0.182 0.32 0.492 0.646 0.772 0.854 0.912 0.916
Generation: 26
safetyTest 1.000000 0.924000 26 100 500 10 0 0.002 0.088 0.186 0.342 0.5 0.642 0.748 0.84 0.902 0.924
Generation: 27
safetyTest 1.000000 0.932000 27 100 500 10 0 0.002 0.086 0.18 0.324 0.522 0.67 0.806 0.886 0.946 0.932
Generation: 28
safetyTest 1.000000 0.932000 28 100 500 10 0 0.002 0.072 0.162 0.302 0.482 0.618 0.736 0.826 0.886 0.932
Generation: 29
safetyTest 1.000000 0.944000 29 100 500 10 0 0.002 0.108 0.212 0.372 0.562 0.702 0.828 0.894 0.936 0.944
Generation: 30
safetyTest 1.000000 0.954000 30 100 500 10 0 0.002 0.07 0.168 0.324 0.542 0.676 0.84 0.896 0.934 0.954
Generation: 31
safetyTest 1.000000 0.964000 31 100 500 10 0 0 0.076 0.174 0.332 0.53 0.686 0.81 0.9 0.946 0.964
Generation: 32
safetyTest 1.000000 0.966000 32 100 500 10 0 0.002 0.084 0.186 0.368 0.58 0.72 0.85 0.93 0.974 0.966
Generation: 33
safetyTest 1.000000 0.974000 33 100 500 10 0 0.002 0.084 0.188 0.386 0.602 0.758 0.884 0.948 0.972 0.974
Generation: 34
safetyTest 1.000000 0.974000 34 100 500 10 0 0.002 0.086 0.2 0.354 0.574 0.714 0.826 0.904 0.958 0.974
Generation: 35
safetyTest 1.000000 0.984000 35 100 500 10 0 0.002 0.092 0.224 0.396 0.614 0.766 0.886 0.932 0.974 0.984
Generation: 36
safetyTest 1.000000 0.988000 36 100 500 10 0 0.002 0.104 0.234 0.422 0.654 0.832 0.918 0.96 0.98 0.988
Generation: 37
safetyTest 1.000000 0.994000 37 100 500 10 0 0 0.08 0.2 0.354 0.572 0.714 0.862 0.946 0.976 0.994
Generation: 38
safetyTest 1.000000 0.996000 38 100 500 10 0 0.002 0.09 0.228 0.412 0.618 0.786 0.902 0.964 0.98 0.996
Generation: 39
safetyTest 1.000000 1.000000 39 100 500 10 0 0.002 0.104 0.228 0.432 0.672 0.848 0.954 0.974 0.992 1
safetyTest 1.000000 1.000000 40 100 500 10 0 0.002 0.096 0.232 0.444 0.668 0.85 0.952 0.99 0.994 1
Generation: 0
safetyTest 1.000000 0.226000 0 100 500 10 0 0 0.014 0.02 0.04 0.076 0.1 0.13 0.162 0.208 0.226
Generation: 1
safetyTest 1.000000 0.236000 1 100 500 10 0 0 0 0.01 0.038 0.072 0.096 0.144 0.194 0.244 0.236
Generation: 2
safetyTest 1.000000 0.256000 2 100 500 10 0 0 0.008 0.02 0.038 0.06 0.094 0.134 0.164 0.214 0.256
Generation: 3
safetyTest 1.000000 0.320000 3 100 500 10 0 0 0.012 0.032 0.06 0.11 0.154 0.204 0.242 0.288 0.32
Generation: 4
safetyTest 1.000000 0.324000 4 100 500 10 0 0 0.008 0.024 0.036 0.076 0.128 0.18 0.238 0.286 0.324
Generation: 5
safetyTest 1.000000 0.398000 5 100 500 10 0 0 0.01 0.05 0.076 0.128 0.188 0.244 0.308 0.37 0.398
Generation: 6
safetyTest 1.000000 0.398000 6 100 500 10 0 0.002 0.014 0.05 0.1 0.16 0.208 0.268 0.322 0.378 0.398
Generation: 7
safetyTest 1.000000 0.408000 7 100 500 10 0 0.002 0.018 0.048 0.094 0.146 0.2 0.266 0.326 0.38 0.408
Generation: 8
safetyTest 1.000000 0.440000 8 100 500 10 0 0.002 0.012 0.05 0.1 0.164 0.232 0.294 0.35 0.396 0.44
Generation: 9
safetyTest 1.000000 0.460000 9 100 500 10 0 0 0.014 0.058 0.104 0.172 0.218 0.266 0.322 0.36 0.46
Generation: 10
safetyTest 1.000000 0.466000 10 100 500 10 0 0 0.016 0.066 0.124 0.198 0.266 0.324 0.386 0.426 0.466
Generation: 11
safetyTest 1.000000 0.552000 11 100 500 10 0 0.002 0.04 0.104 0.178 0.26 0.354 0.438 0.512 0.584 0.552
Generation: 12
safetyTest 1.000000 0.560000 12 100 500 10 0 0 0.026 0.09 0.152 0.238 0.306 0.384 0.454 0.532 0.56
Generation: 13
safetyTest 1.000000 0.592000 13 100 500 10 0 0 0.034 0.108 0.172 0.276 0.38 0.456 0.524 0.586 0.592
Generation: 14
safetyTest 1.000000 0.642000 14 100 500 10 0 0.002 0.034 0.124 0.18 0.266 0.352 0.442 0.526 0.61 0.642
Generation: 15
safetyTest 1.000000 0.656000 15 100 500 10 0 0.002 0.06 0.122 0.222 0.328 0.418 0.518 0.596 0.678 0.656
Generation: 16
safetyTest 1.000000 0.676000 16 100 500 10 0 0.002 0.028 0.114 0.22 0.324 0.448 0.538 0.608 0.664 0.676
Generation: 17
safetyTest 1.000000 0.744000 17 100 500 10 0 0.002 0.04 0.138 0.258 0.368 0.474 0.564 0.626 0.692 0.744
Generation: 18
safetyTest 1.000000 0.746000 18 100 500 10 0 0 0.048 0.138 0.28 0.392 0.532 0.626 0.704 0.77 0.746
Generation: 19
safetyTest 1.000000 0.770000 19 100 500 10 0 0 0.036 0.13 0.264 0.376 0.498 0.598 0.682 0.742 0.77
Generation: 20
safetyTest 1.000000 0.824000 20 100 500 10 0 0.002 0.05 0.13 0.264 0.39 0.526 0.612 0.686 0.762 0.824
Generation: 21
safetyTest 1.000000 0.824000 21 100 500 10 0 0 0.06 0.158 0.314 0.45 0.556 0.662 0.752 0.796 0.824
Generation: 22
safetyTest 1.000000 0.828000 22 100 500 10 0 0.002 0.058 0.164 0.332 0.442 0.57 0.666 0.732 0.802 0.828
Generation: 23
safetyTest 1.000000 0.850000 23 100 500 10 0 0.002 0.042 0.134 0.266 0.408 0.534 0.634 0.734 0.814 0.85
Generation: 24
safetyTest 1.000000 0.868000 24 100 500 10 0 0.002 0.046 0.134 0.288 0.414 0.56 0.638 0.708 0.792 0.868
Generation: 25
safetyTest 1.000000 0.884000 25 100 500 10 0 0 0.062 0.176 0.346 0.496 0.626 0.726 0.79 0.856 0.884
Generation: 26
safetyTest 1.000000 0.900000 26 100 500 10 0 0.002 0.062 0.19 0.384 0.502 0.624 0.716 0.806 0.866 0.9
Generation: 27
safetyTest 1.000000 0.908000 27 100 500 10 0 0.002 0.074 0.198 0.396 0.534 0.68 0.768 0.846 0.898 0.908
Generation: 28
safetyTest 1.000000 0.908000 28 100 500 10 0 0.002 0.066 0.196 0.376 0.532 0.662 0.77 0.854 0.904 0.908
Generation: 29
safetyTest 1.000000 0.936000 29 100 500 10 0 0.002 0.096 0.198 0.374 0.536 0.686 0.812 0.878 0.93 0.936
Generation: 30
safetyTest 1.000000 0.950000 30 100 500 10 0 0.002 0.08 0.202 0.374 0.544 0.692 0.798 0.884 0.932 0.95
Generation: 31
safetyTest 1.000000 0.956000 31 100 500 10 0 0.002 0.076 0.236 0.442 0.622 0.766 0.852 0.918 0.956 0.956
Generation: 32
safetyTest 1.000000 0.964000 32 100 500 10 0 0.002 0.082 0.192 0.376 0.594 0.75 0.844 0.914 0.952 0.964
Generation: 33
safetyTest 1.000000 0.964000 33 100 500 10 0 0.002 0.084 0.184 0.364 0.594 0.742 0.856 0.932 0.96 0.964
Generation: 34
safetyTest 1.000000 0.978000 34 100 500 10 0 0.002 0.1 0.242 0.42 0.622 0.774 0.882 0.926 0.956 0.978
Generation: 35
safetyTest 1.000000 0.984000 35 100 500 10 0 0.002 0.096 0.224 0.42 0.624 0.78 0.894 0.944 0.972 0.984
Generation: 36
safetyTest 1.000000 0.994000 36 100 500 10 0 0.002 0.09 0.234 0.456 0.672 0.814 0.894 0.948 0.97 0.994
Generation: 37
safetyTest 1.000000 0.994000 37 100 500 10 0 0.002 0.092 0.238 0.452 0.644 0.808 0.894 0.944 0.972 0.994
Generation: 38
safetyTest 1.000000 0.994000 38 100 500 10 0 0.002 0.09 0.228 0.442 0.66 0.792 0.888 0.94 0.958 0.994
Generation: 39
safetyTest 1.000000 0.994000 39 100 500 10 0 0.002 0.096 0.266 0.472 0.692 0.828 0.914 0.962 0.988 0.994
Generation: 40
safetyTest 1.000000 0.994000 40 100 500 10 0 0.002 0.084 0.234 0.434 0.646 0.802 0.898 0.95 0.98 0.994
Generation: 41
safetyTest 1.000000 0.998000 41 100 500 10 0 0 0.102 0.276 0.502 0.73 0.89 0.966 0.992 0.998 0.998
Generation: 42
safetyTest 1.000000 1.000000 42 100 500 10 0 0.002 0.112 0.314 0.526 0.75 0.926 0.98 0.994 0.996 1
safetyTest 1.000000 1.000000 43 100 500 10 0 0.002 0.114 0.33 0.548 0.794 0.92 0.974 0.992 0.998 1
Generation: 0
safetyTest 1.000000 0.172000 0 100 500 10 0 0 0.012 0.034 0.044 0.066 0.086 0.112 0.124 0.15 0.172
Generation: 1
safetyTest 1.000000 0.186000 1 100 500 10 0 0 0.012 0.03 0.046 0.072 0.104 0.124 0.146 0.168 0.186
Generation: 2
safetyTest 1.000000 0.214000 2 100 500 10 0 0 0.012 0.026 0.044 0.064 0.082 0.1 0.132 0.164 0.214
Generation: 3
safetyTest 1.000000 0.214000 3 100 500 10 0 0 0.006 0.022 0.034 0.054 0.072 0.102 0.14 0.156 0.214
Generation: 4
safetyTest 1.000000 0.214000 4 100 500 10 0 0 0.008 0.026 0.042 0.07 0.104 0.138 0.142 0.162 0.214
Generation: 5
safetyTest 1.000000 0.250000 5 100 500 10 0 0.002 0.028 0.046 0.066 0.108 0.142 0.18 0.206 0.242 0.25
Generation: 6
safetyTest 1.000000 0.282000 6 100 500 10 0 0 0.022 0.068 0.104 0.146 0.182 0.22 0.254 0.274 0.282
Generation: 7
safetyTest 1.000000 0.320000 7 100 500 10 0 0 0.016 0.04 0.082 0.128 0.19 0.236 0.28 0.316 0.32
Generation: 8
safetyTest 1.000000 0.368000 8 100 500 10 0 0 0.02 0.052 0.088 0.158 0.224 0.29 0.332 0.384 0.368
Generation: 9
safetyTest 1.000000 0.376000 9 100 500 10 0 0 0.038 0.084 0.116 0.174 0.222 0.278 0.336 0.372 0.376
Generation: 10
safetyTest 1.000000 0.416000 10 100 500 10 0 0 0.052 0.106 0.154 0.212 0.246 0.3 0.332 0.378 0.416
Generation: 11
safetyTest 1.000000 0.482000 11 100 500 10 0 0.002 0.03 0.076 0.134 0.202 0.256 0.308 0.366 0.428 0.482
Generation: 12
safetyTest 1.000000 0.482000 12 100 500 10 0 0 0.032 0.086 0.148 0.22 0.27 0.336 0.404 0.458 0.482
Generation: 13
safetyTest 1.000000 0.496000 13 100 500 10 0 0 0.028 0.08 0.132 0.194 0.25 0.316 0.38 0.426 0.496
Generation: 14
safetyTest 1.000000 0.532000 14 100 500 10 0 0 0.064 0.12 0.202 0.268 0.342 0.402 0.452 0.498 0.532
Generation: 15
safetyTest 1.000000 0.536000 15 100 500 10 0 0 0.068 0.118 0.21 0.274 0.346 0.406 0.452 0.49 0.536
Generation: 16
safetyTest 1.000000 0.536000 16 100 500 10 0 0 0.07 0.136 0.226 0.3 0.358 0.412 0.46 0.488 0.536
Generation: 17
safetyTest 1.000000 0.560000 17 100 500 10 0 0.002 0.06 0.11 0.212 0.272 0.338 0.4 0.46 0.512 0.56
Generation: 18
safetyTest 1.000000 0.600000 18 100 500 10 0 0.002 0.038 0.108 0.18 0.28 0.358 0.444 0.532 0.588 0.6
Generation: 19
safetyTest 1.000000 0.624000 19 100 500 10 0 0 0.054 0.124 0.214 0.31 0.386 0.486 0.564 0.634 0.624
Generation: 20
safetyTest 1.000000 0.694000 20 100 500 10 0 0 0.05 0.122 0.224 0.33 0.408 0.516 0.586 0.664 0.694
Generation: 21
safetyTest 1.000000 0.702000 21 100 500 10 0 0 0.042 0.118 0.234 0.322 0.424 0.51 0.602 0.66 0.702
Generation: 22
safetyTest 1.000000 0.726000 22 100 500 10 0 0.002 0.058 0.14 0.254 0.368 0.464 0.558 0.618 0.678 0.726
Generation: 23
safetyTest 1.000000 0.730000 23 100 500 10 0 0 0.052 0.108 0.222 0.318 0.452 0.552 0.638 0.7 0.73
Generation: 24
safetyTest 1.000000 0.748000 24 100 500 10 0 0.002 0.058 0.114 0.214 0.318 0.462 0.562 0.668 0.744 0.748
Generation: 25
safetyTest 1.000000 0.792000 25 100 500 10 0 0.002 0.066 0.148 0.274 0.388 0.484 0.606 0.7 0.77 0.792
Generation: 26
safetyTest 1.000000 0.810000 26 100 500 10 0 0.002 0.06 0.138 0.25 0.38 0.496 0.612 0.696 0.772 0.81
Generation: 27
safetyTest 1.000000 0.810000 27 100 500 10 0 0.002 0.076 0.154 0.264 0.374 0.512 0.622 0.698 0.78 0.81
Generation: 28
safetyTest 1.000000 0.826000 28 100 500 10 0 0.002 0.056 0.144 0.288 0.412 0.566 0.686 0.774 0.816 0.826
Generation: 29
safetyTest 1.000000 0.848000 29 100 500 10 0 0.002 0.082 0.186 0.348 0.476 0.582 0.694 0.78 0.83 0.848
Generation: 30
safetyTest 1.000000 0.870000 30 100 500 10 0 0.002 0.072 0.186 0.328 0.454 0.606 0.722 0.786 0.842 0.87
Generation: 31
safetyTest 1.000000 0.872000 31 100 500 10 0 0 0.068 0.16 0.332 0.456 0.596 0.704 0.782 0.836 0.872
Generation: 32
safetyTest 1.000000 0.900000 32 100 500 10 0 0.002 0.07 0.15 0.324 0.482 0.656 0.75 0.818 0.882 0.9
Generation: 33
safetyTest 1.000000 0.914000 33 100 500 10 0 0.002 0.09 0.172 0.356 0.482 0.63 0.74 0.838 0.89 0.914
Generation: 34
safetyTest 1.000000 0.914000 34 100 500 10 0 0.002 0.058 0.148 0.318 0.444 0.6 0.73 0.834 0.892 0.914
Generation: 35
safetyTest 1.000000 0.932000 35 100 500 10 0 0.002 0.076 0.174 0.36 0.53 0.69 0.82 0.906 0.94 0.932
Generation: 36
safetyTest 1.000000 0.956000 36 100 500 10 0 0.002 0.07 0.18 0.34 0.51 0.704 0.812 0.902 0.952 0.956
Generation: 37
safetyTest 1.000000 0.956000 37 100 500 10 0 0.002 0.07 0.166 0.346 0.492 0.654 0.778 0.88 0.936 0.956
Generation: 38
safetyTest 1.000000 0.958000 38 100 500 10 0 0.002 0.078 0.194 0.382 0.542 0.7 0.82 0.888 0.924 0.958
Generation: 39
safetyTest 1.000000 0.964000 39 100 500 10 0 0.002 0.068 0.218 0.416 0.594 0.756 0.856 0.9 0.94 0.964
Generation: 40
safetyTest 1.000000 0.972000 40 100 500 10 0 0.002 0.082 0.24 0.448 0.616 0.746 0.874 0.928 0.948 0.972
Generation: 41
safetyTest 1.000000 0.972000 41 100 500 10 0 0.002 0.106 0.246 0.446 0.596 0.766 0.864 0.928 0.964 0.972
Generation: 42
safetyTest 1.000000 0.974000 42 100 500 10 0 0.002 0.076 0.224 0.41 0.628 0.79 0.912 0.958 0.97 0.974
Generation: 43
safetyTest 1.000000 0.978000 43 100 500 10 0 0.002 0.076 0.178 0.38 0.554 0.722 0.856 0.92 0.948 0.978
Generation: 44
safetyTest 1.000000 0.982000 44 100 500 10 0 0.002 0.084 0.19 0.378 0.582 0.764 0.866 0.936 0.97 0.982
Generation: 45
safetyTest 1.000000 0.982000 45 100 500 10 0 0.002 0.08 0.194 0.39 0.634 0.792 0.916 0.96 0.984 0.982
Generation: 46
safetyTest 1.000000 0.982000 46 100 500 10 0 0 0.084 0.218 0.4 0.604 0.782 0.904 0.954 0.974 0.982
Generation: 47
safetyTest 1.000000 0.984000 47 100 500 10 0 0.002 0.082 0.208 0.434 0.672 0.8 0.882 0.944 0.966 0.984
Generation: 48
safetyTest 1.000000 0.988000 48 100 500 10 0 0.002 0.096 0.214 0.408 0.626 0.806 0.906 0.954 0.98 0.988
Generation: 49
safetyTest 1.000000 0.996000 49 100 500 10 0 0.002 0.096 0.23 0.418 0.638 0.814 0.924 0.958 0.982 0.996
Generation: 50
safetyTest 1.000000 0.996000 50 100 500 10 0 0.002 0.102 0.232 0.418 0.65 0.83 0.95 0.976 0.99 0.996
Generation: 51
safetyTest 1.000000 0.996000 51 100 500 10 0 0.002 0.1 0.234 0.46 0.68 0.828 0.918 0.96 0.978 0.996
Generation: 52
safetyTest 1.000000 0.996000 52 100 500 10 0 0.002 0.108 0.258 0.442 0.654 0.836 0.928 0.98 0.992 0.996
Generation: 53
safetyTest 1.000000 0.998000 53 100 500 10 0 0.002 0.11 0.22 0.414 0.654 0.838 0.944 0.974 0.994 0.998
Generation: 54
safetyTest 1.000000 0.998000 54 100 500 10 0 0.002 0.098 0.226 0.436 0.648 0.802 0.916 0.978 0.992 0.998
Generation: 55
safetyTest 1.000000 1.000000 55 100 500 10 0 0.002 0.104 0.238 0.442 0.68 0.838 0.928 0.972 0.992 1
safetyTest 1.000000 1.000000 56 100 500 10 0 0.002 0.102 0.234 0.43 0.7 0.868 0.936 0.976 0.988 1
Generation: 0
safetyTest 1.000000 0.240000 0 100 500 10 0 0 0.01 0.042 0.07 0.11 0.14 0.178 0.21 0.234 0.24
Generation: 1
safetyTest 1.000000 0.276000 1 100 500 10 0 0 0.016 0.048 0.078 0.112 0.156 0.186 0.226 0.254 0.276
Generation: 2
safetyTest 1.000000 0.302000 2 100 500 10 0 0 0.016 0.042 0.094 0.14 0.202 0.242 0.274 0.322 0.302
Generation: 3
safetyTest 1.000000 0.346000 3 100 500 10 0 0 0.016 0.034 0.074 0.118 0.18 0.222 0.264 0.312 0.346
Generation: 4
safetyTest 1.000000 0.372000 4 100 500 10 0 0 0.018 0.042 0.094 0.148 0.208 0.266 0.314 0.368 0.372
Generation: 5
safetyTest 1.000000 0.386000 5 100 500 10 0 0.002 0.016 0.064 0.106 0.146 0.208 0.274 0.326 0.362 0.386
Generation: 6
safetyTest 1.000000 0.404000 6 100 500 10 0 0 0.016 0.056 0.088 0.15 0.206 0.278 0.334 0.384 0.404
Generation: 7
safetyTest 1.000000 0.458000 7 100 500 10 0 0 0.004 0.048 0.098 0.166 0.24 0.318 0.364 0.428 0.458
Generation: 8
safetyTest 1.000000 0.534000 8 100 500 10 0 0 0.02 0.08 0.146 0.226 0.304 0.402 0.476 0.52 0.534
Generation: 9
safetyTest 1.000000 0.550000 9 100 500 10 0 0.002 0.02 0.08 0.144 0.238 0.33 0.414 0.472 0.53 0.55
Generation: 10
safetyTest 1.000000 0.550000 10 100 500 10 0 0 0.016 0.05 0.104 0.19 0.262 0.336 0.426 0.5 0.55
Generation: 11
safetyTest 1.000000 0.558000 11 100 500 10 0 0 0.022 0.088 0.142 0.252 0.326 0.406 0.454 0.524 0.558
Generation: 12
safetyTest 1.000000 0.588000 12 100 500 10 0 0 0.028 0.108 0.178 0.272 0.374 0.452 0.55 0.596 0.588
Generation: 13
safetyTest 1.000000 0.600000 13 100 500 10 0 0 0.014 0.062 0.132 0.216 0.312 0.396 0.478 0.542 0.6
Generation: 14
safetyTest 1.000000 0.618000 14 100 500 10 0 0 0.022 0.092 0.148 0.24 0.33 0.432 0.512 0.584 0.618
Generation: 15
safetyTest 1.000000 0.644000 15 100 500 10 0 0 0.024 0.076 0.158 0.282 0.4 0.506 0.576 0.632 0.644
Generation: 16
safetyTest 1.000000 0.674000 16 100 500 10 0 0 0.03 0.1 0.198 0.336 0.434 0.526 0.626 0.704 0.674
Generation: 17
safetyTest 1.000000 0.684000 17 100 500 10 0 0.002 0.038 0.092 0.178 0.258 0.346 0.454 0.554 0.628 0.684
Generation: 18
safetyTest 1.000000 0.712000 18 100 500 10 0 0.002 0.032 0.092 0.2 0.324 0.42 0.53 0.618 0.678 0.712
Generation: 19
safetyTest 1.000000 0.726000 19 100 500 10 0 0 0.034 0.136 0.264 0.398 0.5 0.61 0.67 0.74 0.726
Generation: 20
safetyTest 1.000000 0.758000 20 100 500 10 0 0.002 0.03 0.074 0.164 0.3 0.424 0.522 0.606 0.68 0.758
Generation: 21
safetyTest 1.000000 0.790000 21 100 500 10 0 0.002 0.05 0.142 0.26 0.378 0.512 0.608 0.674 0.748 0.79
Generation: 22
safetyTest 1.000000 0.820000 22 100 500 10 0 0.002 0.034 0.124 0.262 0.398 0.556 0.656 0.732 0.79 0.82
Generation: 23
safetyTest 1.000000 0.824000 23 100 500 10 0 0.002 0.046 0.136 0.286 0.416 0.528 0.642 0.736 0.802 0.824
Generation: 24
safetyTest 1.000000 0.852000 24 100 500 10 0 0 0.04 0.146 0.292 0.432 0.57 0.686 0.776 0.842 0.852
Generation: 25
safetyTest 1.000000 0.870000 25 100 500 10 0 0.002 0.022 0.15 0.324 0.49 0.634 0.754 0.836 0.9 0.87
Generation: 26
safetyTest 1.000000 0.890000 26 100 500 10 0 0 0.038 0.124 0.254 0.414 0.552 0.706 0.81 0.87 0.89
Generation: 27
safetyTest 1.000000 0.908000 27 100 500 10 0 0.002 0.044 0.156 0.332 0.504 0.624 0.708 0.788 0.844 0.908
Generation: 28
safetyTest 1.000000 0.910000 28 100 500 10 0 0 0.04 0.138 0.292 0.482 0.624 0.744 0.838 0.888 0.91
Generation: 29
safetyTest 1.000000 0.918000 29 100 500 10 0 0 0.036 0.142 0.3 0.492 0.62 0.726 0.808 0.866 0.918
Generation: 30
safetyTest 1.000000 0.932000 30 100 500 10 0 0 0.038 0.152 0.326 0.494 0.656 0.782 0.868 0.928 0.932
Generation: 31
safetyTest 1.000000 0.942000 31 100 500 10 0 0.002 0.052 0.178 0.374 0.516 0.664 0.79 0.868 0.906 0.942
Generation: 32
safetyTest 1.000000 0.950000 32 100 500 10 0 0 0.046 0.152 0.308 0.478 0.652 0.78 0.848 0.912 0.95
Generation: 33
safetyTest 1.000000 0.950000 33 100 500 10 0 0.002 0.05 0.152 0.328 0.512 0.662 0.788 0.846 0.916 0.95
Generation: 34
safetyTest 1.000000 0.960000 34 100 500 10 0 0.002 0.052 0.152 0.34 0.544 0.71 0.834 0.886 0.934 0.96
Generation: 35
safetyTest 1.000000 0.960000 35 100 500 10 0 0.002 0.056 0.176 0.358 0.558 0.71 0.808 0.87 0.918 0.96
Generation: 36
safetyTest 1.000000 0.960000 36 100 500 10 0 0.002 0.058 0.206 0.398 0.58 0.732 0.83 0.904 0.952 0.96
Generation: 37
safetyTest 1.000000 0.966000 37 100 500 10 0 0.002 0.058 0.18 0.36 0.57 0.726 0.85 0.924 0.954 0.966
Generation: 38
safetyTest 1.000000 0.968000 38 100 500 10 0 0 0.05 0.196 0.366 0.548 0.714 0.82 0.914 0.936 0.968
Generation: 39
safetyTest 1.000000 0.974000 39 100 500 10 0 0.002 0.048 0.172 0.352 0.534 0.696 0.83 0.902 0.946 0.974
Generation: 40
safetyTest 1.000000 0.980000 40 100 500 10 0 0.002 0.056 0.156 0.324 0.538 0.7 0.82 0.894 0.94 0.98
Generation: 41
safetyTest 1.000000 0.990000 41 100 500 10 0 0 0.07 0.2 0.39 0.562 0.732 0.868 0.946 0.972 0.99
Generation: 42
safetyTest 1.000000 0.990000 42 100 500 10 0 0 0.066 0.206 0.384 0.588 0.762 0.872 0.934 0.962 0.99
Generation: 43
safetyTest 1.000000 0.990000 43 100 500 10 0 0.002 0.054 0.21 0.406 0.628 0.786 0.894 0.948 0.988 0.99
Generation: 44
safetyTest 1.000000 0.990000 44 100 500 10 0 0.002 0.054 0.186 0.38 0.588 0.74 0.846 0.932 0.96 0.99
Generation: 45
safetyTest 1.000000 0.990000 45 100 500 10 0 0 0.058 0.184 0.374 0.572 0.744 0.85 0.922 0.966 0.99
Generation: 46
safetyTest 1.000000 0.990000 46 100 500 10 0 0.002 0.072 0.21 0.386 0.6 0.738 0.834 0.904 0.958 0.99
Generation: 47
safetyTest 1.000000 0.994000 47 100 500 10 0 0.002 0.046 0.21 0.426 0.638 0.8 0.884 0.94 0.974 0.994
Generation: 48
safetyTest 1.000000 0.994000 48 100 500 10 0 0.002 0.052 0.23 0.432 0.618 0.806 0.908 0.966 0.982 0.994
Generation: 49
safetyTest 1.000000 0.994000 49 100 500 10 0 0.004 0.054 0.2 0.406 0.622 0.792 0.91 0.982 0.99 0.994
Generation: 50
safetyTest 1.000000 0.996000 50 100 500 10 0 0.002 0.076 0.242 0.454 0.71 0.862 0.956 0.984 0.992 0.996
Generation: 51
safetyTest 1.000000 0.996000 51 100 500 10 0 0.002 0.07 0.252 0.476 0.7 0.882 0.962 0.984 0.994 0.996
Generation: 52
safetyTest 1.000000 0.998000 52 100 500 10 0 0.002 0.074 0.236 0.47 0.68 0.824 0.908 0.968 0.984 0.998
Generation: 53
safetyTest 1.000000 0.998000 53 100 500 10 0 0 0.064 0.23 0.452 0.65 0.816 0.914 0.976 0.988 0.998
Generation: 54
safetyTest 1.000000 0.998000 54 100 500 10 0 0 0.056 0.222 0.438 0.672 0.828 0.93 0.974 0.986 0.998
Generation: 55
safetyTest 1.000000 1.000000 55 100 500 10 0 0.002 0.076 0.254 0.476 0.7 0.862 0.956 0.988 0.99 1
safetyTest 1.000000 1.000000 56 100 500 10 0 0.002 0.076 0.246 0.474 0.662 0.844 0.934 0.972 0.982 1
Generation: 0
safetyTest 1.000000 0.202000 0 100 500 10 0 0 0.012 0.034 0.054 0.078 0.102 0.13 0.172 0.208 0.202
Generation: 1
safetyTest 1.000000 0.228000 1 100 500 10 0 0 0.006 0.018 0.036 0.06 0.092 0.132 0.176 0.206 0.228
Generation: 2
safetyTest 1.000000 0.256000 2 100 500 10 0 0 0 0.008 0.038 0.076 0.112 0.148 0.194 0.246 0.256
Generation: 3
safetyTest 1.000000 0.290000 3 100 500 10 0 0 0.004 0.024 0.052 0.08 0.108 0.142 0.2 0.26 0.29
Generation: 4
safetyTest 1.000000 0.324000 4 100 500 10 0 0 0.014 0.032 0.058 0.094 0.142 0.18 0.222 0.278 0.324
Generation: 5
safetyTest 1.000000 0.348000 5 100 500 10 0 0.002 0.018 0.042 0.072 0.114 0.16 0.224 0.256 0.32 0.348
Generation: 6
safetyTest 1.000000 0.368000 6 100 500 10 0 0 0.008 0.052 0.1 0.132 0.186 0.228 0.282 0.336 0.368
Generation: 7
safetyTest 1.000000 0.430000 7 100 500 10 0 0 0.024 0.058 0.114 0.178 0.264 0.328 0.37 0.426 0.43
Generation: 8
safetyTest 1.000000 0.446000 8 100 500 10 0 0 0.006 0.03 0.082 0.144 0.196 0.272 0.348 0.416 0.446
Generation: 9
safetyTest 1.000000 0.450000 9 100 500 10 0 0 0.012 0.052 0.104 0.192 0.264 0.33 0.37 0.42 0.45
Generation: 10
safetyTest 1.000000 0.500000 10 100 500 10 0 0 0.016 0.06 0.128 0.178 0.262 0.33 0.398 0.45 0.5
Generation: 11
safetyTest 1.000000 0.524000 11 100 500 10 0 0 0.03 0.082 0.154 0.222 0.302 0.382 0.454 0.518 0.524
Generation: 12
safetyTest 1.000000 0.552000 12 100 500 10 0 0 0.022 0.074 0.14 0.218 0.31 0.402 0.452 0.522 0.552
Generation: 13
safetyTest 1.000000 0.586000 13 100 500 10 0 0 0.028 0.08 0.166 0.26 0.368 0.432 0.494 0.548 0.586
Generation: 14
safetyTest 1.000000 0.586000 14 100 500 10 0 0 0.028 0.08 0.176 0.26 0.356 0.44 0.498 0.554 0.586
Generation: 15
safetyTest 1.000000 0.596000 15 100 500 10 0 0 0.024 0.08 0.166 0.228 0.322 0.42 0.492 0.556 0.596
Generation: 16
safetyTest 1.000000 0.624000 16 100 500 10 0 0 0.028 0.09 0.172 0.27 0.392 0.472 0.544 0.594 0.624
Generation: 17
safetyTest 1.000000 0.664000 17 100 500 10 0 0.002 0.024 0.088 0.196 0.3 0.394 0.48 0.558 0.61 0.664
Generation: 18
safetyTest 1.000000 0.664000 18 100 500 10 0 0 0.028 0.1 0.196 0.304 0.4 0.484 0.562 0.626 0.664
Generation: 19
safetyTest 1.000000 0.684000 19 100 500 10 0 0 0.032 0.104 0.198 0.304 0.442 0.518 0.58 0.636 0.684
Generation: 20
safetyTest 1.000000 0.694000 20 100 500 10 0 0 0.038 0.122 0.234 0.344 0.446 0.524 0.594 0.678 0.694
Generation: 21
safetyTest 1.000000 0.716000 21 100 500 10 0 0 0.03 0.11 0.228 0.324 0.434 0.544 0.636 0.71 0.716
Generation: 22
safetyTest 1.000000 0.756000 22 100 500 10 0 0.002 0.044 0.116 0.236 0.35 0.476 0.566 0.638 0.702 0.756
Generation: 23
safetyTest 1.000000 0.776000 23 100 500 10 0 0 0.028 0.114 0.236 0.382 0.524 0.62 0.69 0.774 0.776
Generation: 24
safetyTest 1.000000 0.786000 24 100 500 10 0 0 0.052 0.13 0.244 0.364 0.496 0.6 0.704 0.782 0.786
Generation: 25
safetyTest 1.000000 0.796000 25 100 500 10 0 0.002 0.024 0.106 0.25 0.38 0.504 0.604 0.686 0.76 0.796
Generation: 26
safetyTest 1.000000 0.808000 26 100 500 10 0 0 0.038 0.132 0.278 0.406 0.538 0.644 0.706 0.78 0.808
Generation: 27
safetyTest 1.000000 0.808000 27 100 500 10 0 0 0.054 0.148 0.272 0.402 0.524 0.646 0.726 0.776 0.808
Generation: 28
safetyTest 1.000000 0.836000 28 100 500 10 0 0.002 0.044 0.136 0.28 0.44 0.552 0.64 0.728 0.808 0.836
Generation: 29
safetyTest 1.000000 0.838000 29 100 500 10 0 0.002 0.038 0.144 0.29 0.408 0.544 0.648 0.736 0.816 0.838
Generation: 30
safetyTest 1.000000 0.882000 30 100 500 10 0 0.002 0.042 0.164 0.306 0.434 0.584 0.712 0.808 0.878 0.882
Generation: 31
safetyTest 1.000000 0.882000 31 100 500 10 0 0.002 0.04 0.134 0.274 0.428 0.564 0.688 0.78 0.844 0.882
Generation: 32
safetyTest 1.000000 0.894000 32 100 500 10 0 0.004 0.054 0.142 0.294 0.466 0.618 0.74 0.814 0.87 0.894
Generation: 33
safetyTest 1.000000 0.912000 33 100 500 10 0 0 0.062 0.184 0.366 0.504 0.648 0.762 0.854 0.902 0.912
Generation: 34
safetyTest 1.000000 0.924000 34 100 500 10 0 0.002 0.048 0.148 0.308 0.452 0.606 0.74 0.842 0.902 0.924
Generation: 35
safetyTest 1.000000 0.952000 35 100 500 10 0 0.002 0.074 0.194 0.346 0.536 0.69 0.83 0.922 0.958 0.952
Generation: 36
safetyTest 1.000000 0.968000 36 100 500 10 0 0.002 0.084 0.192 0.354 0.562 0.712 0.832 0.908 0.94 0.968
Generation: 37
safetyTest 1.000000 0.968000 37 100 500 10 0 0.002 0.07 0.2 0.376 0.548 0.688 0.822 0.904 0.954 0.968
Generation: 38
safetyTest 1.000000 0.978000 38 100 500 10 0 0 0.056 0.184 0.348 0.552 0.712 0.834 0.928 0.966 0.978
Generation: 39
safetyTest 1.000000 0.978000 39 100 500 10 0 0.002 0.098 0.234 0.366 0.582 0.73 0.85 0.936 0.972 0.978
Generation: 40
safetyTest 1.000000 0.980000 40 100 500 10 0 0 0.068 0.194 0.36 0.556 0.724 0.848 0.916 0.952 0.98
Generation: 41
safetyTest 1.000000 0.986000 41 100 500 10 0 0 0.072 0.196 0.394 0.618 0.752 0.87 0.934 0.97 0.986
Generation: 42
safetyTest 1.000000 0.990000 42 100 500 10 0 0.002 0.058 0.176 0.348 0.558 0.706 0.854 0.94 0.984 0.99
Generation: 43
safetyTest 1.000000 0.990000 43 100 500 10 0 0.002 0.074 0.182 0.344 0.526 0.688 0.822 0.908 0.968 0.99
Generation: 44
safetyTest 1.000000 0.990000 44 100 500 10 0 0.002 0.08 0.178 0.348 0.544 0.712 0.848 0.932 0.962 0.99
Generation: 45
safetyTest 1.000000 0.990000 45 100 500 10 0 0.002 0.066 0.186 0.33 0.51 0.676 0.838 0.936 0.98 0.99
Generation: 46
safetyTest 1.000000 0.992000 46 100 500 10 0 0.002 0.072 0.218 0.412 0.626 0.786 0.892 0.948 0.978 0.992
Generation: 47
safetyTest 1.000000 0.992000 47 100 500 10 0 0.002 0.064 0.194 0.386 0.634 0.81 0.922 0.966 0.98 0.992
Generation: 48
safetyTest 1.000000 0.994000 48 100 500 10 0 0.002 0.054 0.196 0.376 0.578 0.768 0.906 0.972 0.992 0.994
Generation: 49
safetyTest 1.000000 0.998000 49 100 500 10 0 0 0.068 0.2 0.384 0.622 0.802 0.918 0.976 0.988 0.998
Generation: 50
safetyTest 1.000000 0.998000 50 100 500 10 0 0.004 0.072 0.202 0.386 0.606 0.78 0.922 0.974 0.994 0.998
Generation: 51
safetyTest 1.000000 0.998000 51 100 500 10 0 0 0.072 0.196 0.404 0.626 0.788 0.908 0.976 0.992 0.998
Generation: 52
safetyTest 1.000000 1.000000 52 100 500 10 0 0.002 0.1 0.236 0.414 0.646 0.832 0.938 0.984 0.994 1
safetyTest 1.000000 1.000000 53 100 500 10 0 0.002 0.096 0.282 0.466 0.708 0.844 0.938 0.974 0.99 1
Generation: 0
safetyTest 1.000000 0.154000 0 100 500 10 0 0 0.002 0.014 0.026 0.052 0.064 0.088 0.116 0.152 0.154
Generation: 1
safetyTest 1.000000 0.176000 1 100 500 10 0 0 0 0.01 0.03 0.056 0.076 0.118 0.15 0.182 0.176
Generation: 2
safetyTest 1.000000 0.214000 2 100 500 10 0 0 0.004 0.016 0.028 0.062 0.098 0.122 0.152 0.172 0.214
Generation: 3
safetyTest 1.000000 0.226000 3 100 500 10 0 0 0.004 0.012 0.032 0.066 0.104 0.148 0.198 0.236 0.226
Generation: 4
safetyTest 1.000000 0.250000 4 100 500 10 0 0 0.006 0.022 0.042 0.078 0.118 0.154 0.2 0.232 0.25
Generation: 5
safetyTest 1.000000 0.276000 5 100 500 10 0 0 0.014 0.03 0.048 0.086 0.122 0.158 0.204 0.238 0.276
Generation: 6
safetyTest 1.000000 0.348000 6 100 500 10 0 0 0.008 0.024 0.052 0.088 0.126 0.178 0.244 0.328 0.348
Generation: 7
safetyTest 1.000000 0.348000 7 100 500 10 0 0 0.004 0.032 0.062 0.118 0.17 0.24 0.29 0.356 0.348
Generation: 8
safetyTest 1.000000 0.374000 8 100 500 10 0 0 0.004 0.016 0.064 0.128 0.182 0.246 0.296 0.348 0.374
Generation: 9
safetyTest 1.000000 0.394000 9 100 500 10 0 0 0.01 0.022 0.058 0.11 0.176 0.244 0.306 0.364 0.394
Generation: 10
safetyTest 1.000000 0.410000 10 100 500 10 0 0 0.01 0.032 0.07 0.112 0.166 0.23 0.302 0.4 0.41
Generation: 11
safetyTest 1.000000 0.500000 11 100 500 10 0 0 0.01 0.052 0.11 0.192 0.264 0.338 0.41 0.462 0.5
Generation: 12
safetyTest 1.000000 0.500000 12 100 500 10 0 0 0.01 0.036 0.086 0.164 0.236 0.318 0.392 0.452 0.5
Generation: 13
safetyTest 1.000000 0.504000 13 100 500 10 0 0.002 0.014 0.038 0.086 0.14 0.226 0.316 0.392 0.476 0.504
Generation: 14
safetyTest 1.000000 0.554000 14 100 500 10 0 0 0.01 0.04 0.088 0.158 0.244 0.306 0.392 0.468 0.554
Generation: 15
safetyTest 1.000000 0.554000 15 100 500 10 0 0 0.018 0.06 0.118 0.184 0.274 0.344 0.426 0.514 0.554
Generation: 16
safetyTest 1.000000 0.594000 16 100 500 10 0 0 0.014 0.054 0.11 0.182 0.276 0.416 0.514 0.598 0.594
Generation: 17
safetyTest 1.000000 0.650000 17 100 500 10 0 0 0.014 0.064 0.138 0.24 0.348 0.446 0.552 0.634 0.65
Generation: 18
safetyTest 1.000000 0.670000 18 100 500 10 0 0 0.016 0.06 0.126 0.23 0.352 0.474 0.57 0.646 0.67
Generation: 19
safetyTest 1.000000 0.670000 19 100 500 10 0 0 0.024 0.072 0.134 0.244 0.348 0.47 0.574 0.646 0.67
Generation: 20
safetyTest 1.000000 0.688000 20 100 500 10 0 0.002 0.022 0.072 0.14 0.242 0.36 0.466 0.548 0.654 0.688
Generation: 21
safetyTest 1.000000 0.706000 21 100 500 10 0 0 0.012 0.068 0.148 0.266 0.384 0.498 0.584 0.652 0.706
Generation: 22
safetyTest 1.000000 0.732000 22 100 500 10 0 0.002 0.02 0.082 0.172 0.296 0.448 0.57 0.654 0.722 0.732
Generation: 23
safetyTest 1.000000 0.766000 23 100 500 10 0 0 0.016 0.072 0.162 0.286 0.42 0.53 0.622 0.692 0.766
Generation: 24
safetyTest 1.000000 0.780000 24 100 500 10 0 0 0.028 0.082 0.174 0.292 0.404 0.538 0.652 0.74 0.78
Generation: 25
safetyTest 1.000000 0.792000 25 100 500 10 0 0.002 0.018 0.08 0.176 0.284 0.448 0.566 0.684 0.758 0.792
Generation: 26
safetyTest 1.000000 0.804000 26 100 500 10 0 0 0.006 0.06 0.15 0.27 0.434 0.544 0.654 0.756 0.804
Generation: 27
safetyTest 1.000000 0.810000 27 100 500 10 0 0 0.022 0.106 0.228 0.36 0.484 0.618 0.728 0.802 0.81
Generation: 28
safetyTest 1.000000 0.832000 28 100 500 10 0 0 0.01 0.086 0.178 0.286 0.404 0.542 0.678 0.764 0.832
Generation: 29
safetyTest 1.000000 0.842000 29 100 500 10 0 0.002 0.026 0.082 0.204 0.348 0.516 0.66 0.764 0.834 0.842
Generation: 30
safetyTest 1.000000 0.850000 30 100 500 10 0 0.002 0.018 0.078 0.194 0.316 0.504 0.648 0.76 0.846 0.85
Generation: 31
safetyTest 1.000000 0.866000 31 100 500 10 0 0.002 0.024 0.084 0.198 0.376 0.55 0.7 0.792 0.864 0.866
Generation: 32
safetyTest 1.000000 0.882000 32 100 500 10 0 0 0.018 0.094 0.228 0.396 0.572 0.728 0.818 0.878 0.882
Generation: 33
safetyTest 1.000000 0.882000 33 100 500 10 0 0.002 0.016 0.088 0.218 0.414 0.572 0.702 0.794 0.86 0.882
Generation: 34
safetyTest 1.000000 0.920000 34 100 500 10 0 0 0.032 0.116 0.266 0.414 0.578 0.704 0.808 0.88 0.92
Generation: 35
safetyTest 1.000000 0.920000 35 100 500 10 0 0 0.036 0.104 0.254 0.424 0.588 0.742 0.87 0.916 0.92
Generation: 36
safetyTest 1.000000 0.936000 36 100 500 10 0 0 0.022 0.144 0.278 0.464 0.646 0.778 0.872 0.926 0.936
Generation: 37
safetyTest 1.000000 0.936000 37 100 500 10 0 0.002 0.042 0.128 0.276 0.446 0.608 0.756 0.864 0.906 0.936
Generation: 38
safetyTest 1.000000 0.938000 38 100 500 10 0 0.002 0.02 0.11 0.282 0.452 0.606 0.74 0.842 0.91 0.938
Generation: 39
safetyTest 1.000000 0.946000 39 100 500 10 0 0.002 0.028 0.124 0.304 0.484 0.64 0.792 0.87 0.934 0.946
Generation: 40
safetyTest 1.000000 0.954000 40 100 500 10 0 0.002 0.032 0.118 0.282 0.494 0.68 0.826 0.904 0.948 0.954
Generation: 41
safetyTest 1.000000 0.966000 41 100 500 10 0 0 0.028 0.14 0.294 0.478 0.684 0.834 0.916 0.95 0.966
Generation: 42
safetyTest 1.000000 0.986000 42 100 500 10 0 0.002 0.036 0.126 0.314 0.522 0.728 0.862 0.924 0.96 0.986
Generation: 43
safetyTest 1.000000 0.986000 43 100 500 10 0 0.002 0.038 0.168 0.334 0.546 0.722 0.842 0.936 0.964 0.986
Generation: 44
safetyTest 1.000000 0.986000 44 100 500 10 0 0 0.03 0.13 0.3 0.49 0.656 0.834 0.916 0.952 0.986
Generation: 45
safetyTest 1.000000 0.986000 45 100 500 10 0 0 0.038 0.138 0.302 0.51 0.67 0.814 0.922 0.964 0.986
Generation: 46
safetyTest 1.000000 0.986000 46 100 500 10 0 0.002 0.034 0.14 0.318 0.524 0.708 0.842 0.93 0.972 0.986
Generation: 47
safetyTest 1.000000 0.986000 47 100 500 10 0 0.002 0.052 0.168 0.344 0.544 0.726 0.848 0.926 0.964 0.986
Generation: 48
safetyTest 1.000000 0.990000 48 100 500 10 0 0 0.024 0.168 0.402 0.6 0.794 0.932 0.982 0.994 0.99
Generation: 49
safetyTest 1.000000 0.992000 49 100 500 10 0 0 0.042 0.144 0.332 0.538 0.724 0.862 0.938 0.98 0.992
Generation: 50
safetyTest 1.000000 0.996000 50 100 500 10 0 0.002 0.04 0.162 0.37 0.578 0.77 0.908 0.968 0.992 0.996
Generation: 51
safetyTest 1.000000 0.996000 51 100 500 10 0 0 0.044 0.168 0.386 0.626 0.798 0.916 0.962 0.988 0.996
Generation: 52
safetyTest 1.000000 0.998000 52 100 500 10 0 0 0.03 0.174 0.37 0.654 0.842 0.95 0.986 0.992 0.998
Generation: 53
safetyTest 1.000000 1.000000 53 100 500 10 0 0.002 0.052 0.184 0.356 0.634 0.812 0.936 0.988 0.998 1
safetyTest 1.000000 1.000000 54 100 500 10 0 0.002 0.046 0.18 0.388 0.646 0.828 0.946 0.984 0.996 1
Generation: 0
safetyTest 1.000000 0.252000 0 100 500 10 0 0.002 0.01 0.028 0.07 0.098 0.118 0.152 0.18 0.206 0.252
Generation: 1
safetyTest 1.000000 0.262000 1 100 500 10 0 0 0.016 0.042 0.068 0.094 0.134 0.172 0.204 0.242 0.262
Generation: 2
safetyTest 1.000000 0.280000 2 100 500 10 0 0 0.006 0.028 0.058 0.088 0.124 0.162 0.198 0.228 0.28
Generation: 3
safetyTest 1.000000 0.300000 3 100 500 10 0 0.002 0.012 0.034 0.066 0.108 0.164 0.206 0.26 0.294 0.3
Generation: 4
safetyTest 1.000000 0.322000 4 100 500 10 0 0 0.012 0.046 0.074 0.126 0.172 0.206 0.244 0.28 0.322
Generation: 5
safetyTest 1.000000 0.384000 5 100 500 10 0 0 0.022 0.054 0.098 0.14 0.2 0.242 0.286 0.34 0.384
Generation: 6
safetyTest 1.000000 0.384000 6 100 500 10 0 0 0.024 0.068 0.1 0.144 0.184 0.216 0.274 0.342 0.384
Generation: 7
safetyTest 1.000000 0.398000 7 100 500 10 0 0.002 0.028 0.062 0.104 0.144 0.196 0.25 0.316 0.36 0.398
Generation: 8
safetyTest 1.000000 0.402000 8 100 500 10 0 0.004 0.026 0.076 0.114 0.188 0.238 0.294 0.354 0.402 0.402
Generation: 9
safetyTest 1.000000 0.430000 9 100 500 10 0 0 0.04 0.088 0.136 0.194 0.26 0.328 0.382 0.444 0.43
Generation: 10
safetyTest 1.000000 0.450000 10 100 500 10 0 0 0.022 0.08 0.14 0.222 0.284 0.35 0.428 0.494 0.45
Generation: 11
safetyTest 1.000000 0.486000 11 100 500 10 0 0 0.032 0.092 0.142 0.198 0.262 0.324 0.376 0.438 0.486
Generation: 12
safetyTest 1.000000 0.486000 12 100 500 10 0 0.002 0.03 0.062 0.112 0.176 0.232 0.3 0.378 0.454 0.486
Generation: 13
safetyTest 1.000000 0.512000 13 100 500 10 0 0 0.024 0.072 0.13 0.222 0.278 0.336 0.398 0.44 0.512
Generation: 14
safetyTest 1.000000 0.532000 14 100 500 10 0 0.004 0.032 0.086 0.17 0.238 0.306 0.36 0.422 0.488 0.532
Generation: 15
safetyTest 1.000000 0.594000 15 100 500 10 0 0 0.026 0.106 0.178 0.266 0.356 0.422 0.488 0.534 0.594
Generation: 16
safetyTest 1.000000 0.594000 16 100 500 10 0 0.002 0.03 0.08 0.168 0.242 0.31 0.392 0.448 0.516 0.594
Generation: 17
safetyTest 1.000000 0.594000 17 100 500 10 0 0 0.028 0.102 0.162 0.272 0.354 0.42 0.492 0.542 0.594
Generation: 18
safetyTest 1.000000 0.618000 18 100 500 10 0 0.002 0.02 0.124 0.206 0.286 0.362 0.46 0.548 0.622 0.618
Generation: 19
safetyTest 1.000000 0.654000 19 100 500 10 0 0.002 0.054 0.158 0.266 0.368 0.446 0.522 0.604 0.65 0.654
Generation: 20
safetyTest 1.000000 0.660000 20 100 500 10 0 0.002 0.05 0.134 0.212 0.31 0.41 0.484 0.576 0.64 0.66
Generation: 21
safetyTest 1.000000 0.674000 21 100 500 10 0 0.002 0.052 0.14 0.224 0.344 0.43 0.51 0.568 0.648 0.674
Generation: 22
safetyTest 1.000000 0.706000 22 100 500 10 0 0.002 0.046 0.122 0.206 0.302 0.414 0.506 0.59 0.666 0.706
Generation: 23
safetyTest 1.000000 0.740000 23 100 500 10 0 0 0.052 0.128 0.234 0.336 0.454 0.57 0.648 0.714 0.74
Generation: 24
safetyTest 1.000000 0.742000 24 100 500 10 0 0 0.056 0.136 0.24 0.33 0.426 0.532 0.618 0.694 0.742
Generation: 25
safetyTest 1.000000 0.742000 25 100 500 10 0 0.002 0.04 0.106 0.222 0.34 0.44 0.548 0.63 0.702 0.742
Generation: 26
safetyTest 1.000000 0.796000 26 100 500 10 0 0.004 0.04 0.112 0.228 0.338 0.44 0.564 0.676 0.776 0.796
Generation: 27
safetyTest 1.000000 0.802000 27 100 500 10 0 0.002 0.044 0.144 0.286 0.392 0.522 0.606 0.69 0.75 0.802
Generation: 28
safetyTest 1.000000 0.834000 28 100 500 10 0 0 0.06 0.164 0.294 0.41 0.536 0.626 0.728 0.796 0.834
Generation: 29
safetyTest 1.000000 0.840000 29 100 500 10 0 0.002 0.044 0.142 0.26 0.398 0.512 0.63 0.734 0.814 0.84
Generation: 30
safetyTest 1.000000 0.846000 30 100 500 10 0 0 0.048 0.146 0.302 0.414 0.53 0.668 0.764 0.85 0.846
Generation: 31
safetyTest 1.000000 0.862000 31 100 500 10 0 0 0.048 0.16 0.306 0.424 0.558 0.68 0.802 0.88 0.862
Generation: 32
safetyTest 1.000000 0.892000 32 100 500 10 0 0.004 0.062 0.174 0.356 0.448 0.574 0.708 0.81 0.868 0.892
Generation: 33
safetyTest 1.000000 0.892000 33 100 500 10 0 0.004 0.07 0.194 0.352 0.478 0.586 0.69 0.794 0.86 0.892
Generation: 34
safetyTest 1.000000 0.892000 34 100 500 10 0 0.002 0.072 0.196 0.338 0.476 0.588 0.7 0.784 0.864 0.892
Generation: 35
safetyTest 1.000000 0.900000 35 100 500 10 0 0.002 0.062 0.168 0.332 0.45 0.56 0.67 0.752 0.816 0.9
Generation: 36
safetyTest 1.000000 0.920000 36 100 500 10 0 0 0.062 0.184 0.362 0.508 0.654 0.748 0.832 0.882 0.92
Generation: 37
safetyTest 1.000000 0.944000 37 100 500 10 0 0 0.092 0.228 0.412 0.55 0.674 0.786 0.85 0.928 0.944
Generation: 38
safetyTest 1.000000 0.968000 38 100 500 10 0 0 0.064 0.19 0.372 0.518 0.668 0.798 0.888 0.94 0.968
Generation: 39
safetyTest 1.000000 0.968000 39 100 500 10 0 0 0.074 0.21 0.376 0.548 0.706 0.82 0.906 0.942 0.968
Generation: 40
safetyTest 1.000000 0.970000 40 100 500 10 0 0 0.086 0.22 0.41 0.578 0.712 0.84 0.92 0.958 0.97
Generation: 41
safetyTest 1.000000 0.972000 41 100 500 10 0 0.002 0.07 0.196 0.35 0.536 0.678 0.776 0.868 0.942 0.972
Generation: 42
safetyTest 1.000000 0.972000 42 100 500 10 0 0.002 0.066 0.2 0.382 0.514 0.672 0.766 0.878 0.934 0.972
Generation: 43
safetyTest 1.000000 0.986000 43 100 500 10 0 0 0.1 0.224 0.43 0.592 0.752 0.86 0.942 0.974 0.986
Generation: 44
safetyTest 1.000000 0.986000 44 100 500 10 0 0 0.096 0.246 0.424 0.58 0.75 0.854 0.934 0.958 0.986
Generation: 45
safetyTest 1.000000 0.986000 45 100 500 10 0 0.002 0.098 0.22 0.448 0.602 0.752 0.856 0.928 0.956 0.986
Generation: 46
safetyTest 1.000000 0.988000 46 100 500 10 0 0.002 0.104 0.256 0.44 0.612 0.776 0.866 0.95 0.984 0.988
Generation: 47
safetyTest 1.000000 0.992000 47 100 500 10 0 0.002 0.098 0.244 0.456 0.612 0.77 0.884 0.958 0.986 0.992
Generation: 48
safetyTest 1.000000 0.992000 48 100 500 10 0 0.002 0.1 0.248 0.47 0.614 0.774 0.886 0.94 0.98 0.992
Generation: 49
safetyTest 1.000000 0.992000 49 100 500 10 0 0 0.086 0.244 0.462 0.642 0.786 0.894 0.954 0.986 0.992
Generation: 50
safetyTest 1.000000 0.996000 50 100 500 10 0 0.002 0.098 0.24 0.456 0.638 0.804 0.902 0.956 0.984 0.996
Generation: 51
safetyTest 1.000000 0.996000 51 100 500 10 0 0.002 0.09 0.246 0.466 0.644 0.796 0.896 0.956 0.986 0.996
Generation: 52
safetyTest 1.000000 0.998000 52 100 500 10 0 0.002 0.118 0.302 0.524 0.698 0.852 0.934 0.982 0.994 0.998
Generation: 53
safetyTest 1.000000 0.998000 53 100 500 10 0 0.002 0.11 0.278 0.52 0.722 0.872 0.938 0.988 0.996 0.998
Generation: 54
safetyTest 1.000000 1.000000 54 100 500 10 0 0.002 0.096 0.264 0.458 0.624 0.814 0.916 0.966 0.994 1
safetyTest 1.000000 1.000000 55 100 500 10 0 0 0.11 0.252 0.47 0.66 0.832 0.91 0.972 0.994 1
Generation: 0
safetyTest 1.000000 0.162000 0 100 500 10 0 0 0.002 0.004 0.026 0.042 0.066 0.086 0.118 0.152 0.162
Generation: 1
safetyTest 1.000000 0.166000 1 100 500 10 0 0 0.002 0.012 0.032 0.062 0.088 0.108 0.138 0.16 0.166
Generation: 2
safetyTest 1.000000 0.190000 2 100 500 10 0 0 0.002 0.016 0.038 0.054 0.082 0.108 0.132 0.15 0.19
Generation: 3
safetyTest 1.000000 0.228000 3 100 500 10 0 0 0.008 0.028 0.052 0.084 0.118 0.156 0.19 0.226 0.228
Generation: 4
safetyTest 1.000000 0.228000 4 100 500 10 0 0 0.006 0.022 0.052 0.076 0.12 0.146 0.172 0.206 0.228
Generation: 5
safetyTest 1.000000 0.236000 5 100 500 10 0 0 0.012 0.04 0.072 0.104 0.134 0.168 0.208 0.244 0.236
Generation: 6
safetyTest 1.000000 0.292000 6 100 500 10 0 0 0.012 0.036 0.066 0.11 0.156 0.21 0.25 0.29 0.292
Generation: 7
safetyTest 1.000000 0.304000 7 100 500 10 0 0 0.006 0.03 0.062 0.098 0.154 0.202 0.246 0.296 0.304
Generation: 8
safetyTest 1.000000 0.342000 8 100 500 10 0 0 0.01 0.02 0.058 0.094 0.146 0.212 0.268 0.302 0.342
Generation: 9
safetyTest 1.000000 0.352000 9 100 500 10 0 0 0.004 0.024 0.076 0.134 0.18 0.23 0.276 0.318 0.352
Generation: 10
safetyTest 1.000000 0.416000 10 100 500 10 0 0 0.01 0.036 0.07 0.126 0.184 0.232 0.282 0.348 0.416
Generation: 11
safetyTest 1.000000 0.416000 11 100 500 10 0 0 0.012 0.038 0.072 0.108 0.176 0.242 0.306 0.358 0.416
Generation: 12
safetyTest 1.000000 0.436000 12 100 500 10 0 0 0.026 0.068 0.102 0.146 0.21 0.28 0.354 0.404 0.436
Generation: 13
safetyTest 1.000000 0.478000 13 100 500 10 0 0 0.014 0.058 0.128 0.176 0.24 0.296 0.374 0.44 0.478
Generation: 14
safetyTest 1.000000 0.550000 14 100 500 10 0 0 0.01 0.052 0.126 0.196 0.268 0.352 0.442 0.498 0.55
Generation: 15
safetyTest 1.000000 0.556000 15 100 500 10 0 0 0.018 0.062 0.142 0.22 0.312 0.402 0.5 0.566 0.556
Generation: 16
safetyTest 1.000000 0.588000 16 100 500 10 0 0 0.014 0.052 0.122 0.23 0.3 0.392 0.472 0.538 0.588
Generation: 17
safetyTest 1.000000 0.588000 17 100 500 10 0 0.002 0.024 0.076 0.132 0.22 0.294 0.37 0.448 0.512 0.588
Generation: 18
safetyTest 1.000000 0.610000 18 100 500 10 0 0 0.02 0.068 0.148 0.238 0.312 0.386 0.47 0.572 0.61
Generation: 19
safetyTest 1.000000 0.648000 19 100 500 10 0 0 0.018 0.058 0.138 0.252 0.358 0.492 0.582 0.672 0.648
Generation: 20
safetyTest 1.000000 0.722000 20 100 500 10 0 0 0.012 0.054 0.154 0.252 0.376 0.496 0.6 0.684 0.722
Generation: 21
safetyTest 1.000000 0.722000 21 100 500 10 0 0 0.02 0.074 0.186 0.28 0.392 0.508 0.588 0.668 0.722
Generation: 22
safetyTest 1.000000 0.726000 22 100 500 10 0 0 0.016 0.062 0.166 0.326 0.446 0.566 0.66 0.73 0.726
Generation: 23
safetyTest 1.000000 0.768000 23 100 500 10 0 0 0.02 0.084 0.182 0.3 0.412 0.524 0.632 0.726 0.768
Generation: 24
safetyTest 1.000000 0.806000 24 100 500 10 0 0 0.018 0.084 0.2 0.368 0.508 0.63 0.722 0.812 0.806
Generation: 25
safetyTest 1.000000 0.806000 25 100 500 10 0 0 0.016 0.088 0.204 0.374 0.506 0.622 0.734 0.794 0.806
Generation: 26
safetyTest 1.000000 0.824000 26 100 500 10 0 0.004 0.02 0.084 0.21 0.39 0.518 0.644 0.746 0.816 0.824
Generation: 27
safetyTest 1.000000 0.852000 27 100 500 10 0 0 0.012 0.09 0.252 0.394 0.548 0.676 0.776 0.828 0.852
Generation: 28
safetyTest 1.000000 0.858000 28 100 500 10 0 0.002 0.016 0.088 0.222 0.364 0.508 0.644 0.738 0.816 0.858
Generation: 29
safetyTest 1.000000 0.872000 29 100 500 10 0 0 0.02 0.106 0.268 0.44 0.584 0.694 0.788 0.85 0.872
Generation: 30
safetyTest 1.000000 0.884000 30 100 500 10 0 0 0.022 0.094 0.242 0.412 0.568 0.694 0.784 0.84 0.884
Generation: 31
safetyTest 1.000000 0.896000 31 100 500 10 0 0 0.028 0.128 0.262 0.434 0.568 0.708 0.796 0.868 0.896
Generation: 32
safetyTest 1.000000 0.898000 32 100 500 10 0 0.002 0.022 0.112 0.288 0.468 0.616 0.736 0.826 0.886 0.898
Generation: 33
safetyTest 1.000000 0.908000 33 100 500 10 0 0 0.02 0.12 0.274 0.45 0.614 0.726 0.83 0.9 0.908
Generation: 34
safetyTest 1.000000 0.918000 34 100 500 10 0 0.002 0.024 0.106 0.294 0.486 0.674 0.77 0.854 0.896 0.918
Generation: 35
safetyTest 1.000000 0.924000 35 100 500 10 0 0.002 0.032 0.124 0.306 0.482 0.646 0.764 0.856 0.904 0.924
Generation: 36
safetyTest 1.000000 0.938000 36 100 500 10 0 0.004 0.026 0.13 0.324 0.528 0.672 0.8 0.882 0.924 0.938
Generation: 37
safetyTest 1.000000 0.958000 37 100 500 10 0 0.002 0.036 0.128 0.334 0.564 0.716 0.838 0.908 0.948 0.958
Generation: 38
safetyTest 1.000000 0.958000 38 100 500 10 0 0 0.026 0.126 0.334 0.56 0.696 0.824 0.904 0.934 0.958
Generation: 39
safetyTest 1.000000 0.968000 39 100 500 10 0 0 0.036 0.132 0.354 0.576 0.768 0.878 0.936 0.958 0.968
Generation: 40
safetyTest 1.000000 0.976000 40 100 500 10 0 0 0.028 0.146 0.364 0.6 0.772 0.886 0.964 0.972 0.976
Generation: 41
safetyTest 1.000000 0.984000 41 100 500 10 0 0.002 0.032 0.134 0.338 0.6 0.77 0.88 0.95 0.97 0.984
Generation: 42
safetyTest 1.000000 0.988000 42 100 500 10 0 0.002 0.03 0.12 0.316 0.512 0.702 0.842 0.92 0.954 0.988
Generation: 43
safetyTest 1.000000 0.988000 43 100 500 10 0 0 0.032 0.128 0.308 0.508 0.71 0.85 0.908 0.94 0.988
Generation: 44
safetyTest 1.000000 0.988000 44 100 500 10 0 0.002 0.028 0.124 0.302 0.512 0.706 0.838 0.902 0.936 0.988
Generation: 45
safetyTest 1.000000 0.988000 45 100 500 10 0 0 0.028 0.126 0.298 0.524 0.718 0.858 0.942 0.968 0.988
Generation: 46
safetyTest 1.000000 0.992000 46 100 500 10 0 0.002 0.034 0.15 0.318 0.504 0.674 0.836 0.924 0.98 0.992
Generation: 47
safetyTest 1.000000 0.992000 47 100 500 10 0 0.002 0.034 0.134 0.29 0.496 0.674 0.822 0.92 0.97 0.992
Generation: 48
safetyTest 1.000000 0.992000 48 100 500 10 0 0.002 0.026 0.128 0.288 0.494 0.682 0.83 0.924 0.964 0.992
Generation: 49
safetyTest 1.000000 0.994000 49 100 500 10 0 0.002 0.044 0.178 0.382 0.63 0.816 0.932 0.976 0.99 0.994
Generation: 50
safetyTest 1.000000 0.994000 50 100 500 10 0 0.002 0.052 0.168 0.368 0.612 0.812 0.922 0.978 0.992 0.994
Generation: 51
safetyTest 1.000000 0.994000 51 100 500 10 0 0.004 0.04 0.166 0.356 0.602 0.776 0.926 0.972 0.978 0.994
Generation: 52
safetyTest 1.000000 0.994000 52 100 500 10 0 0.004 0.036 0.14 0.338 0.606 0.79 0.942 0.988 0.996 0.994
Generation: 53
safetyTest 1.000000 0.998000 53 100 500 10 0 0.002 0.04 0.168 0.376 0.62 0.832 0.946 0.984 0.988 0.998
Generation: 54
safetyTest 1.000000 0.998000 54 100 500 10 0 0.002 0.04 0.162 0.382 0.636 0.844 0.954 0.992 0.998 0.998
Generation: 55
safetyTest 1.000000 0.998000 55 100 500 10 0 0.002 0.036 0.158 0.374 0.616 0.818 0.94 0.966 0.984 0.998
Generation: 56
safetyTest 1.000000 1.000000 56 100 500 10 0 0.002 0.056 0.172 0.378 0.624 0.814 0.928 0.986 0.99 1
safetyTest 1.000000 1.000000 57 100 500 10 0 0.002 0.054 0.172 0.372 0.618 0.79 0.922 0.978 0.988 1
Generation: 0
safetyTest 1.000000 0.220000 0 100 500 10 0 0 0.014 0.048 0.076 0.102 0.138 0.16 0.192 0.212 0.22
Generation: 1
safetyTest 1.000000 0.252000 1 100 500 10 0 0 0.014 0.042 0.07 0.104 0.148 0.178 0.218 0.252 0.252
Generation: 2
safetyTest 1.000000 0.294000 2 100 500 10 0 0.002 0.022 0.048 0.076 0.124 0.172 0.222 0.25 0.29 0.294
Generation: 3
safetyTest 1.000000 0.386000 3 100 500 10 0 0 0.014 0.062 0.118 0.188 0.24 0.294 0.336 0.364 0.386
Generation: 4
safetyTest 1.000000 0.392000 4 100 500 10 0 0 0.018 0.07 0.118 0.172 0.234 0.282 0.324 0.372 0.392
Generation: 5
safetyTest 1.000000 0.436000 5 100 500 10 0 0 0.032 0.072 0.126 0.198 0.254 0.324 0.378 0.43 0.436
Generation: 6
safetyTest 1.000000 0.496000 6 100 500 10 0 0.002 0.032 0.096 0.164 0.26 0.338 0.41 0.458 0.526 0.496
Generation: 7
safetyTest 1.000000 0.530000 7 100 500 10 0 0 0.024 0.076 0.154 0.23 0.306 0.38 0.442 0.492 0.53
Generation: 8
safetyTest 1.000000 0.564000 8 100 500 10 0 0 0.024 0.074 0.162 0.246 0.338 0.416 0.478 0.538 0.564
Generation: 9
safetyTest 1.000000 0.588000 9 100 500 10 0 0.002 0.038 0.094 0.166 0.258 0.32 0.402 0.474 0.534 0.588
Generation: 10
safetyTest 1.000000 0.628000 10 100 500 10 0 0.002 0.022 0.102 0.19 0.282 0.38 0.448 0.502 0.562 0.628
Generation: 11
safetyTest 1.000000 0.640000 11 100 500 10 0 0.002 0.02 0.082 0.176 0.286 0.398 0.464 0.528 0.59 0.64
Generation: 12
safetyTest 1.000000 0.656000 12 100 500 10 0 0.002 0.046 0.116 0.23 0.32 0.412 0.506 0.572 0.652 0.656
Generation: 13
safetyTest 1.000000 0.704000 13 100 500 10 0 0 0.06 0.14 0.264 0.352 0.444 0.546 0.618 0.68 0.704
Generation: 14
safetyTest 1.000000 0.712000 14 100 500 10 0 0.002 0.052 0.102 0.2 0.306 0.43 0.524 0.6 0.66 0.712
Generation: 15
safetyTest 1.000000 0.756000 15 100 500 10 0 0.002 0.066 0.158 0.27 0.392 0.536 0.626 0.712 0.766 0.756
Generation: 16
safetyTest 1.000000 0.788000 16 100 500 10 0 0 0.05 0.152 0.272 0.374 0.516 0.612 0.68 0.724 0.788
Generation: 17
safetyTest 1.000000 0.788000 17 100 500 10 0 0.002 0.054 0.144 0.286 0.398 0.524 0.604 0.698 0.754 0.788
Generation: 18
safetyTest 1.000000 0.828000 18 100 500 10 0 0.004 0.054 0.15 0.276 0.418 0.562 0.67 0.75 0.806 0.828
Generation: 19
safetyTest 1.000000 0.832000 19 100 500 10 0 0.002 0.034 0.126 0.222 0.37 0.526 0.646 0.734 0.796 0.832
Generation: 20
safetyTest 1.000000 0.832000 20 100 500 10 0 0 0.036 0.134 0.242 0.378 0.51 0.612 0.688 0.782 0.832
Generation: 21
safetyTest 1.000000 0.864000 21 100 500 10 0 0 0.052 0.154 0.298 0.444 0.578 0.676 0.78 0.868 0.864
Generation: 22
safetyTest 1.000000 0.868000 22 100 500 10 0 0.002 0.048 0.158 0.33 0.468 0.642 0.722 0.826 0.888 0.868
Generation: 23
safetyTest 1.000000 0.906000 23 100 500 10 0 0 0.046 0.168 0.314 0.442 0.56 0.656 0.75 0.82 0.906
Generation: 24
safetyTest 1.000000 0.906000 24 100 500 10 0 0.002 0.062 0.166 0.326 0.456 0.616 0.728 0.802 0.856 0.906
Generation: 25
safetyTest 1.000000 0.916000 25 100 500 10 0 0.002 0.07 0.176 0.36 0.514 0.672 0.764 0.826 0.876 0.916
Generation: 26
safetyTest 1.000000 0.916000 26 100 500 10 0 0.002 0.076 0.196 0.362 0.48 0.668 0.788 0.866 0.912 0.916
Generation: 27
safetyTest 1.000000 0.948000 27 100 500 10 0 0.002 0.068 0.176 0.332 0.51 0.662 0.772 0.858 0.918 0.948
Generation: 28
safetyTest 1.000000 0.948000 28 100 500 10 0 0 0.06 0.162 0.348 0.49 0.646 0.764 0.866 0.918 0.948
Generation: 29
safetyTest 1.000000 0.968000 29 100 500 10 0 0.002 0.092 0.214 0.408 0.564 0.724 0.832 0.892 0.938 0.968
Generation: 30
safetyTest 1.000000 0.968000 30 100 500 10 0 0 0.09 0.22 0.452 0.624 0.756 0.85 0.902 0.948 0.968
Generation: 31
safetyTest 1.000000 0.968000 31 100 500 10 0 0.002 0.086 0.22 0.418 0.592 0.744 0.834 0.906 0.942 0.968
Generation: 32
safetyTest 1.000000 0.970000 32 100 500 10 0 0.002 0.074 0.206 0.4 0.59 0.762 0.866 0.924 0.958 0.97
Generation: 33
safetyTest 1.000000 0.970000 33 100 500 10 0 0 0.088 0.228 0.432 0.604 0.744 0.85 0.92 0.946 0.97
Generation: 34
safetyTest 1.000000 0.978000 34 100 500 10 0 0 0.08 0.214 0.422 0.64 0.806 0.918 0.966 0.986 0.978
Generation: 35
safetyTest 1.000000 0.980000 35 100 500 10 0 0.002 0.076 0.224 0.412 0.636 0.788 0.868 0.916 0.948 0.98
Generation: 36
safetyTest 1.000000 0.984000 36 100 500 10 0 0.002 0.07 0.212 0.422 0.604 0.796 0.884 0.948 0.974 0.984
Generation: 37
safetyTest 1.000000 0.990000 37 100 500 10 0 0.002 0.052 0.194 0.406 0.628 0.786 0.9 0.966 0.986 0.99
Generation: 38
safetyTest 1.000000 0.998000 38 100 500 10 0 0.002 0.08 0.246 0.452 0.656 0.796 0.89 0.944 0.974 0.998
Generation: 39
safetyTest 1.000000 0.998000 39 100 500 10 0 0 0.056 0.2 0.43 0.61 0.778 0.892 0.94 0.966 0.998
Generation: 40
safetyTest 1.000000 0.998000 40 100 500 10 0 0 0.066 0.212 0.4 0.614 0.768 0.886 0.946 0.97 0.998
Generation: 41
safetyTest 1.000000 0.998000 41 100 500 10 0 0 0.06 0.198 0.396 0.646 0.824 0.916 0.972 0.986 0.998
Generation: 42
safetyTest 1.000000 0.998000 42 100 500 10 0 0.002 0.068 0.196 0.4 0.616 0.784 0.904 0.962 0.98 0.998
Generation: 43
safetyTest 1.000000 0.998000 43 100 500 10 0 0.002 0.074 0.2 0.428 0.61 0.752 0.874 0.944 0.966 0.998
Generation: 44
safetyTest 1.000000 0.998000 44 100 500 10 0 0 0.082 0.228 0.42 0.624 0.794 0.898 0.956 0.986 0.998
Generation: 45
safetyTest 1.000000 0.998000 45 100 500 10 0 0.002 0.084 0.204 0.418 0.65 0.818 0.906 0.946 0.96 0.998
Generation: 46
safetyTest 1.000000 1.000000 46 100 500 10 0 0 0.094 0.222 0.438 0.676 0.836 0.934 0.976 0.996 1
safetyTest 1.000000 1.000000 47 100 500 10 0 0 0.084 0.222 0.414 0.636 0.808 0.92 0.972 0.986 1
Generation: 0
safetyTest2 1.000000 0.186000 0 100 500 10 0 0 0.002 0.008 0.022 0.038 0.064 0.086 0.116 0.144 0.186
Generation: 1
safetyTest2 1.000000 0.212000 1 100 500 10 0 0.002 0.006 0.012 0.024 0.036 0.054 0.076 0.102 0.124 0.212
Generation: 2
safetyTest2 1.000000 0.232000 2 100 500 10 0 0 0 0.014 0.036 0.062 0.084 0.112 0.142 0.178 0.232
Generation: 3
safetyTest2 1.000000 0.242000 3 100 500 10 0 0 0.006 0.014 0.048 0.082 0.122 0.17 0.21 0.256 0.242
Generation: 4
safetyTest2 1.000000 0.290000 4 100 500 10 0 0 0.002 0.016 0.038 0.068 0.118 0.166 0.214 0.262 0.29
Generation: 5
safetyTest2 1.000000 0.292000 5 100 500 10 0 0 0.02 0.042 0.078 0.11 0.154 0.196 0.232 0.258 0.292
Generation: 6
safetyTest2 1.000000 0.316000 6 100 500 10 0 0 0.014 0.036 0.078 0.11 0.146 0.196 0.252 0.294 0.316
Generation: 7
safetyTest2 1.000000 0.342000 7 100 500 10 0 0.002 0.008 0.024 0.06 0.124 0.168 0.224 0.266 0.32 0.342
Generation: 8
safetyTest2 1.000000 0.376000 8 100 500 10 0 0 0.002 0.022 0.056 0.112 0.172 0.216 0.27 0.316 0.376
Generation: 9
safetyTest2 1.000000 0.388000 9 100 500 10 0 0 0.01 0.024 0.06 0.12 0.168 0.218 0.268 0.314 0.388
Generation: 10
safetyTest2 1.000000 0.432000 10 100 500 10 0 0 0.012 0.04 0.084 0.146 0.212 0.276 0.33 0.388 0.432
Generation: 11
safetyTest2 1.000000 0.450000 11 100 500 10 0 0 0.016 0.05 0.106 0.172 0.24 0.306 0.368 0.444 0.45
Generation: 12
safetyTest2 1.000000 0.504000 12 100 500 10 0 0.002 0.02 0.048 0.092 0.154 0.23 0.296 0.384 0.448 0.504
Generation: 13
safetyTest2 1.000000 0.536000 13 100 500 10 0 0 0.012 0.052 0.108 0.198 0.304 0.382 0.458 0.514 0.536
Generation: 14
safetyTest2 1.000000 0.572000 14 100 500 10 0 0 0.018 0.058 0.122 0.208 0.28 0.362 0.43 0.514 0.572
Generation: 15
safetyTest2 1.000000 0.572000 15 100 500 10 0 0 0.012 0.064 0.128 0.204 0.294 0.374 0.468 0.528 0.572
Generation: 16
safetyTest2 1.000000 0.616000 16 100 500 10 0 0.002 0.03 0.08 0.164 0.254 0.366 0.468 0.564 0.648 0.616
Generation: 17
safetyTest2 1.000000 0.670000 17 100 500 10 0 0 0.028 0.096 0.19 0.288 0.398 0.49 0.58 0.64 0.67
Generation: 18
safetyTest2 1.000000 0.680000 18 100 500 10 0 0 0.024 0.076 0.16 0.252 0.362 0.456 0.542 0.634 0.68
Generation: 19
safetyTest2 1.000000 0.760000 19 100 500 10 0 0.002 0.022 0.086 0.198 0.31 0.452 0.566 0.65 0.712 0.76
Generation: 20
safetyTest2 1.000000 0.760000 20 100 500 10 0 0 0.026 0.116 0.242 0.35 0.48 0.586 0.67 0.748 0.76
Generation: 21
safetyTest2 1.000000 0.788000 21 100 500 10 0 0 0.026 0.088 0.202 0.346 0.472 0.582 0.682 0.75 0.788
Generation: 22
safetyTest2 1.000000 0.818000 22 100 500 10 0 0 0.042 0.12 0.262 0.404 0.556 0.672 0.766 0.834 0.818
Generation: 23
safetyTest2 1.000000 0.854000 23 100 500 10 0 0.002 0.024 0.134 0.288 0.418 0.552 0.678 0.78 0.844 0.854
Generation: 24
safetyTest2 1.000000 0.870000 24 100 500 10 0 0.002 0.05 0.158 0.316 0.482 0.616 0.72 0.798 0.85 0.87
Generation: 25
safetyTest2 1.000000 0.902000 25 100 500 10 0 0.002 0.038 0.158 0.294 0.446 0.588 0.702 0.796 0.868 0.902
Generation: 26
safetyTest2 1.000000 0.912000 26 100 500 10 0 0 0.028 0.122 0.264 0.44 0.574 0.706 0.82 0.878 0.912
Generation: 27
safetyTest2 1.000000 0.934000 27 100 500 10 0 0.002 0.06 0.178 0.346 0.54 0.698 0.808 0.888 0.936 0.934
Generation: 28
safetyTest2 1.000000 0.934000 28 100 500 10 0 0.002 0.066 0.174 0.324 0.518 0.674 0.784 0.862 0.914 0.934
Generation: 29
safetyTest2 1.000000 0.952000 29 100 500 10 0 0.002 0.052 0.198 0.36 0.544 0.69 0.818 0.886 0.92 0.952
Generation: 30
safetyTest2 1.000000 0.960000 30 100 500 10 0 0.002 0.054 0.226 0.404 0.586 0.74 0.86 0.918 0.936 0.96
Generation: 31
safetyTest2 1.000000 0.960000 31 100 500 10 0 0.002 0.064 0.224 0.396 0.61 0.758 0.842 0.902 0.95 0.96
Generation: 32
safetyTest2 1.000000 0.976000 32 100 500 10 0 0.002 0.056 0.232 0.406 0.61 0.762 0.844 0.904 0.954 0.976
Generation: 33
safetyTest2 1.000000 0.976000 33 100 500 10 0 0.002 0.074 0.236 0.42 0.622 0.776 0.886 0.94 0.966 0.976
Generation: 34
safetyTest2 1.000000 0.976000 34 100 500 10 0 0.002 0.064 0.24 0.44 0.618 0.774 0.874 0.92 0.966 0.976
Generation: 35
safetyTest2 1.000000 0.984000 35 100 500 10 0 0.002 0.086 0.268 0.426 0.632 0.81 0.902 0.944 0.97 0.984
Generation: 36
safetyTest2 1.000000 0.988000 36 100 500 10 0 0.002 0.088 0.258 0.464 0.674 0.816 0.924 0.978 0.986 0.988
Generation: 37
safetyTest2 1.000000 0.990000 37 100 500 10 0 0.002 0.072 0.248 0.448 0.68 0.842 0.928 0.968 0.986 0.99
Generation: 38
safetyTest2 1.000000 0.990000 38 100 500 10 0 0 0.092 0.27 0.458 0.678 0.834 0.912 0.956 0.978 0.99
Generation: 39
safetyTest2 1.000000 0.994000 39 100 500 10 0 0.002 0.11 0.28 0.468 0.69 0.858 0.932 0.972 0.988 0.994
Generation: 40
safetyTest2 1.000000 0.994000 40 100 500 10 0 0.002 0.076 0.254 0.464 0.686 0.848 0.942 0.974 0.988 0.994
Generation: 41
safetyTest2 1.000000 0.994000 41 100 500 10 0 0.002 0.09 0.274 0.486 0.702 0.852 0.954 0.982 0.994 0.994
Generation: 42
safetyTest2 1.000000 0.994000 42 100 500 10 0 0.002 0.094 0.272 0.484 0.692 0.862 0.948 0.978 0.99 0.994
Generation: 43
safetyTest2 1.000000 1.000000 43 100 500 10 0 0.002 0.092 0.264 0.472 0.696 0.864 0.95 0.984 0.992 1
testName time fitness gens maxGens agents groupsize e0 e1 e2 e3 e4 e5 e6 e7 e8 e9 e10
safetyTest2 1.000000 1.000000 44 100 500 10 0 0.004 0.084 0.274 0.486 0.694 0.858 0.934 0.976 0.992 1
Generation: 0
safetyTest2 1.000000 0.232000 0 100 500 10 0 0 0 0.016 0.042 0.084 0.124 0.182 0.232 0.266 0.232
Generation: 1
safetyTest2 1.000000 0.338000 1 100 500 10 0 0 0.006 0.018 0.048 0.088 0.128 0.18 0.232 0.3 0.338
Generation: 2
safetyTest2 1.000000 0.338000 2 100 500 10 0 0 0.01 0.028 0.054 0.09 0.144 0.19 0.236 0.276 0.338
Generation: 3
safetyTest2 1.000000 0.338000 3 100 500 10 0 0 0.004 0.028 0.05 0.088 0.132 0.18 0.23 0.298 0.338
Generation: 4
safetyTest2 1.000000 0.386000 4 100 500 10 0 0 0.012 0.028 0.062 0.108 0.148 0.214 0.282 0.346 0.386
Generation: 5
safetyTest2 1.000000 0.386000 5 100 500 10 0 0 0.002 0.008 0.066 0.116 0.194 0.278 0.362 0.41 0.386
Generation: 6
safetyTest2 1.000000 0.444000 6 100 500 10 0 0 0.012 0.048 0.088 0.144 0.192 0.266 0.332 0.386 0.444
Generation: 7
safetyTest2 1.000000 0.468000 7 100 500 10 0 0 0.012 0.034 0.086 0.15 0.22 0.292 0.348 0.418 0.468
Generation: 8
safetyTest2 1.000000 0.510000 8 100 500 10 0 0 0.002 0.05 0.084 0.144 0.2 0.28 0.342 0.424 0.51
Generation: 9
safetyTest2 1.000000 0.514000 9 100 500 10 0 0 0.008 0.042 0.088 0.158 0.24 0.34 0.4 0.466 0.514
Generation: 10
safetyTest2 1.000000 0.588000 10 100 500 10 0 0.002 0.02 0.076 0.128 0.212 0.306 0.406 0.494 0.572 0.588
Generation: 11
safetyTest2 1.000000 0.588000 11 100 500 10 0 0 0.01 0.044 0.102 0.186 0.282 0.378 0.472 0.542 0.588
Generation: 12
safetyTest2 1.000000 0.588000 12 100 500 10 0 0 0.016 0.058 0.118 0.202 0.292 0.4 0.464 0.544 0.588
Generation: 13
safetyTest2 1.000000 0.640000 13 100 500 10 0 0 0.018 0.07 0.166 0.254 0.348 0.424 0.508 0.582 0.64
Generation: 14
safetyTest2 1.000000 0.664000 14 100 500 10 0 0 0.038 0.088 0.2 0.28 0.41 0.506 0.588 0.66 0.664
Generation: 15
safetyTest2 1.000000 0.674000 15 100 500 10 0 0 0.036 0.098 0.196 0.27 0.356 0.468 0.534 0.602 0.674
Generation: 16
safetyTest2 1.000000 0.754000 16 100 500 10 0 0.002 0.022 0.098 0.196 0.312 0.436 0.552 0.654 0.74 0.754
Generation: 17
safetyTest2 1.000000 0.754000 17 100 500 10 0 0 0.022 0.09 0.208 0.308 0.436 0.548 0.658 0.746 0.754
Generation: 18
safetyTest2 1.000000 0.754000 18 100 500 10 0 0 0.022 0.094 0.206 0.322 0.42 0.554 0.636 0.72 0.754
Generation: 19
safetyTest2 1.000000 0.782000 19 100 500 10 0 0 0.018 0.09 0.19 0.324 0.446 0.574 0.696 0.776 0.782
Generation: 20
safetyTest2 1.000000 0.810000 20 100 500 10 0 0 0.03 0.096 0.19 0.344 0.482 0.61 0.694 0.77 0.81
Generation: 21
safetyTest2 1.000000 0.810000 21 100 500 10 0 0 0.022 0.102 0.212 0.348 0.476 0.6 0.704 0.776 0.81
Generation: 22
safetyTest2 1.000000 0.826000 22 100 500 10 0 0 0.012 0.08 0.196 0.336 0.46 0.6 0.706 0.792 0.826
Generation: 23
safetyTest2 1.000000 0.830000 23 100 500 10 0 0 0.02 0.078 0.214 0.36 0.518 0.644 0.764 0.846 0.83
Generation: 24
safetyTest2 1.000000 0.854000 24 100 500 10 0 0 0.026 0.116 0.256 0.398 0.546 0.634 0.738 0.814 0.854
Generation: 25
safetyTest2 1.000000 0.874000 25 100 500 10 0 0 0.026 0.12 0.29 0.464 0.604 0.72 0.796 0.854 0.874
Generation: 26
safetyTest2 1.000000 0.894000 26 100 500 10 0 0.002 0.04 0.136 0.268 0.438 0.554 0.708 0.796 0.866 0.894
Generation: 27
safetyTest2 1.000000 0.902000 27 100 500 10 0 0 0.048 0.15 0.28 0.444 0.576 0.71 0.818 0.87 0.902
Generation: 28
safetyTest2 1.000000 0.920000 28 100 500 10 0 0 0.026 0.114 0.242 0.402 0.544 0.68 0.78 0.828 0.92
Generation: 29
safetyTest2 1.000000 0.928000 29 100 500 10 0 0.002 0.04 0.134 0.292 0.492 0.642 0.794 0.864 0.912 0.928
Generation: 30
safetyTest2 1.000000 0.940000 30 100 500 10 0 0.002 0.046 0.158 0.318 0.532 0.662 0.78 0.868 0.928 0.94
Generation: 31
safetyTest2 1.000000 0.952000 31 100 500 10 0 0.002 0.074 0.206 0.384 0.598 0.774 0.87 0.916 0.944 0.952
Generation: 32
safetyTest2 1.000000 0.968000 32 100 500 10 0 0 0.064 0.222 0.392 0.626 0.782 0.866 0.922 0.958 0.968
Generation: 33
safetyTest2 1.000000 0.968000 33 100 500 10 0 0.004 0.054 0.208 0.398 0.612 0.758 0.87 0.928 0.948 0.968
Generation: 34
safetyTest2 1.000000 0.972000 34 100 500 10 0 0 0.068 0.222 0.41 0.608 0.776 0.874 0.928 0.956 0.972
Generation: 35
safetyTest2 1.000000 0.972000 35 100 500 10 0 0.002 0.064 0.19 0.378 0.602 0.756 0.86 0.932 0.97 0.972
Generation: 36
safetyTest2 1.000000 0.982000 36 100 500 10 0 0 0.062 0.208 0.42 0.644 0.792 0.89 0.954 0.972 0.982
Generation: 37
safetyTest2 1.000000 0.982000 37 100 500 10 0 0 0.066 0.216 0.406 0.608 0.786 0.898 0.95 0.974 0.982
Generation: 38
safetyTest2 1.000000 0.990000 38 100 500 10 0 0 0.048 0.17 0.376 0.594 0.774 0.892 0.95 0.978 0.99
Generation: 39
safetyTest2 1.000000 0.990000 39 100 500 10 0 0 0.042 0.18 0.392 0.61 0.794 0.918 0.968 0.978 0.99
Generation: 40
safetyTest2 1.000000 0.992000 40 100 500 10 0 0 0.052 0.208 0.438 0.654 0.838 0.928 0.968 0.982 0.992
Generation: 41
safetyTest2 1.000000 0.996000 41 100 500 10 0 0.002 0.044 0.188 0.392 0.656 0.854 0.958 0.99 0.998 0.996
Generation: 42
safetyTest2 1.000000 0.998000 42 100 500 10 0 0 0.068 0.264 0.474 0.712 0.864 0.95 0.98 0.99 0.998
Generation: 43
safetyTest2 1.000000 0.998000 43 100 500 10 0 0.002 0.084 0.27 0.494 0.732 0.892 0.962 0.984 0.992 0.998
Generation: 44
safetyTest2 1.000000 1.000000 44 100 500 10 0 0 0.058 0.19 0.424 0.682 0.866 0.94 0.98 0.99 1
safetyTest2 1.000000 1.000000 45 100 500 10 0 0.002 0.058 0.194 0.418 0.662 0.834 0.922 0.98 0.992 1
Generation: 0
safetyTest2 1.000000 0.228000 0 100 500 10 0 0 0.008 0.022 0.04 0.074 0.11 0.14 0.164 0.196 0.228
Generation: 1
safetyTest2 1.000000 0.250000 1 100 500 10 0 0 0.002 0.02 0.05 0.098 0.126 0.17 0.214 0.26 0.25
Generation: 2
safetyTest2 1.000000 0.282000 2 100 500 10 0 0 0.006 0.024 0.062 0.1 0.14 0.184 0.222 0.272 0.282
Generation: 3
safetyTest2 1.000000 0.314000 3 100 500 10 0 0 0.012 0.032 0.064 0.106 0.164 0.208 0.248 0.302 0.314
Generation: 4
safetyTest2 1.000000 0.330000 4 100 500 10 0 0 0.004 0.036 0.064 0.098 0.15 0.216 0.264 0.316 0.33
Generation: 5
safetyTest2 1.000000 0.354000 5 100 500 10 0 0 0.008 0.034 0.08 0.108 0.152 0.202 0.27 0.314 0.354
Generation: 6
safetyTest2 1.000000 0.380000 6 100 500 10 0 0.002 0.006 0.038 0.106 0.176 0.242 0.294 0.352 0.412 0.38
Generation: 7
safetyTest2 1.000000 0.442000 7 100 500 10 0 0 0.014 0.048 0.106 0.154 0.218 0.29 0.352 0.396 0.442
Generation: 8
safetyTest2 1.000000 0.444000 8 100 500 10 0 0 0.014 0.036 0.07 0.128 0.172 0.234 0.284 0.342 0.444
Generation: 9
safetyTest2 1.000000 0.466000 9 100 500 10 0 0.002 0.02 0.062 0.118 0.17 0.228 0.334 0.404 0.45 0.466
Generation: 10
safetyTest2 1.000000 0.482000 10 100 500 10 0 0 0.016 0.058 0.128 0.202 0.278 0.334 0.404 0.474 0.482
Generation: 11
safetyTest2 1.000000 0.548000 11 100 500 10 0 0 0.018 0.072 0.136 0.206 0.298 0.384 0.432 0.506 0.548
Generation: 12
safetyTest2 1.000000 0.554000 12 100 500 10 0 0.002 0.032 0.068 0.15 0.244 0.334 0.416 0.502 0.556 0.554
Generation: 13
safetyTest2 1.000000 0.634000 13 100 500 10 0 0 0.032 0.066 0.154 0.25 0.344 0.44 0.528 0.592 0.634
Generation: 14
safetyTest2 1.000000 0.658000 14 100 500 10 0 0.002 0.022 0.068 0.166 0.262 0.368 0.436 0.528 0.618 0.658
Generation: 15
safetyTest2 1.000000 0.690000 15 100 500 10 0 0 0.038 0.098 0.214 0.32 0.42 0.542 0.626 0.668 0.69
Generation: 16
safetyTest2 1.000000 0.722000 16 100 500 10 0 0 0.02 0.1 0.188 0.328 0.44 0.536 0.624 0.71 0.722
Generation: 17
safetyTest2 1.000000 0.738000 17 100 500 10 0 0 0.03 0.096 0.21 0.332 0.45 0.582 0.698 0.752 0.738
Generation: 18
safetyTest2 1.000000 0.768000 18 100 500 10 0 0.002 0.032 0.108 0.224 0.34 0.458 0.572 0.662 0.732 0.768
Generation: 19
safetyTest2 1.000000 0.782000 19 100 500 10 0 0 0.02 0.112 0.22 0.394 0.502 0.606 0.694 0.776 0.782
Generation: 20
safetyTest2 1.000000 0.828000 20 100 500 10 0 0.002 0.042 0.138 0.288 0.412 0.532 0.636 0.718 0.79 0.828
Generation: 21
safetyTest2 1.000000 0.862000 21 100 500 10 0 0 0.05 0.144 0.274 0.448 0.58 0.684 0.784 0.842 0.862
Generation: 22
safetyTest2 1.000000 0.904000 22 100 500 10 0 0.002 0.068 0.182 0.338 0.526 0.652 0.756 0.826 0.886 0.904
Generation: 23
safetyTest2 1.000000 0.904000 23 100 500 10 0 0.002 0.058 0.174 0.352 0.534 0.632 0.73 0.806 0.876 0.904
Generation: 24
safetyTest2 1.000000 0.924000 24 100 500 10 0 0 0.05 0.21 0.386 0.554 0.698 0.838 0.89 0.926 0.924
Generation: 25
safetyTest2 1.000000 0.942000 25 100 500 10 0 0 0.07 0.22 0.408 0.602 0.738 0.83 0.886 0.926 0.942
Generation: 26
safetyTest2 1.000000 0.946000 26 100 500 10 0 0.002 0.094 0.228 0.432 0.642 0.77 0.854 0.91 0.95 0.946
Generation: 27
safetyTest2 1.000000 0.964000 27 100 500 10 0 0.002 0.084 0.254 0.452 0.664 0.782 0.87 0.926 0.958 0.964
Generation: 28
safetyTest2 1.000000 0.976000 28 100 500 10 0 0 0.08 0.258 0.456 0.656 0.8 0.874 0.932 0.956 0.976
Generation: 29
safetyTest2 1.000000 0.982000 29 100 500 10 0 0.002 0.094 0.298 0.506 0.688 0.8 0.88 0.93 0.968 0.982
Generation: 30
safetyTest2 1.000000 0.986000 30 100 500 10 0 0.004 0.086 0.288 0.484 0.712 0.856 0.926 0.974 0.982 0.986
Generation: 31
safetyTest2 1.000000 0.996000 31 100 500 10 0 0.002 0.114 0.334 0.556 0.762 0.884 0.946 0.974 0.98 0.996
Generation: 32
safetyTest2 1.000000 1.000000 32 100 500 10 0 0.002 0.106 0.336 0.55 0.74 0.882 0.958 0.982 0.988 1
safetyTest2 1.000000 1.000000 33 100 500 10 0 0.002 0.106 0.312 0.532 0.772 0.918 0.958 0.98 0.99 1
Generation: 0
safetyTest2 1.000000 0.174000 0 100 500 10 0 0 0.004 0.024 0.032 0.054 0.094 0.116 0.138 0.164 0.174
Generation: 1
safetyTest2 1.000000 0.174000 1 100 500 10 0 0 0.006 0.018 0.032 0.08 0.108 0.132 0.16 0.182 0.174
Generation: 2
safetyTest2 1.000000 0.238000 2 100 500 10 0 0 0.006 0.016 0.032 0.05 0.08 0.102 0.132 0.166 0.238
Generation: 3
safetyTest2 1.000000 0.246000 3 100 500 10 0 0 0.012 0.026 0.052 0.074 0.108 0.152 0.188 0.224 0.246
Generation: 4
safetyTest2 1.000000 0.248000 4 100 500 10 0 0 0.004 0.012 0.038 0.064 0.108 0.134 0.166 0.194 0.248
Generation: 5
safetyTest2 1.000000 0.290000 5 100 500 10 0 0 0.012 0.032 0.064 0.096 0.142 0.204 0.254 0.29 0.29
Generation: 6
safetyTest2 1.000000 0.406000 6 100 500 10 0 0.002 0.014 0.042 0.08 0.122 0.174 0.232 0.302 0.348 0.406
Generation: 7
safetyTest2 1.000000 0.406000 7 100 500 10 0 0 0.01 0.036 0.072 0.124 0.172 0.222 0.294 0.358 0.406
Generation: 8
safetyTest2 1.000000 0.426000 8 100 500 10 0 0 0.016 0.046 0.09 0.158 0.228 0.3 0.36 0.412 0.426
Generation: 9
safetyTest2 1.000000 0.440000 9 100 500 10 0 0 0.018 0.054 0.092 0.164 0.216 0.266 0.326 0.39 0.44
Generation: 10
safetyTest2 1.000000 0.498000 10 100 500 10 0 0 0.014 0.056 0.122 0.19 0.288 0.362 0.426 0.468 0.498
Generation: 11
safetyTest2 1.000000 0.498000 11 100 500 10 0 0 0.024 0.054 0.112 0.18 0.242 0.306 0.378 0.434 0.498
Generation: 12
safetyTest2 1.000000 0.518000 12 100 500 10 0 0 0.028 0.078 0.148 0.226 0.288 0.364 0.424 0.494 0.518
Generation: 13
safetyTest2 1.000000 0.554000 13 100 500 10 0 0 0.016 0.066 0.142 0.22 0.294 0.384 0.466 0.528 0.554
Generation: 14
safetyTest2 1.000000 0.576000 14 100 500 10 0 0 0.016 0.064 0.14 0.23 0.302 0.374 0.44 0.51 0.576
Generation: 15
safetyTest2 1.000000 0.606000 15 100 500 10 0 0.002 0.046 0.12 0.188 0.27 0.35 0.44 0.496 0.562 0.606
Generation: 16
safetyTest2 1.000000 0.620000 16 100 500 10 0 0.002 0.038 0.134 0.26 0.358 0.444 0.534 0.578 0.618 0.62
Generation: 17
safetyTest2 1.000000 0.682000 17 100 500 10 0 0.002 0.03 0.128 0.236 0.36 0.44 0.512 0.588 0.642 0.682
Generation: 18
safetyTest2 1.000000 0.682000 18 100 500 10 0 0 0.032 0.116 0.216 0.35 0.434 0.522 0.6 0.674 0.682
Generation: 19
safetyTest2 1.000000 0.682000 19 100 500 10 0 0 0.038 0.112 0.218 0.324 0.412 0.484 0.566 0.624 0.682
Generation: 20
safetyTest2 1.000000 0.720000 20 100 500 10 0 0.002 0.05 0.146 0.258 0.36 0.49 0.568 0.632 0.696 0.72
Generation: 21
safetyTest2 1.000000 0.746000 21 100 500 10 0 0.002 0.038 0.12 0.244 0.376 0.47 0.58 0.662 0.722 0.746
Generation: 22
safetyTest2 1.000000 0.778000 22 100 500 10 0 0 0.024 0.096 0.22 0.34 0.476 0.59 0.696 0.778 0.778
Generation: 23
safetyTest2 1.000000 0.780000 23 100 500 10 0 0 0.042 0.152 0.284 0.39 0.49 0.576 0.666 0.73 0.78
Generation: 24
safetyTest2 1.000000 0.820000 24 100 500 10 0 0 0.03 0.12 0.25 0.386 0.52 0.632 0.718 0.788 0.82
Generation: 25
safetyTest2 1.000000 0.828000 25 100 500 10 0 0 0.048 0.174 0.326 0.442 0.552 0.646 0.694 0.756 0.828
Generation: 26
safetyTest2 1.000000 0.852000 26 100 500 10 0 0 0.066 0.228 0.378 0.506 0.638 0.726 0.794 0.844 0.852
Generation: 27
safetyTest2 1.000000 0.870000 27 100 500 10 0 0.002 0.032 0.154 0.306 0.436 0.574 0.702 0.782 0.85 0.87
Generation: 28
safetyTest2 1.000000 0.890000 28 100 500 10 0 0.002 0.03 0.144 0.31 0.508 0.66 0.738 0.818 0.864 0.89
Generation: 29
safetyTest2 1.000000 0.904000 29 100 500 10 0 0 0.062 0.194 0.354 0.52 0.682 0.764 0.828 0.872 0.904
Generation: 30
safetyTest2 1.000000 0.928000 30 100 500 10 0 0.002 0.056 0.174 0.362 0.514 0.638 0.766 0.834 0.896 0.928
Generation: 31
safetyTest2 1.000000 0.950000 31 100 500 10 0 0.002 0.048 0.152 0.328 0.498 0.67 0.778 0.864 0.906 0.95
Generation: 32
safetyTest2 1.000000 0.950000 32 100 500 10 0 0.002 0.032 0.164 0.336 0.492 0.626 0.764 0.86 0.908 0.95
Generation: 33
safetyTest2 1.000000 0.950000 33 100 500 10 0 0.002 0.038 0.158 0.306 0.504 0.686 0.794 0.866 0.93 0.95
Generation: 34
safetyTest2 1.000000 0.962000 34 100 500 10 0 0 0.042 0.168 0.402 0.582 0.742 0.842 0.894 0.93 0.962
Generation: 35
safetyTest2 1.000000 0.968000 35 100 500 10 0 0 0.038 0.168 0.364 0.564 0.708 0.836 0.898 0.946 0.968
Generation: 36
safetyTest2 1.000000 0.968000 36 100 500 10 0 0.002 0.036 0.178 0.376 0.562 0.718 0.828 0.922 0.954 0.968
Generation: 37
safetyTest2 1.000000 0.974000 37 100 500 10 0 0.002 0.06 0.202 0.42 0.598 0.764 0.878 0.93 0.964 0.974
Generation: 38
safetyTest2 1.000000 0.974000 38 100 500 10 0 0.002 0.044 0.216 0.41 0.576 0.76 0.862 0.928 0.956 0.974
Generation: 39
safetyTest2 1.000000 0.980000 39 100 500 10 0 0.002 0.036 0.182 0.396 0.598 0.75 0.862 0.94 0.968 0.98
Generation: 40
safetyTest2 1.000000 0.988000 40 100 500 10 0 0.002 0.042 0.178 0.42 0.604 0.77 0.902 0.938 0.966 0.988
Generation: 41
safetyTest2 1.000000 0.990000 41 100 500 10 0 0.002 0.046 0.206 0.41 0.62 0.76 0.88 0.94 0.982 0.99
Generation: 42
safetyTest2 1.000000 0.992000 42 100 500 10 0 0.002 0.058 0.21 0.448 0.636 0.806 0.89 0.95 0.982 0.992
Generation: 43
safetyTest2 1.000000 0.994000 43 100 500 10 0 0.004 0.05 0.204 0.408 0.616 0.77 0.89 0.946 0.98 0.994
Generation: 44
safetyTest2 1.000000 0.994000 44 100 500 10 0 0 0.046 0.196 0.39 0.582 0.74 0.878 0.936 0.978 0.994
Generation: 45
safetyTest2 1.000000 0.994000 45 100 500 10 0 0.004 0.054 0.196 0.438 0.648 0.8 0.904 0.954 0.99 0.994
Generation: 46
safetyTest2 1.000000 0.994000 46 100 500 10 0 0.002 0.06 0.212 0.446 0.628 0.786 0.9 0.958 0.978 0.994
Generation: 47
safetyTest2 1.000000 0.994000 47 100 500 10 0 0.002 0.048 0.214 0.442 0.648 0.808 0.902 0.952 0.97 0.994
Generation: 48
safetyTest2 1.000000 0.994000 48 100 500 10 0 0 0.044 0.184 0.412 0.594 0.792 0.896 0.966 0.982 0.994
Generation: 49
safetyTest2 1.000000 0.994000 49 100 500 10 0 0.002 0.046 0.208 0.46 0.674 0.812 0.914 0.954 0.976 0.994
Generation: 50
safetyTest2 1.000000 0.998000 50 100 500 10 0 0 0.064 0.26 0.552 0.736 0.88 0.948 0.98 1 0.998
Generation: 51
safetyTest2 1.000000 0.998000 51 100 500 10 0 0 0.068 0.258 0.498 0.718 0.85 0.938 0.98 0.996 0.998
Generation: 52
safetyTest2 1.000000 0.998000 52 100 500 10 0 0.004 0.064 0.238 0.504 0.722 0.878 0.97 0.99 0.996 0.998
Generation: 53
safetyTest2 1.000000 1.000000 53 100 500 10 0 0 0.044 0.23 0.466 0.676 0.846 0.932 0.984 0.99 1
safetyTest2 1.000000 1.000000 54 100 500 10 0 0 0.06 0.24 0.488 0.704 0.864 0.944 0.98 0.996 1
Generation: 0
safetyTest2 1.000000 0.172000 0 100 500 10 0 0 0.008 0.022 0.038 0.052 0.078 0.098 0.13 0.168 0.172
Generation: 1
safetyTest2 1.000000 0.184000 1 100 500 10 0 0 0.006 0.024 0.042 0.054 0.09 0.116 0.142 0.172 0.184
Generation: 2
safetyTest2 1.000000 0.212000 2 100 500 10 0 0 0.008 0.03 0.05 0.082 0.11 0.132 0.17 0.204 0.212
Generation: 3
safetyTest2 1.000000 0.220000 3 100 500 10 0 0 0.002 0.01 0.03 0.052 0.09 0.116 0.14 0.174 0.22
Generation: 4
safetyTest2 1.000000 0.266000 4 100 500 10 0 0 0.01 0.022 0.04 0.072 0.108 0.158 0.204 0.23 0.266
Generation: 5
safetyTest2 1.000000 0.282000 5 100 500 10 0 0 0.01 0.028 0.04 0.074 0.108 0.158 0.184 0.23 0.282
Generation: 6
safetyTest2 1.000000 0.298000 6 100 500 10 0 0 0.016 0.034 0.058 0.098 0.12 0.16 0.184 0.208 0.298
Generation: 7
safetyTest2 1.000000 0.298000 7 100 500 10 0 0 0.014 0.024 0.054 0.086 0.12 0.16 0.186 0.22 0.298
Generation: 8
safetyTest2 1.000000 0.328000 8 100 500 10 0 0 0.01 0.03 0.072 0.112 0.166 0.21 0.282 0.33 0.328
Generation: 9
safetyTest2 1.000000 0.372000 9 100 500 10 0 0 0.01 0.034 0.072 0.118 0.17 0.23 0.284 0.334 0.372
Generation: 10
safetyTest2 1.000000 0.372000 10 100 500 10 0 0 0.01 0.04 0.082 0.118 0.164 0.206 0.24 0.308 0.372
Generation: 11
safetyTest2 1.000000 0.418000 11 100 500 10 0 0 0.02 0.062 0.122 0.184 0.236 0.286 0.338 0.396 0.418
Generation: 12
safetyTest2 1.000000 0.424000 12 100 500 10 0 0 0.014 0.048 0.098 0.156 0.226 0.288 0.36 0.432 0.424
Generation: 13
safetyTest2 1.000000 0.454000 13 100 500 10 0 0.002 0.012 0.06 0.096 0.158 0.254 0.312 0.368 0.44 0.454
Generation: 14
safetyTest2 1.000000 0.490000 14 100 500 10 0 0 0.016 0.042 0.108 0.19 0.246 0.316 0.364 0.426 0.49
Generation: 15
safetyTest2 1.000000 0.526000 15 100 500 10 0 0 0.016 0.062 0.12 0.214 0.298 0.37 0.462 0.53 0.526
Generation: 16
safetyTest2 1.000000 0.542000 16 100 500 10 0 0 0.018 0.066 0.146 0.23 0.296 0.364 0.438 0.478 0.542
Generation: 17
safetyTest2 1.000000 0.560000 17 100 500 10 0 0.002 0.03 0.092 0.182 0.276 0.36 0.464 0.534 0.59 0.56
Generation: 18
safetyTest2 1.000000 0.592000 18 100 500 10 0 0.002 0.012 0.07 0.152 0.226 0.334 0.418 0.51 0.576 0.592
Generation: 19
safetyTest2 1.000000 0.648000 19 100 500 10 0 0 0.038 0.106 0.18 0.292 0.396 0.472 0.554 0.61 0.648
Generation: 20
safetyTest2 1.000000 0.654000 20 100 500 10 0 0 0.022 0.086 0.166 0.26 0.358 0.478 0.59 0.674 0.654
Generation: 21
safetyTest2 1.000000 0.694000 21 100 500 10 0 0 0.026 0.092 0.176 0.282 0.408 0.51 0.586 0.654 0.694
Generation: 22
safetyTest2 1.000000 0.714000 22 100 500 10 0 0.002 0.032 0.096 0.198 0.308 0.408 0.506 0.576 0.648 0.714
Generation: 23
safetyTest2 1.000000 0.770000 23 100 500 10 0 0 0.024 0.098 0.184 0.314 0.418 0.526 0.624 0.694 0.77
Generation: 24
safetyTest2 1.000000 0.770000 24 100 500 10 0 0 0.026 0.1 0.204 0.308 0.42 0.552 0.646 0.726 0.77
Generation: 25
safetyTest2 1.000000 0.770000 25 100 500 10 0 0 0.024 0.104 0.212 0.342 0.458 0.56 0.666 0.73 0.77
Generation: 26
safetyTest2 1.000000 0.770000 26 100 500 10 0 0 0.04 0.11 0.206 0.332 0.458 0.546 0.656 0.718 0.77
Generation: 27
safetyTest2 1.000000 0.794000 27 100 500 10 0 0 0.032 0.122 0.226 0.348 0.468 0.598 0.69 0.756 0.794
Generation: 28
safetyTest2 1.000000 0.802000 28 100 500 10 0 0.004 0.04 0.142 0.252 0.386 0.534 0.642 0.722 0.79 0.802
Generation: 29
safetyTest2 1.000000 0.816000 29 100 500 10 0 0.004 0.048 0.128 0.254 0.384 0.532 0.634 0.732 0.8 0.816
Generation: 30
safetyTest2 1.000000 0.816000 30 100 500 10 0 0.002 0.044 0.128 0.246 0.406 0.52 0.666 0.726 0.788 0.816
Generation: 31
safetyTest2 1.000000 0.862000 31 100 500 10 0 0 0.038 0.15 0.276 0.424 0.536 0.652 0.736 0.808 0.862
Generation: 32
safetyTest2 1.000000 0.874000 32 100 500 10 0 0.002 0.036 0.168 0.32 0.48 0.596 0.72 0.808 0.85 0.874
Generation: 33
safetyTest2 1.000000 0.890000 33 100 500 10 0 0.002 0.036 0.15 0.298 0.454 0.59 0.698 0.794 0.866 0.89
Generation: 34
safetyTest2 1.000000 0.892000 34 100 500 10 0 0.002 0.046 0.166 0.29 0.442 0.55 0.682 0.768 0.836 0.892
Generation: 35
safetyTest2 1.000000 0.902000 35 100 500 10 0 0.002 0.04 0.158 0.308 0.47 0.606 0.734 0.81 0.89 0.902
Generation: 36
safetyTest2 1.000000 0.938000 36 100 500 10 0 0.002 0.058 0.18 0.332 0.504 0.626 0.732 0.84 0.91 0.938
Generation: 37
safetyTest2 1.000000 0.938000 37 100 500 10 0 0.002 0.048 0.158 0.33 0.508 0.654 0.758 0.836 0.882 0.938
Generation: 38
safetyTest2 1.000000 0.938000 38 100 500 10 0 0.002 0.04 0.16 0.314 0.49 0.636 0.75 0.816 0.88 0.938
Generation: 39
safetyTest2 1.000000 0.950000 39 100 500 10 0 0.002 0.038 0.182 0.382 0.538 0.696 0.808 0.882 0.928 0.95
Generation: 40
safetyTest2 1.000000 0.954000 40 100 500 10 0 0.002 0.058 0.19 0.382 0.528 0.668 0.776 0.876 0.92 0.954
Generation: 41
safetyTest2 1.000000 0.958000 41 100 500 10 0 0.002 0.06 0.186 0.368 0.554 0.702 0.838 0.918 0.946 0.958
Generation: 42
safetyTest2 1.000000 0.960000 42 100 500 10 0 0.002 0.054 0.228 0.372 0.546 0.71 0.824 0.902 0.954 0.96
Generation: 43
safetyTest2 1.000000 0.970000 43 100 500 10 0 0 0.046 0.186 0.408 0.584 0.75 0.852 0.914 0.96 0.97
Generation: 44
safetyTest2 1.000000 0.970000 44 100 500 10 0 0 0.058 0.192 0.396 0.576 0.736 0.844 0.916 0.948 0.97
Generation: 45
safetyTest2 1.000000 0.978000 45 100 500 10 0 0.002 0.056 0.228 0.44 0.626 0.766 0.85 0.91 0.956 0.978
Generation: 46
safetyTest2 1.000000 0.980000 46 100 500 10 0 0.002 0.048 0.208 0.396 0.596 0.722 0.852 0.924 0.962 0.98
Generation: 47
safetyTest2 1.000000 0.994000 47 100 500 10 0 0.002 0.086 0.254 0.478 0.686 0.816 0.892 0.942 0.976 0.994
Generation: 48
safetyTest2 1.000000 0.998000 48 100 500 10 0 0.002 0.078 0.254 0.514 0.716 0.842 0.92 0.95 0.982 0.998
Generation: 49
safetyTest2 1.000000 0.998000 49 100 500 10 0 0.004 0.074 0.246 0.508 0.712 0.836 0.918 0.964 0.978 0.998
Generation: 50
safetyTest2 1.000000 0.998000 50 100 500 10 0 0.002 0.088 0.274 0.538 0.718 0.846 0.922 0.966 0.98 0.998
Generation: 51
safetyTest2 1.000000 0.998000 51 100 500 10 0 0.002 0.09 0.284 0.498 0.698 0.842 0.934 0.972 0.984 0.998
Generation: 52
safetyTest2 1.000000 0.998000 52 100 500 10 0 0.002 0.07 0.244 0.48 0.694 0.84 0.922 0.968 0.986 0.998
Generation: 53
safetyTest2 1.000000 1.000000 53 100 500 10 0 0.002 0.088 0.27 0.534 0.734 0.876 0.932 0.968 0.982 1
safetyTest2 1.000000 1.000000 54 100 500 10 0 0.002 0.07 0.308 0.572 0.752 0.864 0.928 0.972 0.984 1
Generation: 0
safetyTest2 1.000000 0.194000 0 100 500 10 0 0 0.004 0.012 0.03 0.046 0.076 0.1 0.126 0.162 0.194
Generation: 1
safetyTest2 1.000000 0.194000 1 100 500 10 0 0 0.004 0.016 0.022 0.048 0.074 0.096 0.108 0.132 0.194
Generation: 2
safetyTest2 1.000000 0.208000 2 100 500 10 0 0 0.006 0.016 0.038 0.064 0.078 0.108 0.156 0.206 0.208
Generation: 3
safetyTest2 1.000000 0.268000 3 100 500 10 0 0 0.002 0.01 0.034 0.062 0.112 0.136 0.178 0.21 0.268
Generation: 4
safetyTest2 1.000000 0.268000 4 100 500 10 0 0 0.004 0.014 0.034 0.068 0.092 0.128 0.166 0.216 0.268
Generation: 5
safetyTest2 1.000000 0.268000 5 100 500 10 0 0 0.004 0.02 0.034 0.066 0.096 0.134 0.158 0.196 0.268
Generation: 6
safetyTest2 1.000000 0.300000 6 100 500 10 0 0.002 0.02 0.042 0.078 0.128 0.174 0.236 0.272 0.32 0.3
Generation: 7
safetyTest2 1.000000 0.328000 7 100 500 10 0 0 0.008 0.028 0.058 0.108 0.16 0.22 0.264 0.32 0.328
Generation: 8
safetyTest2 1.000000 0.358000 8 100 500 10 0 0 0.006 0.044 0.09 0.132 0.182 0.244 0.308 0.364 0.358
Generation: 9
safetyTest2 1.000000 0.420000 9 100 500 10 0 0 0.014 0.034 0.086 0.148 0.212 0.264 0.308 0.356 0.42
Generation: 10
safetyTest2 1.000000 0.426000 10 100 500 10 0 0 0.012 0.058 0.102 0.162 0.23 0.314 0.374 0.442 0.426
Generation: 11
safetyTest2 1.000000 0.490000 11 100 500 10 0 0 0.01 0.04 0.112 0.16 0.242 0.316 0.382 0.436 0.49
Generation: 12
safetyTest2 1.000000 0.490000 12 100 500 10 0 0 0.022 0.064 0.134 0.192 0.268 0.344 0.398 0.46 0.49
Generation: 13
safetyTest2 1.000000 0.498000 13 100 500 10 0 0.002 0.016 0.062 0.138 0.202 0.28 0.362 0.438 0.488 0.498
Generation: 14
safetyTest2 1.000000 0.540000 14 100 500 10 0 0.002 0.028 0.074 0.148 0.216 0.294 0.384 0.458 0.544 0.54
Generation: 15
safetyTest2 1.000000 0.564000 15 100 500 10 0 0 0.04 0.074 0.154 0.252 0.35 0.418 0.496 0.574 0.564
Generation: 16
safetyTest2 1.000000 0.584000 16 100 500 10 0 0.002 0.024 0.076 0.14 0.256 0.344 0.446 0.526 0.598 0.584
Generation: 17
safetyTest2 1.000000 0.680000 17 100 500 10 0 0.002 0.024 0.096 0.196 0.306 0.432 0.54 0.632 0.684 0.68
Generation: 18
safetyTest2 1.000000 0.738000 18 100 500 10 0 0.002 0.026 0.098 0.174 0.298 0.418 0.562 0.64 0.722 0.738
Generation: 19
safetyTest2 1.000000 0.740000 19 100 500 10 0 0.004 0.05 0.112 0.24 0.362 0.474 0.616 0.706 0.75 0.74
Generation: 20
safetyTest2 1.000000 0.790000 20 100 500 10 0 0.002 0.038 0.102 0.226 0.358 0.508 0.616 0.692 0.768 0.79
Generation: 21
safetyTest2 1.000000 0.790000 21 100 500 10 0 0.002 0.04 0.126 0.228 0.372 0.486 0.582 0.692 0.776 0.79
Generation: 22
safetyTest2 1.000000 0.800000 22 100 500 10 0 0 0.038 0.116 0.228 0.386 0.508 0.646 0.744 0.818 0.8
Generation: 23
safetyTest2 1.000000 0.826000 23 100 500 10 0 0 0.044 0.13 0.236 0.408 0.552 0.654 0.73 0.794 0.826
Generation: 24
safetyTest2 1.000000 0.878000 24 100 500 10 0 0.002 0.058 0.128 0.252 0.426 0.566 0.698 0.796 0.858 0.878
Generation: 25
safetyTest2 1.000000 0.878000 25 100 500 10 0 0.002 0.044 0.14 0.27 0.448 0.572 0.69 0.774 0.85 0.878
Generation: 26
safetyTest2 1.000000 0.910000 26 100 500 10 0 0.002 0.056 0.16 0.302 0.476 0.648 0.774 0.862 0.912 0.91
Generation: 27
safetyTest2 1.000000 0.920000 27 100 500 10 0 0 0.04 0.148 0.274 0.46 0.588 0.702 0.83 0.902 0.92
Generation: 28
safetyTest2 1.000000 0.928000 28 100 500 10 0 0 0.048 0.176 0.348 0.552 0.718 0.838 0.906 0.934 0.928
Generation: 29
safetyTest2 1.000000 0.928000 29 100 500 10 0 0 0.072 0.166 0.336 0.522 0.694 0.816 0.906 0.934 0.928
Generation: 30
safetyTest2 1.000000 0.952000 30 100 500 10 0 0 0.044 0.138 0.296 0.454 0.62 0.758 0.858 0.918 0.952
Generation: 31
safetyTest2 1.000000 0.952000 31 100 500 10 0 0 0.05 0.158 0.3 0.48 0.668 0.798 0.894 0.95 0.952
Generation: 32
safetyTest2 1.000000 0.960000 32 100 500 10 0 0.002 0.04 0.156 0.364 0.544 0.728 0.832 0.894 0.944 0.96
Generation: 33
safetyTest2 1.000000 0.976000 33 100 500 10 0 0.002 0.062 0.226 0.39 0.61 0.76 0.872 0.924 0.966 0.976
Generation: 34
safetyTest2 1.000000 0.982000 34 100 500 10 0 0 0.078 0.232 0.39 0.61 0.784 0.882 0.938 0.962 0.982
Generation: 35
safetyTest2 1.000000 0.982000 35 100 500 10 0 0.002 0.08 0.268 0.414 0.6 0.754 0.884 0.942 0.972 0.982
Generation: 36
safetyTest2 1.000000 0.988000 36 100 500 10 0 0.002 0.052 0.196 0.386 0.626 0.778 0.902 0.944 0.986 0.988
Generation: 37
safetyTest2 1.000000 0.988000 37 100 500 10 0 0 0.072 0.224 0.398 0.612 0.786 0.878 0.94 0.972 0.988
Generation: 38
safetyTest2 1.000000 0.990000 38 100 500 10 0 0.002 0.092 0.246 0.394 0.642 0.804 0.902 0.96 0.976 0.99
Generation: 39
safetyTest2 1.000000 0.994000 39 100 500 10 0 0 0.082 0.236 0.42 0.66 0.822 0.912 0.954 0.976 0.994
Generation: 40
safetyTest2 1.000000 0.996000 40 100 500 10 0 0 0.088 0.266 0.48 0.704 0.848 0.938 0.978 0.988 0.996
Generation: 41
safetyTest2 1.000000 0.996000 41 100 500 10 0 0 0.088 0.268 0.47 0.672 0.852 0.938 0.974 0.984 0.996
Generation: 42
safetyTest2 1.000000 0.996000 42 100 500 10 0 0.002 0.094 0.29 0.47 0.686 0.832 0.928 0.964 0.98 0.996
Generation: 43
safetyTest2 1.000000 0.998000 43 100 500 10 0 0.002 0.074 0.242 0.44 0.684 0.87 0.958 0.98 0.988 0.998
Generation: 44
safetyTest2 1.000000 0.998000 44 100 500 10 0 0.002 0.068 0.26 0.442 0.67 0.842 0.946 0.982 0.994 0.998
Generation: 45
safetyTest2 1.000000 0.998000 45 100 500 10 0 0.002 0.068 0.24 0.42 0.676 0.84 0.95 0.982 0.99 0.998
Generation: 46
safetyTest2 1.000000 1.000000 46 100 500 10 0 0.002 0.08 0.248 0.484 0.718 0.884 0.96 0.984 0.998 1
safetyTest2 1.000000 1.000000 47 100 500 10 0 0.002 0.086 0.262 0.47 0.74 0.898 0.958 0.984 0.992 1
Generation: 0
safetyTest2 1.000000 0.160000 0 100 500 10 0 0 0.002 0.01 0.02 0.048 0.074 0.102 0.116 0.14 0.16
Generation: 1
safetyTest2 1.000000 0.166000 1 100 500 10 0 0 0.002 0.02 0.042 0.064 0.084 0.096 0.112 0.126 0.166
Generation: 2
safetyTest2 1.000000 0.224000 2 100 500 10 0 0.002 0.01 0.018 0.034 0.066 0.1 0.138 0.18 0.226 0.224
Generation: 3
safetyTest2 1.000000 0.224000 3 100 500 10 0 0 0.004 0.01 0.016 0.034 0.066 0.094 0.126 0.154 0.224
Generation: 4
safetyTest2 1.000000 0.244000 4 100 500 10 0 0 0.004 0.02 0.038 0.068 0.09 0.128 0.178 0.23 0.244
Generation: 5
safetyTest2 1.000000 0.258000 5 100 500 10 0 0 0.01 0.028 0.054 0.082 0.13 0.176 0.204 0.242 0.258
Generation: 6
safetyTest2 1.000000 0.304000 6 100 500 10 0 0 0.01 0.03 0.064 0.11 0.142 0.21 0.252 0.304 0.304
Generation: 7
safetyTest2 1.000000 0.356000 7 100 500 10 0 0.002 0.016 0.038 0.066 0.11 0.16 0.218 0.262 0.328 0.356
Generation: 8
safetyTest2 1.000000 0.370000 8 100 500 10 0 0.002 0.01 0.038 0.086 0.16 0.218 0.288 0.336 0.392 0.37
Generation: 9
safetyTest2 1.000000 0.428000 9 100 500 10 0 0.002 0.012 0.036 0.07 0.14 0.192 0.266 0.342 0.402 0.428
Generation: 10
safetyTest2 1.000000 0.456000 10 100 500 10 0 0 0.014 0.052 0.126 0.2 0.27 0.338 0.382 0.442 0.456
Generation: 11
safetyTest2 1.000000 0.466000 11 100 500 10 0 0.002 0.02 0.052 0.152 0.216 0.27 0.332 0.396 0.46 0.466
Generation: 12
safetyTest2 1.000000 0.526000 12 100 500 10 0 0.002 0.008 0.064 0.128 0.21 0.294 0.364 0.46 0.53 0.526
Generation: 13
safetyTest2 1.000000 0.618000 13 100 500 10 0 0.002 0.014 0.074 0.174 0.258 0.36 0.462 0.544 0.616 0.618
Generation: 14
safetyTest2 1.000000 0.656000 14 100 500 10 0 0.002 0.026 0.07 0.148 0.238 0.346 0.448 0.538 0.594 0.656
Generation: 15
safetyTest2 1.000000 0.672000 15 100 500 10 0 0 0.01 0.06 0.16 0.25 0.368 0.488 0.57 0.648 0.672
Generation: 16
safetyTest2 1.000000 0.672000 16 100 500 10 0 0.002 0.016 0.062 0.16 0.266 0.362 0.48 0.574 0.654 0.672
Generation: 17
safetyTest2 1.000000 0.710000 17 100 500 10 0 0 0.02 0.076 0.184 0.302 0.408 0.546 0.658 0.734 0.71
Generation: 18
safetyTest2 1.000000 0.736000 18 100 500 10 0 0.002 0.03 0.106 0.212 0.334 0.456 0.548 0.634 0.706 0.736
Generation: 19
safetyTest2 1.000000 0.742000 19 100 500 10 0 0 0.024 0.082 0.194 0.31 0.418 0.564 0.642 0.722 0.742
Generation: 20
safetyTest2 1.000000 0.786000 20 100 500 10 0 0 0.016 0.072 0.21 0.334 0.468 0.604 0.714 0.784 0.786
Generation: 21
safetyTest2 1.000000 0.852000 21 100 500 10 0 0 0.032 0.106 0.228 0.384 0.506 0.618 0.714 0.794 0.852
Generation: 22
safetyTest2 1.000000 0.852000 22 100 500 10 0 0.002 0.03 0.126 0.246 0.37 0.514 0.628 0.724 0.808 0.852
Generation: 23
safetyTest2 1.000000 0.864000 23 100 500 10 0 0 0.024 0.092 0.224 0.392 0.53 0.64 0.74 0.82 0.864
Generation: 24
safetyTest2 1.000000 0.864000 24 100 500 10 0 0 0.032 0.116 0.242 0.386 0.52 0.648 0.74 0.826 0.864
Generation: 25
safetyTest2 1.000000 0.864000 25 100 500 10 0 0 0.024 0.094 0.256 0.398 0.536 0.652 0.748 0.82 0.864
Generation: 26
safetyTest2 1.000000 0.880000 26 100 500 10 0 0 0.034 0.12 0.28 0.46 0.616 0.716 0.828 0.884 0.88
Generation: 27
safetyTest2 1.000000 0.908000 27 100 500 10 0 0 0.036 0.124 0.28 0.406 0.56 0.682 0.804 0.86 0.908
Generation: 28
safetyTest2 1.000000 0.916000 28 100 500 10 0 0 0.052 0.188 0.34 0.502 0.654 0.762 0.84 0.896 0.916
Generation: 29
safetyTest2 1.000000 0.936000 29 100 500 10 0 0 0.03 0.132 0.302 0.448 0.618 0.778 0.864 0.918 0.936
Generation: 30
safetyTest2 1.000000 0.936000 30 100 500 10 0 0 0.036 0.124 0.284 0.446 0.634 0.746 0.828 0.896 0.936
Generation: 31
safetyTest2 1.000000 0.944000 31 100 500 10 0 0 0.058 0.2 0.374 0.59 0.738 0.85 0.91 0.942 0.944
Generation: 32
safetyTest2 1.000000 0.948000 32 100 500 10 0 0.002 0.046 0.154 0.338 0.5 0.656 0.782 0.87 0.926 0.948
Generation: 33
safetyTest2 1.000000 0.968000 33 100 500 10 0 0 0.048 0.184 0.354 0.538 0.704 0.85 0.898 0.946 0.968
Generation: 34
safetyTest2 1.000000 0.968000 34 100 500 10 0 0 0.052 0.156 0.334 0.532 0.694 0.782 0.872 0.936 0.968
Generation: 35
safetyTest2 1.000000 0.980000 35 100 500 10 0 0.002 0.054 0.17 0.338 0.566 0.724 0.838 0.924 0.958 0.98
Generation: 36
safetyTest2 1.000000 0.980000 36 100 500 10 0 0 0.062 0.202 0.386 0.596 0.774 0.876 0.946 0.97 0.98
Generation: 37
safetyTest2 1.000000 0.980000 37 100 500 10 0 0.002 0.046 0.158 0.348 0.544 0.722 0.85 0.914 0.95 0.98
Generation: 38
safetyTest2 1.000000 0.988000 38 100 500 10 0 0 0.068 0.192 0.364 0.568 0.738 0.86 0.936 0.97 0.988
Generation: 39
safetyTest2 1.000000 0.988000 39 100 500 10 0 0 0.06 0.196 0.39 0.602 0.75 0.86 0.912 0.952 0.988
Generation: 40
safetyTest2 1.000000 0.988000 40 100 500 10 0 0.002 0.058 0.19 0.386 0.616 0.78 0.878 0.936 0.976 0.988
Generation: 41
safetyTest2 1.000000 0.996000 41 100 500 10 0 0 0.056 0.208 0.426 0.674 0.814 0.918 0.964 0.988 0.996
Generation: 42
safetyTest2 1.000000 0.996000 42 100 500 10 0 0.002 0.08 0.268 0.494 0.704 0.878 0.946 0.978 0.99 0.996
Generation: 43
safetyTest2 1.000000 0.996000 43 100 500 10 0 0.002 0.07 0.248 0.474 0.676 0.844 0.93 0.974 0.99 0.996
Generation: 44
safetyTest2 1.000000 1.000000 44 100 500 10 0 0 0.072 0.236 0.478 0.712 0.84 0.938 0.978 0.994 1
safetyTest2 1.000000 1.000000 45 100 500 10 0 0.002 0.05 0.198 0.412 0.664 0.84 0.944 0.984 0.996 1
Generation: 0
safetyTest2 1.000000 0.200000 0 100 500 10 0 0 0.006 0.026 0.042 0.058 0.086 0.128 0.148 0.18 0.2
Generation: 1
safetyTest2 1.000000 0.240000 1 100 500 10 0 0 0.01 0.032 0.058 0.076 0.118 0.16 0.204 0.238 0.24
Generation: 2
safetyTest2 1.000000 0.240000 2 100 500 10 0 0 0.01 0.022 0.05 0.082 0.112 0.136 0.178 0.226 0.24
Generation: 3
safetyTest2 1.000000 0.258000 3 100 500 10 0 0 0.004 0.016 0.034 0.052 0.086 0.132 0.166 0.202 0.258
Generation: 4
safetyTest2 1.000000 0.280000 4 100 500 10 0 0 0.01 0.022 0.04 0.066 0.098 0.14 0.188 0.226 0.28
Generation: 5
safetyTest2 1.000000 0.306000 5 100 500 10 0 0 0.002 0.018 0.04 0.08 0.12 0.16 0.218 0.268 0.306
Generation: 6
safetyTest2 1.000000 0.334000 6 100 500 10 0 0 0.004 0.032 0.06 0.102 0.158 0.216 0.298 0.354 0.334
Generation: 7
safetyTest2 1.000000 0.340000 7 100 500 10 0 0 0.01 0.026 0.062 0.116 0.166 0.204 0.244 0.306 0.34
Generation: 8
safetyTest2 1.000000 0.386000 8 100 500 10 0 0 0.004 0.042 0.072 0.12 0.172 0.206 0.256 0.32 0.386
Generation: 9
safetyTest2 1.000000 0.386000 9 100 500 10 0 0 0.012 0.032 0.062 0.106 0.156 0.206 0.274 0.338 0.386
Generation: 10
safetyTest2 1.000000 0.438000 10 100 500 10 0 0 0.008 0.028 0.072 0.13 0.182 0.246 0.324 0.406 0.438
Generation: 11
safetyTest2 1.000000 0.438000 11 100 500 10 0 0 0.006 0.024 0.072 0.12 0.176 0.226 0.29 0.36 0.438
Generation: 12
safetyTest2 1.000000 0.484000 12 100 500 10 0 0 0.01 0.046 0.088 0.136 0.196 0.264 0.334 0.4 0.484
Generation: 13
safetyTest2 1.000000 0.484000 13 100 500 10 0 0 0.01 0.036 0.084 0.152 0.224 0.302 0.354 0.436 0.484
Generation: 14
safetyTest2 1.000000 0.492000 14 100 500 10 0 0 0.01 0.038 0.072 0.132 0.24 0.314 0.386 0.456 0.492
Generation: 15
safetyTest2 1.000000 0.548000 15 100 500 10 0 0 0.018 0.054 0.094 0.166 0.254 0.346 0.412 0.48 0.548
Generation: 16
safetyTest2 1.000000 0.586000 16 100 500 10 0 0 0.01 0.054 0.106 0.174 0.264 0.35 0.44 0.512 0.586
Generation: 17
safetyTest2 1.000000 0.602000 17 100 500 10 0 0 0.014 0.052 0.118 0.216 0.296 0.39 0.476 0.566 0.602
Generation: 18
safetyTest2 1.000000 0.618000 18 100 500 10 0 0 0.014 0.07 0.14 0.22 0.314 0.438 0.518 0.592 0.618
Generation: 19
safetyTest2 1.000000 0.640000 19 100 500 10 0 0 0.018 0.072 0.146 0.27 0.4 0.52 0.604 0.68 0.64
Generation: 20
safetyTest2 1.000000 0.688000 20 100 500 10 0 0 0.022 0.072 0.148 0.24 0.354 0.466 0.564 0.678 0.688
Generation: 21
safetyTest2 1.000000 0.706000 21 100 500 10 0 0 0.018 0.082 0.196 0.306 0.432 0.516 0.59 0.668 0.706
Generation: 22
safetyTest2 1.000000 0.720000 22 100 500 10 0 0 0.014 0.066 0.148 0.24 0.366 0.462 0.574 0.688 0.72
Generation: 23
safetyTest2 1.000000 0.756000 23 100 500 10 0 0.002 0.028 0.098 0.184 0.3 0.418 0.524 0.616 0.698 0.756
Generation: 24
safetyTest2 1.000000 0.764000 24 100 500 10 0 0 0.028 0.084 0.176 0.314 0.408 0.538 0.636 0.716 0.764
Generation: 25
safetyTest2 1.000000 0.794000 25 100 500 10 0 0 0.02 0.07 0.182 0.29 0.432 0.536 0.654 0.742 0.794
Generation: 26
safetyTest2 1.000000 0.796000 26 100 500 10 0 0.002 0.038 0.1 0.198 0.33 0.464 0.592 0.702 0.786 0.796
Generation: 27
safetyTest2 1.000000 0.808000 27 100 500 10 0 0.002 0.026 0.082 0.208 0.314 0.446 0.586 0.666 0.74 0.808
Generation: 28
safetyTest2 1.000000 0.808000 28 100 500 10 0 0 0.014 0.076 0.172 0.302 0.416 0.536 0.644 0.716 0.808
Generation: 29
safetyTest2 1.000000 0.826000 29 100 500 10 0 0 0.034 0.126 0.254 0.414 0.554 0.69 0.756 0.836 0.826
Generation: 30
safetyTest2 1.000000 0.866000 30 100 500 10 0 0 0.024 0.102 0.238 0.384 0.536 0.662 0.77 0.826 0.866
Generation: 31
safetyTest2 1.000000 0.866000 31 100 500 10 0 0 0.024 0.122 0.266 0.428 0.59 0.704 0.808 0.88 0.866
Generation: 32
safetyTest2 1.000000 0.866000 32 100 500 10 0 0 0.028 0.104 0.222 0.392 0.54 0.652 0.758 0.85 0.866
Generation: 33
safetyTest2 1.000000 0.878000 33 100 500 10 0 0 0.02 0.122 0.264 0.408 0.558 0.67 0.776 0.84 0.878
Generation: 34
safetyTest2 1.000000 0.908000 34 100 500 10 0 0.002 0.032 0.126 0.276 0.426 0.576 0.698 0.796 0.852 0.908
Generation: 35
safetyTest2 1.000000 0.908000 35 100 500 10 0 0 0.03 0.118 0.288 0.452 0.636 0.752 0.838 0.894 0.908
Generation: 36
safetyTest2 1.000000 0.928000 36 100 500 10 0 0.002 0.022 0.11 0.27 0.442 0.594 0.716 0.828 0.898 0.928
Generation: 37
safetyTest2 1.000000 0.936000 37 100 500 10 0 0 0.036 0.128 0.274 0.454 0.63 0.758 0.866 0.928 0.936
Generation: 38
safetyTest2 1.000000 0.950000 38 100 500 10 0 0 0.018 0.144 0.294 0.498 0.692 0.796 0.894 0.944 0.95
Generation: 39
safetyTest2 1.000000 0.966000 39 100 500 10 0 0.002 0.032 0.15 0.282 0.496 0.668 0.798 0.89 0.94 0.966
Generation: 40
safetyTest2 1.000000 0.966000 40 100 500 10 0 0 0.03 0.12 0.276 0.484 0.658 0.804 0.894 0.938 0.966
Generation: 41
safetyTest2 1.000000 0.968000 41 100 500 10 0 0 0.026 0.122 0.268 0.472 0.694 0.83 0.928 0.964 0.968
Generation: 42
safetyTest2 1.000000 0.972000 42 100 500 10 0 0.002 0.03 0.16 0.346 0.558 0.74 0.86 0.932 0.976 0.972
Generation: 43
safetyTest2 1.000000 0.974000 43 100 500 10 0 0.002 0.034 0.14 0.326 0.532 0.718 0.844 0.924 0.974 0.974
Generation: 44
safetyTest2 1.000000 0.978000 44 100 500 10 0 0 0.042 0.168 0.326 0.536 0.7 0.836 0.916 0.958 0.978
Generation: 45
safetyTest2 1.000000 0.986000 45 100 500 10 0 0.002 0.038 0.154 0.34 0.538 0.716 0.846 0.934 0.97 0.986
Generation: 46
safetyTest2 1.000000 0.986000 46 100 500 10 0 0 0.044 0.156 0.366 0.572 0.756 0.872 0.954 0.982 0.986
Generation: 47
safetyTest2 1.000000 0.986000 47 100 500 10 0 0 0.036 0.166 0.36 0.554 0.738 0.854 0.932 0.968 0.986
Generation: 48
safetyTest2 1.000000 0.990000 48 100 500 10 0 0 0.028 0.134 0.326 0.584 0.74 0.868 0.932 0.97 0.99
Generation: 49
safetyTest2 1.000000 0.990000 49 100 500 10 0 0 0.036 0.168 0.324 0.56 0.742 0.896 0.962 0.984 0.99
Generation: 50
safetyTest2 1.000000 0.994000 50 100 500 10 0 0.002 0.042 0.192 0.406 0.652 0.792 0.904 0.956 0.98 0.994
Generation: 51
safetyTest2 1.000000 0.994000 51 100 500 10 0 0 0.052 0.188 0.428 0.644 0.816 0.91 0.972 0.988 0.994
Generation: 52
safetyTest2 1.000000 0.998000 52 100 500 10 0 0.002 0.058 0.208 0.462 0.684 0.84 0.938 0.984 0.994 0.998
Generation: 53
safetyTest2 1.000000 0.998000 53 100 500 10 0 0 0.076 0.216 0.468 0.676 0.838 0.936 0.972 0.99 0.998
Generation: 54
safetyTest2 1.000000 0.998000 54 100 500 10 0 0.002 0.042 0.224 0.46 0.692 0.844 0.94 0.978 0.994 0.998
Generation: 55
safetyTest2 1.000000 0.998000 55 100 500 10 0 0.002 0.044 0.2 0.438 0.67 0.84 0.938 0.976 0.986 0.998
Generation: 56
safetyTest2 1.000000 0.998000 56 100 500 10 0 0 0.05 0.2 0.448 0.706 0.854 0.936 0.978 0.992 0.998
Generation: 57
safetyTest2 1.000000 0.998000 57 100 500 10 0 0.002 0.044 0.196 0.448 0.682 0.83 0.934 0.966 0.992 0.998
Generation: 58
safetyTest2 1.000000 1.000000 58 100 500 10 0 0 0.04 0.206 0.448 0.674 0.856 0.944 0.98 0.994 1
safetyTest2 1.000000 1.000000 59 100 500 10 0 0 0.048 0.212 0.486 0.69 0.858 0.948 0.988 0.994 1
Generation: 0
safetyTest2 1.000000 0.286000 0 100 500 10 0 0 0.008 0.022 0.052 0.094 0.144 0.192 0.218 0.26 0.286
Generation: 1
safetyTest2 1.000000 0.292000 1 100 500 10 0 0.002 0.016 0.042 0.07 0.1 0.132 0.18 0.25 0.306 0.292
Generation: 2
safetyTest2 1.000000 0.308000 2 100 500 10 0 0 0.012 0.032 0.07 0.112 0.138 0.184 0.226 0.268 0.308
Generation: 3
safetyTest2 1.000000 0.342000 3 100 500 10 0 0.002 0.016 0.048 0.082 0.15 0.196 0.25 0.298 0.344 0.342
Generation: 4
safetyTest2 1.000000 0.360000 4 100 500 10 0 0 0.002 0.026 0.054 0.1 0.154 0.212 0.288 0.332 0.36
Generation: 5
safetyTest2 1.000000 0.404000 5 100 500 10 0 0.002 0.016 0.042 0.08 0.12 0.18 0.24 0.284 0.336 0.404
Generation: 6
safetyTest2 1.000000 0.404000 6 100 500 10 0 0 0.012 0.056 0.096 0.17 0.232 0.276 0.352 0.4 0.404
Generation: 7
safetyTest2 1.000000 0.438000 7 100 500 10 0 0 0.012 0.038 0.092 0.16 0.222 0.268 0.324 0.404 0.438
Generation: 8
safetyTest2 1.000000 0.462000 8 100 500 10 0 0.002 0.016 0.06 0.112 0.18 0.246 0.326 0.388 0.444 0.462
Generation: 9
safetyTest2 1.000000 0.482000 9 100 500 10 0 0 0.022 0.066 0.108 0.172 0.23 0.294 0.35 0.428 0.482
Generation: 10
safetyTest2 1.000000 0.520000 10 100 500 10 0 0.002 0.028 0.078 0.152 0.23 0.318 0.41 0.5 0.552 0.52
Generation: 11
safetyTest2 1.000000 0.546000 11 100 500 10 0 0 0.014 0.062 0.132 0.2 0.278 0.364 0.444 0.506 0.546
Generation: 12
safetyTest2 1.000000 0.604000 12 100 500 10 0 0.002 0.022 0.086 0.178 0.258 0.342 0.41 0.484 0.562 0.604
Generation: 13
safetyTest2 1.000000 0.620000 13 100 500 10 0 0 0.03 0.098 0.176 0.272 0.364 0.446 0.524 0.586 0.62
Generation: 14
safetyTest2 1.000000 0.622000 14 100 500 10 0 0.002 0.03 0.098 0.194 0.302 0.382 0.48 0.556 0.612 0.622
Generation: 15
safetyTest2 1.000000 0.638000 15 100 500 10 0 0.002 0.036 0.1 0.186 0.258 0.386 0.474 0.55 0.622 0.638
Generation: 16
safetyTest2 1.000000 0.686000 16 100 500 10 0 0.002 0.022 0.112 0.232 0.336 0.418 0.52 0.588 0.656 0.686
Generation: 17
safetyTest2 1.000000 0.736000 17 100 500 10 0 0 0.048 0.148 0.244 0.386 0.496 0.59 0.664 0.732 0.736
Generation: 18
safetyTest2 1.000000 0.772000 18 100 500 10 0 0 0.032 0.098 0.22 0.348 0.446 0.54 0.622 0.696 0.772
Generation: 19
safetyTest2 1.000000 0.772000 19 100 500 10 0 0.002 0.044 0.124 0.282 0.392 0.504 0.6 0.686 0.76 0.772
Generation: 20
safetyTest2 1.000000 0.800000 20 100 500 10 0 0 0.048 0.142 0.266 0.434 0.538 0.662 0.764 0.814 0.8
Generation: 21
safetyTest2 1.000000 0.820000 21 100 500 10 0 0.002 0.05 0.148 0.274 0.432 0.548 0.668 0.766 0.834 0.82
Generation: 22
safetyTest2 1.000000 0.840000 22 100 500 10 0 0 0.064 0.14 0.282 0.434 0.542 0.67 0.742 0.816 0.84
Generation: 23
safetyTest2 1.000000 0.844000 23 100 500 10 0 0 0.05 0.14 0.262 0.416 0.558 0.672 0.74 0.814 0.844
Generation: 24
safetyTest2 1.000000 0.866000 24 100 500 10 0 0.002 0.064 0.188 0.308 0.466 0.584 0.694 0.766 0.818 0.866
Generation: 25
safetyTest2 1.000000 0.886000 25 100 500 10 0 0.002 0.062 0.192 0.356 0.538 0.654 0.768 0.858 0.894 0.886
Generation: 26
safetyTest2 1.000000 0.926000 26 100 500 10 0 0.002 0.058 0.192 0.34 0.542 0.648 0.762 0.844 0.9 0.926
Generation: 27
safetyTest2 1.000000 0.926000 27 100 500 10 0 0.002 0.062 0.19 0.338 0.526 0.664 0.8 0.872 0.92 0.926
Generation: 28
safetyTest2 1.000000 0.926000 28 100 500 10 0 0.002 0.076 0.2 0.344 0.514 0.642 0.786 0.858 0.912 0.926
Generation: 29
safetyTest2 1.000000 0.936000 29 100 500 10 0 0.004 0.062 0.196 0.346 0.522 0.642 0.78 0.858 0.908 0.936
Generation: 30
safetyTest2 1.000000 0.950000 30 100 500 10 0 0 0.068 0.206 0.374 0.544 0.68 0.808 0.88 0.914 0.95
Generation: 31
safetyTest2 1.000000 0.958000 31 100 500 10 0 0.002 0.094 0.272 0.45 0.664 0.778 0.872 0.932 0.956 0.958
Generation: 32
safetyTest2 1.000000 0.964000 32 100 500 10 0 0 0.068 0.202 0.392 0.58 0.734 0.842 0.912 0.952 0.964
Generation: 33
safetyTest2 1.000000 0.964000 33 100 500 10 0 0 0.058 0.184 0.38 0.596 0.744 0.846 0.926 0.962 0.964
Generation: 34
safetyTest2 1.000000 0.976000 34 100 500 10 0 0.002 0.078 0.208 0.4 0.608 0.79 0.892 0.95 0.976 0.976
Generation: 35
safetyTest2 1.000000 0.976000 35 100 500 10 0 0 0.06 0.196 0.39 0.596 0.734 0.852 0.9 0.948 0.976
Generation: 36
safetyTest2 1.000000 0.984000 36 100 500 10 0 0.002 0.096 0.288 0.51 0.738 0.864 0.924 0.964 0.974 0.984
Generation: 37
safetyTest2 1.000000 0.994000 37 100 500 10 0 0 0.07 0.222 0.43 0.642 0.804 0.896 0.958 0.98 0.994
Generation: 38
safetyTest2 1.000000 0.994000 38 100 500 10 0 0.002 0.102 0.212 0.442 0.644 0.788 0.892 0.956 0.974 0.994
Generation: 39
safetyTest2 1.000000 0.994000 39 100 500 10 0 0 0.09 0.228 0.444 0.654 0.794 0.904 0.958 0.984 0.994
Generation: 40
safetyTest2 1.000000 0.994000 40 100 500 10 0 0.002 0.07 0.21 0.416 0.614 0.752 0.878 0.936 0.97 0.994
Generation: 41
safetyTest2 1.000000 0.998000 41 100 500 10 0 0.002 0.104 0.302 0.5 0.708 0.816 0.936 0.98 0.99 0.998
Generation: 42
safetyTest2 1.000000 0.998000 42 100 500 10 0 0.002 0.104 0.268 0.486 0.722 0.846 0.936 0.982 0.994 0.998
Generation: 43
safetyTest2 1.000000 0.998000 43 100 500 10 0 0.002 0.108 0.27 0.49 0.66 0.826 0.938 0.98 0.996 0.998
Generation: 44
safetyTest2 1.000000 0.998000 44 100 500 10 0 0.002 0.084 0.242 0.462 0.69 0.854 0.94 0.976 0.992 0.998
Generation: 45
safetyTest2 1.000000 0.998000 45 100 500 10 0 0 0.102 0.29 0.494 0.688 0.856 0.936 0.968 0.99 0.998
Generation: 46
safetyTest2 1.000000 1.000000 46 100 500 10 0 0.002 0.092 0.266 0.49 0.702 0.854 0.948 0.98 0.996 1
safetyTest2 1.000000 1.000000 47 100 500 10 0 0.002 0.08 0.238 0.456 0.682 0.866 0.96 0.982 0.992 1
Generation: 0
safetyTest2 1.000000 0.208000 0 100 500 10 0 0 0.006 0.024 0.056 0.08 0.12 0.142 0.162 0.206 0.208
Generation: 1
safetyTest2 1.000000 0.216000 1 100 500 10 0 0 0.006 0.028 0.054 0.082 0.098 0.136 0.168 0.218 0.216
Generation: 2
safetyTest2 1.000000 0.238000 2 100 500 10 0 0 0.008 0.026 0.044 0.09 0.114 0.142 0.182 0.216 0.238
Generation: 3
safetyTest2 1.000000 0.256000 3 100 500 10 0 0 0.004 0.03 0.046 0.078 0.11 0.14 0.172 0.212 0.256
Generation: 4
safetyTest2 1.000000 0.308000 4 100 500 10 0 0 0.012 0.038 0.074 0.112 0.142 0.18 0.22 0.266 0.308
Generation: 5
safetyTest2 1.000000 0.316000 5 100 500 10 0 0 0.012 0.028 0.058 0.086 0.126 0.182 0.226 0.28 0.316
Generation: 6
safetyTest2 1.000000 0.336000 6 100 500 10 0 0 0.008 0.026 0.066 0.094 0.144 0.186 0.254 0.286 0.336
Generation: 7
safetyTest2 1.000000 0.352000 7 100 500 10 0 0 0.01 0.042 0.092 0.136 0.182 0.238 0.284 0.326 0.352
Generation: 8
safetyTest2 1.000000 0.396000 8 100 500 10 0 0 0.016 0.054 0.092 0.148 0.214 0.282 0.336 0.392 0.396
Generation: 9
safetyTest2 1.000000 0.402000 9 100 500 10 0 0.002 0.028 0.058 0.102 0.158 0.204 0.268 0.332 0.372 0.402
Generation: 10
safetyTest2 1.000000 0.442000 10 100 500 10 0 0 0.01 0.042 0.086 0.146 0.212 0.28 0.336 0.388 0.442
Generation: 11
safetyTest2 1.000000 0.490000 11 100 500 10 0 0 0.014 0.06 0.112 0.186 0.264 0.338 0.412 0.468 0.49
Generation: 12
safetyTest2 1.000000 0.498000 12 100 500 10 0 0 0.018 0.068 0.146 0.226 0.312 0.404 0.482 0.534 0.498
Generation: 13
safetyTest2 1.000000 0.564000 13 100 500 10 0 0 0.022 0.082 0.168 0.266 0.36 0.448 0.52 0.594 0.564
Generation: 14
safetyTest2 1.000000 0.604000 14 100 500 10 0 0.002 0.022 0.098 0.162 0.244 0.316 0.42 0.506 0.564 0.604
Generation: 15
safetyTest2 1.000000 0.614000 15 100 500 10 0 0 0.022 0.08 0.19 0.278 0.382 0.474 0.546 0.632 0.614
Generation: 16
safetyTest2 1.000000 0.640000 16 100 500 10 0 0 0.026 0.104 0.192 0.292 0.404 0.482 0.564 0.634 0.64
Generation: 17
safetyTest2 1.000000 0.650000 17 100 500 10 0 0 0.024 0.092 0.178 0.278 0.386 0.492 0.562 0.612 0.65
Generation: 18
safetyTest2 1.000000 0.688000 18 100 500 10 0 0.002 0.04 0.116 0.198 0.296 0.394 0.502 0.608 0.67 0.688
Generation: 19
safetyTest2 1.000000 0.708000 19 100 500 10 0 0 0.036 0.116 0.208 0.332 0.448 0.558 0.648 0.71 0.708
Generation: 20
safetyTest2 1.000000 0.740000 20 100 500 10 0 0 0.034 0.116 0.198 0.332 0.452 0.572 0.672 0.748 0.74
Generation: 21
safetyTest2 1.000000 0.782000 21 100 500 10 0 0 0.028 0.104 0.228 0.352 0.496 0.58 0.676 0.746 0.782
Generation: 22
safetyTest2 1.000000 0.810000 22 100 500 10 0 0 0.03 0.108 0.22 0.346 0.472 0.594 0.684 0.748 0.81
Generation: 23
safetyTest2 1.000000 0.824000 23 100 500 10 0 0.002 0.048 0.132 0.264 0.398 0.502 0.636 0.708 0.772 0.824
Generation: 24
safetyTest2 1.000000 0.856000 24 100 500 10 0 0.002 0.042 0.138 0.28 0.448 0.596 0.704 0.77 0.82 0.856
Generation: 25
safetyTest2 1.000000 0.876000 25 100 500 10 0 0 0.034 0.108 0.222 0.396 0.532 0.69 0.774 0.838 0.876
Generation: 26
safetyTest2 1.000000 0.876000 26 100 500 10 0 0.002 0.046 0.138 0.286 0.43 0.56 0.682 0.76 0.828 0.876
Generation: 27
safetyTest2 1.000000 0.886000 27 100 500 10 0 0 0.048 0.144 0.322 0.488 0.642 0.744 0.828 0.884 0.886
Generation: 28
safetyTest2 1.000000 0.922000 28 100 500 10 0 0.002 0.058 0.182 0.382 0.562 0.698 0.786 0.85 0.906 0.922
Generation: 29
safetyTest2 1.000000 0.928000 29 100 500 10 0 0 0.06 0.174 0.336 0.524 0.644 0.772 0.85 0.912 0.928
Generation: 30
safetyTest2 1.000000 0.928000 30 100 500 10 0 0 0.038 0.166 0.36 0.56 0.73 0.828 0.894 0.924 0.928
Generation: 31
safetyTest2 1.000000 0.942000 31 100 500 10 0 0.002 0.054 0.176 0.36 0.536 0.664 0.774 0.864 0.916 0.942
Generation: 32
safetyTest2 1.000000 0.942000 32 100 500 10 0 0 0.066 0.202 0.392 0.57 0.706 0.806 0.874 0.922 0.942
Generation: 33
safetyTest2 1.000000 0.962000 33 100 500 10 0 0.002 0.06 0.184 0.364 0.552 0.69 0.832 0.912 0.95 0.962
Generation: 34
safetyTest2 1.000000 0.970000 34 100 500 10 0 0.002 0.05 0.172 0.402 0.572 0.722 0.836 0.896 0.934 0.97
Generation: 35
safetyTest2 1.000000 0.970000 35 100 500 10 0 0 0.074 0.218 0.424 0.624 0.762 0.85 0.922 0.956 0.97
Generation: 36
safetyTest2 1.000000 0.970000 36 100 500 10 0 0 0.072 0.216 0.398 0.6 0.736 0.834 0.908 0.954 0.97
Generation: 37
safetyTest2 1.000000 0.974000 37 100 500 10 0 0.002 0.084 0.226 0.4 0.612 0.75 0.862 0.928 0.958 0.974
Generation: 38
safetyTest2 1.000000 0.978000 38 100 500 10 0 0.002 0.064 0.184 0.376 0.564 0.7 0.812 0.9 0.944 0.978
Generation: 39
safetyTest2 1.000000 0.986000 39 100 500 10 0 0.002 0.078 0.232 0.448 0.676 0.842 0.926 0.96 0.982 0.986
Generation: 40
safetyTest2 1.000000 0.992000 40 100 500 10 0 0.002 0.076 0.224 0.442 0.658 0.814 0.926 0.97 0.988 0.992
Generation: 41
safetyTest2 1.000000 0.992000 41 100 500 10 0 0.004 0.06 0.202 0.418 0.582 0.736 0.862 0.938 0.974 0.992
Generation: 42
safetyTest2 1.000000 0.994000 42 100 500 10 0 0 0.082 0.254 0.466 0.682 0.848 0.936 0.978 0.994 0.994
Generation: 43
safetyTest2 1.000000 0.994000 43 100 500 10 0 0 0.084 0.274 0.478 0.682 0.838 0.924 0.97 0.982 0.994
Generation: 44
safetyTest2 1.000000 0.998000 44 100 500 10 0 0 0.086 0.228 0.456 0.69 0.848 0.952 0.982 0.992 0.998
Generation: 45
safetyTest2 1.000000 0.998000 45 100 500 10 0 0 0.062 0.274 0.522 0.744 0.894 0.954 0.976 0.988 0.998
Generation: 46
safetyTest2 1.000000 0.998000 46 100 500 10 0 0.004 0.066 0.246 0.464 0.69 0.856 0.936 0.962 0.982 0.998
Generation: 47
safetyTest2 1.000000 0.998000 47 100 500 10 0 0.002 0.058 0.228 0.446 0.69 0.844 0.95 0.984 0.996 0.998
Generation: 48
safetyTest2 1.000000 1.000000 48 100 500 10 0 0.002 0.1 0.296 0.514 0.736 0.89 0.966 0.988 0.996 1
safetyTest2 1.000000 1.000000 49 100 500 10 0 0.004 0.09 0.298 0.526 0.738 0.892 0.972 1 1
safetyTestProbSet
Generation: 0
safetyTest22 1.000000 0.464000 0 100 500 10 0 0 0.022 0.076 0.138 0.204 0.302 0.366 0.434 0.494 0.464
Generation: 1
safetyTest22 1.000000 0.506000 1 100 500 10 0 0 0.016 0.066 0.13 0.22 0.296 0.352 0.438 0.53 0.506
Generation: 2
safetyTest22 1.000000 0.544000 2 100 500 10 0 0.002 0.03 0.09 0.174 0.27 0.354 0.444 0.5 0.536 0.544
Generation: 3
safetyTest22 1.000000 0.606000 3 100 500 10 0 0 0.028 0.07 0.162 0.248 0.336 0.412 0.486 0.55 0.606
Generation: 4
safetyTest22 1.000000 0.680000 4 100 500 10 0 0 0.016 0.084 0.172 0.28 0.36 0.454 0.528 0.598 0.68
Generation: 5
safetyTest22 1.000000 0.680000 5 100 500 10 0 0.002 0.026 0.11 0.192 0.262 0.392 0.49 0.564 0.62 0.68
Generation: 6
safetyTest22 1.000000 0.680000 6 100 500 10 0 0 0.034 0.086 0.158 0.264 0.374 0.456 0.55 0.612 0.68
Generation: 7
safetyTest22 1.000000 0.718000 7 100 500 10 0 0.002 0.038 0.11 0.204 0.326 0.45 0.55 0.65 0.726 0.718
Generation: 8
safetyTest22 1.000000 0.762000 8 100 500 10 0 0 0.022 0.11 0.216 0.328 0.466 0.564 0.662 0.73 0.762
Generation: 9
safetyTest22 1.000000 0.790000 9 100 500 10 0 0 0.032 0.116 0.22 0.342 0.448 0.564 0.666 0.746 0.79
Generation: 10
safetyTest22 1.000000 0.822000 10 100 500 10 0 0 0.044 0.14 0.276 0.408 0.558 0.676 0.776 0.844 0.822
Generation: 11
safetyTest22 1.000000 0.878000 11 100 500 10 0 0 0.056 0.178 0.332 0.468 0.594 0.708 0.782 0.856 0.878
Generation: 12
safetyTest22 1.000000 0.882000 12 100 500 10 0 0 0.054 0.162 0.316 0.416 0.572 0.704 0.784 0.864 0.882
Generation: 13
safetyTest22 1.000000 0.934000 13 100 500 10 0 0 0.054 0.184 0.346 0.482 0.628 0.74 0.814 0.878 0.934
Generation: 14
safetyTest22 1.000000 0.934000 14 100 500 10 0 0.002 0.066 0.182 0.326 0.49 0.63 0.738 0.816 0.894 0.934
Generation: 15
safetyTest22 1.000000 0.948000 15 100 500 10 0 0 0.052 0.214 0.388 0.536 0.68 0.804 0.884 0.93 0.948
Generation: 16
safetyTest22 1.000000 0.974000 16 100 500 10 0 0.002 0.074 0.202 0.374 0.56 0.724 0.848 0.938 0.98 0.974
Generation: 17
safetyTest22 1.000000 0.974000 17 100 500 10 0 0.002 0.07 0.212 0.41 0.592 0.762 0.866 0.932 0.962 0.974
Generation: 18
safetyTest22 1.000000 0.986000 18 100 500 10 0 0 0.058 0.17 0.338 0.532 0.708 0.85 0.928 0.962 0.986
Generation: 19
safetyTest22 1.000000 0.986000 19 100 500 10 0 0.002 0.062 0.192 0.356 0.502 0.674 0.84 0.92 0.96 0.986
Generation: 20
safetyTest22 1.000000 0.998000 20 100 500 10 0 0 0.072 0.212 0.38 0.58 0.774 0.88 0.932 0.98 0.998
Generation: 21
safetyTest22 1.000000 0.998000 21 100 500 10 0 0.002 0.074 0.238 0.418 0.622 0.752 0.88 0.948 0.984 0.998
Generation: 22
safetyTest22 1.000000 0.998000 22 100 500 10 0 0.002 0.078 0.236 0.422 0.604 0.742 0.858 0.922 0.974 0.998
Generation: 23
safetyTest22 1.000000 0.998000 23 100 500 10 0 0.002 0.074 0.202 0.406 0.594 0.758 0.88 0.942 0.976 0.998
Generation: 24
safetyTest22 1.000000 0.998000 24 100 500 10 0 0 0.064 0.202 0.394 0.57 0.744 0.876 0.95 0.984 0.998
Generation: 25
safetyTest22 1.000000 1.000000 25 100 500 10 0 0 0.068 0.236 0.432 0.67 0.834 0.924 0.974 0.988 1
testName time fitness gens maxGens agents groupsize e0 e1 e2 e3 e4 e5 e6 e7 e8 e9 e10
safetyTest22 1.000000 1.000000 26 100 500 10 0 0.002 0.08 0.22 0.414 0.696 0.86 0.958 0.99 0.998 1
Generation: 0
safetyTest22 1.000000 0.464000 0 100 500 10 0 0 0.014 0.056 0.114 0.186 0.258 0.332 0.384 0.442 0.464
Generation: 1
safetyTest22 1.000000 0.518000 1 100 500 10 0 0 0.022 0.064 0.16 0.234 0.312 0.392 0.454 0.522 0.518
Generation: 2
safetyTest22 1.000000 0.626000 2 100 500 10 0 0.002 0.028 0.09 0.198 0.29 0.374 0.468 0.578 0.632 0.626
Generation: 3
safetyTest22 1.000000 0.656000 3 100 500 10 0 0 0.02 0.092 0.172 0.266 0.356 0.444 0.54 0.608 0.656
Generation: 4
safetyTest22 1.000000 0.712000 4 100 500 10 0 0.002 0.046 0.12 0.244 0.356 0.466 0.568 0.652 0.718 0.712
Generation: 5
safetyTest22 1.000000 0.772000 5 100 500 10 0 0 0.03 0.08 0.186 0.314 0.442 0.568 0.69 0.768 0.772
Generation: 6
safetyTest22 1.000000 0.780000 6 100 500 10 0 0 0.036 0.122 0.236 0.352 0.482 0.608 0.7 0.794 0.78
Generation: 7
safetyTest22 1.000000 0.872000 7 100 500 10 0 0 0.038 0.12 0.26 0.398 0.546 0.684 0.8 0.872 0.872
Generation: 8
safetyTest22 1.000000 0.882000 8 100 500 10 0 0.002 0.058 0.15 0.266 0.428 0.588 0.716 0.792 0.87 0.882
Generation: 9
safetyTest22 1.000000 0.898000 9 100 500 10 0 0.002 0.04 0.16 0.296 0.444 0.568 0.69 0.776 0.838 0.898
Generation: 10
safetyTest22 1.000000 0.910000 10 100 500 10 0 0 0.052 0.176 0.296 0.434 0.584 0.7 0.786 0.86 0.91
Generation: 11
safetyTest22 1.000000 0.918000 11 100 500 10 0 0 0.05 0.172 0.324 0.466 0.618 0.746 0.856 0.91 0.918
Generation: 12
safetyTest22 1.000000 0.936000 12 100 500 10 0 0.002 0.068 0.204 0.374 0.546 0.692 0.816 0.884 0.932 0.936
Generation: 13
safetyTest22 1.000000 0.940000 13 100 500 10 0 0 0.066 0.186 0.34 0.518 0.66 0.768 0.838 0.88 0.94
Generation: 14
safetyTest22 1.000000 0.956000 14 100 500 10 0 0 0.074 0.218 0.338 0.534 0.688 0.8 0.874 0.932 0.956
Generation: 15
safetyTest22 1.000000 0.964000 15 100 500 10 0 0.002 0.08 0.238 0.402 0.6 0.754 0.866 0.94 0.964 0.964
Generation: 16
safetyTest22 1.000000 0.980000 16 100 500 10 0 0.002 0.088 0.252 0.4 0.61 0.776 0.89 0.942 0.96 0.98
Generation: 17
safetyTest22 1.000000 0.984000 17 100 500 10 0 0.002 0.08 0.256 0.43 0.624 0.792 0.886 0.932 0.962 0.984
Generation: 18
safetyTest22 1.000000 0.984000 18 100 500 10 0 0.002 0.086 0.26 0.406 0.618 0.77 0.884 0.946 0.978 0.984
Generation: 19
safetyTest22 1.000000 0.990000 19 100 500 10 0 0.002 0.096 0.27 0.446 0.662 0.782 0.876 0.93 0.972 0.99
Generation: 20
safetyTest22 1.000000 0.992000 20 100 500 10 0 0.002 0.078 0.266 0.452 0.67 0.852 0.95 0.986 0.994 0.992
Generation: 21
safetyTest22 1.000000 0.996000 21 100 500 10 0 0.002 0.104 0.268 0.438 0.656 0.836 0.928 0.984 0.994 0.996
Generation: 22
safetyTest22 1.000000 0.996000 22 100 500 10 0 0.002 0.1 0.252 0.436 0.674 0.852 0.934 0.974 0.994 0.996
Generation: 23
safetyTest22 1.000000 1.000000 23 100 500 10 0 0 0.096 0.314 0.526 0.768 0.932 0.988 1 1 1
safetyTest22 1.000000 1.000000 24 100 500 10 0 0.002 0.108 0.322 0.524 0.762 0.918 0.974 0.998 0.998 1
Generation: 0
safetyTest22 1.000000 0.506000 0 100 500 10 0 0 0.014 0.07 0.156 0.256 0.336 0.404 0.47 0.542 0.506
Generation: 1
safetyTest22 1.000000 0.546000 1 100 500 10 0 0 0.018 0.088 0.158 0.252 0.336 0.412 0.496 0.572 0.546
Generation: 2
safetyTest22 1.000000 0.656000 2 100 500 10 0 0 0.024 0.098 0.192 0.292 0.41 0.524 0.6 0.662 0.656
Generation: 3
safetyTest22 1.000000 0.690000 3 100 500 10 0 0 0.03 0.108 0.2 0.3 0.418 0.516 0.59 0.686 0.69
Generation: 4
safetyTest22 1.000000 0.700000 4 100 500 10 0 0.002 0.022 0.08 0.158 0.248 0.352 0.474 0.59 0.67 0.7
Generation: 5
safetyTest22 1.000000 0.748000 5 100 500 10 0 0 0.016 0.082 0.168 0.27 0.384 0.522 0.62 0.714 0.748
Generation: 6
safetyTest22 1.000000 0.766000 6 100 500 10 0 0 0.034 0.124 0.232 0.372 0.486 0.57 0.66 0.728 0.766
Generation: 7
safetyTest22 1.000000 0.788000 7 100 500 10 0 0 0.048 0.126 0.234 0.356 0.496 0.592 0.69 0.782 0.788
Generation: 8
safetyTest22 1.000000 0.802000 8 100 500 10 0 0 0.018 0.102 0.234 0.346 0.488 0.622 0.706 0.78 0.802
Generation: 9
safetyTest22 1.000000 0.834000 9 100 500 10 0 0 0.034 0.124 0.25 0.4 0.55 0.656 0.762 0.83 0.834
Generation: 10
safetyTest22 1.000000 0.860000 10 100 500 10 0 0.002 0.04 0.128 0.26 0.382 0.522 0.66 0.758 0.842 0.86
Generation: 11
safetyTest22 1.000000 0.890000 11 100 500 10 0 0 0.052 0.17 0.306 0.446 0.598 0.732 0.822 0.904 0.89
Generation: 12
safetyTest22 1.000000 0.890000 12 100 500 10 0 0.002 0.038 0.178 0.348 0.484 0.612 0.738 0.826 0.88 0.89
Generation: 13
safetyTest22 1.000000 0.910000 13 100 500 10 0 0 0.052 0.156 0.302 0.456 0.61 0.714 0.816 0.886 0.91
Generation: 14
safetyTest22 1.000000 0.924000 14 100 500 10 0 0 0.038 0.164 0.322 0.504 0.654 0.79 0.87 0.914 0.924
Generation: 15
safetyTest22 1.000000 0.954000 15 100 500 10 0 0.002 0.062 0.192 0.352 0.53 0.674 0.812 0.898 0.944 0.954
Generation: 16
safetyTest22 1.000000 0.972000 16 100 500 10 0 0.002 0.074 0.198 0.338 0.526 0.692 0.824 0.906 0.96 0.972
Generation: 17
safetyTest22 1.000000 0.980000 17 100 500 10 0 0.002 0.07 0.206 0.402 0.59 0.764 0.878 0.938 0.974 0.98
Generation: 18
safetyTest22 1.000000 0.990000 18 100 500 10 0 0 0.044 0.168 0.342 0.55 0.746 0.884 0.962 0.99 0.99
Generation: 19
safetyTest22 1.000000 0.994000 19 100 500 10 0 0 0.074 0.254 0.434 0.63 0.792 0.904 0.968 0.992 0.994
Generation: 20
safetyTest22 1.000000 0.994000 20 100 500 10 0 0 0.084 0.24 0.456 0.664 0.838 0.928 0.978 0.996 0.994
Generation: 21
safetyTest22 1.000000 0.996000 21 100 500 10 0 0.002 0.098 0.292 0.474 0.678 0.852 0.95 0.98 0.994 0.996
Generation: 22
safetyTest22 1.000000 0.996000 22 100 500 10 0 0.002 0.082 0.268 0.428 0.654 0.828 0.936 0.972 0.992 0.996
Generation: 23
safetyTest22 1.000000 0.996000 23 100 500 10 0 0 0.076 0.282 0.47 0.684 0.858 0.934 0.986 0.992 0.996
Generation: 24
safetyTest22 1.000000 0.998000 24 100 500 10 0 0.002 0.074 0.27 0.47 0.672 0.82 0.934 0.978 0.992 0.998
Generation: 25
safetyTest22 1.000000 0.998000 25 100 500 10 0 0.002 0.09 0.276 0.504 0.712 0.86 0.938 0.976 0.986 0.998
Generation: 26
safetyTest22 1.000000 0.998000 26 100 500 10 0 0 0.062 0.232 0.472 0.688 0.842 0.926 0.964 0.99 0.998
Generation: 27
safetyTest22 1.000000 1.000000 27 100 500 10 0 0.002 0.07 0.268 0.48 0.664 0.814 0.932 0.972 0.988 1
safetyTest22 1.000000 1.000000 28 100 500 10 0 0.002 0.04 0.198 0.426 0.638 0.802 0.932 0.984 0.996 1
Generation: 0
safetyTest22 1.000000 0.486000 0 100 500 10 0 0.002 0.024 0.066 0.138 0.22 0.316 0.384 0.458 0.502 0.486
Generation: 1
safetyTest22 1.000000 0.566000 1 100 500 10 0 0.002 0.022 0.078 0.16 0.24 0.358 0.466 0.518 0.564 0.566
Generation: 2
safetyTest22 1.000000 0.606000 2 100 500 10 0 0.002 0.032 0.084 0.196 0.292 0.37 0.438 0.524 0.592 0.606
Generation: 3
safetyTest22 1.000000 0.624000 3 100 500 10 0 0 0.012 0.078 0.162 0.266 0.366 0.484 0.564 0.626 0.624
Generation: 4
safetyTest22 1.000000 0.688000 4 100 500 10 0 0 0.022 0.098 0.196 0.312 0.422 0.514 0.6 0.67 0.688
Generation: 5
safetyTest22 1.000000 0.746000 5 100 500 10 0 0 0.018 0.098 0.202 0.344 0.458 0.556 0.652 0.736 0.746
Generation: 6
safetyTest22 1.000000 0.778000 6 100 500 10 0 0.002 0.034 0.124 0.236 0.378 0.49 0.588 0.684 0.752 0.778
Generation: 7
safetyTest22 1.000000 0.866000 7 100 500 10 0 0.002 0.036 0.156 0.29 0.42 0.564 0.7 0.812 0.87 0.866
Generation: 8
safetyTest22 1.000000 0.868000 8 100 500 10 0 0.002 0.046 0.154 0.272 0.386 0.518 0.632 0.732 0.806 0.868
Generation: 9
safetyTest22 1.000000 0.898000 9 100 500 10 0 0 0.046 0.148 0.3 0.422 0.564 0.684 0.796 0.874 0.898
Generation: 10
safetyTest22 1.000000 0.920000 10 100 500 10 0 0 0.036 0.158 0.312 0.482 0.63 0.752 0.822 0.878 0.92
Generation: 11
safetyTest22 1.000000 0.928000 11 100 500 10 0 0.002 0.042 0.166 0.304 0.476 0.62 0.736 0.83 0.902 0.928
Generation: 12
safetyTest22 1.000000 0.940000 12 100 500 10 0 0.002 0.04 0.142 0.28 0.41 0.57 0.738 0.846 0.934 0.94
Generation: 13
safetyTest22 1.000000 0.952000 13 100 500 10 0 0 0.028 0.152 0.28 0.438 0.61 0.758 0.86 0.924 0.952
Generation: 14
safetyTest22 1.000000 0.958000 14 100 500 10 0 0 0.036 0.154 0.32 0.488 0.666 0.808 0.89 0.938 0.958
Generation: 15
safetyTest22 1.000000 0.970000 15 100 500 10 0 0.002 0.028 0.156 0.346 0.528 0.71 0.842 0.928 0.964 0.97
Generation: 16
safetyTest22 1.000000 0.970000 16 100 500 10 0 0.002 0.048 0.188 0.35 0.526 0.692 0.816 0.898 0.94 0.97
Generation: 17
safetyTest22 1.000000 0.976000 17 100 500 10 0 0 0.05 0.188 0.376 0.562 0.718 0.832 0.918 0.962 0.976
Generation: 18
safetyTest22 1.000000 0.976000 18 100 500 10 0 0.002 0.064 0.22 0.408 0.576 0.75 0.88 0.95 0.978 0.976
Generation: 19
safetyTest22 1.000000 0.986000 19 100 500 10 0 0.002 0.1 0.278 0.458 0.642 0.802 0.902 0.948 0.97 0.986
Generation: 20
safetyTest22 1.000000 0.994000 20 100 500 10 0 0 0.046 0.19 0.376 0.562 0.752 0.892 0.966 0.994 0.994
Generation: 21
safetyTest22 1.000000 0.998000 21 100 500 10 0 0.002 0.064 0.19 0.396 0.574 0.766 0.888 0.964 0.986 0.998
Generation: 22
safetyTest22 1.000000 0.998000 22 100 500 10 0 0 0.054 0.206 0.428 0.62 0.812 0.912 0.972 0.994 0.998
Generation: 23
safetyTest22 1.000000 0.998000 23 100 500 10 0 0.002 0.044 0.194 0.412 0.602 0.778 0.906 0.972 0.986 0.998
Generation: 24
safetyTest22 1.000000 1.000000 24 100 500 10 0 0 0.052 0.2 0.388 0.598 0.794 0.93 0.972 0.992 1
safetyTest22 1.000000 1.000000 25 100 500 10 0 0.002 0.052 0.214 0.426 0.634 0.768 0.892 0.968 0.994 1
Generation: 0
safetyTest22 1.000000 0.500000 0 100 500 10 0 0 0.016 0.088 0.144 0.224 0.3 0.376 0.432 0.472 0.5
Generation: 1
safetyTest22 1.000000 0.544000 1 100 500 10 0 0 0.03 0.076 0.146 0.21 0.27 0.35 0.42 0.498 0.544
Generation: 2
safetyTest22 1.000000 0.566000 2 100 500 10 0 0.002 0.042 0.116 0.196 0.286 0.364 0.436 0.484 0.536 0.566
Generation: 3
safetyTest22 1.000000 0.592000 3 100 500 10 0 0 0.014 0.076 0.15 0.216 0.31 0.4 0.488 0.58 0.592
Generation: 4
safetyTest22 1.000000 0.652000 4 100 500 10 0 0 0.016 0.088 0.168 0.29 0.382 0.46 0.562 0.644 0.652
Generation: 5
safetyTest22 1.000000 0.682000 5 100 500 10 0 0.002 0.026 0.098 0.18 0.296 0.408 0.508 0.598 0.67 0.682
Generation: 6
safetyTest22 1.000000 0.714000 6 100 500 10 0 0 0.03 0.108 0.212 0.332 0.466 0.57 0.652 0.742 0.714
Generation: 7
safetyTest22 1.000000 0.780000 7 100 500 10 0 0 0.058 0.172 0.262 0.38 0.496 0.586 0.654 0.72 0.78
Generation: 8
safetyTest22 1.000000 0.780000 8 100 500 10 0 0.002 0.048 0.144 0.286 0.412 0.532 0.628 0.696 0.756 0.78
Generation: 9
safetyTest22 1.000000 0.816000 9 100 500 10 0 0.002 0.054 0.16 0.292 0.422 0.552 0.654 0.744 0.81 0.816
Generation: 10
safetyTest22 1.000000 0.836000 10 100 500 10 0 0.002 0.052 0.174 0.3 0.438 0.564 0.648 0.728 0.794 0.836
Generation: 11
safetyTest22 1.000000 0.908000 11 100 500 10 0 0.002 0.054 0.17 0.304 0.454 0.608 0.732 0.834 0.882 0.908
Generation: 12
safetyTest22 1.000000 0.908000 12 100 500 10 0 0.002 0.054 0.16 0.268 0.438 0.59 0.702 0.798 0.876 0.908
Generation: 13
safetyTest22 1.000000 0.914000 13 100 500 10 0 0.002 0.084 0.252 0.386 0.554 0.688 0.796 0.866 0.91 0.914
Generation: 14
safetyTest22 1.000000 0.944000 14 100 500 10 0 0.002 0.074 0.238 0.368 0.554 0.71 0.802 0.886 0.934 0.944
Generation: 15
safetyTest22 1.000000 0.954000 15 100 500 10 0 0.002 0.094 0.268 0.422 0.63 0.788 0.868 0.922 0.942 0.954
Generation: 16
safetyTest22 1.000000 0.954000 16 100 500 10 0 0.002 0.074 0.252 0.43 0.606 0.768 0.888 0.93 0.952 0.954
Generation: 17
safetyTest22 1.000000 0.970000 17 100 500 10 0 0.002 0.096 0.268 0.424 0.618 0.778 0.874 0.924 0.954 0.97
Generation: 18
safetyTest22 1.000000 0.992000 18 100 500 10 0 0.002 0.094 0.274 0.45 0.648 0.806 0.9 0.942 0.966 0.992
Generation: 19
safetyTest22 1.000000 0.992000 19 100 500 10 0 0.002 0.066 0.266 0.428 0.632 0.774 0.878 0.948 0.97 0.992
Generation: 20
safetyTest22 1.000000 0.992000 20 100 500 10 0 0.002 0.098 0.274 0.438 0.646 0.802 0.918 0.95 0.972 0.992
Generation: 21
safetyTest22 1.000000 0.992000 21 100 500 10 0 0.002 0.098 0.282 0.436 0.624 0.776 0.886 0.946 0.976 0.992
Generation: 22
safetyTest22 1.000000 1.000000 22 100 500 10 0 0.002 0.118 0.33 0.486 0.724 0.898 0.974 0.99 0.994 1
safetyTest22 1.000000 1.000000 23 100 500 10 0 0.002 0.112 0.312 0.478 0.702 0.898 0.964 0.982 0.99 1
Generation: 0
safetyTest22 1.000000 0.562000 0 100 500 10 0 0.002 0.024 0.082 0.194 0.26 0.338 0.42 0.508 0.58 0.562
Generation: 1
safetyTest22 1.000000 0.660000 1 100 500 10 0 0 0.026 0.068 0.158 0.26 0.35 0.442 0.524 0.594 0.66
Generation: 2
safetyTest22 1.000000 0.660000 2 100 500 10 0 0.002 0.026 0.068 0.158 0.248 0.354 0.446 0.508 0.576 0.66
Generation: 3
safetyTest22 1.000000 0.688000 3 100 500 10 0 0.002 0.016 0.084 0.172 0.28 0.402 0.51 0.6 0.656 0.688
Generation: 4
safetyTest22 1.000000 0.726000 4 100 500 10 0 0.002 0.028 0.102 0.19 0.302 0.424 0.54 0.638 0.706 0.726
Generation: 5
safetyTest22 1.000000 0.814000 5 100 500 10 0 0.002 0.026 0.088 0.194 0.332 0.468 0.604 0.722 0.808 0.814
Generation: 6
safetyTest22 1.000000 0.840000 6 100 500 10 0 0 0.046 0.13 0.22 0.376 0.514 0.61 0.724 0.804 0.84
Generation: 7
safetyTest22 1.000000 0.840000 7 100 500 10 0 0.002 0.032 0.134 0.23 0.368 0.5 0.634 0.732 0.808 0.84
Generation: 8
safetyTest22 1.000000 0.860000 8 100 500 10 0 0 0.016 0.13 0.24 0.418 0.554 0.662 0.776 0.85 0.86
Generation: 9
safetyTest22 1.000000 0.870000 9 100 500 10 0 0.002 0.048 0.134 0.27 0.422 0.576 0.672 0.752 0.818 0.87
Generation: 10
safetyTest22 1.000000 0.874000 10 100 500 10 0 0 0.042 0.146 0.29 0.458 0.584 0.708 0.796 0.846 0.874
Generation: 11
safetyTest22 1.000000 0.924000 11 100 500 10 0 0 0.042 0.156 0.278 0.458 0.62 0.762 0.858 0.916 0.924
Generation: 12
safetyTest22 1.000000 0.946000 12 100 500 10 0 0 0.05 0.188 0.324 0.498 0.624 0.752 0.848 0.916 0.946
Generation: 13
safetyTest22 1.000000 0.946000 13 100 500 10 0 0.002 0.05 0.174 0.32 0.5 0.64 0.762 0.868 0.916 0.946
Generation: 14
safetyTest22 1.000000 0.958000 14 100 500 10 0 0 0.066 0.2 0.37 0.57 0.73 0.832 0.912 0.952 0.958
Generation: 15
safetyTest22 1.000000 0.978000 15 100 500 10 0 0 0.064 0.218 0.36 0.556 0.708 0.816 0.898 0.942 0.978
Generation: 16
safetyTest22 1.000000 0.980000 16 100 500 10 0 0.002 0.082 0.254 0.41 0.622 0.762 0.886 0.944 0.976 0.98
Generation: 17
safetyTest22 1.000000 0.980000 17 100 500 10 0 0.002 0.084 0.24 0.392 0.608 0.804 0.884 0.938 0.974 0.98
Generation: 18
safetyTest22 1.000000 0.984000 18 100 500 10 0 0.002 0.096 0.28 0.44 0.632 0.788 0.888 0.954 0.972 0.984
Generation: 19
safetyTest22 1.000000 0.992000 19 100 500 10 0 0 0.058 0.214 0.382 0.586 0.75 0.874 0.96 0.988 0.992
Generation: 20
safetyTest22 1.000000 0.994000 20 100 500 10 0 0 0.064 0.212 0.372 0.584 0.768 0.892 0.962 0.982 0.994
Generation: 21
safetyTest22 1.000000 0.996000 21 100 500 10 0 0.002 0.052 0.21 0.38 0.614 0.766 0.908 0.97 0.984 0.996
Generation: 22
safetyTest22 1.000000 0.996000 22 100 500 10 0 0.002 0.076 0.226 0.412 0.612 0.764 0.898 0.966 0.988 0.996
Generation: 23
safetyTest22 1.000000 1.000000 23 100 500 10 0 0.002 0.098 0.272 0.456 0.672 0.844 0.938 0.982 0.994 1
safetyTest22 1.000000 1.000000 24 100 500 10 0 0.002 0.096 0.28 0.468 0.666 0.852 0.966 0.992 1 1
Generation: 0
safetyTest22 1.000000 0.508000 0 100 500 10 0 0.002 0.018 0.068 0.132 0.2 0.29 0.382 0.44 0.528 0.508
Generation: 1
safetyTest22 1.000000 0.556000 1 100 500 10 0 0 0.02 0.078 0.124 0.21 0.298 0.386 0.474 0.556 0.556
Generation: 2
safetyTest22 1.000000 0.666000 2 100 500 10 0 0 0.028 0.11 0.218 0.348 0.448 0.518 0.58 0.624 0.666
Generation: 3
safetyTest22 1.000000 0.724000 3 100 500 10 0 0.002 0.022 0.09 0.202 0.312 0.428 0.542 0.636 0.692 0.724
Generation: 4
safetyTest22 1.000000 0.826000 4 100 500 10 0 0 0.04 0.144 0.278 0.416 0.544 0.662 0.75 0.82 0.826
Generation: 5
safetyTest22 1.000000 0.858000 5 100 500 10 0 0 0.028 0.116 0.252 0.408 0.54 0.676 0.78 0.832 0.858
Generation: 6
safetyTest22 1.000000 0.906000 6 100 500 10 0 0 0.038 0.154 0.294 0.456 0.598 0.722 0.824 0.88 0.906
Generation: 7
safetyTest22 1.000000 0.914000 7 100 500 10 0 0 0.042 0.166 0.306 0.464 0.63 0.726 0.818 0.866 0.914
Generation: 8
safetyTest22 1.000000 0.940000 8 100 500 10 0 0 0.074 0.24 0.394 0.56 0.718 0.828 0.884 0.924 0.94
Generation: 9
safetyTest22 1.000000 0.940000 9 100 500 10 0 0.002 0.07 0.216 0.36 0.532 0.682 0.786 0.858 0.904 0.94
Generation: 10
safetyTest22 1.000000 0.952000 10 100 500 10 0 0 0.068 0.224 0.384 0.556 0.694 0.808 0.886 0.93 0.952
Generation: 11
safetyTest22 1.000000 0.964000 11 100 500 10 0 0 0.072 0.208 0.36 0.574 0.73 0.842 0.906 0.944 0.964
Generation: 12
safetyTest22 1.000000 0.976000 12 100 500 10 0 0 0.072 0.238 0.42 0.612 0.794 0.884 0.944 0.97 0.976
Generation: 13
safetyTest22 1.000000 0.976000 13 100 500 10 0 0.002 0.08 0.238 0.412 0.608 0.786 0.892 0.942 0.968 0.976
Generation: 14
safetyTest22 1.000000 0.980000 14 100 500 10 0 0.002 0.092 0.27 0.444 0.634 0.786 0.874 0.936 0.976 0.98
Generation: 15
safetyTest22 1.000000 0.988000 15 100 500 10 0 0.002 0.078 0.254 0.42 0.632 0.792 0.906 0.958 0.98 0.988
Generation: 16
safetyTest22 1.000000 0.992000 16 100 500 10 0 0.002 0.1 0.304 0.472 0.698 0.858 0.93 0.97 0.986 0.992
Generation: 17
safetyTest22 1.000000 0.996000 17 100 500 10 0 0 0.078 0.26 0.46 0.692 0.834 0.934 0.968 0.99 0.996
Generation: 18
safetyTest22 1.000000 0.998000 18 100 500 10 0 0.002 0.096 0.29 0.476 0.692 0.836 0.926 0.976 0.986 0.998
Generation: 19
safetyTest22 1.000000 1.000000 19 100 500 10 0 0.002 0.11 0.328 0.502 0.736 0.874 0.958 0.978 0.988 1
safetyTest22 1.000000 1.000000 20 100 500 10 0 0.002 0.114 0.318 0.52 0.738 0.886 0.956 0.982 0.992 1
Generation: 0
safetyTest22 1.000000 0.510000 0 100 500 10 0 0 0.022 0.092 0.15 0.224 0.31 0.398 0.456 0.524 0.51
Generation: 1
safetyTest22 1.000000 0.554000 1 100 500 10 0 0 0.032 0.082 0.18 0.248 0.334 0.416 0.48 0.554 0.554
Generation: 2
safetyTest22 1.000000 0.604000 2 100 500 10 0 0.002 0.028 0.104 0.182 0.278 0.376 0.458 0.558 0.62 0.604
Generation: 3
safetyTest22 1.000000 0.622000 3 100 500 10 0 0 0.022 0.076 0.164 0.252 0.338 0.432 0.504 0.556 0.622
Generation: 4
safetyTest22 1.000000 0.650000 4 100 500 10 0 0.002 0.028 0.094 0.202 0.32 0.428 0.522 0.588 0.652 0.65
Generation: 5
safetyTest22 1.000000 0.658000 5 100 500 10 0 0 0.02 0.08 0.182 0.252 0.374 0.472 0.57 0.66 0.658
Generation: 6
safetyTest22 1.000000 0.722000 6 100 500 10 0 0 0.016 0.094 0.196 0.304 0.448 0.57 0.636 0.728 0.722
Generation: 7
safetyTest22 1.000000 0.748000 7 100 500 10 0 0 0.04 0.118 0.204 0.32 0.428 0.548 0.61 0.678 0.748
Generation: 8
safetyTest22 1.000000 0.778000 8 100 500 10 0 0.002 0.038 0.136 0.264 0.378 0.514 0.596 0.67 0.756 0.778
Generation: 9
safetyTest22 1.000000 0.812000 9 100 500 10 0 0 0.044 0.142 0.274 0.414 0.536 0.632 0.698 0.766 0.812
Generation: 10
safetyTest22 1.000000 0.832000 10 100 500 10 0 0 0.052 0.158 0.272 0.408 0.546 0.65 0.746 0.812 0.832
Generation: 11
safetyTest22 1.000000 0.864000 11 100 500 10 0 0 0.052 0.17 0.314 0.446 0.594 0.696 0.784 0.852 0.864
Generation: 12
safetyTest22 1.000000 0.892000 12 100 500 10 0 0.002 0.068 0.2 0.346 0.508 0.642 0.75 0.826 0.888 0.892
Generation: 13
safetyTest22 1.000000 0.908000 13 100 500 10 0 0.002 0.06 0.22 0.42 0.604 0.728 0.838 0.89 0.934 0.908
Generation: 14
safetyTest22 1.000000 0.936000 14 100 500 10 0 0.002 0.072 0.238 0.41 0.59 0.728 0.836 0.912 0.948 0.936
Generation: 15
safetyTest22 1.000000 0.956000 15 100 500 10 0 0.002 0.068 0.2 0.364 0.544 0.71 0.816 0.89 0.928 0.956
Generation: 16
safetyTest22 1.000000 0.978000 16 100 500 10 0 0.002 0.086 0.24 0.416 0.602 0.766 0.864 0.926 0.954 0.978
Generation: 17
safetyTest22 1.000000 0.978000 17 100 500 10 0 0 0.09 0.24 0.42 0.618 0.78 0.866 0.912 0.952 0.978
Generation: 18
safetyTest22 1.000000 0.980000 18 100 500 10 0 0.002 0.098 0.282 0.446 0.662 0.826 0.916 0.954 0.98 0.98
Generation: 19
safetyTest22 1.000000 0.992000 19 100 500 10 0 0.002 0.092 0.27 0.448 0.64 0.786 0.878 0.952 0.982 0.992
Generation: 20
safetyTest22 1.000000 0.992000 20 100 500 10 0 0.002 0.084 0.3 0.462 0.662 0.82 0.904 0.962 0.984 0.992
Generation: 21
safetyTest22 1.000000 0.996000 21 100 500 10 0 0.002 0.09 0.28 0.48 0.68 0.838 0.92 0.962 0.988 0.996
Generation: 22
safetyTest22 1.000000 0.996000 22 100 500 10 0 0.002 0.084 0.272 0.436 0.632 0.804 0.92 0.976 0.992 0.996
Generation: 23
safetyTest22 1.000000 0.998000 23 100 500 10 0 0.002 0.096 0.34 0.516 0.71 0.844 0.932 0.972 0.992 0.998
Generation: 24
safetyTest22 1.000000 1.000000 24 100 500 10 0 0.002 0.112 0.32 0.488 0.696 0.868 0.954 0.992 0.994 1
safetyTest22 1.000000 1.000000 25 100 500 10 0 0.002 0.106 0.3 0.476 0.674 0.884 0.956 0.986 0.996 1
Generation: 0
safetyTest22 1.000000 0.464000 0 100 500 10 0 0 0.008 0.064 0.122 0.182 0.252 0.31 0.35 0.402 0.464
Generation: 1
safetyTest22 1.000000 0.514000 1 100 500 10 0 0 0.032 0.092 0.17 0.238 0.306 0.378 0.422 0.466 0.514
Generation: 2
safetyTest22 1.000000 0.554000 2 100 500 10 0 0.002 0.024 0.096 0.18 0.27 0.34 0.408 0.472 0.534 0.554
Generation: 3
safetyTest22 1.000000 0.574000 3 100 500 10 0 0 0.026 0.09 0.166 0.242 0.344 0.416 0.5 0.564 0.574
Generation: 4
safetyTest22 1.000000 0.666000 4 100 500 10 0 0 0.03 0.086 0.186 0.3 0.424 0.546 0.634 0.714 0.666
Generation: 5
safetyTest22 1.000000 0.666000 5 100 500 10 0 0 0.026 0.11 0.208 0.332 0.434 0.544 0.62 0.692 0.666
Generation: 6
safetyTest22 1.000000 0.772000 6 100 500 10 0 0.002 0.042 0.148 0.266 0.392 0.53 0.624 0.69 0.758 0.772
Generation: 7
safetyTest22 1.000000 0.776000 7 100 500 10 0 0 0.03 0.13 0.246 0.366 0.494 0.602 0.65 0.748 0.776
Generation: 8
safetyTest22 1.000000 0.860000 8 100 500 10 0 0.002 0.06 0.182 0.318 0.468 0.602 0.73 0.82 0.88 0.86
Generation: 9
safetyTest22 1.000000 0.882000 9 100 500 10 0 0.002 0.052 0.18 0.322 0.496 0.678 0.784 0.85 0.894 0.882
Generation: 10
safetyTest22 1.000000 0.896000 10 100 500 10 0 0.002 0.04 0.174 0.314 0.482 0.624 0.726 0.8 0.848 0.896
Generation: 11
safetyTest22 1.000000 0.928000 11 100 500 10 0 0.002 0.06 0.182 0.344 0.492 0.638 0.77 0.87 0.93 0.928
Generation: 12
safetyTest22 1.000000 0.942000 12 100 500 10 0 0.002 0.07 0.216 0.352 0.506 0.658 0.758 0.858 0.908 0.942
Generation: 13
safetyTest22 1.000000 0.970000 13 100 500 10 0 0.002 0.08 0.228 0.4 0.582 0.738 0.854 0.91 0.958 0.97
Generation: 14
safetyTest22 1.000000 0.998000 14 100 500 10 0 0.002 0.09 0.27 0.45 0.676 0.864 0.938 0.976 0.99 0.998
Generation: 15
safetyTest22 1.000000 0.998000 15 100 500 10 0 0.002 0.084 0.28 0.466 0.7 0.868 0.952 0.982 0.99 0.998
Generation: 16
safetyTest22 1.000000 0.998000 16 100 500 10 0 0.002 0.09 0.284 0.456 0.666 0.844 0.926 0.974 0.99 0.998
Generation: 17
safetyTest22 1.000000 1.000000 17 100 500 10 0 0.002 0.106 0.308 0.466 0.688 0.848 0.924 0.972 0.986 1
safetyTest22 1.000000 1.000000 18 100 500 10 0 0.002 0.112 0.306 0.476 0.698 0.85 0.93 0.982 0.994 1
Generation: 0
safetyTest22 1.000000 0.496000 0 100 500 10 0 0.002 0.022 0.092 0.15 0.23 0.294 0.374 0.438 0.488 0.496
Generation: 1
safetyTest22 1.000000 0.556000 1 100 500 10 0 0 0.042 0.104 0.2 0.28 0.346 0.406 0.468 0.528 0.556
Generation: 2
safetyTest22 1.000000 0.646000 2 100 500 10 0 0 0.044 0.102 0.222 0.342 0.432 0.522 0.604 0.68 0.646
Generation: 3
safetyTest22 1.000000 0.784000 3 100 500 10 0 0.002 0.03 0.112 0.22 0.372 0.486 0.576 0.678 0.758 0.784
Generation: 4
safetyTest22 1.000000 0.810000 4 100 500 10 0 0.002 0.052 0.198 0.338 0.482 0.614 0.724 0.796 0.826 0.81
Generation: 5
safetyTest22 1.000000 0.880000 5 100 500 10 0 0.002 0.046 0.19 0.338 0.504 0.656 0.768 0.832 0.884 0.88
Generation: 6
safetyTest22 1.000000 0.966000 6 100 500 10 0 0.002 0.06 0.23 0.402 0.586 0.754 0.862 0.924 0.974 0.966
Generation: 7
safetyTest22 1.000000 0.970000 7 100 500 10 0 0.002 0.062 0.208 0.394 0.61 0.786 0.876 0.928 0.962 0.97
Generation: 8
safetyTest22 1.000000 0.970000 8 100 500 10 0 0 0.06 0.222 0.414 0.604 0.746 0.838 0.916 0.952 0.97
Generation: 9
safetyTest22 1.000000 0.986000 9 100 500 10 0 0 0.074 0.224 0.44 0.652 0.79 0.886 0.952 0.972 0.986
Generation: 10
safetyTest22 1.000000 0.986000 10 100 500 10 0 0 0.07 0.228 0.424 0.648 0.806 0.908 0.954 0.974 0.986
Generation: 11
safetyTest22 1.000000 0.986000 11 100 500 10 0 0 0.066 0.242 0.454 0.64 0.772 0.874 0.922 0.956 0.986
Generation: 12
safetyTest22 1.000000 0.986000 12 100 500 10 0 0 0.066 0.232 0.45 0.688 0.836 0.926 0.96 0.972 0.986
Generation: 13
safetyTest22 1.000000 0.994000 13 100 500 10 0 0 0.09 0.292 0.494 0.716 0.852 0.946 0.984 0.992 0.994
Generation: 14
safetyTest22 1.000000 0.996000 14 100 500 10 0 0 0.066 0.236 0.42 0.648 0.822 0.92 0.952 0.978 0.996
Generation: 15
safetyTest22 1.000000 1.000000 15 100 500 10 0 0.002 0.098 0.322 0.516 0.71 0.876 0.954 0.976 0.988 1
safetyTest22 1.000000 1.000000 16 100 500 10 0 0.002 0.098 0.316 0.5 0.752 0.896 0.968 0.984 0.996 1
