Generation: 0
agentsTest 0.700000 0.076000 0 100 500 10 0 0 0.002 0.002 0.01 0.014 0.028 0.038 0.054 0.066 0.076
Generation: 1
agentsTest 0.700000 0.076000 1 100 500 10 0 0 0 0.004 0.014 0.028 0.034 0.038 0.052 0.062 0.076
Generation: 2
agentsTest 0.700000 0.094000 2 100 500 10 0 0 0 0.002 0.01 0.022 0.026 0.038 0.048 0.06 0.094
Generation: 3
agentsTest 0.700000 0.106000 3 100 500 10 0 0 0 0.002 0.006 0.016 0.028 0.042 0.056 0.072 0.106
Generation: 4
agentsTest 0.700000 0.118000 4 100 500 10 0 0 0 0.002 0.012 0.024 0.052 0.072 0.094 0.118 0.118
Generation: 5
agentsTest 0.700000 0.136000 5 100 500 10 0 0 0.002 0.004 0.01 0.024 0.038 0.054 0.07 0.086 0.136
Generation: 6
agentsTest 0.700000 0.140000 6 100 500 10 0 0 0 0.004 0.008 0.028 0.046 0.066 0.106 0.13 0.14
Generation: 7
agentsTest 0.700000 0.142000 7 100 500 10 0 0 0 0 0.008 0.028 0.048 0.072 0.092 0.142 0.142
Generation: 8
agentsTest 0.700000 0.180000 8 100 500 10 0 0 0.002 0.012 0.024 0.052 0.098 0.13 0.168 0.206 0.18
Generation: 9
agentsTest 0.700000 0.200000 9 100 500 10 0 0 0.002 0.006 0.012 0.04 0.064 0.092 0.116 0.156 0.2
Generation: 10
agentsTest 0.700000 0.222000 10 100 500 10 0 0 0 0.008 0.022 0.042 0.068 0.098 0.124 0.164 0.222
Generation: 11
agentsTest 0.700000 0.222000 11 100 500 10 0 0 0 0.01 0.02 0.054 0.072 0.104 0.152 0.182 0.222
Generation: 12
agentsTest 0.700000 0.234000 12 100 500 10 0 0 0.004 0.02 0.038 0.076 0.1 0.14 0.18 0.214 0.234
Generation: 13
agentsTest 0.700000 0.260000 13 100 500 10 0 0 0.002 0.022 0.036 0.062 0.086 0.136 0.178 0.218 0.26
Generation: 14
agentsTest 0.700000 0.282000 14 100 500 10 0 0 0.002 0.016 0.036 0.076 0.12 0.168 0.206 0.252 0.282
Generation: 15
agentsTest 0.700000 0.296000 15 100 500 10 0 0 0 0.014 0.036 0.072 0.108 0.166 0.212 0.274 0.296
Generation: 16
agentsTest 0.700000 0.320000 16 100 500 10 0 0 0.002 0.018 0.042 0.088 0.128 0.176 0.228 0.276 0.32
Generation: 17
agentsTest 0.700000 0.320000 17 100 500 10 0 0 0.002 0.018 0.03 0.064 0.094 0.13 0.174 0.214 0.32
Generation: 18
agentsTest 0.700000 0.338000 18 100 500 10 0 0 0.002 0.024 0.05 0.094 0.136 0.186 0.24 0.298 0.338
Generation: 19
agentsTest 0.700000 0.358000 19 100 500 10 0 0 0.002 0.016 0.046 0.106 0.152 0.208 0.258 0.312 0.358
Generation: 20
agentsTest 0.700000 0.370000 20 100 500 10 0 0 0.002 0.026 0.052 0.094 0.128 0.162 0.218 0.294 0.37
Generation: 21
agentsTest 0.700000 0.378000 21 100 500 10 0 0 0 0.02 0.048 0.11 0.16 0.216 0.29 0.344 0.378
Generation: 22
agentsTest 0.700000 0.412000 22 100 500 10 0 0 0.004 0.04 0.076 0.134 0.182 0.234 0.288 0.348 0.412
Generation: 23
agentsTest 0.700000 0.412000 23 100 500 10 0 0 0 0.026 0.074 0.152 0.2 0.262 0.32 0.38 0.412
Generation: 24
agentsTest 0.700000 0.434000 24 100 500 10 0 0 0.004 0.042 0.07 0.138 0.206 0.274 0.336 0.4 0.434
Generation: 25
agentsTest 0.700000 0.434000 25 100 500 10 0 0 0 0.028 0.06 0.134 0.184 0.25 0.306 0.356 0.434
Generation: 26
agentsTest 0.700000 0.456000 26 100 500 10 0 0 0 0.016 0.062 0.15 0.21 0.29 0.358 0.424 0.456
Generation: 27
agentsTest 0.700000 0.492000 27 100 500 10 0 0 0 0.036 0.1 0.19 0.246 0.34 0.416 0.484 0.492
Generation: 28
agentsTest 0.700000 0.498000 28 100 500 10 0 0 0.002 0.036 0.074 0.16 0.24 0.31 0.386 0.454 0.498
Generation: 29
agentsTest 0.700000 0.524000 29 100 500 10 0 0 0.002 0.032 0.072 0.168 0.234 0.338 0.424 0.508 0.524
Generation: 30
agentsTest 0.700000 0.552000 30 100 500 10 0 0 0.002 0.028 0.064 0.146 0.232 0.344 0.42 0.512 0.552
Generation: 31
agentsTest 0.700000 0.552000 31 100 500 10 0 0 0.002 0.026 0.076 0.178 0.252 0.348 0.416 0.488 0.552
Generation: 32
agentsTest 0.700000 0.580000 32 100 500 10 0 0 0.002 0.042 0.114 0.206 0.282 0.386 0.458 0.552 0.58
Generation: 33
agentsTest 0.700000 0.588000 33 100 500 10 0 0 0.002 0.05 0.124 0.206 0.284 0.384 0.47 0.56 0.588
Generation: 34
agentsTest 0.700000 0.624000 34 100 500 10 0 0 0.002 0.036 0.102 0.198 0.292 0.412 0.51 0.616 0.624
Generation: 35
agentsTest 0.700000 0.628000 35 100 500 10 0 0 0.002 0.048 0.148 0.256 0.34 0.452 0.55 0.638 0.628
Generation: 36
agentsTest 0.700000 0.646000 36 100 500 10 0 0 0.002 0.052 0.124 0.22 0.324 0.434 0.518 0.606 0.646
Generation: 37
agentsTest 0.700000 0.696000 37 100 500 10 0 0 0.004 0.058 0.17 0.272 0.38 0.486 0.568 0.624 0.696
Generation: 38
agentsTest 0.700000 0.696000 38 100 500 10 0 0 0.002 0.046 0.142 0.258 0.374 0.496 0.576 0.674 0.696
Generation: 39
agentsTest 0.700000 0.706000 39 100 500 10 0 0 0.002 0.05 0.134 0.258 0.376 0.496 0.586 0.682 0.706
Generation: 40
agentsTest 0.700000 0.706000 40 100 500 10 0 0 0.002 0.046 0.128 0.256 0.374 0.5 0.59 0.676 0.706
Generation: 41
agentsTest 0.700000 0.734000 41 100 500 10 0 0 0.004 0.052 0.166 0.284 0.418 0.55 0.618 0.69 0.734
Generation: 42
agentsTest 0.700000 0.740000 42 100 500 10 0 0 0.002 0.048 0.16 0.292 0.412 0.522 0.598 0.678 0.74
Generation: 43
agentsTest 0.700000 0.754000 43 100 500 10 0 0 0.004 0.062 0.196 0.332 0.45 0.566 0.658 0.74 0.754
Generation: 44
agentsTest 0.700000 0.756000 44 100 500 10 0 0 0.004 0.05 0.154 0.278 0.42 0.536 0.64 0.712 0.756
Generation: 45
agentsTest 0.700000 0.790000 45 100 500 10 0 0 0.004 0.054 0.184 0.326 0.46 0.586 0.688 0.766 0.79
Generation: 46
agentsTest 0.700000 0.790000 46 100 500 10 0 0 0.004 0.068 0.202 0.332 0.466 0.598 0.692 0.774 0.79
Generation: 47
agentsTest 0.700000 0.796000 47 100 500 10 0 0 0.002 0.05 0.186 0.336 0.484 0.626 0.732 0.794 0.796
Generation: 48
agentsTest 0.700000 0.826000 48 100 500 10 0 0 0.004 0.054 0.184 0.322 0.468 0.614 0.718 0.798 0.826
Generation: 49
agentsTest 0.700000 0.830000 49 100 500 10 0 0 0.002 0.052 0.178 0.32 0.484 0.64 0.758 0.834 0.83
Generation: 50
agentsTest 0.700000 0.854000 50 100 500 10 0 0 0.002 0.056 0.158 0.274 0.43 0.596 0.736 0.84 0.854
Generation: 51
agentsTest 0.700000 0.860000 51 100 500 10 0 0 0.002 0.062 0.164 0.308 0.472 0.636 0.774 0.87 0.86
Generation: 52
agentsTest 0.700000 0.864000 52 100 500 10 0 0 0.002 0.06 0.182 0.318 0.468 0.622 0.742 0.868 0.864
Generation: 53
agentsTest 0.700000 0.890000 53 100 500 10 0 0 0.004 0.064 0.18 0.312 0.472 0.62 0.758 0.854 0.89
Generation: 54
agentsTest 0.700000 0.890000 54 100 500 10 0 0 0.002 0.058 0.178 0.314 0.466 0.626 0.774 0.87 0.89
Generation: 55
agentsTest 0.700000 0.892000 55 100 500 10 0 0 0.002 0.05 0.16 0.294 0.484 0.638 0.776 0.874 0.892
Generation: 56
agentsTest 0.700000 0.916000 56 100 500 10 0 0 0.004 0.056 0.186 0.328 0.498 0.66 0.796 0.9 0.916
Generation: 57
agentsTest 0.700000 0.916000 57 100 500 10 0 0 0.004 0.06 0.184 0.332 0.504 0.666 0.8 0.906 0.916
Generation: 58
agentsTest 0.700000 0.916000 58 100 500 10 0 0 0.002 0.058 0.172 0.314 0.468 0.63 0.776 0.886 0.916
Generation: 59
agentsTest 0.700000 0.916000 59 100 500 10 0 0 0.002 0.062 0.21 0.356 0.53 0.686 0.802 0.892 0.916
Generation: 60
agentsTest 0.700000 0.916000 60 100 500 10 0 0 0.002 0.052 0.214 0.352 0.508 0.66 0.804 0.91 0.916
Generation: 61
agentsTest 0.700000 0.938000 61 100 500 10 0 0 0.004 0.066 0.186 0.334 0.528 0.698 0.85 0.94 0.938
Generation: 62
agentsTest 0.700000 0.948000 62 100 500 10 0 0 0.002 0.062 0.184 0.326 0.492 0.662 0.844 0.942 0.948
Generation: 63
agentsTest 0.700000 0.958000 63 100 500 10 0 0 0.004 0.066 0.192 0.33 0.466 0.658 0.824 0.928 0.958
Generation: 64
agentsTest 0.700000 0.958000 64 100 500 10 0 0 0.004 0.06 0.188 0.336 0.498 0.652 0.81 0.93 0.958
Generation: 65
agentsTest 0.700000 0.962000 65 100 500 10 0 0 0.004 0.062 0.19 0.35 0.53 0.692 0.86 0.948 0.962
Generation: 66
agentsTest 0.700000 0.972000 66 100 500 10 0 0 0.004 0.064 0.19 0.338 0.526 0.704 0.864 0.946 0.972
Generation: 67
agentsTest 0.700000 0.976000 67 100 500 10 0 0 0.004 0.07 0.224 0.374 0.538 0.71 0.882 0.97 0.976
Generation: 68
agentsTest 0.700000 0.978000 68 100 500 10 0 0 0.004 0.068 0.222 0.366 0.538 0.714 0.884 0.972 0.978
Generation: 69
agentsTest 0.700000 0.978000 69 100 500 10 0 0 0.004 0.066 0.226 0.384 0.54 0.724 0.878 0.966 0.978
Generation: 70
agentsTest 0.700000 0.978000 70 100 500 10 0 0 0.004 0.07 0.208 0.358 0.544 0.718 0.894 0.966 0.978
Generation: 71
agentsTest 0.700000 0.978000 71 100 500 10 0 0 0.004 0.07 0.206 0.36 0.528 0.706 0.856 0.948 0.978
Generation: 72
agentsTest 0.700000 0.980000 72 100 500 10 0 0 0.004 0.068 0.222 0.37 0.54 0.728 0.896 0.96 0.98
Generation: 73
agentsTest 0.700000 0.988000 73 100 500 10 0 0 0.002 0.066 0.232 0.398 0.562 0.736 0.908 0.98 0.988
Generation: 74
agentsTest 0.700000 0.988000 74 100 500 10 0 0 0.004 0.072 0.242 0.404 0.584 0.754 0.896 0.972 0.988
Generation: 75
agentsTest 0.700000 0.994000 75 100 500 10 0 0 0.002 0.068 0.222 0.378 0.576 0.768 0.93 0.984 0.994
Generation: 76
agentsTest 0.700000 0.994000 76 100 500 10 0 0 0.004 0.07 0.238 0.388 0.574 0.75 0.912 0.982 0.994
Generation: 77
agentsTest 0.700000 0.994000 77 100 500 10 0 0 0.004 0.068 0.216 0.364 0.566 0.756 0.934 0.982 0.994
Generation: 78
agentsTest 0.700000 0.994000 78 100 500 10 0 0 0.004 0.068 0.214 0.372 0.576 0.744 0.908 0.978 0.994
Generation: 79
agentsTest 0.700000 0.994000 79 100 500 10 0 0 0.004 0.07 0.226 0.392 0.588 0.772 0.91 0.974 0.994
Generation: 80
agentsTest 0.700000 0.994000 80 100 500 10 0 0 0.004 0.07 0.23 0.392 0.578 0.742 0.906 0.974 0.994
Generation: 81
agentsTest 0.700000 0.994000 81 100 500 10 0 0 0.004 0.066 0.228 0.396 0.596 0.768 0.928 0.982 0.994
Generation: 82
agentsTest 0.700000 0.994000 82 100 500 10 0 0 0.004 0.07 0.222 0.388 0.584 0.746 0.91 0.97 0.994
Generation: 83
agentsTest 0.700000 0.994000 83 100 500 10 0 0 0.002 0.066 0.224 0.382 0.582 0.762 0.928 0.974 0.994
Generation: 84
agentsTest 0.700000 0.996000 84 100 500 10 0 0 0.004 0.07 0.266 0.426 0.584 0.764 0.942 0.988 0.996
Generation: 85
agentsTest 0.700000 1.000000 85 100 500 10 0 0 0.004 0.068 0.244 0.42 0.598 0.784 0.96 0.998 1
testName time fitness gens maxGens agents groupsize e0 e1 e2 e3 e4 e5 e6 e7 e8 e9 e10
agentsTest 0.700000 1.000000 86 100 500 10 0 0 0.004 0.07 0.256 0.42 0.584 0.754 0.94 1 1
Generation: 0
agentsTest 0.700000 0.070000 0 100 500 10 0 0 0 0.004 0.008 0.008 0.012 0.026 0.038 0.056 0.07
Generation: 1
agentsTest 0.700000 0.078000 1 100 500 10 0 0 0 0 0.002 0.01 0.02 0.036 0.054 0.066 0.078
Generation: 2
agentsTest 0.700000 0.086000 2 100 500 10 0 0 0.002 0.01 0.014 0.024 0.032 0.046 0.06 0.074 0.086
Generation: 3
agentsTest 0.700000 0.100000 3 100 500 10 0 0 0 0 0.008 0.016 0.022 0.036 0.048 0.054 0.1
Generation: 4
agentsTest 0.700000 0.114000 4 100 500 10 0 0 0 0.002 0.012 0.024 0.036 0.06 0.084 0.098 0.114
Generation: 5
agentsTest 0.700000 0.126000 5 100 500 10 0 0 0 0.006 0.008 0.022 0.036 0.06 0.082 0.096 0.126
Generation: 6
agentsTest 0.700000 0.144000 6 100 500 10 0 0 0.002 0.002 0.012 0.03 0.056 0.084 0.096 0.122 0.144
Generation: 7
agentsTest 0.700000 0.182000 7 100 500 10 0 0 0.002 0.008 0.016 0.042 0.06 0.086 0.112 0.132 0.182
Generation: 8
agentsTest 0.700000 0.182000 8 100 500 10 0 0 0 0.002 0.014 0.03 0.052 0.07 0.106 0.142 0.182
Generation: 9
agentsTest 0.700000 0.182000 9 100 500 10 0 0 0 0.012 0.018 0.036 0.062 0.086 0.106 0.132 0.182
Generation: 10
agentsTest 0.700000 0.206000 10 100 500 10 0 0 0 0.016 0.032 0.054 0.084 0.12 0.164 0.198 0.206
Generation: 11
agentsTest 0.700000 0.206000 11 100 500 10 0 0 0 0 0.024 0.06 0.08 0.118 0.168 0.21 0.206
Generation: 12
agentsTest 0.700000 0.234000 12 100 500 10 0 0 0.002 0.016 0.044 0.082 0.13 0.172 0.204 0.234 0.234
Generation: 13
agentsTest 0.700000 0.238000 13 100 500 10 0 0 0.002 0.014 0.05 0.084 0.114 0.148 0.178 0.218 0.238
Generation: 14
agentsTest 0.700000 0.278000 14 100 500 10 0 0 0 0.012 0.038 0.07 0.116 0.154 0.202 0.244 0.278
Generation: 15
agentsTest 0.700000 0.308000 15 100 500 10 0 0 0 0.01 0.054 0.09 0.126 0.182 0.232 0.27 0.308
Generation: 16
agentsTest 0.700000 0.308000 16 100 500 10 0 0 0.002 0.012 0.04 0.082 0.116 0.188 0.228 0.29 0.308
Generation: 17
agentsTest 0.700000 0.344000 17 100 500 10 0 0 0 0.028 0.066 0.104 0.142 0.194 0.242 0.304 0.344
Generation: 18
agentsTest 0.700000 0.358000 18 100 500 10 0 0 0 0.016 0.052 0.106 0.146 0.216 0.276 0.346 0.358
Generation: 19
agentsTest 0.700000 0.366000 19 100 500 10 0 0 0.002 0.018 0.06 0.118 0.178 0.24 0.3 0.37 0.366
Generation: 20
agentsTest 0.700000 0.414000 20 100 500 10 0 0 0.002 0.014 0.04 0.098 0.154 0.212 0.286 0.344 0.414
Generation: 21
agentsTest 0.700000 0.426000 21 100 500 10 0 0 0.002 0.018 0.054 0.098 0.148 0.232 0.31 0.408 0.426
Generation: 22
agentsTest 0.700000 0.426000 22 100 500 10 0 0 0 0.018 0.058 0.134 0.194 0.252 0.314 0.394 0.426
Generation: 23
agentsTest 0.700000 0.482000 23 100 500 10 0 0 0.002 0.018 0.054 0.124 0.204 0.284 0.368 0.442 0.482
Generation: 24
agentsTest 0.700000 0.502000 24 100 500 10 0 0 0 0.02 0.056 0.134 0.204 0.29 0.388 0.49 0.502
Generation: 25
agentsTest 0.700000 0.532000 25 100 500 10 0 0 0.002 0.028 0.086 0.164 0.24 0.334 0.418 0.516 0.532
Generation: 26
agentsTest 0.700000 0.532000 26 100 500 10 0 0 0.004 0.034 0.07 0.158 0.214 0.31 0.402 0.49 0.532
Generation: 27
agentsTest 0.700000 0.536000 27 100 500 10 0 0 0.002 0.032 0.084 0.15 0.238 0.338 0.428 0.532 0.536
Generation: 28
agentsTest 0.700000 0.552000 28 100 500 10 0 0 0 0.018 0.064 0.146 0.224 0.32 0.388 0.484 0.552
Generation: 29
agentsTest 0.700000 0.568000 29 100 500 10 0 0 0.002 0.042 0.09 0.17 0.256 0.358 0.454 0.558 0.568
Generation: 30
agentsTest 0.700000 0.582000 30 100 500 10 0 0 0 0.018 0.074 0.156 0.268 0.378 0.472 0.564 0.582
Generation: 31
agentsTest 0.700000 0.624000 31 100 500 10 0 0 0.002 0.038 0.102 0.188 0.28 0.384 0.486 0.59 0.624
Generation: 32
agentsTest 0.700000 0.636000 32 100 500 10 0 0 0.002 0.024 0.08 0.17 0.252 0.348 0.444 0.546 0.636
Generation: 33
agentsTest 0.700000 0.636000 33 100 500 10 0 0 0.002 0.026 0.076 0.158 0.252 0.358 0.472 0.586 0.636
Generation: 34
agentsTest 0.700000 0.650000 34 100 500 10 0 0 0.002 0.032 0.102 0.192 0.282 0.394 0.506 0.614 0.65
Generation: 35
agentsTest 0.700000 0.662000 35 100 500 10 0 0 0.002 0.036 0.086 0.176 0.268 0.384 0.514 0.622 0.662
Generation: 36
agentsTest 0.700000 0.662000 36 100 500 10 0 0 0 0.02 0.082 0.17 0.274 0.402 0.534 0.66 0.662
Generation: 37
agentsTest 0.700000 0.700000 37 100 500 10 0 0 0.002 0.032 0.078 0.16 0.268 0.394 0.524 0.654 0.7
Generation: 38
agentsTest 0.700000 0.700000 38 100 500 10 0 0 0 0.03 0.092 0.174 0.28 0.418 0.542 0.664 0.7
Generation: 39
agentsTest 0.700000 0.706000 39 100 500 10 0 0 0.002 0.03 0.09 0.192 0.33 0.47 0.584 0.694 0.706
Generation: 40
agentsTest 0.700000 0.710000 40 100 500 10 0 0 0.002 0.024 0.082 0.168 0.286 0.414 0.54 0.658 0.71
Generation: 41
agentsTest 0.700000 0.712000 41 100 500 10 0 0 0.004 0.022 0.076 0.176 0.296 0.416 0.522 0.636 0.712
Generation: 42
agentsTest 0.700000 0.734000 42 100 500 10 0 0 0.002 0.026 0.086 0.176 0.294 0.426 0.55 0.668 0.734
Generation: 43
agentsTest 0.700000 0.750000 43 100 500 10 0 0 0.002 0.028 0.092 0.188 0.334 0.476 0.608 0.738 0.75
Generation: 44
agentsTest 0.700000 0.764000 44 100 500 10 0 0 0.002 0.022 0.084 0.178 0.308 0.48 0.648 0.76 0.764
Generation: 45
agentsTest 0.700000 0.770000 45 100 500 10 0 0 0 0.022 0.084 0.184 0.324 0.466 0.618 0.758 0.77
Generation: 46
agentsTest 0.700000 0.794000 46 100 500 10 0 0 0 0.032 0.096 0.206 0.342 0.474 0.632 0.754 0.794
Generation: 47
agentsTest 0.700000 0.816000 47 100 500 10 0 0 0.002 0.046 0.122 0.226 0.362 0.522 0.668 0.786 0.816
Generation: 48
agentsTest 0.700000 0.854000 48 100 500 10 0 0 0.002 0.04 0.116 0.242 0.396 0.546 0.726 0.832 0.854
Generation: 49
agentsTest 0.700000 0.884000 49 100 500 10 0 0 0.004 0.048 0.126 0.25 0.394 0.564 0.732 0.836 0.884
Generation: 50
agentsTest 0.700000 0.884000 50 100 500 10 0 0 0.002 0.054 0.144 0.248 0.402 0.554 0.72 0.832 0.884
Generation: 51
agentsTest 0.700000 0.884000 51 100 500 10 0 0 0.002 0.044 0.128 0.24 0.404 0.552 0.718 0.834 0.884
Generation: 52
agentsTest 0.700000 0.886000 52 100 500 10 0 0 0.002 0.042 0.12 0.238 0.398 0.566 0.744 0.862 0.886
Generation: 53
agentsTest 0.700000 0.898000 53 100 500 10 0 0 0.004 0.042 0.128 0.254 0.43 0.604 0.768 0.892 0.898
Generation: 54
agentsTest 0.700000 0.898000 54 100 500 10 0 0 0.002 0.042 0.138 0.28 0.454 0.618 0.77 0.878 0.898
Generation: 55
agentsTest 0.700000 0.908000 55 100 500 10 0 0 0.002 0.038 0.106 0.226 0.41 0.586 0.728 0.854 0.908
Generation: 56
agentsTest 0.700000 0.908000 56 100 500 10 0 0 0.002 0.036 0.106 0.22 0.406 0.564 0.736 0.86 0.908
Generation: 57
agentsTest 0.700000 0.910000 57 100 500 10 0 0 0.002 0.052 0.128 0.262 0.452 0.638 0.79 0.896 0.91
Generation: 58
agentsTest 0.700000 0.918000 58 100 500 10 0 0 0.002 0.052 0.142 0.274 0.444 0.616 0.81 0.918 0.918
Generation: 59
agentsTest 0.700000 0.918000 59 100 500 10 0 0 0.004 0.05 0.13 0.264 0.426 0.594 0.774 0.906 0.918
Generation: 60
agentsTest 0.700000 0.918000 60 100 500 10 0 0 0.002 0.048 0.128 0.252 0.434 0.622 0.784 0.908 0.918
Generation: 61
agentsTest 0.700000 0.932000 61 100 500 10 0 0 0.004 0.048 0.14 0.27 0.452 0.638 0.802 0.904 0.932
Generation: 62
agentsTest 0.700000 0.932000 62 100 500 10 0 0 0.002 0.042 0.138 0.264 0.46 0.642 0.8 0.912 0.932
Generation: 63
agentsTest 0.700000 0.958000 63 100 500 10 0 0 0.002 0.054 0.148 0.264 0.448 0.622 0.81 0.938 0.958
Generation: 64
agentsTest 0.700000 0.958000 64 100 500 10 0 0 0.002 0.044 0.124 0.264 0.444 0.614 0.806 0.92 0.958
Generation: 65
agentsTest 0.700000 0.958000 65 100 500 10 0 0 0.002 0.048 0.142 0.276 0.446 0.612 0.782 0.916 0.958
Generation: 66
agentsTest 0.700000 0.958000 66 100 500 10 0 0 0.002 0.046 0.138 0.272 0.452 0.622 0.82 0.93 0.958
Generation: 67
agentsTest 0.700000 0.958000 67 100 500 10 0 0 0.002 0.046 0.136 0.264 0.438 0.622 0.818 0.95 0.958
Generation: 68
agentsTest 0.700000 0.960000 68 100 500 10 0 0 0.002 0.048 0.148 0.298 0.488 0.652 0.828 0.934 0.96
Generation: 69
agentsTest 0.700000 0.960000 69 100 500 10 0 0 0.002 0.052 0.154 0.304 0.49 0.678 0.858 0.958 0.96
Generation: 70
agentsTest 0.700000 0.972000 70 100 500 10 0 0 0.004 0.056 0.164 0.334 0.544 0.724 0.892 0.98 0.972
Generation: 71
agentsTest 0.700000 0.972000 71 100 500 10 0 0 0.002 0.054 0.166 0.326 0.518 0.72 0.894 0.964 0.972
Generation: 72
agentsTest 0.700000 0.972000 72 100 500 10 0 0 0.002 0.064 0.174 0.332 0.534 0.724 0.884 0.964 0.972
Generation: 73
agentsTest 0.700000 0.982000 73 100 500 10 0 0 0.004 0.06 0.176 0.344 0.55 0.714 0.884 0.97 0.982
Generation: 74
agentsTest 0.700000 0.982000 74 100 500 10 0 0 0.002 0.06 0.182 0.356 0.55 0.744 0.91 0.982 0.982
Generation: 75
agentsTest 0.700000 0.982000 75 100 500 10 0 0 0.002 0.052 0.166 0.346 0.542 0.714 0.892 0.97 0.982
Generation: 76
agentsTest 0.700000 0.984000 76 100 500 10 0 0 0.004 0.064 0.196 0.368 0.562 0.736 0.89 0.97 0.984
Generation: 77
agentsTest 0.700000 0.984000 77 100 500 10 0 0 0.004 0.058 0.172 0.33 0.528 0.68 0.854 0.95 0.984
Generation: 78
agentsTest 0.700000 0.986000 78 100 500 10 0 0 0.002 0.058 0.162 0.326 0.516 0.696 0.9 0.966 0.986
Generation: 79
agentsTest 0.700000 0.986000 79 100 500 10 0 0 0.004 0.062 0.166 0.316 0.508 0.714 0.908 0.966 0.986
Generation: 80
agentsTest 0.700000 0.986000 80 100 500 10 0 0 0.004 0.058 0.162 0.32 0.518 0.708 0.9 0.964 0.986
Generation: 81
agentsTest 0.700000 0.986000 81 100 500 10 0 0 0.004 0.06 0.162 0.324 0.514 0.708 0.896 0.974 0.986
Generation: 82
agentsTest 0.700000 0.986000 82 100 500 10 0 0 0.002 0.06 0.16 0.326 0.516 0.702 0.872 0.954 0.986
Generation: 83
agentsTest 0.700000 0.990000 83 100 500 10 0 0 0.002 0.06 0.204 0.37 0.558 0.728 0.9 0.972 0.99
Generation: 84
agentsTest 0.700000 0.990000 84 100 500 10 0 0 0.002 0.058 0.202 0.372 0.542 0.72 0.89 0.97 0.99
Generation: 85
agentsTest 0.700000 0.992000 85 100 500 10 0 0 0.004 0.064 0.172 0.328 0.532 0.736 0.894 0.97 0.992
Generation: 86
agentsTest 0.700000 0.992000 86 100 500 10 0 0 0.004 0.064 0.174 0.344 0.536 0.74 0.9 0.982 0.992
Generation: 87
agentsTest 0.700000 0.992000 87 100 500 10 0 0 0.004 0.058 0.16 0.324 0.516 0.722 0.906 0.976 0.992
Generation: 88
agentsTest 0.700000 0.992000 88 100 500 10 0 0 0.004 0.058 0.16 0.308 0.498 0.704 0.896 0.976 0.992
Generation: 89
agentsTest 0.700000 0.992000 89 100 500 10 0 0 0.004 0.062 0.174 0.338 0.534 0.734 0.914 0.98 0.992
Generation: 90
agentsTest 0.700000 0.994000 90 100 500 10 0 0 0.004 0.062 0.166 0.322 0.514 0.718 0.92 0.982 0.994
Generation: 91
agentsTest 0.700000 0.996000 91 100 500 10 0 0 0.004 0.06 0.172 0.354 0.554 0.76 0.95 0.994 0.996
Generation: 92
agentsTest 0.700000 0.996000 92 100 500 10 0 0 0.004 0.06 0.18 0.346 0.54 0.756 0.926 0.986 0.996
Generation: 93
agentsTest 0.700000 0.996000 93 100 500 10 0 0 0.002 0.064 0.172 0.326 0.524 0.734 0.93 0.99 0.996
Generation: 94
agentsTest 0.700000 0.998000 94 100 500 10 0 0 0.004 0.062 0.178 0.344 0.534 0.742 0.94 0.99 0.998
Generation: 95
agentsTest 0.700000 0.998000 95 100 500 10 0 0 0.004 0.06 0.186 0.366 0.562 0.754 0.938 0.99 0.998
Generation: 96
agentsTest 0.700000 0.998000 96 100 500 10 0 0 0.004 0.06 0.174 0.356 0.56 0.756 0.922 0.988 0.998
Generation: 97
agentsTest 0.700000 0.998000 97 100 500 10 0 0 0.004 0.06 0.176 0.35 0.542 0.748 0.95 0.994 0.998
Generation: 98
agentsTest 0.700000 0.998000 98 100 500 10 0 0 0.002 0.06 0.174 0.362 0.562 0.77 0.948 0.996 0.998
Generation: 99
agentsTest 0.700000 0.998000 99 100 500 10 0 0 0.004 0.06 0.174 0.356 0.548 0.75 0.926 0.99 0.998
agentsTest 0.700000 0.998000 100 100 500 10 0 0 0.004 0.064 0.182 0.36 0.562 0.77 0.934 0.99 0.998
Generation: 0
agentsTest 0.700000 0.076000 0 100 500 10 0 0 0 0 0 0.004 0.012 0.016 0.028 0.044 0.076
Generation: 1
agentsTest 0.700000 0.076000 1 100 500 10 0 0 0 0 0.004 0.006 0.014 0.018 0.032 0.048 0.076
Generation: 2
agentsTest 0.700000 0.076000 2 100 500 10 0 0 0 0 0.004 0.008 0.014 0.024 0.034 0.05 0.076
Generation: 3
agentsTest 0.700000 0.076000 3 100 500 10 0 0 0 0.004 0.004 0.008 0.014 0.028 0.042 0.054 0.076
Generation: 4
agentsTest 0.700000 0.116000 4 100 500 10 0 0 0 0.004 0.01 0.02 0.028 0.042 0.06 0.082 0.116
Generation: 5
agentsTest 0.700000 0.116000 5 100 500 10 0 0 0 0.002 0.006 0.012 0.02 0.034 0.058 0.068 0.116
Generation: 6
agentsTest 0.700000 0.126000 6 100 500 10 0 0 0 0.002 0.006 0.014 0.024 0.042 0.066 0.088 0.126
Generation: 7
agentsTest 0.700000 0.150000 7 100 500 10 0 0 0 0.002 0.006 0.018 0.032 0.052 0.08 0.108 0.15
Generation: 8
agentsTest 0.700000 0.150000 8 100 500 10 0 0 0 0.002 0.018 0.03 0.044 0.066 0.09 0.104 0.15
Generation: 9
agentsTest 0.700000 0.160000 9 100 500 10 0 0 0 0.006 0.012 0.024 0.04 0.08 0.106 0.144 0.16
Generation: 10
agentsTest 0.700000 0.168000 10 100 500 10 0 0 0 0.002 0.012 0.032 0.062 0.094 0.128 0.168 0.168
Generation: 11
agentsTest 0.700000 0.178000 11 100 500 10 0 0 0 0.002 0.006 0.026 0.048 0.072 0.102 0.136 0.178
Generation: 12
agentsTest 0.700000 0.220000 12 100 500 10 0 0 0 0.004 0.024 0.058 0.104 0.144 0.18 0.23 0.22
Generation: 13
agentsTest 0.700000 0.268000 13 100 500 10 0 0 0 0.006 0.03 0.05 0.086 0.142 0.184 0.234 0.268
Generation: 14
agentsTest 0.700000 0.270000 14 100 500 10 0 0 0 0.004 0.03 0.058 0.1 0.142 0.202 0.258 0.27
Generation: 15
agentsTest 0.700000 0.290000 15 100 500 10 0 0 0.002 0.01 0.032 0.064 0.106 0.162 0.212 0.276 0.29
Generation: 16
agentsTest 0.700000 0.322000 16 100 500 10 0 0 0.002 0.006 0.028 0.068 0.122 0.188 0.25 0.318 0.322
Generation: 17
agentsTest 0.700000 0.342000 17 100 500 10 0 0 0 0.004 0.024 0.06 0.116 0.184 0.24 0.304 0.342
Generation: 18
agentsTest 0.700000 0.372000 18 100 500 10 0 0 0 0.006 0.036 0.086 0.122 0.164 0.236 0.294 0.372
Generation: 19
agentsTest 0.700000 0.404000 19 100 500 10 0 0 0 0.008 0.034 0.08 0.146 0.194 0.256 0.32 0.404
Generation: 20
agentsTest 0.700000 0.404000 20 100 500 10 0 0 0 0.006 0.04 0.084 0.142 0.212 0.274 0.366 0.404
Generation: 21
agentsTest 0.700000 0.410000 21 100 500 10 0 0 0 0.006 0.038 0.09 0.138 0.204 0.27 0.342 0.41
Generation: 22
agentsTest 0.700000 0.432000 22 100 500 10 0 0 0.002 0.016 0.062 0.122 0.206 0.306 0.386 0.434 0.432
Generation: 23
agentsTest 0.700000 0.448000 23 100 500 10 0 0 0.002 0.016 0.072 0.124 0.21 0.296 0.37 0.44 0.448
Generation: 24
agentsTest 0.700000 0.476000 24 100 500 10 0 0 0.004 0.016 0.062 0.118 0.204 0.29 0.38 0.464 0.476
Generation: 25
agentsTest 0.700000 0.476000 25 100 500 10 0 0 0.002 0.016 0.066 0.126 0.218 0.312 0.394 0.474 0.476
Generation: 26
agentsTest 0.700000 0.506000 26 100 500 10 0 0 0.002 0.024 0.08 0.144 0.23 0.32 0.4 0.496 0.506
Generation: 27
agentsTest 0.700000 0.534000 27 100 500 10 0 0 0.002 0.022 0.078 0.146 0.238 0.33 0.406 0.486 0.534
Generation: 28
agentsTest 0.700000 0.546000 28 100 500 10 0 0 0.002 0.02 0.056 0.126 0.246 0.352 0.464 0.554 0.546
Generation: 29
agentsTest 0.700000 0.570000 29 100 500 10 0 0 0.002 0.032 0.096 0.196 0.31 0.418 0.5 0.556 0.57
Generation: 30
agentsTest 0.700000 0.582000 30 100 500 10 0 0 0.002 0.02 0.074 0.16 0.28 0.38 0.45 0.528 0.582
Generation: 31
agentsTest 0.700000 0.614000 31 100 500 10 0 0 0.004 0.03 0.096 0.176 0.298 0.404 0.486 0.572 0.614
Generation: 32
agentsTest 0.700000 0.624000 32 100 500 10 0 0 0 0.02 0.084 0.172 0.3 0.402 0.49 0.566 0.624
Generation: 33
agentsTest 0.700000 0.634000 33 100 500 10 0 0 0.002 0.034 0.1 0.208 0.336 0.452 0.536 0.614 0.634
Generation: 34
agentsTest 0.700000 0.644000 34 100 500 10 0 0 0.002 0.044 0.112 0.208 0.344 0.458 0.554 0.618 0.644
Generation: 35
agentsTest 0.700000 0.652000 35 100 500 10 0 0 0.004 0.03 0.098 0.198 0.348 0.454 0.556 0.638 0.652
Generation: 36
agentsTest 0.700000 0.678000 36 100 500 10 0 0 0.002 0.016 0.08 0.2 0.376 0.478 0.564 0.642 0.678
Generation: 37
agentsTest 0.700000 0.678000 37 100 500 10 0 0 0.002 0.034 0.108 0.218 0.382 0.486 0.564 0.624 0.678
Generation: 38
agentsTest 0.700000 0.678000 38 100 500 10 0 0 0.002 0.032 0.098 0.204 0.382 0.496 0.584 0.636 0.678
Generation: 39
agentsTest 0.700000 0.740000 39 100 500 10 0 0 0.004 0.042 0.116 0.23 0.38 0.504 0.614 0.684 0.74
Generation: 40
agentsTest 0.700000 0.740000 40 100 500 10 0 0 0.002 0.034 0.096 0.196 0.372 0.504 0.602 0.674 0.74
Generation: 41
agentsTest 0.700000 0.740000 41 100 500 10 0 0 0.004 0.046 0.116 0.218 0.386 0.512 0.622 0.724 0.74
Generation: 42
agentsTest 0.700000 0.774000 42 100 500 10 0 0 0.002 0.048 0.12 0.222 0.388 0.532 0.664 0.784 0.774
Generation: 43
agentsTest 0.700000 0.774000 43 100 500 10 0 0 0.002 0.05 0.12 0.238 0.414 0.546 0.68 0.768 0.774
Generation: 44
agentsTest 0.700000 0.774000 44 100 500 10 0 0 0.002 0.052 0.118 0.228 0.376 0.502 0.632 0.742 0.774
Generation: 45
agentsTest 0.700000 0.774000 45 100 500 10 0 0 0.004 0.05 0.12 0.232 0.388 0.532 0.67 0.77 0.774
Generation: 46
agentsTest 0.700000 0.798000 46 100 500 10 0 0 0.002 0.044 0.114 0.24 0.412 0.556 0.69 0.79 0.798
Generation: 47
agentsTest 0.700000 0.806000 47 100 500 10 0 0 0.004 0.052 0.126 0.238 0.396 0.55 0.68 0.778 0.806
Generation: 48
agentsTest 0.700000 0.806000 48 100 500 10 0 0 0.002 0.054 0.126 0.246 0.412 0.542 0.664 0.764 0.806
Generation: 49
agentsTest 0.700000 0.816000 49 100 500 10 0 0 0.002 0.044 0.11 0.232 0.402 0.55 0.692 0.814 0.816
Generation: 50
agentsTest 0.700000 0.816000 50 100 500 10 0 0 0.002 0.04 0.114 0.238 0.416 0.554 0.684 0.79 0.816
Generation: 51
agentsTest 0.700000 0.816000 51 100 500 10 0 0 0.004 0.04 0.114 0.242 0.416 0.552 0.69 0.792 0.816
Generation: 52
agentsTest 0.700000 0.818000 52 100 500 10 0 0 0.002 0.052 0.122 0.238 0.416 0.564 0.7 0.814 0.818
Generation: 53
agentsTest 0.700000 0.840000 53 100 500 10 0 0 0.004 0.056 0.126 0.248 0.416 0.574 0.724 0.828 0.84
Generation: 54
agentsTest 0.700000 0.840000 54 100 500 10 0 0 0.004 0.058 0.132 0.27 0.438 0.602 0.72 0.808 0.84
Generation: 55
agentsTest 0.700000 0.856000 55 100 500 10 0 0 0.002 0.058 0.14 0.258 0.432 0.594 0.74 0.832 0.856
Generation: 56
agentsTest 0.700000 0.866000 56 100 500 10 0 0 0.004 0.06 0.138 0.26 0.44 0.604 0.756 0.866 0.866
Generation: 57
agentsTest 0.700000 0.874000 57 100 500 10 0 0 0.004 0.058 0.132 0.248 0.432 0.588 0.734 0.844 0.874
Generation: 58
agentsTest 0.700000 0.898000 58 100 500 10 0 0 0.004 0.064 0.148 0.274 0.456 0.634 0.774 0.884 0.898
Generation: 59
agentsTest 0.700000 0.898000 59 100 500 10 0 0 0.004 0.064 0.154 0.29 0.472 0.634 0.784 0.872 0.898
Generation: 60
agentsTest 0.700000 0.922000 60 100 500 10 0 0 0.004 0.064 0.15 0.28 0.462 0.65 0.792 0.898 0.922
Generation: 61
agentsTest 0.700000 0.922000 61 100 500 10 0 0 0.004 0.06 0.144 0.266 0.442 0.632 0.818 0.91 0.922
Generation: 62
agentsTest 0.700000 0.922000 62 100 500 10 0 0 0.004 0.062 0.158 0.298 0.474 0.674 0.828 0.922 0.922
Generation: 63
agentsTest 0.700000 0.928000 63 100 500 10 0 0 0.004 0.062 0.146 0.274 0.45 0.644 0.812 0.914 0.928
Generation: 64
agentsTest 0.700000 0.938000 64 100 500 10 0 0 0.004 0.064 0.16 0.286 0.466 0.648 0.798 0.916 0.938
Generation: 65
agentsTest 0.700000 0.938000 65 100 500 10 0 0 0.004 0.064 0.158 0.286 0.462 0.652 0.828 0.932 0.938
Generation: 66
agentsTest 0.700000 0.938000 66 100 500 10 0 0 0.004 0.062 0.154 0.282 0.458 0.652 0.818 0.922 0.938
Generation: 67
agentsTest 0.700000 0.948000 67 100 500 10 0 0 0.004 0.064 0.152 0.282 0.454 0.642 0.84 0.948 0.948
Generation: 68
agentsTest 0.700000 0.956000 68 100 500 10 0 0 0.004 0.064 0.164 0.306 0.492 0.686 0.866 0.946 0.956
Generation: 69
agentsTest 0.700000 0.956000 69 100 500 10 0 0 0.004 0.062 0.166 0.316 0.498 0.69 0.872 0.942 0.956
Generation: 70
agentsTest 0.700000 0.970000 70 100 500 10 0 0 0.004 0.064 0.182 0.33 0.512 0.704 0.876 0.958 0.97
Generation: 71
agentsTest 0.700000 0.970000 71 100 500 10 0 0 0.004 0.062 0.174 0.312 0.488 0.68 0.876 0.954 0.97
Generation: 72
agentsTest 0.700000 0.970000 72 100 500 10 0 0 0.004 0.064 0.17 0.306 0.482 0.674 0.854 0.938 0.97
Generation: 73
agentsTest 0.700000 0.970000 73 100 500 10 0 0 0.004 0.062 0.17 0.312 0.49 0.684 0.868 0.966 0.97
Generation: 74
agentsTest 0.700000 0.976000 74 100 500 10 0 0 0.004 0.062 0.152 0.29 0.47 0.666 0.866 0.978 0.976
Generation: 75
agentsTest 0.700000 0.980000 75 100 500 10 0 0 0.004 0.064 0.17 0.336 0.524 0.712 0.896 0.966 0.98
Generation: 76
agentsTest 0.700000 0.982000 76 100 500 10 0 0 0.004 0.062 0.156 0.292 0.474 0.666 0.862 0.98 0.982
Generation: 77
agentsTest 0.700000 0.994000 77 100 500 10 0 0 0.004 0.06 0.152 0.296 0.482 0.674 0.868 0.99 0.994
Generation: 78
agentsTest 0.700000 0.994000 78 100 500 10 0 0 0.004 0.062 0.158 0.294 0.472 0.66 0.858 0.98 0.994
Generation: 79
agentsTest 0.700000 0.994000 79 100 500 10 0 0 0.004 0.064 0.162 0.296 0.476 0.67 0.87 0.984 0.994
Generation: 80
agentsTest 0.700000 0.994000 80 100 500 10 0 0 0.004 0.064 0.154 0.29 0.468 0.658 0.856 0.994 0.994
Generation: 81
agentsTest 0.700000 0.996000 81 100 500 10 0 0 0.004 0.064 0.166 0.316 0.502 0.698 0.898 0.996 0.996
Generation: 82
agentsTest 0.700000 0.998000 82 100 500 10 0 0 0.004 0.064 0.182 0.332 0.52 0.718 0.914 0.994 0.998
Generation: 83
agentsTest 0.700000 0.998000 83 100 500 10 0 0 0.004 0.062 0.182 0.34 0.526 0.722 0.92 0.986 0.998
Generation: 84
agentsTest 0.700000 1.000000 84 100 500 10 0 0 0.004 0.062 0.17 0.338 0.52 0.71 0.906 0.99 1
agentsTest 0.700000 1.000000 85 100 500 10 0 0 0.002 0.062 0.178 0.35 0.534 0.728 0.926 0.992 1
Generation: 0
agentsTest 0.700000 0.064000 0 100 500 10 0 0 0 0.008 0.012 0.016 0.026 0.034 0.038 0.044 0.064
Generation: 1
agentsTest 0.700000 0.078000 1 100 500 10 0 0 0 0.002 0.01 0.016 0.02 0.026 0.04 0.05 0.078
Generation: 2
agentsTest 0.700000 0.084000 2 100 500 10 0 0 0 0 0.006 0.024 0.032 0.044 0.058 0.068 0.084
Generation: 3
agentsTest 0.700000 0.096000 3 100 500 10 0 0 0 0.004 0.006 0.016 0.028 0.046 0.064 0.076 0.096
Generation: 4
agentsTest 0.700000 0.102000 4 100 500 10 0 0 0 0.004 0.018 0.032 0.048 0.062 0.082 0.102 0.102
Generation: 5
agentsTest 0.700000 0.106000 5 100 500 10 0 0 0.002 0.002 0.004 0.012 0.024 0.036 0.052 0.068 0.106
Generation: 6
agentsTest 0.700000 0.138000 6 100 500 10 0 0 0 0.012 0.018 0.04 0.052 0.072 0.092 0.116 0.138
Generation: 7
agentsTest 0.700000 0.152000 7 100 500 10 0 0 0 0.024 0.034 0.056 0.076 0.102 0.13 0.148 0.152
Generation: 8
agentsTest 0.700000 0.188000 8 100 500 10 0 0 0.002 0.008 0.018 0.038 0.06 0.09 0.128 0.166 0.188
Generation: 9
agentsTest 0.700000 0.188000 9 100 500 10 0 0 0 0.008 0.016 0.036 0.066 0.11 0.132 0.16 0.188
Generation: 10
agentsTest 0.700000 0.230000 10 100 500 10 0 0 0.002 0.03 0.058 0.09 0.12 0.156 0.18 0.206 0.23
Generation: 11
agentsTest 0.700000 0.232000 11 100 500 10 0 0 0.002 0.02 0.036 0.076 0.112 0.14 0.174 0.208 0.232
Generation: 12
agentsTest 0.700000 0.248000 12 100 500 10 0 0 0 0.026 0.042 0.078 0.122 0.166 0.204 0.238 0.248
Generation: 13
agentsTest 0.700000 0.314000 13 100 500 10 0 0 0.002 0.024 0.046 0.09 0.126 0.172 0.228 0.288 0.314
Generation: 14
agentsTest 0.700000 0.314000 14 100 500 10 0 0 0 0.02 0.046 0.062 0.092 0.134 0.17 0.224 0.314
Generation: 15
agentsTest 0.700000 0.334000 15 100 500 10 0 0 0 0.018 0.04 0.092 0.126 0.174 0.238 0.304 0.334
Generation: 16
agentsTest 0.700000 0.372000 16 100 500 10 0 0 0 0.024 0.06 0.104 0.168 0.238 0.294 0.344 0.372
Generation: 17
agentsTest 0.700000 0.410000 17 100 500 10 0 0 0.004 0.042 0.076 0.122 0.176 0.24 0.306 0.36 0.41
Generation: 18
agentsTest 0.700000 0.410000 18 100 500 10 0 0 0.004 0.034 0.072 0.12 0.168 0.216 0.272 0.348 0.41
Generation: 19
agentsTest 0.700000 0.414000 19 100 500 10 0 0 0.004 0.03 0.056 0.11 0.158 0.226 0.292 0.378 0.414
Generation: 20
agentsTest 0.700000 0.460000 20 100 500 10 0 0 0.002 0.04 0.088 0.154 0.21 0.26 0.326 0.388 0.46
Generation: 21
agentsTest 0.700000 0.480000 21 100 500 10 0 0 0.002 0.036 0.092 0.156 0.232 0.31 0.37 0.422 0.48
Generation: 22
agentsTest 0.700000 0.530000 22 100 500 10 0 0 0.002 0.052 0.108 0.182 0.268 0.35 0.426 0.492 0.53
Generation: 23
agentsTest 0.700000 0.530000 23 100 500 10 0 0 0.004 0.052 0.106 0.19 0.27 0.342 0.41 0.478 0.53
Generation: 24
agentsTest 0.700000 0.530000 24 100 500 10 0 0 0.002 0.046 0.106 0.176 0.262 0.352 0.424 0.508 0.53
Generation: 25
agentsTest 0.700000 0.568000 25 100 500 10 0 0 0 0.05 0.112 0.192 0.29 0.394 0.478 0.55 0.568
Generation: 26
agentsTest 0.700000 0.576000 26 100 500 10 0 0 0.002 0.054 0.116 0.186 0.264 0.36 0.43 0.516 0.576
Generation: 27
agentsTest 0.700000 0.604000 27 100 500 10 0 0 0.004 0.06 0.164 0.258 0.342 0.412 0.484 0.556 0.604
Generation: 28
agentsTest 0.700000 0.636000 28 100 500 10 0 0 0.004 0.06 0.15 0.248 0.356 0.464 0.55 0.628 0.636
Generation: 29
agentsTest 0.700000 0.636000 29 100 500 10 0 0 0.002 0.054 0.162 0.26 0.374 0.47 0.56 0.638 0.636
Generation: 30
agentsTest 0.700000 0.672000 30 100 500 10 0 0 0.004 0.056 0.146 0.256 0.36 0.468 0.554 0.632 0.672
Generation: 31
agentsTest 0.700000 0.688000 31 100 500 10 0 0 0.004 0.056 0.134 0.222 0.322 0.44 0.546 0.642 0.688
Generation: 32
agentsTest 0.700000 0.730000 32 100 500 10 0 0 0.004 0.054 0.156 0.274 0.388 0.51 0.626 0.718 0.73
Generation: 33
agentsTest 0.700000 0.756000 33 100 500 10 0 0 0.004 0.06 0.142 0.264 0.398 0.544 0.652 0.728 0.756
Generation: 34
agentsTest 0.700000 0.756000 34 100 500 10 0 0 0.004 0.05 0.152 0.268 0.398 0.536 0.66 0.758 0.756
Generation: 35
agentsTest 0.700000 0.756000 35 100 500 10 0 0 0.004 0.05 0.15 0.264 0.39 0.53 0.626 0.718 0.756
Generation: 36
agentsTest 0.700000 0.774000 36 100 500 10 0 0 0.004 0.056 0.146 0.252 0.356 0.48 0.606 0.712 0.774
Generation: 37
agentsTest 0.700000 0.774000 37 100 500 10 0 0 0.002 0.06 0.148 0.25 0.354 0.462 0.57 0.686 0.774
Generation: 38
agentsTest 0.700000 0.800000 38 100 500 10 0 0 0.002 0.06 0.162 0.27 0.406 0.552 0.682 0.798 0.8
Generation: 39
agentsTest 0.700000 0.818000 39 100 500 10 0 0 0.004 0.054 0.146 0.27 0.394 0.54 0.678 0.784 0.818
Generation: 40
agentsTest 0.700000 0.818000 40 100 500 10 0 0 0.004 0.054 0.154 0.282 0.404 0.554 0.706 0.832 0.818
Generation: 41
agentsTest 0.700000 0.830000 41 100 500 10 0 0 0.004 0.06 0.176 0.302 0.434 0.59 0.726 0.824 0.83
Generation: 42
agentsTest 0.700000 0.830000 42 100 500 10 0 0 0.004 0.06 0.18 0.302 0.408 0.54 0.656 0.782 0.83
Generation: 43
agentsTest 0.700000 0.834000 43 100 500 10 0 0 0.004 0.064 0.178 0.286 0.394 0.538 0.678 0.786 0.834
Generation: 44
agentsTest 0.700000 0.848000 44 100 500 10 0 0 0.004 0.066 0.184 0.316 0.45 0.62 0.746 0.842 0.848
Generation: 45
agentsTest 0.700000 0.854000 45 100 500 10 0 0 0.004 0.06 0.172 0.306 0.442 0.584 0.702 0.81 0.854
Generation: 46
agentsTest 0.700000 0.860000 46 100 500 10 0 0 0.004 0.064 0.21 0.36 0.494 0.644 0.768 0.858 0.86
Generation: 47
agentsTest 0.700000 0.862000 47 100 500 10 0 0 0.004 0.062 0.204 0.338 0.47 0.62 0.764 0.86 0.862
Generation: 48
agentsTest 0.700000 0.872000 48 100 500 10 0 0 0.004 0.068 0.196 0.336 0.502 0.65 0.784 0.87 0.872
Generation: 49
agentsTest 0.700000 0.906000 49 100 500 10 0 0 0.004 0.06 0.194 0.362 0.522 0.67 0.79 0.882 0.906
Generation: 50
agentsTest 0.700000 0.906000 50 100 500 10 0 0 0.004 0.06 0.19 0.362 0.512 0.666 0.792 0.884 0.906
Generation: 51
agentsTest 0.700000 0.906000 51 100 500 10 0 0 0.004 0.064 0.188 0.354 0.498 0.658 0.792 0.882 0.906
Generation: 52
agentsTest 0.700000 0.906000 52 100 500 10 0 0 0.002 0.06 0.214 0.398 0.554 0.688 0.798 0.872 0.906
Generation: 53
agentsTest 0.700000 0.906000 53 100 500 10 0 0 0.004 0.062 0.198 0.366 0.544 0.67 0.792 0.882 0.906
Generation: 54
agentsTest 0.700000 0.928000 54 100 500 10 0 0 0.004 0.064 0.21 0.358 0.518 0.68 0.806 0.906 0.928
Generation: 55
agentsTest 0.700000 0.930000 55 100 500 10 0 0 0.004 0.06 0.178 0.35 0.498 0.662 0.83 0.922 0.93
Generation: 56
agentsTest 0.700000 0.936000 56 100 500 10 0 0 0.004 0.06 0.178 0.328 0.51 0.68 0.82 0.908 0.936
Generation: 57
agentsTest 0.700000 0.938000 57 100 500 10 0 0 0.004 0.064 0.186 0.332 0.486 0.68 0.83 0.92 0.938
Generation: 58
agentsTest 0.700000 0.950000 58 100 500 10 0 0 0.004 0.066 0.196 0.336 0.504 0.684 0.832 0.912 0.95
Generation: 59
agentsTest 0.700000 0.950000 59 100 500 10 0 0 0.004 0.062 0.18 0.352 0.514 0.682 0.828 0.934 0.95
Generation: 60
agentsTest 0.700000 0.950000 60 100 500 10 0 0 0.004 0.06 0.198 0.362 0.518 0.704 0.858 0.926 0.95
Generation: 61
agentsTest 0.700000 0.956000 61 100 500 10 0 0 0.004 0.066 0.196 0.39 0.566 0.716 0.872 0.93 0.956
Generation: 62
agentsTest 0.700000 0.962000 62 100 500 10 0 0 0.004 0.07 0.192 0.358 0.554 0.72 0.868 0.94 0.962
Generation: 63
agentsTest 0.700000 0.962000 63 100 500 10 0 0 0.004 0.064 0.192 0.372 0.524 0.692 0.848 0.928 0.962
Generation: 64
agentsTest 0.700000 0.962000 64 100 500 10 0 0 0.004 0.066 0.19 0.378 0.524 0.704 0.866 0.946 0.962
Generation: 65
agentsTest 0.700000 0.976000 65 100 500 10 0 0 0.004 0.066 0.218 0.404 0.562 0.736 0.892 0.96 0.976
Generation: 66
agentsTest 0.700000 0.976000 66 100 500 10 0 0 0.004 0.064 0.228 0.42 0.566 0.72 0.884 0.972 0.976
Generation: 67
agentsTest 0.700000 0.976000 67 100 500 10 0 0 0.004 0.066 0.216 0.406 0.572 0.744 0.896 0.964 0.976
Generation: 68
agentsTest 0.700000 0.978000 68 100 500 10 0 0 0.004 0.068 0.214 0.368 0.532 0.706 0.882 0.966 0.978
Generation: 69
agentsTest 0.700000 0.980000 69 100 500 10 0 0 0.004 0.07 0.216 0.41 0.574 0.74 0.888 0.964 0.98
Generation: 70
agentsTest 0.700000 0.980000 70 100 500 10 0 0 0.004 0.064 0.212 0.408 0.568 0.74 0.89 0.96 0.98
Generation: 71
agentsTest 0.700000 0.980000 71 100 500 10 0 0 0.004 0.068 0.222 0.418 0.566 0.73 0.888 0.968 0.98
Generation: 72
agentsTest 0.700000 0.984000 72 100 500 10 0 0 0.004 0.064 0.212 0.396 0.556 0.722 0.878 0.96 0.984
Generation: 73
agentsTest 0.700000 0.984000 73 100 500 10 0 0 0.004 0.064 0.198 0.384 0.546 0.728 0.902 0.966 0.984
Generation: 74
agentsTest 0.700000 0.984000 74 100 500 10 0 0 0.004 0.068 0.206 0.398 0.572 0.722 0.89 0.964 0.984
Generation: 75
agentsTest 0.700000 0.984000 75 100 500 10 0 0 0.004 0.064 0.222 0.408 0.576 0.734 0.886 0.958 0.984
Generation: 76
agentsTest 0.700000 0.988000 76 100 500 10 0 0 0.004 0.068 0.218 0.384 0.564 0.736 0.91 0.974 0.988
Generation: 77
agentsTest 0.700000 0.988000 77 100 500 10 0 0 0.004 0.068 0.222 0.406 0.572 0.752 0.912 0.982 0.988
Generation: 78
agentsTest 0.700000 0.988000 78 100 500 10 0 0 0.004 0.068 0.216 0.392 0.562 0.754 0.918 0.972 0.988
Generation: 79
agentsTest 0.700000 0.988000 79 100 500 10 0 0 0.004 0.068 0.216 0.388 0.57 0.758 0.918 0.978 0.988
Generation: 80
agentsTest 0.700000 0.990000 80 100 500 10 0 0 0.004 0.064 0.208 0.386 0.554 0.738 0.918 0.99 0.99
Generation: 81
agentsTest 0.700000 0.994000 81 100 500 10 0 0 0.004 0.068 0.202 0.394 0.578 0.764 0.944 0.99 0.994
Generation: 82
agentsTest 0.700000 0.994000 82 100 500 10 0 0 0.004 0.068 0.204 0.408 0.58 0.76 0.932 0.99 0.994
Generation: 83
agentsTest 0.700000 0.996000 83 100 500 10 0 0 0.004 0.066 0.202 0.398 0.57 0.744 0.924 0.994 0.996
Generation: 84
agentsTest 0.700000 0.996000 84 100 500 10 0 0 0.004 0.066 0.21 0.406 0.566 0.748 0.932 0.99 0.996
Generation: 85
agentsTest 0.700000 1.000000 85 100 500 10 0 0 0.004 0.066 0.204 0.396 0.574 0.742 0.922 0.992 1
agentsTest 0.700000 1.000000 86 100 500 10 0 0 0.004 0.066 0.2 0.396 0.6 0.75 0.91 0.978 1
Generation: 0
agentsTest 0.700000 0.092000 0 100 500 10 0 0 0.002 0.004 0.014 0.026 0.04 0.06 0.076 0.104 0.092
Generation: 1
agentsTest 0.700000 0.108000 1 100 500 10 0 0 0 0 0.008 0.028 0.036 0.056 0.066 0.078 0.108
Generation: 2
agentsTest 0.700000 0.124000 2 100 500 10 0 0 0.004 0.006 0.012 0.044 0.064 0.078 0.1 0.124 0.124
Generation: 3
agentsTest 0.700000 0.130000 3 100 500 10 0 0 0 0.006 0.016 0.034 0.054 0.066 0.082 0.112 0.13
Generation: 4
agentsTest 0.700000 0.138000 4 100 500 10 0 0 0 0.004 0.018 0.042 0.064 0.098 0.12 0.142 0.138
Generation: 5
agentsTest 0.700000 0.166000 5 100 500 10 0 0 0 0.014 0.026 0.04 0.07 0.104 0.14 0.178 0.166
Generation: 6
agentsTest 0.700000 0.168000 6 100 500 10 0 0 0 0.004 0.014 0.024 0.044 0.064 0.088 0.122 0.168
Generation: 7
agentsTest 0.700000 0.192000 7 100 500 10 0 0 0 0.012 0.028 0.056 0.074 0.102 0.134 0.162 0.192
Generation: 8
agentsTest 0.700000 0.198000 8 100 500 10 0 0 0.004 0.012 0.034 0.064 0.096 0.114 0.144 0.192 0.198
Generation: 9
agentsTest 0.700000 0.220000 9 100 500 10 0 0 0 0.008 0.028 0.054 0.09 0.126 0.15 0.196 0.22
Generation: 10
agentsTest 0.700000 0.224000 10 100 500 10 0 0 0 0.004 0.026 0.074 0.118 0.158 0.194 0.234 0.224
Generation: 11
agentsTest 0.700000 0.238000 11 100 500 10 0 0 0 0.008 0.018 0.062 0.094 0.136 0.18 0.226 0.238
Generation: 12
agentsTest 0.700000 0.274000 12 100 500 10 0 0 0.002 0.004 0.038 0.074 0.112 0.16 0.206 0.262 0.274
Generation: 13
agentsTest 0.700000 0.296000 13 100 500 10 0 0 0.002 0.012 0.044 0.098 0.144 0.196 0.234 0.284 0.296
Generation: 14
agentsTest 0.700000 0.328000 14 100 500 10 0 0 0.002 0.006 0.044 0.096 0.15 0.194 0.24 0.278 0.328
Generation: 15
agentsTest 0.700000 0.328000 15 100 500 10 0 0 0.002 0.018 0.052 0.092 0.126 0.176 0.218 0.26 0.328
Generation: 16
agentsTest 0.700000 0.332000 16 100 500 10 0 0 0.002 0.016 0.04 0.09 0.128 0.19 0.226 0.27 0.332
Generation: 17
agentsTest 0.700000 0.344000 17 100 500 10 0 0 0.002 0.03 0.076 0.138 0.196 0.248 0.288 0.324 0.344
Generation: 18
agentsTest 0.700000 0.380000 18 100 500 10 0 0 0.004 0.026 0.07 0.132 0.186 0.254 0.312 0.376 0.38
Generation: 19
agentsTest 0.700000 0.388000 19 100 500 10 0 0 0.002 0.028 0.074 0.134 0.202 0.272 0.318 0.36 0.388
Generation: 20
agentsTest 0.700000 0.412000 20 100 500 10 0 0 0.002 0.034 0.078 0.14 0.212 0.292 0.348 0.398 0.412
Generation: 21
agentsTest 0.700000 0.438000 21 100 500 10 0 0 0.004 0.024 0.082 0.136 0.22 0.306 0.376 0.422 0.438
Generation: 22
agentsTest 0.700000 0.464000 22 100 500 10 0 0 0 0.032 0.082 0.158 0.232 0.3 0.356 0.418 0.464
Generation: 23
agentsTest 0.700000 0.464000 23 100 500 10 0 0 0.002 0.018 0.068 0.148 0.23 0.312 0.36 0.408 0.464
Generation: 24
agentsTest 0.700000 0.466000 24 100 500 10 0 0 0.004 0.046 0.11 0.188 0.242 0.314 0.392 0.468 0.466
Generation: 25
agentsTest 0.700000 0.506000 25 100 500 10 0 0 0.004 0.048 0.088 0.158 0.232 0.308 0.382 0.468 0.506
Generation: 26
agentsTest 0.700000 0.518000 26 100 500 10 0 0 0.002 0.032 0.094 0.17 0.252 0.338 0.42 0.504 0.518
Generation: 27
agentsTest 0.700000 0.518000 27 100 500 10 0 0 0.002 0.036 0.1 0.17 0.236 0.326 0.4 0.462 0.518
Generation: 28
agentsTest 0.700000 0.538000 28 100 500 10 0 0 0.002 0.026 0.102 0.19 0.28 0.382 0.466 0.53 0.538
Generation: 29
agentsTest 0.700000 0.600000 29 100 500 10 0 0 0.004 0.04 0.14 0.236 0.306 0.396 0.48 0.582 0.6
Generation: 30
agentsTest 0.700000 0.600000 30 100 500 10 0 0 0.004 0.028 0.094 0.182 0.282 0.396 0.49 0.566 0.6
Generation: 31
agentsTest 0.700000 0.638000 31 100 500 10 0 0 0.002 0.048 0.136 0.234 0.336 0.448 0.528 0.594 0.638
Generation: 32
agentsTest 0.700000 0.638000 32 100 500 10 0 0 0.004 0.06 0.132 0.23 0.33 0.446 0.524 0.59 0.638
Generation: 33
agentsTest 0.700000 0.654000 33 100 500 10 0 0 0.004 0.05 0.128 0.202 0.308 0.422 0.506 0.582 0.654
Generation: 34
agentsTest 0.700000 0.670000 34 100 500 10 0 0 0 0.028 0.108 0.214 0.328 0.468 0.574 0.652 0.67
Generation: 35
agentsTest 0.700000 0.692000 35 100 500 10 0 0 0.002 0.05 0.144 0.24 0.37 0.512 0.612 0.688 0.692
Generation: 36
agentsTest 0.700000 0.692000 36 100 500 10 0 0 0.002 0.056 0.128 0.214 0.324 0.456 0.562 0.648 0.692
Generation: 37
agentsTest 0.700000 0.698000 37 100 500 10 0 0 0.004 0.058 0.144 0.246 0.364 0.494 0.606 0.678 0.698
Generation: 38
agentsTest 0.700000 0.706000 38 100 500 10 0 0 0.002 0.052 0.14 0.238 0.346 0.456 0.574 0.674 0.706
Generation: 39
agentsTest 0.700000 0.742000 39 100 500 10 0 0 0.004 0.06 0.156 0.272 0.394 0.526 0.63 0.704 0.742
Generation: 40
agentsTest 0.700000 0.798000 40 100 500 10 0 0 0.004 0.04 0.128 0.232 0.362 0.508 0.646 0.776 0.798
Generation: 41
agentsTest 0.700000 0.798000 41 100 500 10 0 0 0.004 0.048 0.136 0.246 0.366 0.51 0.646 0.77 0.798
Generation: 42
agentsTest 0.700000 0.798000 42 100 500 10 0 0 0.004 0.06 0.138 0.242 0.372 0.516 0.638 0.75 0.798
Generation: 43
agentsTest 0.700000 0.798000 43 100 500 10 0 0 0.004 0.064 0.166 0.262 0.368 0.508 0.658 0.756 0.798
Generation: 44
agentsTest 0.700000 0.810000 44 100 500 10 0 0 0.002 0.052 0.138 0.244 0.356 0.52 0.674 0.806 0.81
Generation: 45
agentsTest 0.700000 0.826000 45 100 500 10 0 0 0.004 0.062 0.164 0.298 0.444 0.574 0.676 0.766 0.826
Generation: 46
agentsTest 0.700000 0.830000 46 100 500 10 0 0 0.002 0.05 0.13 0.238 0.372 0.518 0.68 0.8 0.83
Generation: 47
agentsTest 0.700000 0.842000 47 100 500 10 0 0 0.004 0.03 0.11 0.218 0.372 0.54 0.7 0.814 0.842
Generation: 48
agentsTest 0.700000 0.852000 48 100 500 10 0 0 0.004 0.05 0.14 0.258 0.392 0.542 0.68 0.79 0.852
Generation: 49
agentsTest 0.700000 0.882000 49 100 500 10 0 0 0.004 0.064 0.184 0.344 0.512 0.648 0.746 0.82 0.882
Generation: 50
agentsTest 0.700000 0.882000 50 100 500 10 0 0 0.004 0.062 0.172 0.338 0.498 0.65 0.758 0.834 0.882
Generation: 51
agentsTest 0.700000 0.888000 51 100 500 10 0 0 0.002 0.066 0.188 0.342 0.51 0.68 0.826 0.912 0.888
Generation: 52
agentsTest 0.700000 0.918000 52 100 500 10 0 0 0.004 0.064 0.182 0.338 0.496 0.652 0.796 0.884 0.918
Generation: 53
agentsTest 0.700000 0.920000 53 100 500 10 0 0 0.004 0.062 0.184 0.338 0.502 0.662 0.806 0.9 0.92
Generation: 54
agentsTest 0.700000 0.920000 54 100 500 10 0 0 0.002 0.06 0.172 0.328 0.5 0.652 0.772 0.878 0.92
Generation: 55
agentsTest 0.700000 0.936000 55 100 500 10 0 0 0.004 0.058 0.172 0.33 0.482 0.654 0.81 0.912 0.936
Generation: 56
agentsTest 0.700000 0.940000 56 100 500 10 0 0 0.004 0.052 0.156 0.304 0.474 0.652 0.82 0.916 0.94
Generation: 57
agentsTest 0.700000 0.942000 57 100 500 10 0 0 0.004 0.064 0.182 0.34 0.516 0.678 0.838 0.93 0.942
Generation: 58
agentsTest 0.700000 0.952000 58 100 500 10 0 0 0.004 0.066 0.194 0.352 0.532 0.714 0.872 0.954 0.952
Generation: 59
agentsTest 0.700000 0.968000 59 100 500 10 0 0 0.004 0.064 0.196 0.346 0.512 0.696 0.87 0.958 0.968
Generation: 60
agentsTest 0.700000 0.978000 60 100 500 10 0 0 0.004 0.064 0.2 0.358 0.536 0.728 0.9 0.966 0.978
Generation: 61
agentsTest 0.700000 0.978000 61 100 500 10 0 0 0.004 0.068 0.188 0.328 0.502 0.684 0.85 0.94 0.978
Generation: 62
agentsTest 0.700000 0.978000 62 100 500 10 0 0 0.004 0.062 0.182 0.326 0.5 0.68 0.864 0.964 0.978
Generation: 63
agentsTest 0.700000 0.978000 63 100 500 10 0 0 0.004 0.062 0.188 0.35 0.52 0.68 0.85 0.938 0.978
Generation: 64
agentsTest 0.700000 0.978000 64 100 500 10 0 0 0.004 0.068 0.19 0.34 0.522 0.716 0.884 0.958 0.978
Generation: 65
agentsTest 0.700000 0.986000 65 100 500 10 0 0 0.004 0.062 0.182 0.346 0.524 0.72 0.894 0.972 0.986
Generation: 66
agentsTest 0.700000 0.986000 66 100 500 10 0 0 0.004 0.066 0.184 0.33 0.524 0.722 0.886 0.974 0.986
Generation: 67
agentsTest 0.700000 0.990000 67 100 500 10 0 0 0.004 0.066 0.174 0.334 0.546 0.744 0.91 0.98 0.99
Generation: 68
agentsTest 0.700000 0.990000 68 100 500 10 0 0 0.004 0.068 0.182 0.342 0.554 0.748 0.928 0.984 0.99
Generation: 69
agentsTest 0.700000 0.990000 69 100 500 10 0 0 0.004 0.07 0.18 0.336 0.53 0.726 0.904 0.978 0.99
Generation: 70
agentsTest 0.700000 0.990000 70 100 500 10 0 0 0.004 0.066 0.196 0.352 0.538 0.74 0.92 0.982 0.99
Generation: 71
agentsTest 0.700000 0.990000 71 100 500 10 0 0 0.004 0.066 0.192 0.356 0.56 0.734 0.906 0.978 0.99
Generation: 72
agentsTest 0.700000 0.990000 72 100 500 10 0 0 0.004 0.066 0.188 0.368 0.572 0.762 0.926 0.97 0.99
Generation: 73
agentsTest 0.700000 0.990000 73 100 500 10 0 0 0.004 0.07 0.178 0.336 0.536 0.728 0.908 0.984 0.99
Generation: 74
agentsTest 0.700000 0.996000 74 100 500 10 0 0 0.004 0.066 0.2 0.36 0.544 0.736 0.91 0.982 0.996
Generation: 75
agentsTest 0.700000 0.996000 75 100 500 10 0 0 0.004 0.07 0.198 0.364 0.57 0.758 0.928 0.988 0.996
Generation: 76
agentsTest 0.700000 0.996000 76 100 500 10 0 0 0.004 0.07 0.194 0.358 0.544 0.74 0.918 0.978 0.996
Generation: 77
agentsTest 0.700000 0.996000 77 100 500 10 0 0 0.004 0.066 0.2 0.37 0.574 0.77 0.95 0.992 0.996
Generation: 78
agentsTest 0.700000 0.996000 78 100 500 10 0 0 0.004 0.068 0.202 0.366 0.556 0.738 0.918 0.98 0.996
Generation: 79
agentsTest 0.700000 1.000000 79 100 500 10 0 0 0.004 0.07 0.218 0.406 0.592 0.776 0.958 0.996 1
agentsTest 0.700000 1.000000 80 100 500 10 0 0 0.004 0.07 0.234 0.434 0.62 0.796 0.962 1 1
Generation: 0
agentsTest 0.700000 0.070000 0 100 500 10 0 0 0 0.002 0.004 0.012 0.02 0.024 0.03 0.036 0.07
Generation: 1
agentsTest 0.700000 0.074000 1 100 500 10 0 0 0 0 0 0.006 0.014 0.026 0.03 0.038 0.074
Generation: 2
agentsTest 0.700000 0.094000 2 100 500 10 0 0 0 0 0.006 0.016 0.03 0.038 0.05 0.06 0.094
Generation: 3
agentsTest 0.700000 0.102000 3 100 500 10 0 0 0 0.002 0.006 0.016 0.036 0.052 0.066 0.084 0.102
Generation: 4
agentsTest 0.700000 0.128000 4 100 500 10 0 0 0.002 0.008 0.016 0.022 0.044 0.06 0.082 0.096 0.128
Generation: 5
agentsTest 0.700000 0.128000 5 100 500 10 0 0 0 0.006 0.014 0.028 0.046 0.058 0.07 0.094 0.128
Generation: 6
agentsTest 0.700000 0.148000 6 100 500 10 0 0 0 0.002 0.014 0.034 0.044 0.068 0.094 0.118 0.148
Generation: 7
agentsTest 0.700000 0.180000 7 100 500 10 0 0 0 0.008 0.02 0.032 0.062 0.09 0.128 0.158 0.18
Generation: 8
agentsTest 0.700000 0.180000 8 100 500 10 0 0 0.002 0.008 0.018 0.032 0.05 0.084 0.114 0.142 0.18
Generation: 9
agentsTest 0.700000 0.180000 9 100 500 10 0 0 0.002 0.004 0.016 0.032 0.062 0.09 0.128 0.162 0.18
Generation: 10
agentsTest 0.700000 0.208000 10 100 500 10 0 0 0.002 0.024 0.034 0.054 0.086 0.112 0.138 0.182 0.208
Generation: 11
agentsTest 0.700000 0.244000 11 100 500 10 0 0 0.002 0.016 0.03 0.062 0.102 0.134 0.172 0.21 0.244
Generation: 12
agentsTest 0.700000 0.262000 12 100 500 10 0 0 0.002 0.028 0.042 0.094 0.14 0.188 0.246 0.282 0.262
Generation: 13
agentsTest 0.700000 0.262000 13 100 500 10 0 0 0 0.016 0.032 0.064 0.104 0.148 0.196 0.252 0.262
Generation: 14
agentsTest 0.700000 0.272000 14 100 500 10 0 0 0 0.014 0.03 0.066 0.104 0.138 0.178 0.228 0.272
Generation: 15
agentsTest 0.700000 0.302000 15 100 500 10 0 0 0 0.016 0.03 0.062 0.102 0.166 0.224 0.27 0.302
Generation: 16
agentsTest 0.700000 0.302000 16 100 500 10 0 0 0 0.02 0.04 0.078 0.128 0.172 0.23 0.284 0.302
Generation: 17
agentsTest 0.700000 0.326000 17 100 500 10 0 0 0 0.022 0.044 0.082 0.132 0.186 0.256 0.312 0.326
Generation: 18
agentsTest 0.700000 0.342000 18 100 500 10 0 0 0.004 0.04 0.062 0.114 0.154 0.194 0.234 0.294 0.342
Generation: 19
agentsTest 0.700000 0.378000 19 100 500 10 0 0 0.002 0.024 0.046 0.106 0.158 0.224 0.296 0.366 0.378
Generation: 20
agentsTest 0.700000 0.380000 20 100 500 10 0 0 0.002 0.032 0.062 0.098 0.144 0.196 0.256 0.332 0.38
Generation: 21
agentsTest 0.700000 0.400000 21 100 500 10 0 0 0 0.03 0.054 0.11 0.16 0.226 0.304 0.4 0.4
Generation: 22
agentsTest 0.700000 0.422000 22 100 500 10 0 0 0.002 0.042 0.076 0.128 0.188 0.262 0.332 0.41 0.422
Generation: 23
agentsTest 0.700000 0.428000 23 100 500 10 0 0 0.002 0.034 0.056 0.1 0.162 0.236 0.308 0.374 0.428
Generation: 24
agentsTest 0.700000 0.468000 24 100 500 10 0 0 0.002 0.034 0.058 0.116 0.204 0.28 0.364 0.456 0.468
Generation: 25
agentsTest 0.700000 0.508000 25 100 500 10 0 0 0.002 0.04 0.062 0.13 0.204 0.294 0.37 0.448 0.508
Generation: 26
agentsTest 0.700000 0.510000 26 100 500 10 0 0 0.002 0.048 0.088 0.148 0.23 0.316 0.406 0.502 0.51
Generation: 27
agentsTest 0.700000 0.514000 27 100 500 10 0 0 0.002 0.044 0.072 0.138 0.208 0.302 0.402 0.492 0.514
Generation: 28
agentsTest 0.700000 0.564000 28 100 500 10 0 0 0.002 0.048 0.088 0.152 0.234 0.34 0.442 0.536 0.564
Generation: 29
agentsTest 0.700000 0.606000 29 100 500 10 0 0 0.004 0.052 0.086 0.152 0.232 0.332 0.44 0.544 0.606
Generation: 30
agentsTest 0.700000 0.606000 30 100 500 10 0 0 0.002 0.05 0.116 0.202 0.284 0.372 0.462 0.564 0.606
Generation: 31
agentsTest 0.700000 0.658000 31 100 500 10 0 0 0.002 0.05 0.114 0.212 0.324 0.418 0.54 0.664 0.658
Generation: 32
agentsTest 0.700000 0.662000 32 100 500 10 0 0 0.004 0.054 0.118 0.212 0.312 0.42 0.544 0.64 0.662
Generation: 33
agentsTest 0.700000 0.710000 33 100 500 10 0 0 0.002 0.04 0.104 0.21 0.322 0.448 0.556 0.654 0.71
Generation: 34
agentsTest 0.700000 0.710000 34 100 500 10 0 0 0.002 0.036 0.098 0.188 0.31 0.436 0.546 0.652 0.71
Generation: 35
agentsTest 0.700000 0.710000 35 100 500 10 0 0 0.002 0.04 0.098 0.194 0.304 0.428 0.556 0.652 0.71
Generation: 36
agentsTest 0.700000 0.714000 36 100 500 10 0 0 0.002 0.034 0.082 0.184 0.302 0.436 0.56 0.672 0.714
Generation: 37
agentsTest 0.700000 0.742000 37 100 500 10 0 0 0.004 0.062 0.15 0.266 0.382 0.498 0.608 0.71 0.742
Generation: 38
agentsTest 0.700000 0.744000 38 100 500 10 0 0 0.004 0.05 0.122 0.234 0.36 0.51 0.63 0.72 0.744
Generation: 39
agentsTest 0.700000 0.778000 39 100 500 10 0 0 0.002 0.052 0.138 0.244 0.362 0.496 0.626 0.754 0.778
Generation: 40
agentsTest 0.700000 0.778000 40 100 500 10 0 0 0.004 0.058 0.128 0.236 0.362 0.494 0.64 0.766 0.778
Generation: 41
agentsTest 0.700000 0.778000 41 100 500 10 0 0 0.002 0.046 0.128 0.232 0.348 0.498 0.65 0.772 0.778
Generation: 42
agentsTest 0.700000 0.806000 42 100 500 10 0 0 0.004 0.06 0.16 0.308 0.43 0.56 0.678 0.78 0.806
Generation: 43
agentsTest 0.700000 0.824000 43 100 500 10 0 0 0.002 0.058 0.16 0.282 0.428 0.574 0.71 0.828 0.824
Generation: 44
agentsTest 0.700000 0.864000 44 100 500 10 0 0 0.002 0.062 0.188 0.322 0.45 0.586 0.724 0.842 0.864
Generation: 45
agentsTest 0.700000 0.864000 45 100 500 10 0 0 0.004 0.052 0.15 0.288 0.422 0.574 0.718 0.842 0.864
Generation: 46
agentsTest 0.700000 0.864000 46 100 500 10 0 0 0.004 0.06 0.184 0.3 0.438 0.58 0.724 0.844 0.864
Generation: 47
agentsTest 0.700000 0.870000 47 100 500 10 0 0 0.004 0.06 0.178 0.308 0.448 0.586 0.736 0.84 0.87
Generation: 48
agentsTest 0.700000 0.884000 48 100 500 10 0 0 0.004 0.06 0.164 0.296 0.434 0.584 0.744 0.846 0.884
Generation: 49
agentsTest 0.700000 0.884000 49 100 500 10 0 0 0.004 0.06 0.162 0.288 0.428 0.572 0.716 0.842 0.884
Generation: 50
agentsTest 0.700000 0.904000 50 100 500 10 0 0 0.004 0.064 0.168 0.308 0.462 0.604 0.756 0.888 0.904
Generation: 51
agentsTest 0.700000 0.904000 51 100 500 10 0 0 0.004 0.06 0.152 0.286 0.442 0.594 0.764 0.882 0.904
Generation: 52
agentsTest 0.700000 0.916000 52 100 500 10 0 0 0.004 0.06 0.172 0.3 0.45 0.62 0.798 0.898 0.916
Generation: 53
agentsTest 0.700000 0.916000 53 100 500 10 0 0 0.004 0.062 0.172 0.302 0.448 0.632 0.824 0.934 0.916
Generation: 54
agentsTest 0.700000 0.918000 54 100 500 10 0 0 0.002 0.06 0.178 0.316 0.482 0.656 0.814 0.924 0.918
Generation: 55
agentsTest 0.700000 0.924000 55 100 500 10 0 0 0.004 0.062 0.172 0.306 0.472 0.644 0.794 0.908 0.924
Generation: 56
agentsTest 0.700000 0.934000 56 100 500 10 0 0 0.004 0.06 0.174 0.316 0.468 0.628 0.81 0.926 0.934
Generation: 57
agentsTest 0.700000 0.938000 57 100 500 10 0 0 0.004 0.064 0.188 0.342 0.5 0.664 0.818 0.92 0.938
Generation: 58
agentsTest 0.700000 0.942000 58 100 500 10 0 0 0.004 0.06 0.182 0.328 0.492 0.654 0.822 0.926 0.942
Generation: 59
agentsTest 0.700000 0.950000 59 100 500 10 0 0 0.004 0.062 0.182 0.312 0.484 0.654 0.82 0.934 0.95
Generation: 60
agentsTest 0.700000 0.950000 60 100 500 10 0 0 0.004 0.062 0.178 0.312 0.48 0.652 0.828 0.928 0.95
Generation: 61
agentsTest 0.700000 0.952000 61 100 500 10 0 0 0.004 0.068 0.208 0.35 0.504 0.672 0.84 0.946 0.952
Generation: 62
agentsTest 0.700000 0.958000 62 100 500 10 0 0 0.004 0.056 0.188 0.328 0.464 0.642 0.806 0.916 0.958
Generation: 63
agentsTest 0.700000 0.966000 63 100 500 10 0 0 0.002 0.06 0.214 0.374 0.536 0.706 0.866 0.952 0.966
Generation: 64
agentsTest 0.700000 0.980000 64 100 500 10 0 0 0.004 0.066 0.212 0.378 0.544 0.708 0.874 0.966 0.98
Generation: 65
agentsTest 0.700000 0.980000 65 100 500 10 0 0 0.004 0.066 0.214 0.362 0.516 0.696 0.864 0.96 0.98
Generation: 66
agentsTest 0.700000 0.980000 66 100 500 10 0 0 0.002 0.064 0.212 0.358 0.512 0.688 0.876 0.964 0.98
Generation: 67
agentsTest 0.700000 0.980000 67 100 500 10 0 0 0.004 0.066 0.206 0.352 0.504 0.666 0.858 0.946 0.98
Generation: 68
agentsTest 0.700000 0.980000 68 100 500 10 0 0 0.004 0.066 0.212 0.356 0.516 0.688 0.864 0.958 0.98
Generation: 69
agentsTest 0.700000 0.980000 69 100 500 10 0 0 0.004 0.068 0.216 0.364 0.52 0.714 0.878 0.96 0.98
Generation: 70
agentsTest 0.700000 0.986000 70 100 500 10 0 0 0.004 0.064 0.198 0.358 0.542 0.73 0.874 0.966 0.986
Generation: 71
agentsTest 0.700000 0.986000 71 100 500 10 0 0 0.004 0.07 0.192 0.354 0.548 0.74 0.894 0.976 0.986
Generation: 72
agentsTest 0.700000 0.986000 72 100 500 10 0 0 0.004 0.07 0.204 0.394 0.56 0.74 0.906 0.976 0.986
Generation: 73
agentsTest 0.700000 0.986000 73 100 500 10 0 0 0.004 0.066 0.208 0.376 0.548 0.734 0.902 0.986 0.986
Generation: 74
agentsTest 0.700000 0.992000 74 100 500 10 0 0 0.004 0.068 0.21 0.366 0.542 0.75 0.908 0.972 0.992
Generation: 75
agentsTest 0.700000 0.992000 75 100 500 10 0 0 0.004 0.068 0.216 0.372 0.55 0.75 0.908 0.976 0.992
Generation: 76
agentsTest 0.700000 0.992000 76 100 500 10 0 0 0.004 0.07 0.224 0.376 0.54 0.732 0.906 0.978 0.992
Generation: 77
agentsTest 0.700000 0.992000 77 100 500 10 0 0 0.004 0.064 0.222 0.372 0.554 0.768 0.914 0.982 0.992
Generation: 78
agentsTest 0.700000 0.994000 78 100 500 10 0 0 0.004 0.066 0.23 0.396 0.562 0.746 0.932 0.984 0.994
Generation: 79
agentsTest 0.700000 0.994000 79 100 500 10 0 0 0.004 0.064 0.22 0.386 0.57 0.754 0.942 0.99 0.994
Generation: 80
agentsTest 0.700000 0.994000 80 100 500 10 0 0 0.004 0.066 0.232 0.398 0.572 0.758 0.928 0.988 0.994
Generation: 81
agentsTest 0.700000 0.996000 81 100 500 10 0 0 0.004 0.068 0.222 0.406 0.598 0.772 0.92 0.988 0.996
Generation: 82
agentsTest 0.700000 0.998000 82 100 500 10 0 0 0.004 0.068 0.22 0.386 0.566 0.778 0.972 0.994 0.998
Generation: 83
agentsTest 0.700000 0.998000 83 100 500 10 0 0 0.004 0.068 0.238 0.396 0.56 0.774 0.946 0.984 0.998
Generation: 84
agentsTest 0.700000 0.998000 84 100 500 10 0 0 0.004 0.07 0.222 0.378 0.578 0.786 0.966 0.988 0.998
Generation: 85
agentsTest 0.700000 0.998000 85 100 500 10 0 0 0.004 0.068 0.218 0.382 0.57 0.772 0.94 0.984 0.998
Generation: 86
agentsTest 0.700000 1.000000 86 100 500 10 0 0 0.004 0.068 0.216 0.374 0.566 0.76 0.94 0.994 1
agentsTest 0.700000 1.000000 87 100 500 10 0 0 0.004 0.068 0.216 0.376 0.574 0.758 0.928 0.992 1
Generation: 0
agentsTest 0.700000 0.070000 0 100 500 10 0 0 0 0.002 0.01 0.018 0.028 0.032 0.042 0.054 0.07
Generation: 1
agentsTest 0.700000 0.096000 1 100 500 10 0 0 0 0.004 0.012 0.024 0.036 0.048 0.06 0.074 0.096
Generation: 2
agentsTest 0.700000 0.096000 2 100 500 10 0 0 0 0.006 0.018 0.028 0.04 0.054 0.064 0.08 0.096
Generation: 3
agentsTest 0.700000 0.118000 3 100 500 10 0 0 0 0.008 0.016 0.03 0.034 0.058 0.07 0.074 0.118
Generation: 4
agentsTest 0.700000 0.118000 4 100 500 10 0 0 0 0.006 0.006 0.02 0.03 0.046 0.068 0.084 0.118
Generation: 5
agentsTest 0.700000 0.168000 5 100 500 10 0 0 0.002 0.022 0.044 0.078 0.1 0.134 0.158 0.178 0.168
Generation: 6
agentsTest 0.700000 0.168000 6 100 500 10 0 0 0.002 0.032 0.042 0.058 0.078 0.106 0.132 0.164 0.168
Generation: 7
agentsTest 0.700000 0.176000 7 100 500 10 0 0 0 0.012 0.02 0.042 0.07 0.106 0.134 0.16 0.176
Generation: 8
agentsTest 0.700000 0.188000 8 100 500 10 0 0 0.002 0.026 0.04 0.07 0.094 0.118 0.152 0.176 0.188
Generation: 9
agentsTest 0.700000 0.202000 9 100 500 10 0 0 0 0.022 0.04 0.06 0.096 0.128 0.168 0.196 0.202
Generation: 10
agentsTest 0.700000 0.226000 10 100 500 10 0 0 0.002 0.024 0.048 0.08 0.12 0.162 0.214 0.266 0.226
Generation: 11
agentsTest 0.700000 0.260000 11 100 500 10 0 0 0.002 0.032 0.062 0.11 0.132 0.174 0.198 0.242 0.26
Generation: 12
agentsTest 0.700000 0.300000 12 100 500 10 0 0 0.002 0.036 0.064 0.118 0.16 0.196 0.232 0.282 0.3
Generation: 13
agentsTest 0.700000 0.306000 13 100 500 10 0 0 0 0.016 0.044 0.096 0.144 0.196 0.252 0.312 0.306
Generation: 14
agentsTest 0.700000 0.352000 14 100 500 10 0 0 0.002 0.034 0.06 0.106 0.168 0.222 0.278 0.33 0.352
Generation: 15
agentsTest 0.700000 0.392000 15 100 500 10 0 0 0 0.026 0.056 0.098 0.146 0.21 0.26 0.32 0.392
Generation: 16
agentsTest 0.700000 0.392000 16 100 500 10 0 0 0.002 0.028 0.068 0.116 0.182 0.242 0.288 0.34 0.392
Generation: 17
agentsTest 0.700000 0.392000 17 100 500 10 0 0 0.002 0.032 0.056 0.11 0.174 0.232 0.284 0.35 0.392
Generation: 18
agentsTest 0.700000 0.422000 18 100 500 10 0 0 0 0.042 0.096 0.17 0.24 0.298 0.344 0.396 0.422
Generation: 19
agentsTest 0.700000 0.454000 19 100 500 10 0 0 0.004 0.05 0.118 0.202 0.278 0.364 0.426 0.468 0.454
Generation: 20
agentsTest 0.700000 0.480000 20 100 500 10 0 0 0.004 0.048 0.126 0.204 0.282 0.358 0.414 0.456 0.48
Generation: 21
agentsTest 0.700000 0.490000 21 100 500 10 0 0 0.004 0.052 0.142 0.228 0.32 0.392 0.438 0.478 0.49
Generation: 22
agentsTest 0.700000 0.522000 22 100 500 10 0 0 0 0.046 0.094 0.168 0.256 0.342 0.41 0.492 0.522
Generation: 23
agentsTest 0.700000 0.570000 23 100 500 10 0 0 0.004 0.054 0.114 0.206 0.31 0.384 0.438 0.514 0.57
Generation: 24
agentsTest 0.700000 0.592000 24 100 500 10 0 0 0.004 0.048 0.116 0.202 0.296 0.39 0.466 0.536 0.592
Generation: 25
agentsTest 0.700000 0.616000 25 100 500 10 0 0 0.004 0.048 0.12 0.21 0.312 0.426 0.53 0.614 0.616
Generation: 26
agentsTest 0.700000 0.644000 26 100 500 10 0 0 0.002 0.052 0.142 0.26 0.374 0.49 0.574 0.644 0.644
Generation: 27
agentsTest 0.700000 0.676000 27 100 500 10 0 0 0.004 0.05 0.152 0.28 0.432 0.538 0.624 0.676 0.676
Generation: 28
agentsTest 0.700000 0.678000 28 100 500 10 0 0 0.004 0.054 0.14 0.262 0.374 0.476 0.566 0.646 0.678
Generation: 29
agentsTest 0.700000 0.682000 29 100 500 10 0 0 0.004 0.056 0.15 0.286 0.43 0.552 0.646 0.702 0.682
Generation: 30
agentsTest 0.700000 0.706000 30 100 500 10 0 0 0.004 0.058 0.166 0.272 0.428 0.558 0.66 0.72 0.706
Generation: 31
agentsTest 0.700000 0.724000 31 100 500 10 0 0 0.004 0.06 0.14 0.254 0.386 0.52 0.624 0.684 0.724
Generation: 32
agentsTest 0.700000 0.724000 32 100 500 10 0 0 0.002 0.056 0.152 0.288 0.44 0.56 0.666 0.73 0.724
Generation: 33
agentsTest 0.700000 0.766000 33 100 500 10 0 0 0.004 0.052 0.142 0.25 0.388 0.524 0.64 0.756 0.766
Generation: 34
agentsTest 0.700000 0.778000 34 100 500 10 0 0 0.004 0.06 0.174 0.316 0.45 0.576 0.688 0.76 0.778
Generation: 35
agentsTest 0.700000 0.800000 35 100 500 10 0 0 0.002 0.056 0.146 0.276 0.418 0.534 0.652 0.736 0.8
Generation: 36
agentsTest 0.700000 0.830000 36 100 500 10 0 0 0.004 0.056 0.136 0.266 0.42 0.562 0.682 0.784 0.83
Generation: 37
agentsTest 0.700000 0.858000 37 100 500 10 0 0 0.004 0.056 0.162 0.302 0.466 0.596 0.708 0.8 0.858
Generation: 38
agentsTest 0.700000 0.858000 38 100 500 10 0 0 0.004 0.056 0.164 0.278 0.434 0.566 0.696 0.798 0.858
Generation: 39
agentsTest 0.700000 0.858000 39 100 500 10 0 0 0.002 0.054 0.156 0.284 0.442 0.594 0.732 0.842 0.858
Generation: 40
agentsTest 0.700000 0.870000 40 100 500 10 0 0 0.004 0.066 0.19 0.324 0.492 0.63 0.738 0.822 0.87
Generation: 41
agentsTest 0.700000 0.870000 41 100 500 10 0 0 0.004 0.062 0.194 0.348 0.51 0.642 0.77 0.848 0.87
Generation: 42
agentsTest 0.700000 0.874000 42 100 500 10 0 0 0.004 0.054 0.166 0.308 0.472 0.622 0.764 0.862 0.874
Generation: 43
agentsTest 0.700000 0.894000 43 100 500 10 0 0 0.004 0.06 0.178 0.326 0.502 0.668 0.814 0.876 0.894
Generation: 44
agentsTest 0.700000 0.898000 44 100 500 10 0 0 0.004 0.06 0.162 0.316 0.486 0.646 0.796 0.9 0.898
Generation: 45
agentsTest 0.700000 0.904000 45 100 500 10 0 0 0.004 0.062 0.186 0.324 0.512 0.668 0.776 0.856 0.904
Generation: 46
agentsTest 0.700000 0.904000 46 100 500 10 0 0 0.004 0.062 0.194 0.348 0.538 0.696 0.828 0.894 0.904
Generation: 47
agentsTest 0.700000 0.918000 47 100 500 10 0 0 0.004 0.068 0.182 0.322 0.5 0.654 0.804 0.91 0.918
Generation: 48
agentsTest 0.700000 0.918000 48 100 500 10 0 0 0.004 0.066 0.172 0.324 0.51 0.68 0.818 0.904 0.918
Generation: 49
agentsTest 0.700000 0.942000 49 100 500 10 0 0 0.004 0.064 0.184 0.358 0.54 0.706 0.862 0.934 0.942
Generation: 50
agentsTest 0.700000 0.942000 50 100 500 10 0 0 0.004 0.064 0.196 0.36 0.556 0.718 0.886 0.958 0.942
Generation: 51
agentsTest 0.700000 0.942000 51 100 500 10 0 0 0.004 0.068 0.204 0.37 0.55 0.736 0.886 0.954 0.942
Generation: 52
agentsTest 0.700000 0.956000 52 100 500 10 0 0 0.004 0.066 0.202 0.366 0.554 0.728 0.892 0.942 0.956
Generation: 53
agentsTest 0.700000 0.956000 53 100 500 10 0 0 0.004 0.068 0.188 0.352 0.53 0.692 0.858 0.944 0.956
Generation: 54
agentsTest 0.700000 0.970000 54 100 500 10 0 0 0.004 0.066 0.2 0.364 0.564 0.726 0.874 0.944 0.97
Generation: 55
agentsTest 0.700000 0.970000 55 100 500 10 0 0 0.004 0.064 0.194 0.352 0.548 0.738 0.894 0.944 0.97
Generation: 56
agentsTest 0.700000 0.970000 56 100 500 10 0 0 0.004 0.066 0.188 0.358 0.544 0.704 0.872 0.952 0.97
Generation: 57
agentsTest 0.700000 0.970000 57 100 500 10 0 0 0.004 0.066 0.196 0.376 0.558 0.722 0.868 0.946 0.97
Generation: 58
agentsTest 0.700000 0.970000 58 100 500 10 0 0 0.004 0.066 0.188 0.35 0.544 0.74 0.888 0.964 0.97
Generation: 59
agentsTest 0.700000 0.978000 59 100 500 10 0 0 0.004 0.066 0.214 0.392 0.586 0.76 0.93 0.98 0.978
Generation: 60
agentsTest 0.700000 0.982000 60 100 500 10 0 0 0.004 0.068 0.23 0.414 0.586 0.75 0.896 0.958 0.982
Generation: 61
agentsTest 0.700000 0.986000 61 100 500 10 0 0 0.004 0.066 0.204 0.376 0.56 0.744 0.914 0.984 0.986
Generation: 62
agentsTest 0.700000 0.990000 62 100 500 10 0 0 0.004 0.064 0.216 0.388 0.574 0.74 0.914 0.966 0.99
Generation: 63
agentsTest 0.700000 0.990000 63 100 500 10 0 0 0.004 0.068 0.228 0.394 0.558 0.75 0.938 0.986 0.99
Generation: 64
agentsTest 0.700000 0.994000 64 100 500 10 0 0 0.004 0.066 0.216 0.386 0.576 0.742 0.904 0.972 0.994
Generation: 65
agentsTest 0.700000 0.994000 65 100 500 10 0 0 0.004 0.066 0.22 0.4 0.578 0.764 0.92 0.976 0.994
Generation: 66
agentsTest 0.700000 0.994000 66 100 500 10 0 0 0.004 0.07 0.226 0.41 0.568 0.744 0.942 0.988 0.994
Generation: 67
agentsTest 0.700000 1.000000 67 100 500 10 0 0 0.004 0.068 0.226 0.412 0.586 0.76 0.956 0.992 1
agentsTest 0.700000 1.000000 68 100 500 10 0 0 0.004 0.068 0.232 0.412 0.6 0.78 0.962 0.992 1
Generation: 0
agentsTest 0.700000 0.056000 0 100 500 10 0 0 0 0.002 0.004 0.006 0.008 0.01 0.02 0.024 0.056
Generation: 1
agentsTest 0.700000 0.078000 1 100 500 10 0 0 0.002 0.004 0.012 0.024 0.038 0.054 0.07 0.084 0.078
Generation: 2
agentsTest 0.700000 0.088000 2 100 500 10 0 0 0 0.008 0.018 0.03 0.042 0.056 0.07 0.086 0.088
Generation: 3
agentsTest 0.700000 0.088000 3 100 500 10 0 0 0 0.002 0.008 0.014 0.024 0.042 0.062 0.076 0.088
Generation: 4
agentsTest 0.700000 0.090000 4 100 500 10 0 0 0 0.006 0.016 0.03 0.034 0.05 0.062 0.074 0.09
Generation: 5
agentsTest 0.700000 0.112000 5 100 500 10 0 0 0.002 0.008 0.012 0.036 0.046 0.064 0.086 0.106 0.112
Generation: 6
agentsTest 0.700000 0.116000 6 100 500 10 0 0 0 0.006 0.02 0.036 0.054 0.076 0.092 0.11 0.116
Generation: 7
agentsTest 0.700000 0.128000 7 100 500 10 0 0 0 0.008 0.012 0.04 0.054 0.07 0.09 0.106 0.128
Generation: 8
agentsTest 0.700000 0.152000 8 100 500 10 0 0 0 0.016 0.028 0.052 0.072 0.084 0.104 0.136 0.152
Generation: 9
agentsTest 0.700000 0.164000 9 100 500 10 0 0 0.002 0.02 0.036 0.056 0.072 0.102 0.13 0.154 0.164
Generation: 10
agentsTest 0.700000 0.184000 10 100 500 10 0 0 0 0.016 0.034 0.064 0.084 0.112 0.138 0.172 0.184
Generation: 11
agentsTest 0.700000 0.208000 11 100 500 10 0 0 0.002 0.028 0.036 0.05 0.072 0.098 0.13 0.15 0.208
Generation: 12
agentsTest 0.700000 0.208000 12 100 500 10 0 0 0 0.022 0.034 0.068 0.102 0.132 0.148 0.174 0.208
Generation: 13
agentsTest 0.700000 0.222000 13 100 500 10 0 0 0.002 0.016 0.034 0.062 0.096 0.138 0.162 0.202 0.222
Generation: 14
agentsTest 0.700000 0.270000 14 100 500 10 0 0 0.004 0.04 0.064 0.102 0.136 0.182 0.216 0.246 0.27
Generation: 15
agentsTest 0.700000 0.270000 15 100 500 10 0 0 0 0.034 0.066 0.102 0.146 0.196 0.224 0.256 0.27
Generation: 16
agentsTest 0.700000 0.304000 16 100 500 10 0 0 0.002 0.042 0.09 0.15 0.204 0.242 0.282 0.308 0.304
Generation: 17
agentsTest 0.700000 0.324000 17 100 500 10 0 0 0.002 0.038 0.072 0.134 0.176 0.21 0.244 0.276 0.324
Generation: 18
agentsTest 0.700000 0.438000 18 100 500 10 0 0 0.002 0.048 0.106 0.174 0.25 0.334 0.386 0.42 0.438
Generation: 19
agentsTest 0.700000 0.438000 19 100 500 10 0 0 0.002 0.054 0.112 0.192 0.252 0.318 0.376 0.42 0.438
Generation: 20
agentsTest 0.700000 0.438000 20 100 500 10 0 0 0.002 0.052 0.116 0.18 0.25 0.322 0.364 0.404 0.438
Generation: 21
agentsTest 0.700000 0.498000 21 100 500 10 0 0 0.004 0.054 0.114 0.19 0.278 0.358 0.42 0.472 0.498
Generation: 22
agentsTest 0.700000 0.498000 22 100 500 10 0 0 0.004 0.052 0.11 0.172 0.232 0.322 0.398 0.476 0.498
Generation: 23
agentsTest 0.700000 0.498000 23 100 500 10 0 0 0.004 0.05 0.104 0.168 0.25 0.332 0.4 0.448 0.498
Generation: 24
agentsTest 0.700000 0.520000 24 100 500 10 0 0 0.002 0.056 0.118 0.194 0.308 0.406 0.502 0.566 0.52
Generation: 25
agentsTest 0.700000 0.566000 25 100 500 10 0 0 0.004 0.058 0.136 0.232 0.354 0.46 0.532 0.582 0.566
Generation: 26
agentsTest 0.700000 0.588000 26 100 500 10 0 0 0.004 0.054 0.122 0.198 0.316 0.41 0.5 0.564 0.588
Generation: 27
agentsTest 0.700000 0.634000 27 100 500 10 0 0 0.004 0.056 0.128 0.214 0.336 0.446 0.532 0.604 0.634
Generation: 28
agentsTest 0.700000 0.646000 28 100 500 10 0 0 0.004 0.062 0.136 0.226 0.384 0.486 0.574 0.648 0.646
Generation: 29
agentsTest 0.700000 0.652000 29 100 500 10 0 0 0.004 0.062 0.13 0.208 0.33 0.43 0.526 0.606 0.652
Generation: 30
agentsTest 0.700000 0.682000 30 100 500 10 0 0 0.004 0.06 0.126 0.214 0.362 0.482 0.59 0.676 0.682
Generation: 31
agentsTest 0.700000 0.706000 31 100 500 10 0 0 0.004 0.06 0.14 0.232 0.362 0.466 0.568 0.654 0.706
Generation: 32
agentsTest 0.700000 0.706000 32 100 500 10 0 0 0.004 0.064 0.138 0.228 0.372 0.482 0.574 0.664 0.706
Generation: 33
agentsTest 0.700000 0.728000 33 100 500 10 0 0 0.002 0.06 0.14 0.238 0.416 0.54 0.644 0.732 0.728
Generation: 34
agentsTest 0.700000 0.734000 34 100 500 10 0 0 0.004 0.062 0.152 0.254 0.396 0.502 0.614 0.706 0.734
Generation: 35
agentsTest 0.700000 0.754000 35 100 500 10 0 0 0.004 0.06 0.148 0.266 0.45 0.558 0.66 0.736 0.754
Generation: 36
agentsTest 0.700000 0.786000 36 100 500 10 0 0 0.004 0.062 0.148 0.25 0.428 0.554 0.682 0.774 0.786
Generation: 37
agentsTest 0.700000 0.786000 37 100 500 10 0 0 0.004 0.062 0.14 0.236 0.416 0.536 0.654 0.748 0.786
Generation: 38
agentsTest 0.700000 0.814000 38 100 500 10 0 0 0.004 0.062 0.152 0.296 0.49 0.596 0.696 0.77 0.814
Generation: 39
agentsTest 0.700000 0.820000 39 100 500 10 0 0 0.004 0.062 0.162 0.29 0.48 0.584 0.692 0.792 0.82
Generation: 40
agentsTest 0.700000 0.820000 40 100 500 10 0 0 0.004 0.064 0.168 0.292 0.458 0.574 0.686 0.778 0.82
Generation: 41
agentsTest 0.700000 0.852000 41 100 500 10 0 0 0.004 0.062 0.168 0.314 0.51 0.622 0.746 0.822 0.852
Generation: 42
agentsTest 0.700000 0.852000 42 100 500 10 0 0 0.004 0.062 0.162 0.316 0.502 0.618 0.752 0.834 0.852
Generation: 43
agentsTest 0.700000 0.854000 43 100 500 10 0 0 0.004 0.06 0.17 0.316 0.508 0.636 0.746 0.826 0.854
Generation: 44
agentsTest 0.700000 0.876000 44 100 500 10 0 0 0.004 0.062 0.16 0.316 0.508 0.626 0.752 0.836 0.876
Generation: 45
agentsTest 0.700000 0.888000 45 100 500 10 0 0 0.004 0.062 0.17 0.324 0.522 0.65 0.792 0.894 0.888
Generation: 46
agentsTest 0.700000 0.914000 46 100 500 10 0 0 0.004 0.062 0.166 0.314 0.51 0.638 0.808 0.9 0.914
Generation: 47
agentsTest 0.700000 0.918000 47 100 500 10 0 0 0.004 0.064 0.156 0.3 0.496 0.652 0.826 0.902 0.918
Generation: 48
agentsTest 0.700000 0.922000 48 100 500 10 0 0 0.004 0.064 0.194 0.36 0.556 0.686 0.822 0.902 0.922
Generation: 49
agentsTest 0.700000 0.944000 49 100 500 10 0 0 0.004 0.064 0.158 0.314 0.51 0.668 0.862 0.936 0.944
Generation: 50
agentsTest 0.700000 0.946000 50 100 500 10 0 0 0.004 0.064 0.17 0.34 0.538 0.682 0.85 0.944 0.946
Generation: 51
agentsTest 0.700000 0.962000 51 100 500 10 0 0 0.004 0.064 0.164 0.32 0.518 0.716 0.894 0.976 0.962
Generation: 52
agentsTest 0.700000 0.962000 52 100 500 10 0 0 0.004 0.06 0.166 0.336 0.53 0.694 0.872 0.964 0.962
Generation: 53
agentsTest 0.700000 0.968000 53 100 500 10 0 0 0.004 0.062 0.17 0.33 0.522 0.718 0.898 0.976 0.968
Generation: 54
agentsTest 0.700000 0.982000 54 100 500 10 0 0 0.004 0.064 0.182 0.334 0.526 0.718 0.89 0.976 0.982
Generation: 55
agentsTest 0.700000 0.984000 55 100 500 10 0 0 0.004 0.064 0.166 0.33 0.528 0.72 0.882 0.956 0.984
Generation: 56
agentsTest 0.700000 0.984000 56 100 500 10 0 0 0.004 0.064 0.154 0.308 0.502 0.694 0.876 0.974 0.984
Generation: 57
agentsTest 0.700000 0.990000 57 100 500 10 0 0 0.004 0.064 0.174 0.352 0.544 0.72 0.902 0.984 0.99
Generation: 58
agentsTest 0.700000 0.990000 58 100 500 10 0 0 0.004 0.064 0.174 0.352 0.544 0.732 0.894 0.98 0.99
Generation: 59
agentsTest 0.700000 0.996000 59 100 500 10 0 0 0.004 0.064 0.188 0.358 0.556 0.746 0.906 0.986 0.996
Generation: 60
agentsTest 0.700000 0.996000 60 100 500 10 0 0 0.004 0.064 0.192 0.368 0.568 0.768 0.914 0.992 0.996
Generation: 61
agentsTest 0.700000 0.998000 61 100 500 10 0 0 0.004 0.064 0.18 0.364 0.564 0.748 0.916 0.996 0.998
Generation: 62
agentsTest 0.700000 0.998000 62 100 500 10 0 0 0.004 0.064 0.178 0.364 0.564 0.744 0.916 0.996 0.998
Generation: 63
agentsTest 0.700000 0.998000 63 100 500 10 0 0 0.004 0.064 0.184 0.37 0.57 0.73 0.916 0.988 0.998
Generation: 64
agentsTest 0.700000 0.998000 64 100 500 10 0 0 0.004 0.064 0.186 0.37 0.57 0.732 0.916 0.988 0.998
Generation: 65
agentsTest 0.700000 1.000000 65 100 500 10 0 0 0.004 0.064 0.208 0.396 0.584 0.746 0.916 0.994 1
agentsTest 0.700000 1.000000 66 100 500 10 0 0 0.004 0.064 0.208 0.394 0.58 0.752 0.916 0.994 1
Generation: 0
agentsTest 0.700000 0.076000 0 100 500 10 0 0 0.002 0.004 0.01 0.016 0.024 0.038 0.044 0.054 0.076
Generation: 1
agentsTest 0.700000 0.090000 1 100 500 10 0 0 0 0.006 0.01 0.016 0.03 0.042 0.056 0.07 0.09
Generation: 2
agentsTest 0.700000 0.104000 2 100 500 10 0 0 0 0.01 0.014 0.032 0.044 0.056 0.076 0.088 0.104
Generation: 3
agentsTest 0.700000 0.104000 3 100 500 10 0 0 0 0.008 0.012 0.024 0.03 0.048 0.056 0.068 0.104
Generation: 4
agentsTest 0.700000 0.112000 4 100 500 10 0 0 0.002 0.012 0.014 0.026 0.044 0.056 0.072 0.08 0.112
Generation: 5
agentsTest 0.700000 0.144000 5 100 500 10 0 0 0 0.012 0.026 0.036 0.052 0.072 0.104 0.12 0.144
Generation: 6
agentsTest 0.700000 0.164000 6 100 500 10 0 0 0 0.012 0.032 0.05 0.072 0.1 0.12 0.15 0.164
Generation: 7
agentsTest 0.700000 0.164000 7 100 500 10 0 0 0.002 0.02 0.03 0.05 0.074 0.096 0.112 0.144 0.164
Generation: 8
agentsTest 0.700000 0.206000 8 100 500 10 0 0 0.002 0.014 0.026 0.048 0.068 0.1 0.128 0.16 0.206
Generation: 9
agentsTest 0.700000 0.232000 9 100 500 10 0 0 0 0.024 0.03 0.054 0.074 0.11 0.154 0.196 0.232
Generation: 10
agentsTest 0.700000 0.232000 10 100 500 10 0 0 0.004 0.02 0.026 0.064 0.078 0.116 0.146 0.178 0.232
Generation: 11
agentsTest 0.700000 0.234000 11 100 500 10 0 0 0 0.02 0.036 0.066 0.086 0.124 0.154 0.192 0.234
Generation: 12
agentsTest 0.700000 0.240000 12 100 500 10 0 0 0.004 0.026 0.042 0.09 0.12 0.146 0.204 0.24 0.24
Generation: 13
agentsTest 0.700000 0.264000 13 100 500 10 0 0 0 0.01 0.024 0.058 0.098 0.142 0.194 0.23 0.264
Generation: 14
agentsTest 0.700000 0.292000 14 100 500 10 0 0 0 0.012 0.04 0.078 0.104 0.14 0.186 0.248 0.292
Generation: 15
agentsTest 0.700000 0.314000 15 100 500 10 0 0 0.002 0.038 0.084 0.14 0.188 0.238 0.294 0.342 0.314
Generation: 16
agentsTest 0.700000 0.328000 16 100 500 10 0 0 0.002 0.034 0.07 0.118 0.166 0.236 0.278 0.34 0.328
Generation: 17
agentsTest 0.700000 0.366000 17 100 500 10 0 0 0.002 0.042 0.084 0.122 0.17 0.242 0.292 0.34 0.366
Generation: 18
agentsTest 0.700000 0.404000 18 100 500 10 0 0 0.002 0.022 0.066 0.126 0.194 0.26 0.324 0.39 0.404
Generation: 19
agentsTest 0.700000 0.414000 19 100 500 10 0 0 0.002 0.038 0.076 0.142 0.2 0.272 0.35 0.424 0.414
Generation: 20
agentsTest 0.700000 0.450000 20 100 500 10 0 0 0.002 0.044 0.096 0.158 0.224 0.296 0.362 0.434 0.45
Generation: 21
agentsTest 0.700000 0.476000 21 100 500 10 0 0 0.002 0.036 0.078 0.14 0.22 0.3 0.38 0.472 0.476
Generation: 22
agentsTest 0.700000 0.496000 22 100 500 10 0 0 0.002 0.036 0.08 0.148 0.228 0.308 0.392 0.46 0.496
Generation: 23
agentsTest 0.700000 0.516000 23 100 500 10 0 0 0 0.04 0.098 0.17 0.25 0.326 0.392 0.476 0.516
Generation: 24
agentsTest 0.700000 0.542000 24 100 500 10 0 0 0.002 0.056 0.128 0.2 0.274 0.362 0.452 0.536 0.542
Generation: 25
agentsTest 0.700000 0.546000 25 100 500 10 0 0 0.004 0.046 0.114 0.198 0.288 0.37 0.44 0.512 0.546
Generation: 26
agentsTest 0.700000 0.576000 26 100 500 10 0 0 0.004 0.038 0.12 0.202 0.272 0.346 0.426 0.502 0.576
Generation: 27
agentsTest 0.700000 0.580000 27 100 500 10 0 0 0.004 0.052 0.124 0.218 0.316 0.41 0.52 0.594 0.58
Generation: 28
agentsTest 0.700000 0.604000 28 100 500 10 0 0 0.002 0.048 0.118 0.212 0.302 0.384 0.488 0.584 0.604
Generation: 29
agentsTest 0.700000 0.618000 29 100 500 10 0 0 0.004 0.054 0.13 0.236 0.314 0.404 0.508 0.594 0.618
Generation: 30
agentsTest 0.700000 0.636000 30 100 500 10 0 0 0.002 0.052 0.116 0.22 0.338 0.456 0.556 0.644 0.636
Generation: 31
agentsTest 0.700000 0.668000 31 100 500 10 0 0 0.002 0.054 0.116 0.208 0.306 0.404 0.53 0.64 0.668
Generation: 32
agentsTest 0.700000 0.680000 32 100 500 10 0 0 0.004 0.06 0.138 0.246 0.36 0.48 0.572 0.674 0.68
Generation: 33
agentsTest 0.700000 0.694000 33 100 500 10 0 0 0.004 0.056 0.12 0.226 0.36 0.464 0.58 0.686 0.694
Generation: 34
agentsTest 0.700000 0.700000 34 100 500 10 0 0 0.002 0.054 0.122 0.232 0.364 0.478 0.582 0.654 0.7
Generation: 35
agentsTest 0.700000 0.736000 35 100 500 10 0 0 0.004 0.06 0.16 0.27 0.396 0.526 0.628 0.72 0.736
Generation: 36
agentsTest 0.700000 0.736000 36 100 500 10 0 0 0.004 0.056 0.15 0.268 0.388 0.514 0.628 0.74 0.736
Generation: 37
agentsTest 0.700000 0.736000 37 100 500 10 0 0 0.004 0.06 0.162 0.268 0.388 0.508 0.628 0.736 0.736
Generation: 38
agentsTest 0.700000 0.766000 38 100 500 10 0 0 0.004 0.062 0.17 0.28 0.394 0.51 0.632 0.736 0.766
Generation: 39
agentsTest 0.700000 0.776000 39 100 500 10 0 0 0.004 0.056 0.148 0.276 0.398 0.51 0.638 0.766 0.776
Generation: 40
agentsTest 0.700000 0.806000 40 100 500 10 0 0 0.004 0.056 0.15 0.288 0.43 0.56 0.682 0.79 0.806
Generation: 41
agentsTest 0.700000 0.820000 41 100 500 10 0 0 0.002 0.062 0.162 0.286 0.43 0.572 0.696 0.806 0.82
Generation: 42
agentsTest 0.700000 0.820000 42 100 500 10 0 0 0.002 0.06 0.15 0.278 0.418 0.548 0.666 0.768 0.82
Generation: 43
agentsTest 0.700000 0.826000 43 100 500 10 0 0 0.004 0.06 0.17 0.302 0.426 0.552 0.688 0.8 0.826
Generation: 44
agentsTest 0.700000 0.826000 44 100 500 10 0 0 0.004 0.06 0.176 0.308 0.418 0.534 0.654 0.768 0.826
Generation: 45
agentsTest 0.700000 0.860000 45 100 500 10 0 0 0.004 0.064 0.178 0.312 0.448 0.602 0.734 0.836 0.86
Generation: 46
agentsTest 0.700000 0.860000 46 100 500 10 0 0 0.004 0.062 0.178 0.308 0.444 0.592 0.74 0.854 0.86
Generation: 47
agentsTest 0.700000 0.884000 47 100 500 10 0 0 0.004 0.058 0.166 0.294 0.47 0.632 0.784 0.884 0.884
Generation: 48
agentsTest 0.700000 0.884000 48 100 500 10 0 0 0.004 0.058 0.158 0.298 0.478 0.622 0.752 0.866 0.884
Generation: 49
agentsTest 0.700000 0.892000 49 100 500 10 0 0 0.004 0.062 0.172 0.306 0.47 0.634 0.788 0.89 0.892
Generation: 50
agentsTest 0.700000 0.892000 50 100 500 10 0 0 0.004 0.058 0.178 0.322 0.468 0.61 0.782 0.896 0.892
Generation: 51
agentsTest 0.700000 0.918000 51 100 500 10 0 0 0.004 0.064 0.172 0.308 0.454 0.61 0.792 0.908 0.918
Generation: 52
agentsTest 0.700000 0.918000 52 100 500 10 0 0 0.004 0.064 0.164 0.324 0.494 0.646 0.806 0.91 0.918
Generation: 53
agentsTest 0.700000 0.922000 53 100 500 10 0 0 0.004 0.064 0.19 0.342 0.486 0.63 0.786 0.89 0.922
Generation: 54
agentsTest 0.700000 0.940000 54 100 500 10 0 0 0.004 0.064 0.18 0.332 0.498 0.652 0.834 0.926 0.94
Generation: 55
agentsTest 0.700000 0.940000 55 100 500 10 0 0 0.004 0.064 0.182 0.334 0.496 0.668 0.822 0.922 0.94
Generation: 56
agentsTest 0.700000 0.950000 56 100 500 10 0 0 0.004 0.064 0.206 0.38 0.52 0.666 0.834 0.928 0.95
Generation: 57
agentsTest 0.700000 0.968000 57 100 500 10 0 0 0.004 0.064 0.204 0.374 0.524 0.682 0.864 0.956 0.968
Generation: 58
agentsTest 0.700000 0.968000 58 100 500 10 0 0 0.004 0.064 0.198 0.37 0.54 0.692 0.85 0.952 0.968
Generation: 59
agentsTest 0.700000 0.968000 59 100 500 10 0 0 0.004 0.064 0.206 0.376 0.532 0.688 0.86 0.96 0.968
Generation: 60
agentsTest 0.700000 0.976000 60 100 500 10 0 0 0.004 0.064 0.204 0.37 0.53 0.7 0.868 0.974 0.976
Generation: 61
agentsTest 0.700000 0.982000 61 100 500 10 0 0 0.004 0.062 0.202 0.374 0.526 0.716 0.894 0.976 0.982
Generation: 62
agentsTest 0.700000 0.992000 62 100 500 10 0 0 0.002 0.062 0.2 0.368 0.538 0.73 0.908 0.986 0.992
Generation: 63
agentsTest 0.700000 0.992000 63 100 500 10 0 0 0.004 0.064 0.2 0.368 0.536 0.724 0.904 0.984 0.992
Generation: 64
agentsTest 0.700000 0.992000 64 100 500 10 0 0 0.004 0.064 0.198 0.372 0.55 0.746 0.912 0.994 0.992
Generation: 65
agentsTest 0.700000 0.992000 65 100 500 10 0 0 0.004 0.064 0.204 0.37 0.526 0.704 0.896 0.978 0.992
Generation: 66
agentsTest 0.700000 0.996000 66 100 500 10 0 0 0.004 0.064 0.208 0.39 0.562 0.754 0.918 0.988 0.996
Generation: 67
agentsTest 0.700000 0.996000 67 100 500 10 0 0 0.004 0.064 0.202 0.382 0.562 0.752 0.916 0.99 0.996
Generation: 68
agentsTest 0.700000 0.996000 68 100 500 10 0 0 0.004 0.064 0.206 0.388 0.564 0.746 0.918 0.984 0.996
Generation: 69
agentsTest 0.700000 0.998000 69 100 500 10 0 0 0.004 0.064 0.204 0.376 0.558 0.754 0.906 0.98 0.998
Generation: 70
agentsTest 0.700000 0.998000 70 100 500 10 0 0 0.004 0.064 0.204 0.358 0.526 0.724 0.904 0.986 0.998
Generation: 71
agentsTest 0.700000 0.998000 71 100 500 10 0 0 0.004 0.066 0.204 0.354 0.514 0.706 0.902 0.982 0.998
Generation: 72
agentsTest 0.700000 0.998000 72 100 500 10 0 0 0.004 0.064 0.202 0.366 0.53 0.728 0.904 0.986 0.998
Generation: 73
agentsTest 0.700000 0.998000 73 100 500 10 0 0 0.004 0.064 0.198 0.368 0.544 0.744 0.914 0.994 0.998
Generation: 74
agentsTest 0.700000 0.998000 74 100 500 10 0 0 0.004 0.064 0.198 0.366 0.528 0.728 0.904 0.984 0.998
Generation: 75
agentsTest 0.700000 0.998000 75 100 500 10 0 0 0.004 0.062 0.204 0.368 0.534 0.734 0.91 0.988 0.998
Generation: 76
agentsTest 0.700000 1.000000 76 100 500 10 0 0 0.004 0.064 0.206 0.398 0.566 0.744 0.916 0.99 1
agentsTest 0.700000 1.000000 77 100 500 10 0 0 0.004 0.064 0.206 0.382 0.564 0.76 0.918 0.992 1
Generation: 0
agentsTest 0.700000 0.092000 0 100 500 10 0 0 0 0.008 0.016 0.032 0.046 0.06 0.074 0.108 0.092
Generation: 1
agentsTest 0.700000 0.100000 1 100 500 10 0 0 0.002 0.008 0.014 0.024 0.03 0.044 0.056 0.082 0.1
Generation: 2
agentsTest 0.700000 0.110000 2 100 500 10 0 0 0 0.006 0.014 0.028 0.034 0.046 0.064 0.088 0.11
Generation: 3
agentsTest 0.700000 0.136000 3 100 500 10 0 0 0 0.008 0.026 0.05 0.066 0.096 0.118 0.134 0.136
Generation: 4
agentsTest 0.700000 0.168000 4 100 500 10 0 0 0 0.008 0.02 0.05 0.062 0.074 0.09 0.122 0.168
Generation: 5
agentsTest 0.700000 0.194000 5 100 500 10 0 0 0 0.006 0.018 0.054 0.072 0.098 0.122 0.164 0.194
Generation: 6
agentsTest 0.700000 0.194000 6 100 500 10 0 0 0 0.014 0.022 0.056 0.082 0.11 0.154 0.182 0.194
Generation: 7
agentsTest 0.700000 0.210000 7 100 500 10 0 0 0.002 0.018 0.03 0.062 0.088 0.134 0.18 0.216 0.21
Generation: 8
agentsTest 0.700000 0.236000 8 100 500 10 0 0 0.002 0.014 0.032 0.062 0.092 0.13 0.154 0.198 0.236
Generation: 9
agentsTest 0.700000 0.260000 9 100 500 10 0 0 0.002 0.018 0.032 0.062 0.096 0.134 0.164 0.208 0.26
Generation: 10
agentsTest 0.700000 0.262000 10 100 500 10 0 0 0 0.016 0.046 0.072 0.1 0.138 0.188 0.24 0.262
Generation: 11
agentsTest 0.700000 0.302000 11 100 500 10 0 0 0.004 0.012 0.03 0.07 0.096 0.15 0.22 0.27 0.302
Generation: 12
agentsTest 0.700000 0.322000 12 100 500 10 0 0 0.002 0.016 0.04 0.086 0.142 0.19 0.232 0.298 0.322
Generation: 13
agentsTest 0.700000 0.352000 13 100 500 10 0 0 0 0.016 0.034 0.09 0.156 0.216 0.272 0.324 0.352
Generation: 14
agentsTest 0.700000 0.358000 14 100 500 10 0 0 0 0.018 0.042 0.12 0.172 0.254 0.322 0.384 0.358
Generation: 15
agentsTest 0.700000 0.410000 15 100 500 10 0 0 0.002 0.02 0.056 0.104 0.16 0.214 0.266 0.326 0.41
Generation: 16
agentsTest 0.700000 0.410000 16 100 500 10 0 0 0 0.02 0.052 0.08 0.142 0.186 0.26 0.344 0.41
Generation: 17
agentsTest 0.700000 0.422000 17 100 500 10 0 0 0.002 0.016 0.034 0.09 0.182 0.26 0.33 0.398 0.422
Generation: 18
agentsTest 0.700000 0.466000 18 100 500 10 0 0 0.002 0.032 0.064 0.13 0.204 0.284 0.356 0.432 0.466
Generation: 19
agentsTest 0.700000 0.498000 19 100 500 10 0 0 0.002 0.026 0.066 0.156 0.25 0.344 0.43 0.502 0.498
Generation: 20
agentsTest 0.700000 0.498000 20 100 500 10 0 0 0.002 0.034 0.08 0.14 0.232 0.306 0.37 0.462 0.498
Generation: 21
agentsTest 0.700000 0.536000 21 100 500 10 0 0 0 0.034 0.076 0.136 0.234 0.332 0.43 0.498 0.536
Generation: 22
agentsTest 0.700000 0.542000 22 100 500 10 0 0 0.002 0.04 0.08 0.14 0.218 0.336 0.452 0.532 0.542
Generation: 23
agentsTest 0.700000 0.572000 23 100 500 10 0 0 0.004 0.054 0.11 0.208 0.314 0.434 0.532 0.606 0.572
Generation: 24
agentsTest 0.700000 0.602000 24 100 500 10 0 0 0.004 0.046 0.108 0.188 0.288 0.394 0.488 0.56 0.602
Generation: 25
agentsTest 0.700000 0.650000 25 100 500 10 0 0 0.004 0.052 0.106 0.21 0.328 0.442 0.522 0.606 0.65
Generation: 26
agentsTest 0.700000 0.650000 26 100 500 10 0 0 0.004 0.054 0.118 0.218 0.33 0.436 0.55 0.618 0.65
Generation: 27
agentsTest 0.700000 0.676000 27 100 500 10 0 0 0.002 0.054 0.116 0.228 0.362 0.47 0.564 0.636 0.676
Generation: 28
agentsTest 0.700000 0.706000 28 100 500 10 0 0 0.004 0.056 0.126 0.226 0.36 0.484 0.582 0.672 0.706
Generation: 29
agentsTest 0.700000 0.706000 29 100 500 10 0 0 0.002 0.058 0.14 0.246 0.362 0.468 0.556 0.65 0.706
Generation: 30
agentsTest 0.700000 0.728000 30 100 500 10 0 0 0.004 0.06 0.166 0.294 0.438 0.564 0.658 0.704 0.728
Generation: 31
agentsTest 0.700000 0.730000 31 100 500 10 0 0 0.004 0.062 0.168 0.298 0.452 0.554 0.638 0.72 0.73
Generation: 32
agentsTest 0.700000 0.754000 32 100 500 10 0 0 0.004 0.058 0.15 0.278 0.442 0.562 0.654 0.744 0.754
Generation: 33
agentsTest 0.700000 0.790000 33 100 500 10 0 0 0.004 0.062 0.166 0.306 0.45 0.574 0.69 0.754 0.79
Generation: 34
agentsTest 0.700000 0.794000 34 100 500 10 0 0 0.004 0.06 0.18 0.328 0.488 0.614 0.716 0.786 0.794
Generation: 35
agentsTest 0.700000 0.794000 35 100 500 10 0 0 0.004 0.064 0.17 0.31 0.47 0.614 0.716 0.802 0.794
Generation: 36
agentsTest 0.700000 0.806000 36 100 500 10 0 0 0.004 0.064 0.186 0.356 0.514 0.644 0.734 0.808 0.806
Generation: 37
agentsTest 0.700000 0.812000 37 100 500 10 0 0 0.004 0.064 0.164 0.294 0.442 0.58 0.702 0.792 0.812
Generation: 38
agentsTest 0.700000 0.824000 38 100 500 10 0 0 0.004 0.06 0.152 0.272 0.424 0.582 0.708 0.818 0.824
Generation: 39
agentsTest 0.700000 0.828000 39 100 500 10 0 0 0.004 0.058 0.162 0.3 0.438 0.578 0.694 0.79 0.828
Generation: 40
agentsTest 0.700000 0.862000 40 100 500 10 0 0 0.004 0.06 0.162 0.3 0.456 0.59 0.708 0.782 0.862
Generation: 41
agentsTest 0.700000 0.868000 41 100 500 10 0 0 0.004 0.066 0.206 0.362 0.516 0.632 0.734 0.82 0.868
Generation: 42
agentsTest 0.700000 0.868000 42 100 500 10 0 0 0.004 0.062 0.202 0.37 0.502 0.628 0.762 0.842 0.868
Generation: 43
agentsTest 0.700000 0.868000 43 100 500 10 0 0 0.004 0.066 0.206 0.384 0.53 0.658 0.78 0.876 0.868
Generation: 44
agentsTest 0.700000 0.898000 44 100 500 10 0 0 0.004 0.062 0.18 0.32 0.466 0.618 0.786 0.88 0.898
Generation: 45
agentsTest 0.700000 0.898000 45 100 500 10 0 0 0.004 0.058 0.168 0.312 0.472 0.634 0.782 0.866 0.898
Generation: 46
agentsTest 0.700000 0.898000 46 100 500 10 0 0 0.004 0.06 0.182 0.316 0.448 0.594 0.77 0.866 0.898
Generation: 47
agentsTest 0.700000 0.912000 47 100 500 10 0 0 0.004 0.064 0.148 0.272 0.468 0.638 0.814 0.888 0.912
Generation: 48
agentsTest 0.700000 0.926000 48 100 500 10 0 0 0.004 0.064 0.15 0.284 0.466 0.612 0.802 0.888 0.926
Generation: 49
agentsTest 0.700000 0.926000 49 100 500 10 0 0 0.004 0.064 0.148 0.272 0.456 0.638 0.822 0.9 0.926
Generation: 50
agentsTest 0.700000 0.926000 50 100 500 10 0 0 0.004 0.064 0.164 0.304 0.482 0.648 0.812 0.89 0.926
Generation: 51
agentsTest 0.700000 0.930000 51 100 500 10 0 0 0.004 0.064 0.182 0.326 0.498 0.678 0.846 0.928 0.93
Generation: 52
agentsTest 0.700000 0.944000 52 100 500 10 0 0 0.004 0.064 0.196 0.338 0.502 0.694 0.854 0.934 0.944
Generation: 53
agentsTest 0.700000 0.946000 53 100 500 10 0 0 0.002 0.062 0.18 0.34 0.506 0.682 0.844 0.928 0.946
Generation: 54
agentsTest 0.700000 0.958000 54 100 500 10 0 0 0.004 0.066 0.176 0.336 0.512 0.678 0.834 0.936 0.958
Generation: 55
agentsTest 0.700000 0.958000 55 100 500 10 0 0 0.004 0.066 0.2 0.348 0.512 0.686 0.848 0.946 0.958
Generation: 56
agentsTest 0.700000 0.958000 56 100 500 10 0 0 0.004 0.06 0.188 0.344 0.522 0.696 0.868 0.95 0.958
Generation: 57
agentsTest 0.700000 0.964000 57 100 500 10 0 0 0.004 0.064 0.2 0.368 0.542 0.708 0.882 0.96 0.964
Generation: 58
agentsTest 0.700000 0.970000 58 100 500 10 0 0 0.004 0.066 0.198 0.354 0.546 0.738 0.904 0.962 0.97
Generation: 59
agentsTest 0.700000 0.970000 59 100 500 10 0 0 0.004 0.062 0.194 0.362 0.544 0.722 0.888 0.954 0.97
Generation: 60
agentsTest 0.700000 0.970000 60 100 500 10 0 0 0.004 0.064 0.2 0.362 0.562 0.738 0.916 0.964 0.97
Generation: 61
agentsTest 0.700000 0.970000 61 100 500 10 0 0 0.004 0.066 0.204 0.352 0.526 0.718 0.882 0.942 0.97
Generation: 62
agentsTest 0.700000 0.980000 62 100 500 10 0 0 0.004 0.066 0.21 0.362 0.53 0.714 0.902 0.966 0.98
Generation: 63
agentsTest 0.700000 0.986000 63 100 500 10 0 0 0.004 0.064 0.216 0.398 0.58 0.768 0.928 0.97 0.986
Generation: 64
agentsTest 0.700000 0.988000 64 100 500 10 0 0 0.004 0.068 0.212 0.388 0.58 0.762 0.932 0.99 0.988
Generation: 65
agentsTest 0.700000 0.990000 65 100 500 10 0 0 0.004 0.062 0.224 0.41 0.604 0.792 0.942 0.988 0.99
Generation: 66
agentsTest 0.700000 0.992000 66 100 500 10 0 0 0.004 0.066 0.208 0.4 0.572 0.75 0.92 0.978 0.992
Generation: 67
agentsTest 0.700000 0.996000 67 100 500 10 0 0 0.004 0.068 0.22 0.396 0.586 0.784 0.946 0.992 0.996
Generation: 68
agentsTest 0.700000 0.996000 68 100 500 10 0 0 0.002 0.066 0.228 0.4 0.584 0.786 0.944 0.994 0.996
Generation: 69
agentsTest 0.700000 0.998000 69 100 500 10 0 0 0.004 0.068 0.222 0.396 0.59 0.782 0.956 0.996 0.998
Generation: 70
agentsTest 0.700000 0.998000 70 100 500 10 0 0 0.004 0.064 0.214 0.392 0.584 0.772 0.958 0.996 0.998
Generation: 71
agentsTest 0.700000 0.998000 71 100 500 10 0 0 0.004 0.066 0.232 0.4 0.588 0.776 0.946 0.994 0.998
Generation: 72
agentsTest 0.700000 0.998000 72 100 500 10 0 0 0.004 0.07 0.22 0.404 0.59 0.78 0.948 0.992 0.998
Generation: 73
agentsTest 0.700000 1.000000 73 100 500 10 0 0 0.004 0.066 0.218 0.4 0.586 0.786 0.934 0.992 1
agentsTest 0.700000 1.000000 74 100 500 10 0 0 0.004 0.066 0.218 0.408 0.596 0.778 0.94 0.99 1
Generation: 0
agents2Test 0.700000 0.062000 0 100 500 10 0 0 0 0.002 0.01 0.018 0.024 0.024 0.03 0.042 0.062
Generation: 1
agents2Test 0.700000 0.062000 1 100 500 10 0 0 0 0.002 0.006 0.014 0.026 0.044 0.06 0.072 0.062
Generation: 2
agents2Test 0.700000 0.070000 2 100 500 10 0 0 0.002 0.006 0.012 0.02 0.028 0.034 0.04 0.048 0.07
Generation: 3
agents2Test 0.700000 0.080000 3 100 500 10 0 0 0 0.004 0.004 0.014 0.018 0.022 0.03 0.034 0.08
Generation: 4
agents2Test 0.700000 0.084000 4 100 500 10 0 0 0 0.002 0.008 0.014 0.028 0.042 0.048 0.066 0.084
Generation: 5
agents2Test 0.700000 0.086000 5 100 500 10 0 0 0 0.002 0.004 0.018 0.024 0.032 0.048 0.056 0.086
Generation: 6
agents2Test 0.700000 0.106000 6 100 500 10 0 0 0 0 0.01 0.022 0.036 0.046 0.06 0.078 0.106
Generation: 7
agents2Test 0.700000 0.126000 7 100 500 10 0 0 0 0.002 0.004 0.012 0.042 0.062 0.094 0.114 0.126
Generation: 8
agents2Test 0.700000 0.126000 8 100 500 10 0 0 0 0.002 0.008 0.016 0.042 0.064 0.078 0.11 0.126
Generation: 9
agents2Test 0.700000 0.134000 9 100 500 10 0 0 0.002 0.006 0.01 0.022 0.036 0.052 0.074 0.106 0.134
Generation: 10
agents2Test 0.700000 0.140000 10 100 500 10 0 0 0.002 0.004 0.016 0.028 0.048 0.068 0.094 0.124 0.14
Generation: 11
agents2Test 0.700000 0.156000 11 100 500 10 0 0 0.002 0.006 0.014 0.022 0.054 0.088 0.12 0.156 0.156
Generation: 12
agents2Test 0.700000 0.180000 12 100 500 10 0 0 0.004 0.008 0.02 0.046 0.07 0.09 0.126 0.162 0.18
Generation: 13
agents2Test 0.700000 0.192000 13 100 500 10 0 0 0.002 0.01 0.026 0.056 0.082 0.104 0.138 0.17 0.192
Generation: 14
agents2Test 0.700000 0.230000 14 100 500 10 0 0 0 0.006 0.018 0.04 0.08 0.102 0.138 0.186 0.23
Generation: 15
agents2Test 0.700000 0.238000 15 100 500 10 0 0 0.002 0.016 0.04 0.066 0.084 0.112 0.152 0.19 0.238
Generation: 16
agents2Test 0.700000 0.248000 16 100 500 10 0 0 0.004 0.024 0.04 0.062 0.09 0.116 0.158 0.19 0.248
Generation: 17
agents2Test 0.700000 0.264000 17 100 500 10 0 0 0 0.018 0.036 0.082 0.112 0.166 0.218 0.256 0.264
Generation: 18
agents2Test 0.700000 0.276000 18 100 500 10 0 0 0 0.016 0.038 0.062 0.1 0.15 0.196 0.244 0.276
Generation: 19
agents2Test 0.700000 0.296000 19 100 500 10 0 0 0 0.022 0.048 0.082 0.126 0.17 0.226 0.28 0.296
Generation: 20
agents2Test 0.700000 0.306000 20 100 500 10 0 0 0.002 0.034 0.062 0.116 0.15 0.202 0.248 0.282 0.306
Generation: 21
agents2Test 0.700000 0.316000 21 100 500 10 0 0 0 0.01 0.036 0.062 0.104 0.166 0.232 0.308 0.316
Generation: 22
agents2Test 0.700000 0.342000 22 100 500 10 0 0 0 0.03 0.052 0.1 0.144 0.184 0.224 0.284 0.342
Generation: 23
agents2Test 0.700000 0.348000 23 100 500 10 0 0 0.004 0.024 0.056 0.098 0.148 0.2 0.26 0.306 0.348
Generation: 24
agents2Test 0.700000 0.394000 24 100 500 10 0 0 0 0.026 0.064 0.13 0.174 0.22 0.268 0.318 0.394
Generation: 25
agents2Test 0.700000 0.394000 25 100 500 10 0 0 0 0.03 0.07 0.13 0.182 0.236 0.284 0.34 0.394
Generation: 26
agents2Test 0.700000 0.426000 26 100 500 10 0 0 0.004 0.044 0.098 0.168 0.212 0.272 0.33 0.386 0.426
Generation: 27
agents2Test 0.700000 0.452000 27 100 500 10 0 0 0.004 0.032 0.072 0.144 0.188 0.248 0.324 0.386 0.452
Generation: 28
agents2Test 0.700000 0.452000 28 100 500 10 0 0 0.004 0.048 0.088 0.176 0.23 0.322 0.4 0.464 0.452
Generation: 29
agents2Test 0.700000 0.476000 29 100 500 10 0 0 0.002 0.03 0.07 0.146 0.23 0.314 0.372 0.446 0.476
Generation: 30
agents2Test 0.700000 0.488000 30 100 500 10 0 0 0.002 0.04 0.086 0.188 0.266 0.334 0.394 0.464 0.488
Generation: 31
agents2Test 0.700000 0.488000 31 100 500 10 0 0 0.002 0.042 0.094 0.172 0.244 0.32 0.396 0.472 0.488
Generation: 32
agents2Test 0.700000 0.508000 32 100 500 10 0 0 0.002 0.04 0.094 0.192 0.286 0.366 0.426 0.506 0.508
Generation: 33
agents2Test 0.700000 0.534000 33 100 500 10 0 0 0.004 0.044 0.084 0.168 0.24 0.314 0.402 0.474 0.534
Generation: 34
agents2Test 0.700000 0.560000 34 100 500 10 0 0 0.002 0.048 0.098 0.192 0.284 0.374 0.454 0.518 0.56
Generation: 35
agents2Test 0.700000 0.560000 35 100 500 10 0 0 0.004 0.048 0.108 0.19 0.294 0.386 0.448 0.508 0.56
Generation: 36
agents2Test 0.700000 0.574000 36 100 500 10 0 0 0.002 0.05 0.108 0.19 0.288 0.38 0.456 0.544 0.574
Generation: 37
agents2Test 0.700000 0.574000 37 100 500 10 0 0 0.002 0.05 0.114 0.224 0.304 0.386 0.452 0.52 0.574
Generation: 38
agents2Test 0.700000 0.604000 38 100 500 10 0 0 0.002 0.048 0.102 0.196 0.304 0.42 0.51 0.586 0.604
Generation: 39
agents2Test 0.700000 0.648000 39 100 500 10 0 0 0.002 0.054 0.122 0.276 0.412 0.53 0.618 0.674 0.648
Generation: 40
agents2Test 0.700000 0.656000 40 100 500 10 0 0 0.002 0.058 0.136 0.282 0.428 0.55 0.622 0.664 0.656
Generation: 41
agents2Test 0.700000 0.710000 41 100 500 10 0 0 0.002 0.058 0.132 0.252 0.368 0.486 0.576 0.662 0.71
Generation: 42
agents2Test 0.700000 0.710000 42 100 500 10 0 0 0.004 0.054 0.124 0.264 0.398 0.52 0.6 0.668 0.71
Generation: 43
agents2Test 0.700000 0.756000 43 100 500 10 0 0 0.004 0.06 0.154 0.306 0.436 0.556 0.636 0.722 0.756
Generation: 44
agents2Test 0.700000 0.758000 44 100 500 10 0 0 0.002 0.052 0.124 0.256 0.388 0.53 0.628 0.698 0.758
Generation: 45
agents2Test 0.700000 0.784000 45 100 500 10 0 0 0.004 0.058 0.13 0.302 0.47 0.628 0.71 0.77 0.784
Generation: 46
agents2Test 0.700000 0.800000 46 100 500 10 0 0 0.004 0.056 0.14 0.306 0.444 0.588 0.676 0.736 0.8
Generation: 47
agents2Test 0.700000 0.822000 47 100 500 10 0 0 0.002 0.052 0.122 0.278 0.43 0.6 0.702 0.788 0.822
Generation: 48
agents2Test 0.700000 0.836000 48 100 500 10 0 0 0.004 0.06 0.136 0.288 0.462 0.632 0.752 0.836 0.836
Generation: 49
agents2Test 0.700000 0.836000 49 100 500 10 0 0 0.004 0.06 0.134 0.308 0.488 0.632 0.73 0.794 0.836
Generation: 50
agents2Test 0.700000 0.836000 50 100 500 10 0 0 0.004 0.06 0.142 0.306 0.486 0.646 0.75 0.816 0.836
Generation: 51
agents2Test 0.700000 0.836000 51 100 500 10 0 0 0.002 0.062 0.136 0.31 0.476 0.646 0.762 0.84 0.836
Generation: 52
agents2Test 0.700000 0.850000 52 100 500 10 0 0 0.004 0.062 0.142 0.31 0.498 0.646 0.748 0.822 0.85
Generation: 53
agents2Test 0.700000 0.856000 53 100 500 10 0 0 0.004 0.06 0.166 0.362 0.52 0.666 0.772 0.838 0.856
Generation: 54
agents2Test 0.700000 0.878000 54 100 500 10 0 0 0.004 0.064 0.176 0.366 0.512 0.668 0.778 0.852 0.878
Generation: 55
agents2Test 0.700000 0.878000 55 100 500 10 0 0 0.004 0.064 0.192 0.392 0.522 0.672 0.796 0.864 0.878
Generation: 56
agents2Test 0.700000 0.878000 56 100 500 10 0 0 0.004 0.064 0.178 0.372 0.53 0.684 0.786 0.854 0.878
Generation: 57
agents2Test 0.700000 0.884000 57 100 500 10 0 0 0.004 0.064 0.156 0.348 0.522 0.68 0.78 0.846 0.884
Generation: 58
agents2Test 0.700000 0.910000 58 100 500 10 0 0 0.004 0.064 0.17 0.372 0.52 0.688 0.806 0.88 0.91
Generation: 59
agents2Test 0.700000 0.910000 59 100 500 10 0 0 0.004 0.064 0.164 0.354 0.518 0.684 0.808 0.88 0.91
Generation: 60
agents2Test 0.700000 0.914000 60 100 500 10 0 0 0.004 0.064 0.17 0.378 0.538 0.698 0.826 0.896 0.914
Generation: 61
agents2Test 0.700000 0.918000 61 100 500 10 0 0 0.004 0.062 0.164 0.374 0.572 0.734 0.826 0.89 0.918
Generation: 62
agents2Test 0.700000 0.918000 62 100 500 10 0 0 0.004 0.062 0.136 0.338 0.536 0.714 0.808 0.866 0.918
Generation: 63
agents2Test 0.700000 0.922000 63 100 500 10 0 0 0.004 0.062 0.154 0.376 0.572 0.744 0.854 0.914 0.922
Generation: 64
agents2Test 0.700000 0.934000 64 100 500 10 0 0 0.004 0.064 0.166 0.37 0.568 0.722 0.858 0.92 0.934
Generation: 65
agents2Test 0.700000 0.934000 65 100 500 10 0 0 0.004 0.066 0.17 0.378 0.572 0.742 0.868 0.91 0.934
Generation: 66
agents2Test 0.700000 0.944000 66 100 500 10 0 0 0.004 0.064 0.17 0.366 0.55 0.726 0.85 0.91 0.944
Generation: 67
agents2Test 0.700000 0.944000 67 100 500 10 0 0 0.004 0.064 0.17 0.374 0.548 0.708 0.84 0.918 0.944
Generation: 68
agents2Test 0.700000 0.944000 68 100 500 10 0 0 0.004 0.064 0.178 0.396 0.548 0.7 0.826 0.888 0.944
Generation: 69
agents2Test 0.700000 0.946000 69 100 500 10 0 0 0.004 0.064 0.198 0.4 0.532 0.696 0.848 0.918 0.946
Generation: 70
agents2Test 0.700000 0.956000 70 100 500 10 0 0 0.004 0.064 0.178 0.406 0.584 0.744 0.886 0.944 0.956
Generation: 71
agents2Test 0.700000 0.956000 71 100 500 10 0 0 0.002 0.062 0.196 0.402 0.562 0.732 0.868 0.936 0.956
Generation: 72
agents2Test 0.700000 0.956000 72 100 500 10 0 0 0.004 0.064 0.178 0.404 0.59 0.756 0.882 0.948 0.956
Generation: 73
agents2Test 0.700000 0.960000 73 100 500 10 0 0 0.004 0.06 0.142 0.346 0.532 0.724 0.882 0.94 0.96
Generation: 74
agents2Test 0.700000 0.980000 74 100 500 10 0 0 0.004 0.064 0.184 0.41 0.582 0.76 0.894 0.968 0.98
Generation: 75
agents2Test 0.700000 0.980000 75 100 500 10 0 0 0.004 0.062 0.186 0.406 0.562 0.742 0.888 0.952 0.98
Generation: 76
agents2Test 0.700000 0.980000 76 100 500 10 0 0 0.004 0.064 0.19 0.398 0.556 0.738 0.884 0.952 0.98
Generation: 77
agents2Test 0.700000 0.982000 77 100 500 10 0 0 0.004 0.06 0.168 0.388 0.598 0.772 0.886 0.944 0.982
Generation: 78
agents2Test 0.700000 0.982000 78 100 500 10 0 0 0.004 0.064 0.174 0.404 0.616 0.776 0.89 0.952 0.982
Generation: 79
agents2Test 0.700000 0.982000 79 100 500 10 0 0 0.002 0.06 0.172 0.398 0.614 0.792 0.896 0.946 0.982
Generation: 80
agents2Test 0.700000 0.982000 80 100 500 10 0 0 0.004 0.062 0.162 0.388 0.608 0.79 0.898 0.954 0.982
Generation: 81
agents2Test 0.700000 0.982000 81 100 500 10 0 0 0.004 0.062 0.168 0.394 0.61 0.782 0.886 0.948 0.982
Generation: 82
agents2Test 0.700000 0.982000 82 100 500 10 0 0 0.004 0.064 0.19 0.408 0.622 0.81 0.922 0.966 0.982
Generation: 83
agents2Test 0.700000 0.984000 83 100 500 10 0 0 0.004 0.06 0.176 0.396 0.608 0.794 0.924 0.986 0.984
Generation: 84
agents2Test 0.700000 0.986000 84 100 500 10 0 0 0.004 0.064 0.204 0.418 0.626 0.808 0.932 0.986 0.986
Generation: 85
agents2Test 0.700000 0.990000 85 100 500 10 0 0 0.004 0.064 0.188 0.404 0.612 0.808 0.918 0.968 0.99
Generation: 86
agents2Test 0.700000 0.990000 86 100 500 10 0 0 0.004 0.064 0.186 0.392 0.594 0.78 0.902 0.97 0.99
Generation: 87
agents2Test 0.700000 0.994000 87 100 500 10 0 0 0.004 0.062 0.184 0.39 0.596 0.774 0.894 0.968 0.994
Generation: 88
agents2Test 0.700000 0.994000 88 100 500 10 0 0 0.002 0.064 0.186 0.4 0.612 0.786 0.912 0.974 0.994
Generation: 89
agents2Test 0.700000 0.994000 89 100 500 10 0 0 0.004 0.064 0.182 0.398 0.61 0.788 0.912 0.966 0.994
Generation: 90
agents2Test 0.700000 0.996000 90 100 500 10 0 0 0.004 0.064 0.218 0.426 0.63 0.816 0.938 0.986 0.996
Generation: 91
agents2Test 0.700000 0.998000 91 100 500 10 0 0 0.004 0.066 0.218 0.434 0.624 0.794 0.938 0.988 0.998
Generation: 92
agents2Test 0.700000 0.998000 92 100 500 10 0 0 0.004 0.068 0.206 0.41 0.614 0.786 0.928 0.99 0.998
Generation: 93
agents2Test 0.700000 0.998000 93 100 500 10 0 0 0.004 0.066 0.206 0.426 0.622 0.794 0.946 0.984 0.998
Generation: 94
agents2Test 0.700000 0.998000 94 100 500 10 0 0 0.004 0.062 0.21 0.428 0.62 0.8 0.956 0.998 0.998
Generation: 95
agents2Test 0.700000 1.000000 95 100 500 10 0 0 0.004 0.07 0.214 0.424 0.626 0.802 0.942 0.996 1
testName time fitness gens maxGens agents groupsize e0 e1 e2 e3 e4 e5 e6 e7 e8 e9 e10
agents2Test 0.700000 1.000000 96 100 500 10 0 0 0.004 0.068 0.214 0.434 0.634 0.818 0.956 0.996 1
Generation: 0
agents2Test 0.700000 0.080000 0 100 500 10 0 0 0 0.004 0.014 0.024 0.026 0.032 0.05 0.058 0.08
Generation: 1
agents2Test 0.700000 0.088000 1 100 500 10 0 0 0 0 0.006 0.022 0.032 0.05 0.064 0.076 0.088
Generation: 2
agents2Test 0.700000 0.104000 2 100 500 10 0 0 0 0.006 0.014 0.024 0.036 0.046 0.068 0.09 0.104
Generation: 3
agents2Test 0.700000 0.116000 3 100 500 10 0 0 0 0.002 0.01 0.024 0.038 0.046 0.06 0.08 0.116
Generation: 4
agents2Test 0.700000 0.126000 4 100 500 10 0 0 0 0.004 0.016 0.026 0.042 0.064 0.09 0.11 0.126
Generation: 5
agents2Test 0.700000 0.144000 5 100 500 10 0 0 0 0.002 0.012 0.028 0.048 0.068 0.094 0.116 0.144
Generation: 6
agents2Test 0.700000 0.170000 6 100 500 10 0 0 0 0.006 0.016 0.038 0.074 0.11 0.146 0.184 0.17
Generation: 7
agents2Test 0.700000 0.176000 7 100 500 10 0 0 0.002 0.006 0.024 0.05 0.07 0.11 0.14 0.168 0.176
Generation: 8
agents2Test 0.700000 0.198000 8 100 500 10 0 0 0 0.006 0.022 0.05 0.068 0.1 0.128 0.162 0.198
Generation: 9
agents2Test 0.700000 0.224000 9 100 500 10 0 0 0 0.01 0.032 0.078 0.122 0.166 0.206 0.246 0.224
Generation: 10
agents2Test 0.700000 0.234000 10 100 500 10 0 0 0 0.008 0.038 0.074 0.108 0.146 0.17 0.214 0.234
Generation: 11
agents2Test 0.700000 0.236000 11 100 500 10 0 0 0.002 0.008 0.022 0.06 0.08 0.12 0.17 0.212 0.236
Generation: 12
agents2Test 0.700000 0.288000 12 100 500 10 0 0 0.002 0.004 0.034 0.076 0.11 0.148 0.19 0.254 0.288
Generation: 13
agents2Test 0.700000 0.294000 13 100 500 10 0 0 0 0.006 0.034 0.072 0.112 0.162 0.204 0.264 0.294
Generation: 14
agents2Test 0.700000 0.340000 14 100 500 10 0 0 0 0.008 0.028 0.07 0.118 0.176 0.242 0.31 0.34
Generation: 15
agents2Test 0.700000 0.358000 15 100 500 10 0 0 0 0.006 0.044 0.082 0.13 0.194 0.242 0.302 0.358
Generation: 16
agents2Test 0.700000 0.366000 16 100 500 10 0 0 0 0.006 0.03 0.084 0.142 0.208 0.286 0.358 0.366
Generation: 17
agents2Test 0.700000 0.394000 17 100 500 10 0 0 0 0.004 0.04 0.102 0.17 0.236 0.294 0.364 0.394
Generation: 18
agents2Test 0.700000 0.400000 18 100 500 10 0 0 0 0.004 0.038 0.098 0.156 0.244 0.314 0.386 0.4
Generation: 19
agents2Test 0.700000 0.452000 19 100 500 10 0 0 0.002 0.02 0.046 0.11 0.156 0.232 0.306 0.402 0.452
Generation: 20
agents2Test 0.700000 0.482000 20 100 500 10 0 0 0.002 0.014 0.062 0.12 0.202 0.3 0.38 0.45 0.482
Generation: 21
agents2Test 0.700000 0.490000 21 100 500 10 0 0 0.004 0.016 0.064 0.138 0.21 0.296 0.386 0.47 0.49
Generation: 22
agents2Test 0.700000 0.520000 22 100 500 10 0 0 0.002 0.01 0.06 0.146 0.252 0.358 0.452 0.536 0.52
Generation: 23
agents2Test 0.700000 0.540000 23 100 500 10 0 0 0 0.01 0.076 0.144 0.226 0.322 0.4 0.476 0.54
Generation: 24
agents2Test 0.700000 0.540000 24 100 500 10 0 0 0.004 0.014 0.07 0.14 0.228 0.314 0.382 0.482 0.54
Generation: 25
agents2Test 0.700000 0.554000 25 100 500 10 0 0 0.002 0.012 0.062 0.14 0.25 0.368 0.45 0.54 0.554
Generation: 26
agents2Test 0.700000 0.580000 26 100 500 10 0 0 0.002 0.02 0.078 0.154 0.264 0.36 0.446 0.53 0.58
Generation: 27
agents2Test 0.700000 0.604000 27 100 500 10 0 0 0.002 0.02 0.078 0.168 0.272 0.368 0.476 0.592 0.604
Generation: 28
agents2Test 0.700000 0.604000 28 100 500 10 0 0 0.002 0.024 0.09 0.19 0.308 0.412 0.492 0.594 0.604
Generation: 29
agents2Test 0.700000 0.624000 29 100 500 10 0 0 0 0.022 0.092 0.18 0.31 0.414 0.512 0.604 0.624
Generation: 30
agents2Test 0.700000 0.650000 30 100 500 10 0 0 0.002 0.016 0.08 0.17 0.292 0.418 0.522 0.622 0.65
Generation: 31
agents2Test 0.700000 0.662000 31 100 500 10 0 0 0.002 0.024 0.096 0.178 0.312 0.434 0.544 0.65 0.662
Generation: 32
agents2Test 0.700000 0.710000 32 100 500 10 0 0 0.002 0.016 0.084 0.188 0.328 0.452 0.598 0.71 0.71
Generation: 33
agents2Test 0.700000 0.710000 33 100 500 10 0 0 0.002 0.02 0.092 0.2 0.358 0.476 0.61 0.716 0.71
Generation: 34
agents2Test 0.700000 0.726000 34 100 500 10 0 0 0.002 0.014 0.084 0.186 0.324 0.46 0.602 0.716 0.726
Generation: 35
agents2Test 0.700000 0.732000 35 100 500 10 0 0 0 0.016 0.082 0.186 0.338 0.466 0.614 0.732 0.732
Generation: 36
agents2Test 0.700000 0.754000 36 100 500 10 0 0 0 0.014 0.086 0.204 0.372 0.516 0.626 0.728 0.754
Generation: 37
agents2Test 0.700000 0.754000 37 100 500 10 0 0 0.002 0.022 0.086 0.182 0.328 0.46 0.618 0.704 0.754
Generation: 38
agents2Test 0.700000 0.784000 38 100 500 10 0 0 0.002 0.028 0.1 0.198 0.348 0.476 0.608 0.716 0.784
Generation: 39
agents2Test 0.700000 0.784000 39 100 500 10 0 0 0.002 0.012 0.084 0.188 0.34 0.48 0.634 0.738 0.784
Generation: 40
agents2Test 0.700000 0.784000 40 100 500 10 0 0 0 0.014 0.078 0.178 0.322 0.47 0.61 0.716 0.784
Generation: 41
agents2Test 0.700000 0.810000 41 100 500 10 0 0 0.002 0.026 0.1 0.218 0.382 0.516 0.632 0.738 0.81
Generation: 42
agents2Test 0.700000 0.810000 42 100 500 10 0 0 0 0.016 0.094 0.208 0.372 0.51 0.652 0.772 0.81
Generation: 43
agents2Test 0.700000 0.810000 43 100 500 10 0 0 0.002 0.022 0.094 0.2 0.366 0.496 0.652 0.78 0.81
Generation: 44
agents2Test 0.700000 0.812000 44 100 500 10 0 0 0.004 0.024 0.096 0.22 0.384 0.534 0.708 0.824 0.812
Generation: 45
agents2Test 0.700000 0.822000 45 100 500 10 0 0 0.002 0.02 0.094 0.22 0.378 0.536 0.686 0.796 0.822
Generation: 46
agents2Test 0.700000 0.828000 46 100 500 10 0 0 0 0.016 0.084 0.202 0.382 0.528 0.702 0.81 0.828
Generation: 47
agents2Test 0.700000 0.828000 47 100 500 10 0 0 0.002 0.014 0.082 0.196 0.384 0.524 0.69 0.8 0.828
Generation: 48
agents2Test 0.700000 0.842000 48 100 500 10 0 0 0 0.01 0.074 0.204 0.378 0.524 0.694 0.822 0.842
Generation: 49
agents2Test 0.700000 0.842000 49 100 500 10 0 0 0.002 0.012 0.08 0.228 0.41 0.568 0.734 0.83 0.842
Generation: 50
agents2Test 0.700000 0.848000 50 100 500 10 0 0 0.002 0.02 0.084 0.22 0.404 0.558 0.714 0.822 0.848
Generation: 51
agents2Test 0.700000 0.866000 51 100 500 10 0 0 0.002 0.014 0.082 0.22 0.382 0.554 0.73 0.858 0.866
Generation: 52
agents2Test 0.700000 0.874000 52 100 500 10 0 0 0.002 0.022 0.086 0.226 0.4 0.576 0.744 0.854 0.874
Generation: 53
agents2Test 0.700000 0.878000 53 100 500 10 0 0 0 0.018 0.086 0.228 0.404 0.58 0.748 0.856 0.878
Generation: 54
agents2Test 0.700000 0.886000 54 100 500 10 0 0 0 0.012 0.084 0.244 0.432 0.594 0.77 0.882 0.886
Generation: 55
agents2Test 0.700000 0.892000 55 100 500 10 0 0 0.004 0.026 0.1 0.246 0.418 0.602 0.786 0.894 0.892
Generation: 56
agents2Test 0.700000 0.896000 56 100 500 10 0 0 0 0.016 0.082 0.242 0.418 0.608 0.794 0.902 0.896
Generation: 57
agents2Test 0.700000 0.906000 57 100 500 10 0 0 0 0.01 0.082 0.21 0.4 0.604 0.79 0.89 0.906
Generation: 58
agents2Test 0.700000 0.912000 58 100 500 10 0 0 0.002 0.02 0.09 0.252 0.444 0.604 0.784 0.872 0.912
Generation: 59
agents2Test 0.700000 0.916000 59 100 500 10 0 0 0.002 0.026 0.1 0.262 0.448 0.634 0.812 0.904 0.916
Generation: 60
agents2Test 0.700000 0.916000 60 100 500 10 0 0 0.002 0.024 0.098 0.26 0.45 0.642 0.812 0.902 0.916
Generation: 61
agents2Test 0.700000 0.920000 61 100 500 10 0 0 0 0.012 0.09 0.228 0.4 0.604 0.782 0.902 0.92
Generation: 62
agents2Test 0.700000 0.924000 62 100 500 10 0 0 0 0.01 0.078 0.22 0.402 0.606 0.804 0.924 0.924
Generation: 63
agents2Test 0.700000 0.934000 63 100 500 10 0 0 0 0.01 0.08 0.216 0.396 0.608 0.794 0.926 0.934
Generation: 64
agents2Test 0.700000 0.934000 64 100 500 10 0 0 0 0.008 0.074 0.216 0.4 0.6 0.79 0.918 0.934
Generation: 65
agents2Test 0.700000 0.942000 65 100 500 10 0 0 0 0.012 0.078 0.216 0.408 0.61 0.804 0.926 0.942
Generation: 66
agents2Test 0.700000 0.942000 66 100 500 10 0 0 0 0.01 0.082 0.218 0.404 0.6 0.782 0.932 0.942
Generation: 67
agents2Test 0.700000 0.942000 67 100 500 10 0 0 0 0.008 0.084 0.228 0.414 0.61 0.794 0.91 0.942
Generation: 68
agents2Test 0.700000 0.944000 68 100 500 10 0 0 0.002 0.022 0.092 0.258 0.448 0.636 0.822 0.934 0.944
Generation: 69
agents2Test 0.700000 0.944000 69 100 500 10 0 0 0 0.018 0.09 0.266 0.452 0.638 0.826 0.932 0.944
Generation: 70
agents2Test 0.700000 0.944000 70 100 500 10 0 0 0.002 0.02 0.096 0.258 0.444 0.632 0.802 0.91 0.944
Generation: 71
agents2Test 0.700000 0.946000 71 100 500 10 0 0 0.002 0.008 0.088 0.236 0.42 0.604 0.776 0.914 0.946
Generation: 72
agents2Test 0.700000 0.946000 72 100 500 10 0 0 0 0.01 0.08 0.22 0.408 0.62 0.8 0.932 0.946
Generation: 73
agents2Test 0.700000 0.948000 73 100 500 10 0 0 0 0.01 0.086 0.236 0.42 0.616 0.79 0.916 0.948
Generation: 74
agents2Test 0.700000 0.948000 74 100 500 10 0 0 0.002 0.014 0.084 0.26 0.442 0.648 0.828 0.94 0.948
Generation: 75
agents2Test 0.700000 0.952000 75 100 500 10 0 0 0.002 0.032 0.106 0.274 0.476 0.676 0.856 0.932 0.952
Generation: 76
agents2Test 0.700000 0.954000 76 100 500 10 0 0 0 0.024 0.1 0.25 0.448 0.658 0.856 0.948 0.954
Generation: 77
agents2Test 0.700000 0.954000 77 100 500 10 0 0 0.002 0.018 0.092 0.24 0.438 0.646 0.836 0.936 0.954
Generation: 78
agents2Test 0.700000 0.954000 78 100 500 10 0 0 0.002 0.022 0.098 0.244 0.428 0.648 0.826 0.924 0.954
Generation: 79
agents2Test 0.700000 0.956000 79 100 500 10 0 0 0.004 0.028 0.11 0.274 0.46 0.676 0.852 0.956 0.956
Generation: 80
agents2Test 0.700000 0.972000 80 100 500 10 0 0 0.002 0.018 0.09 0.264 0.448 0.652 0.826 0.942 0.972
Generation: 81
agents2Test 0.700000 0.972000 81 100 500 10 0 0 0.002 0.026 0.1 0.264 0.462 0.684 0.844 0.954 0.972
Generation: 82
agents2Test 0.700000 0.972000 82 100 500 10 0 0 0 0.014 0.09 0.262 0.454 0.664 0.834 0.952 0.972
Generation: 83
agents2Test 0.700000 0.972000 83 100 500 10 0 0 0.002 0.016 0.092 0.268 0.464 0.666 0.84 0.95 0.972
Generation: 84
agents2Test 0.700000 0.972000 84 100 500 10 0 0 0 0.014 0.092 0.266 0.456 0.67 0.832 0.948 0.972
Generation: 85
agents2Test 0.700000 0.972000 85 100 500 10 0 0 0.002 0.018 0.086 0.266 0.482 0.676 0.86 0.952 0.972
Generation: 86
agents2Test 0.700000 0.972000 86 100 500 10 0 0 0.002 0.016 0.086 0.268 0.47 0.67 0.842 0.95 0.972
Generation: 87
agents2Test 0.700000 0.974000 87 100 500 10 0 0 0.004 0.04 0.12 0.292 0.482 0.692 0.878 0.974 0.974
Generation: 88
agents2Test 0.700000 0.974000 88 100 500 10 0 0 0.004 0.032 0.112 0.282 0.47 0.674 0.86 0.972 0.974
Generation: 89
agents2Test 0.700000 0.974000 89 100 500 10 0 0 0 0.026 0.106 0.274 0.472 0.67 0.848 0.968 0.974
Generation: 90
agents2Test 0.700000 0.974000 90 100 500 10 0 0 0.002 0.03 0.114 0.278 0.466 0.656 0.848 0.966 0.974
Generation: 91
agents2Test 0.700000 0.982000 91 100 500 10 0 0 0.002 0.038 0.114 0.288 0.486 0.688 0.868 0.98 0.982
Generation: 92
agents2Test 0.700000 0.982000 92 100 500 10 0 0 0.002 0.022 0.104 0.29 0.478 0.67 0.862 0.968 0.982
Generation: 93
agents2Test 0.700000 0.982000 93 100 500 10 0 0 0.002 0.038 0.116 0.292 0.492 0.672 0.852 0.966 0.982
Generation: 94
agents2Test 0.700000 0.984000 94 100 500 10 0 0 0.002 0.028 0.11 0.286 0.474 0.668 0.85 0.974 0.984
Generation: 95
agents2Test 0.700000 0.988000 95 100 500 10 0 0 0.002 0.03 0.112 0.28 0.474 0.672 0.866 0.978 0.988
Generation: 96
agents2Test 0.700000 0.988000 96 100 500 10 0 0 0.002 0.028 0.1 0.292 0.484 0.682 0.866 0.976 0.988
Generation: 97
agents2Test 0.700000 0.996000 97 100 500 10 0 0 0.002 0.026 0.104 0.298 0.506 0.714 0.906 0.99 0.996
Generation: 98
agents2Test 0.700000 0.996000 98 100 500 10 0 0 0.002 0.028 0.11 0.296 0.51 0.712 0.906 0.99 0.996
Generation: 99
agents2Test 0.700000 0.996000 99 100 500 10 0 0 0.002 0.036 0.116 0.302 0.496 0.698 0.892 0.976 0.996
agents2Test 0.700000 0.996000 100 100 500 10 0 0 0.002 0.03 0.114 0.296 0.492 0.702 0.894 0.992 0.996
Generation: 0
agents2Test 0.700000 0.092000 0 100 500 10 0 0 0 0.018 0.026 0.042 0.056 0.066 0.1 0.12 0.092
Generation: 1
agents2Test 0.700000 0.112000 1 100 500 10 0 0 0.002 0.016 0.024 0.04 0.056 0.072 0.086 0.11 0.112
Generation: 2
agents2Test 0.700000 0.118000 2 100 500 10 0 0 0 0.004 0.02 0.03 0.052 0.068 0.086 0.11 0.118
Generation: 3
agents2Test 0.700000 0.132000 3 100 500 10 0 0 0 0.016 0.026 0.04 0.06 0.08 0.102 0.128 0.132
Generation: 4
agents2Test 0.700000 0.134000 4 100 500 10 0 0 0 0.016 0.036 0.052 0.066 0.088 0.114 0.142 0.134
Generation: 5
agents2Test 0.700000 0.156000 5 100 500 10 0 0 0 0.014 0.026 0.048 0.068 0.094 0.104 0.138 0.156
Generation: 6
agents2Test 0.700000 0.194000 6 100 500 10 0 0 0.002 0.018 0.034 0.052 0.068 0.102 0.132 0.15 0.194
Generation: 7
agents2Test 0.700000 0.206000 7 100 500 10 0 0 0.002 0.012 0.036 0.072 0.094 0.118 0.146 0.17 0.206
Generation: 8
agents2Test 0.700000 0.206000 8 100 500 10 0 0 0 0.016 0.028 0.068 0.09 0.122 0.144 0.176 0.206
Generation: 9
agents2Test 0.700000 0.240000 9 100 500 10 0 0 0 0.03 0.072 0.1 0.122 0.148 0.174 0.204 0.24
Generation: 10
agents2Test 0.700000 0.254000 10 100 500 10 0 0 0.004 0.036 0.056 0.1 0.13 0.176 0.196 0.224 0.254
Generation: 11
agents2Test 0.700000 0.290000 11 100 500 10 0 0 0.002 0.022 0.046 0.078 0.122 0.176 0.218 0.258 0.29
Generation: 12
agents2Test 0.700000 0.304000 12 100 500 10 0 0 0 0.024 0.06 0.118 0.164 0.21 0.258 0.284 0.304
Generation: 13
agents2Test 0.700000 0.338000 13 100 500 10 0 0 0.002 0.036 0.06 0.106 0.168 0.228 0.278 0.342 0.338
Generation: 14
agents2Test 0.700000 0.352000 14 100 500 10 0 0 0.002 0.038 0.082 0.136 0.178 0.244 0.304 0.348 0.352
Generation: 15
agents2Test 0.700000 0.382000 15 100 500 10 0 0 0.002 0.032 0.078 0.128 0.176 0.236 0.27 0.318 0.382
Generation: 16
agents2Test 0.700000 0.382000 16 100 500 10 0 0 0.002 0.03 0.062 0.112 0.168 0.23 0.274 0.316 0.382
Generation: 17
agents2Test 0.700000 0.428000 17 100 500 10 0 0 0.002 0.038 0.084 0.148 0.212 0.298 0.356 0.408 0.428
Generation: 18
agents2Test 0.700000 0.428000 18 100 500 10 0 0 0.002 0.046 0.106 0.188 0.256 0.336 0.396 0.448 0.428
Generation: 19
agents2Test 0.700000 0.470000 19 100 500 10 0 0 0.004 0.046 0.098 0.15 0.218 0.302 0.376 0.42 0.47
Generation: 20
agents2Test 0.700000 0.470000 20 100 500 10 0 0 0.002 0.044 0.1 0.166 0.23 0.314 0.384 0.454 0.47
Generation: 21
agents2Test 0.700000 0.486000 21 100 500 10 0 0 0.002 0.052 0.116 0.2 0.282 0.368 0.416 0.45 0.486
Generation: 22
agents2Test 0.700000 0.506000 22 100 500 10 0 0 0.002 0.052 0.108 0.19 0.264 0.348 0.418 0.482 0.506
Generation: 23
agents2Test 0.700000 0.520000 23 100 500 10 0 0 0 0.052 0.116 0.202 0.292 0.368 0.438 0.502 0.52
Generation: 24
agents2Test 0.700000 0.532000 24 100 500 10 0 0 0.002 0.054 0.116 0.228 0.332 0.428 0.502 0.554 0.532
Generation: 25
agents2Test 0.700000 0.554000 25 100 500 10 0 0 0.002 0.048 0.112 0.198 0.298 0.396 0.48 0.542 0.554
Generation: 26
agents2Test 0.700000 0.566000 26 100 500 10 0 0 0.002 0.046 0.12 0.224 0.31 0.392 0.458 0.518 0.566
Generation: 27
agents2Test 0.700000 0.572000 27 100 500 10 0 0 0.002 0.054 0.134 0.268 0.392 0.464 0.518 0.568 0.572
Generation: 28
agents2Test 0.700000 0.582000 28 100 500 10 0 0 0.004 0.052 0.15 0.284 0.384 0.466 0.526 0.56 0.582
Generation: 29
agents2Test 0.700000 0.618000 29 100 500 10 0 0 0.002 0.062 0.162 0.284 0.386 0.484 0.554 0.608 0.618
Generation: 30
agents2Test 0.700000 0.640000 30 100 500 10 0 0 0.004 0.058 0.164 0.298 0.416 0.522 0.594 0.642 0.64
Generation: 31
agents2Test 0.700000 0.654000 31 100 500 10 0 0 0.002 0.042 0.102 0.228 0.356 0.47 0.574 0.656 0.654
Generation: 32
agents2Test 0.700000 0.654000 32 100 500 10 0 0 0.004 0.042 0.092 0.212 0.33 0.438 0.548 0.64 0.654
Generation: 33
agents2Test 0.700000 0.660000 33 100 500 10 0 0 0.004 0.056 0.134 0.268 0.384 0.496 0.578 0.648 0.66
Generation: 34
agents2Test 0.700000 0.680000 34 100 500 10 0 0 0.004 0.05 0.108 0.226 0.36 0.474 0.584 0.66 0.68
Generation: 35
agents2Test 0.700000 0.694000 35 100 500 10 0 0 0.004 0.052 0.116 0.256 0.396 0.506 0.588 0.668 0.694
Generation: 36
agents2Test 0.700000 0.736000 36 100 500 10 0 0 0.004 0.056 0.134 0.292 0.448 0.564 0.674 0.756 0.736
Generation: 37
agents2Test 0.700000 0.748000 37 100 500 10 0 0 0.002 0.062 0.14 0.294 0.47 0.582 0.688 0.768 0.748
Generation: 38
agents2Test 0.700000 0.758000 38 100 500 10 0 0 0.004 0.056 0.126 0.266 0.4 0.52 0.656 0.742 0.758
Generation: 39
agents2Test 0.700000 0.792000 39 100 500 10 0 0 0.004 0.058 0.138 0.3 0.464 0.586 0.678 0.75 0.792
Generation: 40
agents2Test 0.700000 0.794000 40 100 500 10 0 0 0.004 0.058 0.134 0.294 0.474 0.576 0.678 0.778 0.794
Generation: 41
agents2Test 0.700000 0.822000 41 100 500 10 0 0 0.004 0.058 0.13 0.292 0.45 0.562 0.712 0.79 0.822
Generation: 42
agents2Test 0.700000 0.828000 42 100 500 10 0 0 0.002 0.062 0.142 0.306 0.468 0.596 0.722 0.806 0.828
Generation: 43
agents2Test 0.700000 0.834000 43 100 500 10 0 0 0.002 0.056 0.148 0.32 0.5 0.63 0.742 0.822 0.834
Generation: 44
agents2Test 0.700000 0.846000 44 100 500 10 0 0 0.004 0.06 0.162 0.326 0.486 0.6 0.746 0.846 0.846
Generation: 45
agents2Test 0.700000 0.848000 45 100 500 10 0 0 0.002 0.06 0.162 0.348 0.52 0.638 0.76 0.858 0.848
Generation: 46
agents2Test 0.700000 0.850000 46 100 500 10 0 0 0.004 0.06 0.15 0.334 0.494 0.618 0.756 0.84 0.85
Generation: 47
agents2Test 0.700000 0.852000 47 100 500 10 0 0 0.004 0.06 0.16 0.326 0.49 0.62 0.77 0.858 0.852
Generation: 48
agents2Test 0.700000 0.878000 48 100 500 10 0 0 0.004 0.064 0.178 0.35 0.54 0.668 0.778 0.846 0.878
Generation: 49
agents2Test 0.700000 0.878000 49 100 500 10 0 0 0.004 0.062 0.182 0.366 0.544 0.66 0.762 0.848 0.878
Generation: 50
agents2Test 0.700000 0.890000 50 100 500 10 0 0 0.004 0.064 0.172 0.354 0.522 0.644 0.776 0.864 0.89
Generation: 51
agents2Test 0.700000 0.902000 51 100 500 10 0 0 0.004 0.064 0.182 0.362 0.532 0.658 0.804 0.894 0.902
Generation: 52
agents2Test 0.700000 0.922000 52 100 500 10 0 0 0.004 0.064 0.198 0.396 0.574 0.7 0.83 0.902 0.922
Generation: 53
agents2Test 0.700000 0.922000 53 100 500 10 0 0 0.004 0.064 0.174 0.382 0.556 0.686 0.84 0.912 0.922
Generation: 54
agents2Test 0.700000 0.928000 54 100 500 10 0 0 0.004 0.064 0.216 0.414 0.568 0.69 0.816 0.912 0.928
Generation: 55
agents2Test 0.700000 0.940000 55 100 500 10 0 0 0.004 0.064 0.176 0.382 0.568 0.692 0.84 0.908 0.94
Generation: 56
agents2Test 0.700000 0.944000 56 100 500 10 0 0 0.004 0.064 0.166 0.336 0.524 0.664 0.824 0.916 0.944
Generation: 57
agents2Test 0.700000 0.944000 57 100 500 10 0 0 0.004 0.064 0.166 0.322 0.512 0.648 0.812 0.912 0.944
Generation: 58
agents2Test 0.700000 0.944000 58 100 500 10 0 0 0.004 0.064 0.16 0.318 0.508 0.646 0.794 0.896 0.944
Generation: 59
agents2Test 0.700000 0.960000 59 100 500 10 0 0 0.004 0.064 0.19 0.384 0.584 0.704 0.824 0.912 0.96
Generation: 60
agents2Test 0.700000 0.960000 60 100 500 10 0 0 0.004 0.064 0.198 0.398 0.586 0.698 0.834 0.916 0.96
Generation: 61
agents2Test 0.700000 0.960000 61 100 500 10 0 0 0.004 0.064 0.184 0.388 0.584 0.714 0.852 0.924 0.96
Generation: 62
agents2Test 0.700000 0.960000 62 100 500 10 0 0 0.004 0.064 0.192 0.394 0.564 0.688 0.85 0.926 0.96
Generation: 63
agents2Test 0.700000 0.960000 63 100 500 10 0 0 0.004 0.064 0.186 0.382 0.568 0.698 0.85 0.932 0.96
Generation: 64
agents2Test 0.700000 0.962000 64 100 500 10 0 0 0.002 0.062 0.178 0.376 0.57 0.702 0.87 0.944 0.962
Generation: 65
agents2Test 0.700000 0.966000 65 100 500 10 0 0 0.004 0.064 0.188 0.394 0.59 0.72 0.892 0.966 0.966
Generation: 66
agents2Test 0.700000 0.966000 66 100 500 10 0 0 0.004 0.064 0.198 0.402 0.604 0.724 0.882 0.962 0.966
Generation: 67
agents2Test 0.700000 0.972000 67 100 500 10 0 0 0.004 0.064 0.186 0.382 0.574 0.722 0.908 0.976 0.972
Generation: 68
agents2Test 0.700000 0.972000 68 100 500 10 0 0 0.004 0.064 0.188 0.378 0.576 0.706 0.868 0.94 0.972
Generation: 69
agents2Test 0.700000 0.972000 69 100 500 10 0 0 0.004 0.064 0.194 0.392 0.594 0.736 0.906 0.972 0.972
Generation: 70
agents2Test 0.700000 0.980000 70 100 500 10 0 0 0.004 0.064 0.188 0.372 0.564 0.708 0.88 0.964 0.98
Generation: 71
agents2Test 0.700000 0.980000 71 100 500 10 0 0 0.004 0.064 0.17 0.348 0.546 0.702 0.868 0.954 0.98
Generation: 72
agents2Test 0.700000 0.980000 72 100 500 10 0 0 0.004 0.064 0.178 0.37 0.562 0.714 0.888 0.976 0.98
Generation: 73
agents2Test 0.700000 0.980000 73 100 500 10 0 0 0.004 0.064 0.188 0.37 0.562 0.712 0.884 0.956 0.98
Generation: 74
agents2Test 0.700000 0.980000 74 100 500 10 0 0 0.004 0.064 0.166 0.368 0.57 0.716 0.89 0.976 0.98
Generation: 75
agents2Test 0.700000 0.988000 75 100 500 10 0 0 0.004 0.064 0.174 0.374 0.578 0.734 0.908 0.962 0.988
Generation: 76
agents2Test 0.700000 0.988000 76 100 500 10 0 0 0.004 0.064 0.18 0.382 0.586 0.758 0.92 0.988 0.988
Generation: 77
agents2Test 0.700000 0.988000 77 100 500 10 0 0 0.004 0.064 0.166 0.364 0.566 0.728 0.904 0.98 0.988
Generation: 78
agents2Test 0.700000 0.988000 78 100 500 10 0 0 0.004 0.064 0.188 0.386 0.586 0.746 0.922 0.972 0.988
Generation: 79
agents2Test 0.700000 0.988000 79 100 500 10 0 0 0.004 0.064 0.166 0.37 0.572 0.724 0.878 0.944 0.988
Generation: 80
agents2Test 0.700000 0.990000 80 100 500 10 0 0 0.004 0.064 0.214 0.43 0.63 0.772 0.908 0.974 0.99
Generation: 81
agents2Test 0.700000 0.990000 81 100 500 10 0 0 0.004 0.064 0.206 0.42 0.624 0.778 0.928 0.972 0.99
Generation: 82
agents2Test 0.700000 0.990000 82 100 500 10 0 0 0.004 0.066 0.212 0.416 0.62 0.774 0.93 0.98 0.99
Generation: 83
agents2Test 0.700000 0.990000 83 100 500 10 0 0 0.004 0.064 0.208 0.41 0.616 0.762 0.91 0.968 0.99
Generation: 84
agents2Test 0.700000 0.992000 84 100 500 10 0 0 0.002 0.058 0.204 0.41 0.61 0.752 0.912 0.968 0.992
Generation: 85
agents2Test 0.700000 0.992000 85 100 500 10 0 0 0.004 0.062 0.202 0.396 0.598 0.746 0.894 0.956 0.992
Generation: 86
agents2Test 0.700000 0.992000 86 100 500 10 0 0 0.004 0.056 0.21 0.404 0.608 0.772 0.922 0.972 0.992
Generation: 87
agents2Test 0.700000 0.992000 87 100 500 10 0 0 0.004 0.064 0.208 0.408 0.596 0.742 0.912 0.972 0.992
Generation: 88
agents2Test 0.700000 0.992000 88 100 500 10 0 0 0.004 0.062 0.204 0.402 0.598 0.75 0.914 0.978 0.992
Generation: 89
agents2Test 0.700000 0.992000 89 100 500 10 0 0 0.004 0.06 0.206 0.404 0.598 0.742 0.896 0.964 0.992
Generation: 90
agents2Test 0.700000 0.992000 90 100 500 10 0 0 0.002 0.058 0.206 0.396 0.596 0.758 0.924 0.982 0.992
Generation: 91
agents2Test 0.700000 0.998000 91 100 500 10 0 0 0.004 0.064 0.216 0.422 0.62 0.778 0.944 0.988 0.998
Generation: 92
agents2Test 0.700000 1.000000 92 100 500 10 0 0 0.004 0.064 0.214 0.418 0.62 0.782 0.95 0.998 1
agents2Test 0.700000 1.000000 93 100 500 10 0 0 0.004 0.064 0.214 0.42 0.624 0.786 0.956 0.99 1
Generation: 0
agents2Test 0.700000 0.072000 0 100 500 10 0 0 0 0.008 0.016 0.026 0.028 0.032 0.042 0.054 0.072
Generation: 1
agents2Test 0.700000 0.094000 1 100 500 10 0 0 0 0.008 0.012 0.022 0.046 0.06 0.068 0.082 0.094
Generation: 2
agents2Test 0.700000 0.110000 2 100 500 10 0 0 0.002 0.014 0.026 0.04 0.05 0.06 0.08 0.102 0.11
Generation: 3
agents2Test 0.700000 0.124000 3 100 500 10 0 0 0.002 0.026 0.036 0.058 0.074 0.09 0.106 0.12 0.124
Generation: 4
agents2Test 0.700000 0.156000 4 100 500 10 0 0 0 0.014 0.02 0.028 0.048 0.076 0.106 0.116 0.156
Generation: 5
agents2Test 0.700000 0.172000 5 100 500 10 0 0 0 0.01 0.022 0.054 0.072 0.094 0.116 0.14 0.172
Generation: 6
agents2Test 0.700000 0.172000 6 100 500 10 0 0 0 0.012 0.02 0.034 0.046 0.058 0.086 0.126 0.172
Generation: 7
agents2Test 0.700000 0.182000 7 100 500 10 0 0 0 0.02 0.036 0.064 0.084 0.11 0.132 0.152 0.182
Generation: 8
agents2Test 0.700000 0.192000 8 100 500 10 0 0 0.002 0.024 0.046 0.07 0.09 0.106 0.132 0.16 0.192
Generation: 9
agents2Test 0.700000 0.206000 9 100 500 10 0 0 0.002 0.024 0.036 0.058 0.082 0.118 0.152 0.192 0.206
Generation: 10
agents2Test 0.700000 0.222000 10 100 500 10 0 0 0.004 0.034 0.046 0.082 0.12 0.154 0.184 0.21 0.222
Generation: 11
agents2Test 0.700000 0.244000 11 100 500 10 0 0 0.002 0.034 0.044 0.068 0.094 0.124 0.166 0.2 0.244
Generation: 12
agents2Test 0.700000 0.258000 12 100 500 10 0 0 0 0.024 0.05 0.068 0.102 0.156 0.206 0.234 0.258
Generation: 13
agents2Test 0.700000 0.276000 13 100 500 10 0 0 0 0.02 0.044 0.07 0.102 0.146 0.19 0.246 0.276
Generation: 14
agents2Test 0.700000 0.286000 14 100 500 10 0 0 0 0.02 0.04 0.078 0.118 0.17 0.206 0.254 0.286
Generation: 15
agents2Test 0.700000 0.350000 15 100 500 10 0 0 0 0.032 0.072 0.122 0.154 0.204 0.25 0.308 0.35
Generation: 16
agents2Test 0.700000 0.360000 16 100 500 10 0 0 0.002 0.036 0.062 0.128 0.176 0.222 0.268 0.314 0.36
Generation: 17
agents2Test 0.700000 0.378000 17 100 500 10 0 0 0.002 0.038 0.092 0.154 0.2 0.24 0.29 0.348 0.378
Generation: 18
agents2Test 0.700000 0.388000 18 100 500 10 0 0 0 0.044 0.084 0.144 0.216 0.286 0.356 0.404 0.388
Generation: 19
agents2Test 0.700000 0.438000 19 100 500 10 0 0 0.002 0.042 0.08 0.16 0.218 0.296 0.346 0.418 0.438
Generation: 20
agents2Test 0.700000 0.460000 20 100 500 10 0 0 0.002 0.038 0.092 0.18 0.244 0.306 0.362 0.414 0.46
Generation: 21
agents2Test 0.700000 0.488000 21 100 500 10 0 0 0.002 0.038 0.092 0.182 0.258 0.348 0.416 0.478 0.488
Generation: 22
agents2Test 0.700000 0.508000 22 100 500 10 0 0 0.004 0.05 0.114 0.214 0.298 0.376 0.446 0.5 0.508
Generation: 23
agents2Test 0.700000 0.558000 23 100 500 10 0 0 0.004 0.054 0.128 0.234 0.35 0.438 0.494 0.554 0.558
Generation: 24
agents2Test 0.700000 0.566000 24 100 500 10 0 0 0.004 0.044 0.122 0.236 0.326 0.418 0.478 0.55 0.566
Generation: 25
agents2Test 0.700000 0.622000 25 100 500 10 0 0 0.004 0.058 0.138 0.244 0.36 0.454 0.538 0.612 0.622
Generation: 26
agents2Test 0.700000 0.628000 26 100 500 10 0 0 0.004 0.05 0.13 0.26 0.394 0.496 0.568 0.64 0.628
Generation: 27
agents2Test 0.700000 0.640000 27 100 500 10 0 0 0.002 0.052 0.154 0.28 0.4 0.53 0.604 0.656 0.64
Generation: 28
agents2Test 0.700000 0.658000 28 100 500 10 0 0 0.004 0.054 0.13 0.256 0.364 0.49 0.574 0.634 0.658
Generation: 29
agents2Test 0.700000 0.684000 29 100 500 10 0 0 0.004 0.052 0.142 0.27 0.382 0.52 0.618 0.676 0.684
Generation: 30
agents2Test 0.700000 0.696000 30 100 500 10 0 0 0.002 0.062 0.162 0.294 0.412 0.536 0.61 0.664 0.696
Generation: 31
agents2Test 0.700000 0.700000 31 100 500 10 0 0 0.002 0.054 0.148 0.294 0.416 0.518 0.586 0.648 0.7
Generation: 32
agents2Test 0.700000 0.714000 32 100 500 10 0 0 0.004 0.062 0.166 0.302 0.414 0.526 0.6 0.664 0.714
Generation: 33
agents2Test 0.700000 0.728000 33 100 500 10 0 0 0.004 0.062 0.17 0.31 0.438 0.58 0.656 0.722 0.728
Generation: 34
agents2Test 0.700000 0.736000 34 100 500 10 0 0 0.004 0.062 0.142 0.292 0.438 0.58 0.666 0.74 0.736
Generation: 35
agents2Test 0.700000 0.766000 35 100 500 10 0 0 0.004 0.056 0.17 0.316 0.458 0.594 0.672 0.752 0.766
Generation: 36
agents2Test 0.700000 0.784000 36 100 500 10 0 0 0.004 0.062 0.178 0.33 0.454 0.562 0.656 0.736 0.784
Generation: 37
agents2Test 0.700000 0.784000 37 100 500 10 0 0 0.002 0.056 0.15 0.288 0.418 0.56 0.65 0.736 0.784
Generation: 38
agents2Test 0.700000 0.784000 38 100 500 10 0 0 0.002 0.056 0.158 0.298 0.422 0.544 0.634 0.712 0.784
Generation: 39
agents2Test 0.700000 0.784000 39 100 500 10 0 0 0.002 0.058 0.17 0.308 0.45 0.588 0.682 0.756 0.784
Generation: 40
agents2Test 0.700000 0.798000 40 100 500 10 0 0 0.004 0.062 0.192 0.356 0.506 0.644 0.738 0.8 0.798
Generation: 41
agents2Test 0.700000 0.812000 41 100 500 10 0 0 0.004 0.066 0.198 0.352 0.498 0.63 0.706 0.774 0.812
Generation: 42
agents2Test 0.700000 0.824000 42 100 500 10 0 0 0.002 0.062 0.19 0.338 0.484 0.62 0.694 0.76 0.824
Generation: 43
agents2Test 0.700000 0.824000 43 100 500 10 0 0 0.002 0.06 0.194 0.354 0.52 0.652 0.746 0.812 0.824
Generation: 44
agents2Test 0.700000 0.840000 44 100 500 10 0 0 0.004 0.06 0.198 0.34 0.498 0.642 0.746 0.814 0.84
Generation: 45
agents2Test 0.700000 0.846000 45 100 500 10 0 0 0.004 0.062 0.204 0.338 0.496 0.656 0.764 0.838 0.846
Generation: 46
agents2Test 0.700000 0.864000 46 100 500 10 0 0 0.004 0.066 0.2 0.348 0.5 0.648 0.754 0.822 0.864
Generation: 47
agents2Test 0.700000 0.864000 47 100 500 10 0 0 0.004 0.064 0.176 0.338 0.496 0.636 0.72 0.78 0.864
Generation: 48
agents2Test 0.700000 0.874000 48 100 500 10 0 0 0.002 0.062 0.2 0.34 0.524 0.68 0.778 0.844 0.874
Generation: 49
agents2Test 0.700000 0.900000 49 100 500 10 0 0 0.004 0.062 0.208 0.362 0.536 0.706 0.836 0.91 0.9
Generation: 50
agents2Test 0.700000 0.900000 50 100 500 10 0 0 0.004 0.062 0.214 0.368 0.54 0.686 0.786 0.882 0.9
Generation: 51
agents2Test 0.700000 0.900000 51 100 500 10 0 0 0.004 0.064 0.224 0.378 0.542 0.692 0.806 0.89 0.9
Generation: 52
agents2Test 0.700000 0.900000 52 100 500 10 0 0 0.004 0.064 0.21 0.358 0.534 0.692 0.812 0.89 0.9
Generation: 53
agents2Test 0.700000 0.908000 53 100 500 10 0 0 0.004 0.066 0.22 0.358 0.534 0.688 0.798 0.888 0.908
Generation: 54
agents2Test 0.700000 0.912000 54 100 500 10 0 0 0.004 0.064 0.186 0.354 0.536 0.682 0.796 0.884 0.912
Generation: 55
agents2Test 0.700000 0.926000 55 100 500 10 0 0 0.004 0.06 0.19 0.346 0.538 0.692 0.808 0.884 0.926
Generation: 56
agents2Test 0.700000 0.930000 56 100 500 10 0 0 0.004 0.064 0.212 0.38 0.552 0.716 0.83 0.892 0.93
Generation: 57
agents2Test 0.700000 0.930000 57 100 500 10 0 0 0.004 0.064 0.224 0.384 0.554 0.72 0.84 0.912 0.93
Generation: 58
agents2Test 0.700000 0.936000 58 100 500 10 0 0 0.004 0.064 0.2 0.388 0.566 0.714 0.834 0.912 0.936
Generation: 59
agents2Test 0.700000 0.936000 59 100 500 10 0 0 0.004 0.06 0.196 0.384 0.56 0.7 0.83 0.918 0.936
Generation: 60
agents2Test 0.700000 0.946000 60 100 500 10 0 0 0.004 0.066 0.208 0.39 0.534 0.686 0.842 0.91 0.946
Generation: 61
agents2Test 0.700000 0.954000 61 100 500 10 0 0 0.004 0.064 0.204 0.382 0.552 0.708 0.842 0.936 0.954
Generation: 62
agents2Test 0.700000 0.954000 62 100 500 10 0 0 0.004 0.062 0.218 0.38 0.562 0.718 0.86 0.942 0.954
Generation: 63
agents2Test 0.700000 0.954000 63 100 500 10 0 0 0.004 0.064 0.208 0.388 0.558 0.706 0.854 0.94 0.954
Generation: 64
agents2Test 0.700000 0.954000 64 100 500 10 0 0 0.004 0.066 0.196 0.368 0.55 0.702 0.848 0.938 0.954
Generation: 65
agents2Test 0.700000 0.954000 65 100 500 10 0 0 0.004 0.064 0.216 0.382 0.554 0.722 0.868 0.944 0.954
Generation: 66
agents2Test 0.700000 0.966000 66 100 500 10 0 0 0.004 0.062 0.186 0.356 0.538 0.73 0.886 0.954 0.966
Generation: 67
agents2Test 0.700000 0.966000 67 100 500 10 0 0 0.004 0.062 0.186 0.352 0.536 0.724 0.868 0.934 0.966
Generation: 68
agents2Test 0.700000 0.968000 68 100 500 10 0 0 0.004 0.064 0.19 0.376 0.55 0.738 0.898 0.972 0.968
Generation: 69
agents2Test 0.700000 0.982000 69 100 500 10 0 0 0.004 0.064 0.2 0.37 0.55 0.744 0.9 0.976 0.982
Generation: 70
agents2Test 0.700000 0.982000 70 100 500 10 0 0 0.004 0.064 0.208 0.378 0.562 0.752 0.916 0.974 0.982
Generation: 71
agents2Test 0.700000 0.986000 71 100 500 10 0 0 0.004 0.068 0.204 0.398 0.582 0.77 0.912 0.97 0.986
Generation: 72
agents2Test 0.700000 0.990000 72 100 500 10 0 0 0.004 0.066 0.208 0.396 0.59 0.782 0.934 0.978 0.99
Generation: 73
agents2Test 0.700000 0.990000 73 100 500 10 0 0 0.004 0.068 0.2 0.388 0.572 0.76 0.912 0.978 0.99
Generation: 74
agents2Test 0.700000 0.990000 74 100 500 10 0 0 0.004 0.068 0.194 0.374 0.546 0.732 0.918 0.986 0.99
Generation: 75
agents2Test 0.700000 0.990000 75 100 500 10 0 0 0.004 0.064 0.198 0.38 0.556 0.746 0.922 0.982 0.99
Generation: 76
agents2Test 0.700000 0.992000 76 100 500 10 0 0 0.004 0.066 0.21 0.4 0.582 0.77 0.938 0.986 0.992
Generation: 77
agents2Test 0.700000 0.994000 77 100 500 10 0 0 0.004 0.062 0.188 0.378 0.564 0.758 0.9 0.97 0.994
Generation: 78
agents2Test 0.700000 0.998000 78 100 500 10 0 0 0.004 0.064 0.188 0.394 0.584 0.776 0.928 0.986 0.998
Generation: 79
agents2Test 0.700000 0.998000 79 100 500 10 0 0 0.004 0.064 0.19 0.38 0.566 0.76 0.914 0.974 0.998
Generation: 80
agents2Test 0.700000 0.998000 80 100 500 10 0 0 0.004 0.066 0.186 0.386 0.58 0.774 0.93 0.98 0.998
Generation: 81
agents2Test 0.700000 0.998000 81 100 500 10 0 0 0.004 0.066 0.176 0.37 0.562 0.752 0.922 0.99 0.998
Generation: 82
agents2Test 0.700000 0.998000 82 100 500 10 0 0 0.004 0.064 0.19 0.37 0.562 0.758 0.918 0.982 0.998
Generation: 83
agents2Test 0.700000 1.000000 83 100 500 10 0 0 0.004 0.066 0.202 0.4 0.582 0.774 0.946 0.99 1
agents2Test 0.700000 1.000000 84 100 500 10 0 0 0.004 0.066 0.198 0.392 0.574 0.76 0.94 0.992 1
Generation: 0
agents2Test 0.700000 0.092000 0 100 500 10 0 0 0.002 0.01 0.016 0.03 0.046 0.054 0.074 0.086 0.092
Generation: 1
agents2Test 0.700000 0.098000 1 100 500 10 0 0 0 0.002 0.008 0.024 0.032 0.054 0.076 0.094 0.098
Generation: 2
agents2Test 0.700000 0.118000 2 100 500 10 0 0 0 0.014 0.026 0.046 0.052 0.078 0.094 0.128 0.118
Generation: 3
agents2Test 0.700000 0.132000 3 100 500 10 0 0 0.002 0.018 0.026 0.036 0.05 0.068 0.086 0.11 0.132
Generation: 4
agents2Test 0.700000 0.154000 4 100 500 10 0 0 0 0.01 0.022 0.044 0.06 0.096 0.12 0.148 0.154
Generation: 5
agents2Test 0.700000 0.168000 5 100 500 10 0 0 0 0.014 0.032 0.064 0.08 0.106 0.12 0.15 0.168
Generation: 6
agents2Test 0.700000 0.190000 6 100 500 10 0 0 0 0.02 0.028 0.062 0.088 0.11 0.148 0.19 0.19
Generation: 7
agents2Test 0.700000 0.214000 7 100 500 10 0 0 0 0.016 0.038 0.072 0.09 0.114 0.142 0.168 0.214
Generation: 8
agents2Test 0.700000 0.214000 8 100 500 10 0 0 0 0.026 0.048 0.07 0.104 0.13 0.152 0.184 0.214
Generation: 9
agents2Test 0.700000 0.230000 9 100 500 10 0 0 0 0.026 0.05 0.082 0.116 0.15 0.18 0.206 0.23
Generation: 10
agents2Test 0.700000 0.264000 10 100 500 10 0 0 0.004 0.024 0.046 0.086 0.114 0.16 0.19 0.216 0.264
Generation: 11
agents2Test 0.700000 0.286000 11 100 500 10 0 0 0 0.026 0.054 0.106 0.152 0.186 0.212 0.254 0.286
Generation: 12
agents2Test 0.700000 0.306000 12 100 500 10 0 0 0.002 0.02 0.05 0.102 0.142 0.202 0.254 0.298 0.306
Generation: 13
agents2Test 0.700000 0.346000 13 100 500 10 0 0 0.002 0.028 0.068 0.126 0.182 0.242 0.28 0.332 0.346
Generation: 14
agents2Test 0.700000 0.352000 14 100 500 10 0 0 0.002 0.032 0.07 0.128 0.184 0.246 0.288 0.336 0.352
Generation: 15
agents2Test 0.700000 0.382000 15 100 500 10 0 0 0 0.028 0.08 0.124 0.174 0.23 0.28 0.326 0.382
Generation: 16
agents2Test 0.700000 0.396000 16 100 500 10 0 0 0.004 0.044 0.1 0.17 0.222 0.292 0.328 0.376 0.396
Generation: 17
agents2Test 0.700000 0.400000 17 100 500 10 0 0 0.002 0.048 0.098 0.168 0.238 0.31 0.364 0.42 0.4
Generation: 18
agents2Test 0.700000 0.454000 18 100 500 10 0 0 0.002 0.038 0.096 0.17 0.238 0.326 0.404 0.47 0.454
Generation: 19
agents2Test 0.700000 0.458000 19 100 500 10 0 0 0.002 0.036 0.114 0.186 0.244 0.302 0.364 0.418 0.458
Generation: 20
agents2Test 0.700000 0.480000 20 100 500 10 0 0 0 0.032 0.072 0.128 0.208 0.294 0.372 0.448 0.48
Generation: 21
agents2Test 0.700000 0.528000 21 100 500 10 0 0 0.002 0.042 0.11 0.18 0.25 0.324 0.396 0.47 0.528
Generation: 22
agents2Test 0.700000 0.538000 22 100 500 10 0 0 0.002 0.048 0.108 0.194 0.304 0.422 0.5 0.56 0.538
Generation: 23
agents2Test 0.700000 0.538000 23 100 500 10 0 0 0.004 0.05 0.12 0.206 0.308 0.408 0.482 0.556 0.538
Generation: 24
agents2Test 0.700000 0.568000 24 100 500 10 0 0 0.002 0.044 0.134 0.236 0.342 0.43 0.49 0.546 0.568
Generation: 25
agents2Test 0.700000 0.570000 25 100 500 10 0 0 0.002 0.052 0.126 0.21 0.306 0.42 0.49 0.556 0.57
Generation: 26
agents2Test 0.700000 0.610000 26 100 500 10 0 0 0.002 0.044 0.108 0.204 0.312 0.426 0.508 0.572 0.61
Generation: 27
agents2Test 0.700000 0.610000 27 100 500 10 0 0 0.004 0.056 0.126 0.212 0.304 0.406 0.514 0.592 0.61
Generation: 28
agents2Test 0.700000 0.630000 28 100 500 10 0 0 0.004 0.056 0.166 0.306 0.436 0.5 0.542 0.58 0.63
Generation: 29
agents2Test 0.700000 0.634000 29 100 500 10 0 0 0.004 0.058 0.144 0.29 0.418 0.542 0.616 0.67 0.634
Generation: 30
agents2Test 0.700000 0.666000 30 100 500 10 0 0 0.004 0.054 0.146 0.258 0.396 0.5 0.58 0.632 0.666
Generation: 31
agents2Test 0.700000 0.692000 31 100 500 10 0 0 0.002 0.052 0.178 0.298 0.418 0.548 0.632 0.69 0.692
Generation: 32
agents2Test 0.700000 0.692000 32 100 500 10 0 0 0.004 0.05 0.164 0.29 0.404 0.502 0.578 0.636 0.692
Generation: 33
agents2Test 0.700000 0.698000 33 100 500 10 0 0 0.004 0.058 0.14 0.266 0.406 0.53 0.622 0.68 0.698
Generation: 34
agents2Test 0.700000 0.698000 34 100 500 10 0 0 0.004 0.056 0.146 0.264 0.388 0.482 0.556 0.624 0.698
Generation: 35
agents2Test 0.700000 0.720000 35 100 500 10 0 0 0.004 0.062 0.162 0.298 0.438 0.574 0.654 0.698 0.72
Generation: 36
agents2Test 0.700000 0.722000 36 100 500 10 0 0 0.002 0.052 0.152 0.284 0.41 0.516 0.602 0.668 0.722
Generation: 37
agents2Test 0.700000 0.742000 37 100 500 10 0 0 0.004 0.054 0.176 0.31 0.444 0.542 0.612 0.676 0.742
Generation: 38
agents2Test 0.700000 0.764000 38 100 500 10 0 0 0.004 0.06 0.16 0.298 0.444 0.572 0.668 0.734 0.764
Generation: 39
agents2Test 0.700000 0.770000 39 100 500 10 0 0 0.004 0.06 0.184 0.342 0.504 0.63 0.696 0.748 0.77
Generation: 40
agents2Test 0.700000 0.780000 40 100 500 10 0 0 0.002 0.056 0.158 0.29 0.456 0.594 0.7 0.766 0.78
Generation: 41
agents2Test 0.700000 0.780000 41 100 500 10 0 0 0.004 0.058 0.162 0.3 0.43 0.552 0.66 0.736 0.78
Generation: 42
agents2Test 0.700000 0.780000 42 100 500 10 0 0 0.004 0.062 0.19 0.346 0.464 0.604 0.68 0.738 0.78
Generation: 43
agents2Test 0.700000 0.792000 43 100 500 10 0 0 0.002 0.052 0.16 0.314 0.468 0.612 0.7 0.756 0.792
Generation: 44
agents2Test 0.700000 0.806000 44 100 500 10 0 0 0.004 0.056 0.158 0.298 0.452 0.592 0.682 0.752 0.806
Generation: 45
agents2Test 0.700000 0.806000 45 100 500 10 0 0 0.004 0.054 0.156 0.294 0.436 0.562 0.662 0.75 0.806
Generation: 46
agents2Test 0.700000 0.826000 46 100 500 10 0 0 0.002 0.06 0.18 0.33 0.484 0.632 0.732 0.822 0.826
Generation: 47
agents2Test 0.700000 0.826000 47 100 500 10 0 0 0.004 0.056 0.154 0.304 0.47 0.628 0.744 0.814 0.826
Generation: 48
agents2Test 0.700000 0.844000 48 100 500 10 0 0 0.004 0.058 0.182 0.346 0.484 0.624 0.75 0.814 0.844
Generation: 49
agents2Test 0.700000 0.848000 49 100 500 10 0 0 0.002 0.062 0.16 0.298 0.456 0.594 0.696 0.79 0.848
Generation: 50
agents2Test 0.700000 0.860000 50 100 500 10 0 0 0.004 0.06 0.186 0.354 0.516 0.658 0.76 0.838 0.86
Generation: 51
agents2Test 0.700000 0.872000 51 100 500 10 0 0 0.004 0.062 0.192 0.368 0.508 0.652 0.778 0.846 0.872
Generation: 52
agents2Test 0.700000 0.880000 52 100 500 10 0 0 0.004 0.06 0.184 0.38 0.532 0.686 0.802 0.874 0.88
Generation: 53
agents2Test 0.700000 0.896000 53 100 500 10 0 0 0.004 0.06 0.184 0.368 0.526 0.688 0.8 0.876 0.896
Generation: 54
agents2Test 0.700000 0.896000 54 100 500 10 0 0 0.004 0.06 0.178 0.34 0.5 0.66 0.79 0.876 0.896
Generation: 55
agents2Test 0.700000 0.900000 55 100 500 10 0 0 0.004 0.06 0.174 0.328 0.492 0.648 0.788 0.882 0.9
Generation: 56
agents2Test 0.700000 0.924000 56 100 500 10 0 0 0.002 0.058 0.186 0.35 0.522 0.678 0.78 0.85 0.924
Generation: 57
agents2Test 0.700000 0.924000 57 100 500 10 0 0 0.004 0.062 0.162 0.332 0.502 0.686 0.82 0.914 0.924
Generation: 58
agents2Test 0.700000 0.924000 58 100 500 10 0 0 0.002 0.058 0.158 0.34 0.504 0.682 0.796 0.878 0.924
Generation: 59
agents2Test 0.700000 0.924000 59 100 500 10 0 0 0.002 0.058 0.168 0.326 0.508 0.688 0.81 0.888 0.924
Generation: 60
agents2Test 0.700000 0.924000 60 100 500 10 0 0 0.004 0.06 0.168 0.324 0.482 0.67 0.796 0.886 0.924
Generation: 61
agents2Test 0.700000 0.924000 61 100 500 10 0 0 0.004 0.054 0.182 0.344 0.526 0.688 0.8 0.866 0.924
Generation: 62
agents2Test 0.700000 0.924000 62 100 500 10 0 0 0.004 0.058 0.172 0.332 0.502 0.68 0.8 0.886 0.924
Generation: 63
agents2Test 0.700000 0.932000 63 100 500 10 0 0 0.004 0.064 0.212 0.41 0.564 0.704 0.844 0.922 0.932
Generation: 64
agents2Test 0.700000 0.934000 64 100 500 10 0 0 0.004 0.064 0.212 0.412 0.598 0.758 0.862 0.92 0.934
Generation: 65
agents2Test 0.700000 0.934000 65 100 500 10 0 0 0.004 0.062 0.202 0.422 0.598 0.756 0.878 0.934 0.934
Generation: 66
agents2Test 0.700000 0.946000 66 100 500 10 0 0 0.004 0.064 0.206 0.428 0.596 0.76 0.892 0.944 0.946
Generation: 67
agents2Test 0.700000 0.946000 67 100 500 10 0 0 0.004 0.062 0.214 0.43 0.578 0.736 0.862 0.918 0.946
Generation: 68
agents2Test 0.700000 0.952000 68 100 500 10 0 0 0.004 0.062 0.198 0.418 0.572 0.758 0.89 0.956 0.952
Generation: 69
agents2Test 0.700000 0.962000 69 100 500 10 0 0 0.004 0.062 0.186 0.4 0.566 0.748 0.892 0.942 0.962
Generation: 70
agents2Test 0.700000 0.962000 70 100 500 10 0 0 0.004 0.06 0.208 0.422 0.586 0.762 0.884 0.94 0.962
Generation: 71
agents2Test 0.700000 0.964000 71 100 500 10 0 0 0.004 0.06 0.192 0.408 0.582 0.75 0.878 0.948 0.964
Generation: 72
agents2Test 0.700000 0.974000 72 100 500 10 0 0 0.004 0.062 0.202 0.402 0.564 0.728 0.882 0.958 0.974
Generation: 73
agents2Test 0.700000 0.982000 73 100 500 10 0 0 0.004 0.064 0.208 0.432 0.62 0.786 0.902 0.972 0.982
Generation: 74
agents2Test 0.700000 0.982000 74 100 500 10 0 0 0.004 0.064 0.204 0.422 0.612 0.792 0.906 0.964 0.982
Generation: 75
agents2Test 0.700000 0.982000 75 100 500 10 0 0 0.004 0.062 0.204 0.426 0.628 0.804 0.906 0.958 0.982
Generation: 76
agents2Test 0.700000 0.982000 76 100 500 10 0 0 0.004 0.062 0.206 0.414 0.622 0.808 0.91 0.96 0.982
Generation: 77
agents2Test 0.700000 0.982000 77 100 500 10 0 0 0.004 0.064 0.198 0.424 0.638 0.804 0.91 0.964 0.982
Generation: 78
agents2Test 0.700000 0.982000 78 100 500 10 0 0 0.004 0.064 0.202 0.424 0.622 0.786 0.9 0.95 0.982
Generation: 79
agents2Test 0.700000 0.984000 79 100 500 10 0 0 0.002 0.06 0.176 0.382 0.55 0.734 0.892 0.962 0.984
Generation: 80
agents2Test 0.700000 0.984000 80 100 500 10 0 0 0.004 0.064 0.174 0.376 0.57 0.732 0.856 0.93 0.984
Generation: 81
agents2Test 0.700000 0.984000 81 100 500 10 0 0 0.004 0.062 0.182 0.382 0.566 0.742 0.876 0.954 0.984
Generation: 82
agents2Test 0.700000 0.984000 82 100 500 10 0 0 0.004 0.064 0.172 0.344 0.538 0.752 0.886 0.958 0.984
Generation: 83
agents2Test 0.700000 0.984000 83 100 500 10 0 0 0.004 0.062 0.18 0.398 0.588 0.756 0.902 0.962 0.984
Generation: 84
agents2Test 0.700000 0.986000 84 100 500 10 0 0 0.004 0.064 0.22 0.446 0.626 0.792 0.91 0.968 0.986
Generation: 85
agents2Test 0.700000 0.986000 85 100 500 10 0 0 0.004 0.064 0.216 0.434 0.63 0.808 0.936 0.986 0.986
Generation: 86
agents2Test 0.700000 0.990000 86 100 500 10 0 0 0.004 0.064 0.188 0.408 0.6 0.778 0.906 0.966 0.99
Generation: 87
agents2Test 0.700000 0.990000 87 100 500 10 0 0 0.004 0.064 0.19 0.392 0.596 0.784 0.918 0.98 0.99
Generation: 88
agents2Test 0.700000 0.992000 88 100 500 10 0 0 0.004 0.064 0.206 0.418 0.624 0.812 0.938 0.984 0.992
Generation: 89
agents2Test 0.700000 0.992000 89 100 500 10 0 0 0.004 0.062 0.206 0.436 0.638 0.832 0.944 0.98 0.992
Generation: 90
agents2Test 0.700000 0.994000 90 100 500 10 0 0 0.004 0.064 0.2 0.416 0.622 0.792 0.928 0.98 0.994
Generation: 91
agents2Test 0.700000 0.994000 91 100 500 10 0 0 0.004 0.062 0.204 0.424 0.62 0.788 0.924 0.982 0.994
Generation: 92
agents2Test 0.700000 0.994000 92 100 500 10 0 0 0.004 0.064 0.196 0.416 0.616 0.796 0.914 0.978 0.994
Generation: 93
agents2Test 0.700000 0.994000 93 100 500 10 0 0 0.004 0.062 0.2 0.41 0.606 0.778 0.922 0.986 0.994
Generation: 94
agents2Test 0.700000 0.994000 94 100 500 10 0 0 0.004 0.064 0.206 0.424 0.622 0.792 0.93 0.992 0.994
Generation: 95
agents2Test 0.700000 0.994000 95 100 500 10 0 0 0.004 0.062 0.206 0.402 0.6 0.792 0.922 0.972 0.994
Generation: 96
agents2Test 0.700000 0.996000 96 100 500 10 0 0 0.004 0.064 0.222 0.444 0.65 0.836 0.948 0.996 0.996
Generation: 97
agents2Test 0.700000 0.996000 97 100 500 10 0 0 0.004 0.062 0.21 0.446 0.654 0.832 0.944 0.982 0.996
Generation: 98
agents2Test 0.700000 0.996000 98 100 500 10 0 0 0.004 0.062 0.198 0.424 0.626 0.818 0.95 0.978 0.996
Generation: 99
agents2Test 0.700000 0.996000 99 100 500 10 0 0 0.004 0.064 0.22 0.452 0.66 0.832 0.954 0.986 0.996
agents2Test 0.700000 0.996000 100 100 500 10 0 0 0.004 0.064 0.222 0.434 0.64 0.834 0.954 0.988 0.996
Generation: 0
agents2Test 0.700000 0.098000 0 100 500 10 0 0 0 0.006 0.008 0.026 0.044 0.058 0.078 0.106 0.098
Generation: 1
agents2Test 0.700000 0.104000 1 100 500 10 0 0 0 0.01 0.014 0.028 0.038 0.06 0.08 0.098 0.104
Generation: 2
agents2Test 0.700000 0.144000 2 100 500 10 0 0 0 0.008 0.008 0.016 0.026 0.046 0.064 0.074 0.144
Generation: 3
agents2Test 0.700000 0.144000 3 100 500 10 0 0 0.002 0.002 0.018 0.034 0.044 0.058 0.066 0.086 0.144
Generation: 4
agents2Test 0.700000 0.144000 4 100 500 10 0 0 0.002 0.008 0.02 0.028 0.042 0.056 0.068 0.084 0.144
Generation: 5
agents2Test 0.700000 0.154000 5 100 500 10 0 0 0.004 0.018 0.036 0.044 0.06 0.088 0.114 0.156 0.154
Generation: 6
agents2Test 0.700000 0.170000 6 100 500 10 0 0 0 0.01 0.024 0.042 0.06 0.08 0.1 0.116 0.17
Generation: 7
agents2Test 0.700000 0.186000 7 100 500 10 0 0 0 0.018 0.03 0.062 0.096 0.132 0.16 0.198 0.186
Generation: 8
agents2Test 0.700000 0.234000 8 100 500 10 0 0 0 0.012 0.034 0.06 0.086 0.112 0.144 0.182 0.234
Generation: 9
agents2Test 0.700000 0.234000 9 100 500 10 0 0 0 0.01 0.018 0.052 0.09 0.134 0.174 0.214 0.234
Generation: 10
agents2Test 0.700000 0.242000 10 100 500 10 0 0 0 0.02 0.032 0.048 0.084 0.116 0.17 0.228 0.242
Generation: 11
agents2Test 0.700000 0.260000 11 100 500 10 0 0 0 0.022 0.042 0.082 0.106 0.148 0.178 0.226 0.26
Generation: 12
agents2Test 0.700000 0.268000 12 100 500 10 0 0 0 0.01 0.034 0.074 0.11 0.164 0.194 0.232 0.268
Generation: 13
agents2Test 0.700000 0.286000 13 100 500 10 0 0 0.002 0.028 0.05 0.09 0.12 0.16 0.216 0.26 0.286
Generation: 14
agents2Test 0.700000 0.312000 14 100 500 10 0 0 0 0.024 0.054 0.098 0.134 0.176 0.23 0.284 0.312
Generation: 15
agents2Test 0.700000 0.338000 15 100 500 10 0 0 0 0.03 0.07 0.124 0.172 0.226 0.26 0.302 0.338
Generation: 16
agents2Test 0.700000 0.374000 16 100 500 10 0 0 0.004 0.036 0.078 0.144 0.212 0.286 0.334 0.394 0.374
Generation: 17
agents2Test 0.700000 0.432000 17 100 500 10 0 0 0.004 0.042 0.096 0.184 0.25 0.308 0.36 0.422 0.432
Generation: 18
agents2Test 0.700000 0.442000 18 100 500 10 0 0 0.002 0.028 0.068 0.152 0.216 0.282 0.348 0.422 0.442
Generation: 19
agents2Test 0.700000 0.474000 19 100 500 10 0 0 0 0.044 0.106 0.188 0.27 0.346 0.416 0.48 0.474
Generation: 20
agents2Test 0.700000 0.504000 20 100 500 10 0 0 0.002 0.056 0.116 0.192 0.27 0.364 0.426 0.492 0.504
Generation: 21
agents2Test 0.700000 0.516000 21 100 500 10 0 0 0.002 0.048 0.102 0.176 0.242 0.314 0.362 0.426 0.516
Generation: 22
agents2Test 0.700000 0.542000 22 100 500 10 0 0 0.004 0.058 0.128 0.226 0.338 0.444 0.508 0.568 0.542
Generation: 23
agents2Test 0.700000 0.606000 23 100 500 10 0 0 0.004 0.048 0.12 0.238 0.356 0.448 0.524 0.586 0.606
Generation: 24
agents2Test 0.700000 0.624000 24 100 500 10 0 0 0.004 0.058 0.116 0.224 0.352 0.446 0.54 0.62 0.624
Generation: 25
agents2Test 0.700000 0.624000 25 100 500 10 0 0 0.004 0.054 0.124 0.226 0.34 0.472 0.564 0.634 0.624
Generation: 26
agents2Test 0.700000 0.664000 26 100 500 10 0 0 0.004 0.058 0.13 0.254 0.356 0.486 0.576 0.64 0.664
Generation: 27
agents2Test 0.700000 0.668000 27 100 500 10 0 0 0 0.044 0.12 0.226 0.346 0.464 0.542 0.622 0.668
Generation: 28
agents2Test 0.700000 0.682000 28 100 500 10 0 0 0.004 0.058 0.138 0.268 0.378 0.512 0.6 0.672 0.682
Generation: 29
agents2Test 0.700000 0.694000 29 100 500 10 0 0 0.004 0.06 0.142 0.256 0.368 0.48 0.56 0.664 0.694
Generation: 30
agents2Test 0.700000 0.704000 30 100 500 10 0 0 0.002 0.052 0.132 0.258 0.37 0.492 0.584 0.664 0.704
Generation: 31
agents2Test 0.700000 0.718000 31 100 500 10 0 0 0.002 0.054 0.124 0.232 0.346 0.49 0.584 0.658 0.718
Generation: 32
agents2Test 0.700000 0.730000 32 100 500 10 0 0 0.004 0.052 0.158 0.328 0.47 0.602 0.69 0.754 0.73
Generation: 33
agents2Test 0.700000 0.758000 33 100 500 10 0 0 0.002 0.056 0.152 0.306 0.452 0.604 0.702 0.748 0.758
Generation: 34
agents2Test 0.700000 0.806000 34 100 500 10 0 0 0.004 0.06 0.158 0.314 0.47 0.598 0.694 0.792 0.806
Generation: 35
agents2Test 0.700000 0.822000 35 100 500 10 0 0 0.004 0.062 0.168 0.326 0.476 0.616 0.726 0.794 0.822
Generation: 36
agents2Test 0.700000 0.828000 36 100 500 10 0 0 0.002 0.064 0.17 0.336 0.488 0.632 0.714 0.796 0.828
Generation: 37
agents2Test 0.700000 0.828000 37 100 500 10 0 0 0.004 0.064 0.17 0.346 0.5 0.656 0.752 0.83 0.828
Generation: 38
agents2Test 0.700000 0.850000 38 100 500 10 0 0 0.004 0.066 0.178 0.342 0.486 0.612 0.712 0.812 0.85
Generation: 39
agents2Test 0.700000 0.856000 39 100 500 10 0 0 0.004 0.068 0.174 0.344 0.496 0.662 0.756 0.846 0.856
Generation: 40
agents2Test 0.700000 0.872000 40 100 500 10 0 0 0.004 0.06 0.162 0.314 0.476 0.64 0.75 0.846 0.872
Generation: 41
agents2Test 0.700000 0.890000 41 100 500 10 0 0 0.004 0.064 0.182 0.356 0.508 0.658 0.778 0.876 0.89
Generation: 42
agents2Test 0.700000 0.890000 42 100 500 10 0 0 0.004 0.06 0.174 0.362 0.51 0.672 0.8 0.89 0.89
Generation: 43
agents2Test 0.700000 0.894000 43 100 500 10 0 0 0.004 0.064 0.184 0.352 0.52 0.668 0.778 0.854 0.894
Generation: 44
agents2Test 0.700000 0.896000 44 100 500 10 0 0 0.004 0.064 0.164 0.314 0.472 0.644 0.782 0.88 0.896
Generation: 45
agents2Test 0.700000 0.900000 45 100 500 10 0 0 0.004 0.07 0.168 0.342 0.514 0.686 0.792 0.888 0.9
Generation: 46
agents2Test 0.700000 0.922000 46 100 500 10 0 0 0.004 0.064 0.186 0.362 0.526 0.688 0.82 0.898 0.922
Generation: 47
agents2Test 0.700000 0.926000 47 100 500 10 0 0 0.004 0.062 0.186 0.368 0.52 0.688 0.826 0.904 0.926
Generation: 48
agents2Test 0.700000 0.928000 48 100 500 10 0 0 0.004 0.064 0.208 0.406 0.556 0.706 0.828 0.896 0.928
Generation: 49
agents2Test 0.700000 0.944000 49 100 500 10 0 0 0.004 0.068 0.202 0.404 0.574 0.738 0.856 0.938 0.944
Generation: 50
agents2Test 0.700000 0.944000 50 100 500 10 0 0 0.004 0.066 0.194 0.386 0.56 0.718 0.832 0.926 0.944
Generation: 51
agents2Test 0.700000 0.946000 51 100 500 10 0 0 0.004 0.064 0.182 0.372 0.564 0.722 0.82 0.908 0.946
Generation: 52
agents2Test 0.700000 0.946000 52 100 500 10 0 0 0.004 0.06 0.182 0.366 0.544 0.704 0.814 0.898 0.946
Generation: 53
agents2Test 0.700000 0.946000 53 100 500 10 0 0 0.004 0.064 0.184 0.368 0.55 0.7 0.814 0.902 0.946
Generation: 54
agents2Test 0.700000 0.946000 54 100 500 10 0 0 0.004 0.064 0.204 0.38 0.544 0.704 0.834 0.926 0.946
Generation: 55
agents2Test 0.700000 0.948000 55 100 500 10 0 0 0.004 0.068 0.194 0.394 0.572 0.74 0.872 0.956 0.948
Generation: 56
agents2Test 0.700000 0.950000 56 100 500 10 0 0 0.004 0.066 0.206 0.406 0.57 0.72 0.858 0.932 0.95
Generation: 57
agents2Test 0.700000 0.954000 57 100 500 10 0 0 0.004 0.066 0.198 0.38 0.536 0.702 0.868 0.956 0.954
Generation: 58
agents2Test 0.700000 0.954000 58 100 500 10 0 0 0.004 0.064 0.218 0.406 0.558 0.722 0.884 0.952 0.954
Generation: 59
agents2Test 0.700000 0.964000 59 100 500 10 0 0 0.004 0.068 0.22 0.412 0.598 0.766 0.872 0.936 0.964
Generation: 60
agents2Test 0.700000 0.964000 60 100 500 10 0 0 0.004 0.068 0.218 0.414 0.6 0.772 0.892 0.956 0.964
Generation: 61
agents2Test 0.700000 0.964000 61 100 500 10 0 0 0.004 0.066 0.216 0.428 0.616 0.78 0.906 0.956 0.964
Generation: 62
agents2Test 0.700000 0.976000 62 100 500 10 0 0 0.004 0.066 0.208 0.41 0.608 0.788 0.916 0.976 0.976
Generation: 63
agents2Test 0.700000 0.978000 63 100 500 10 0 0 0.004 0.068 0.21 0.41 0.598 0.778 0.916 0.966 0.978
Generation: 64
agents2Test 0.700000 0.978000 64 100 500 10 0 0 0.004 0.066 0.214 0.424 0.598 0.772 0.878 0.954 0.978
Generation: 65
agents2Test 0.700000 0.978000 65 100 500 10 0 0 0.004 0.066 0.216 0.416 0.594 0.76 0.896 0.964 0.978
Generation: 66
agents2Test 0.700000 0.978000 66 100 500 10 0 0 0.004 0.068 0.218 0.426 0.61 0.772 0.898 0.966 0.978
Generation: 67
agents2Test 0.700000 0.984000 67 100 500 10 0 0 0.004 0.07 0.226 0.418 0.594 0.78 0.902 0.954 0.984
Generation: 68
agents2Test 0.700000 0.984000 68 100 500 10 0 0 0.004 0.066 0.224 0.434 0.628 0.798 0.916 0.966 0.984
Generation: 69
agents2Test 0.700000 0.984000 69 100 500 10 0 0 0.004 0.068 0.222 0.43 0.616 0.8 0.934 0.974 0.984
Generation: 70
agents2Test 0.700000 0.988000 70 100 500 10 0 0 0.004 0.068 0.21 0.414 0.604 0.782 0.934 0.962 0.988
Generation: 71
agents2Test 0.700000 0.988000 71 100 500 10 0 0 0.004 0.068 0.208 0.396 0.592 0.766 0.908 0.972 0.988
Generation: 72
agents2Test 0.700000 0.988000 72 100 500 10 0 0 0.004 0.068 0.204 0.392 0.588 0.786 0.924 0.978 0.988
Generation: 73
agents2Test 0.700000 0.992000 73 100 500 10 0 0 0.004 0.068 0.218 0.416 0.612 0.784 0.906 0.978 0.992
Generation: 74
agents2Test 0.700000 0.992000 74 100 500 10 0 0 0.004 0.068 0.226 0.438 0.64 0.806 0.922 0.978 0.992
Generation: 75
agents2Test 0.700000 0.992000 75 100 500 10 0 0 0.004 0.068 0.228 0.44 0.636 0.814 0.928 0.98 0.992
Generation: 76
agents2Test 0.700000 0.992000 76 100 500 10 0 0 0.004 0.07 0.232 0.442 0.634 0.79 0.924 0.986 0.992
Generation: 77
agents2Test 0.700000 0.992000 77 100 500 10 0 0 0.004 0.066 0.222 0.426 0.622 0.8 0.944 0.99 0.992
Generation: 78
agents2Test 0.700000 0.992000 78 100 500 10 0 0 0.004 0.066 0.23 0.44 0.636 0.794 0.904 0.962 0.992
Generation: 79
agents2Test 0.700000 0.992000 79 100 500 10 0 0 0.004 0.064 0.222 0.434 0.634 0.798 0.91 0.974 0.992
Generation: 80
agents2Test 0.700000 0.992000 80 100 500 10 0 0 0.004 0.068 0.23 0.436 0.622 0.782 0.926 0.98 0.992
Generation: 81
agents2Test 0.700000 0.992000 81 100 500 10 0 0 0.004 0.066 0.22 0.424 0.632 0.786 0.91 0.97 0.992
Generation: 82
agents2Test 0.700000 0.992000 82 100 500 10 0 0 0.004 0.068 0.232 0.45 0.62 0.786 0.898 0.958 0.992
Generation: 83
agents2Test 0.700000 0.996000 83 100 500 10 0 0 0.004 0.066 0.212 0.412 0.614 0.82 0.958 0.99 0.996
Generation: 84
agents2Test 0.700000 0.996000 84 100 500 10 0 0 0.004 0.068 0.228 0.422 0.618 0.818 0.95 0.986 0.996
Generation: 85
agents2Test 0.700000 0.996000 85 100 500 10 0 0 0.004 0.068 0.226 0.436 0.648 0.82 0.946 0.986 0.996
Generation: 86
agents2Test 0.700000 0.996000 86 100 500 10 0 0 0.004 0.068 0.242 0.434 0.634 0.828 0.958 0.996 0.996
Generation: 87
agents2Test 0.700000 0.996000 87 100 500 10 0 0 0.004 0.068 0.226 0.412 0.608 0.808 0.946 0.992 0.996
Generation: 88
agents2Test 0.700000 0.996000 88 100 500 10 0 0 0.004 0.072 0.222 0.422 0.628 0.822 0.95 0.988 0.996
Generation: 89
agents2Test 0.700000 0.996000 89 100 500 10 0 0 0.004 0.066 0.222 0.426 0.636 0.814 0.942 0.984 0.996
Generation: 90
agents2Test 0.700000 0.998000 90 100 500 10 0 0 0.004 0.068 0.216 0.414 0.62 0.824 0.948 0.994 0.998
Generation: 91
agents2Test 0.700000 0.998000 91 100 500 10 0 0 0.004 0.068 0.24 0.422 0.634 0.838 0.964 0.994 0.998
Generation: 92
agents2Test 0.700000 1.000000 92 100 500 10 0 0 0.004 0.064 0.218 0.402 0.604 0.812 0.966 0.998 1
agents2Test 0.700000 1.000000 93 100 500 10 0 0 0.004 0.068 0.23 0.436 0.632 0.818 0.944 0.988 1
Generation: 0
agents2Test 0.700000 0.058000 0 100 500 10 0 0 0 0.006 0.012 0.016 0.036 0.042 0.056 0.07 0.058
Generation: 1
agents2Test 0.700000 0.072000 1 100 500 10 0 0 0 0 0.004 0.006 0.01 0.022 0.026 0.038 0.072
Generation: 2
agents2Test 0.700000 0.076000 2 100 500 10 0 0 0 0.002 0.012 0.02 0.026 0.054 0.064 0.07 0.076
Generation: 3
agents2Test 0.700000 0.112000 3 100 500 10 0 0 0 0.002 0.006 0.014 0.032 0.046 0.058 0.074 0.112
Generation: 4
agents2Test 0.700000 0.114000 4 100 500 10 0 0 0 0.004 0.004 0.024 0.03 0.042 0.068 0.098 0.114
Generation: 5
agents2Test 0.700000 0.122000 5 100 500 10 0 0 0 0.006 0.012 0.026 0.046 0.062 0.078 0.092 0.122
Generation: 6
agents2Test 0.700000 0.138000 6 100 500 10 0 0 0 0.004 0.02 0.032 0.05 0.062 0.088 0.106 0.138
Generation: 7
agents2Test 0.700000 0.150000 7 100 500 10 0 0 0 0.01 0.022 0.036 0.054 0.07 0.086 0.108 0.15
Generation: 8
agents2Test 0.700000 0.178000 8 100 500 10 0 0 0 0.012 0.026 0.038 0.05 0.062 0.088 0.116 0.178
Generation: 9
agents2Test 0.700000 0.188000 9 100 500 10 0 0 0 0.012 0.024 0.044 0.074 0.116 0.152 0.186 0.188
Generation: 10
agents2Test 0.700000 0.216000 10 100 500 10 0 0 0 0.006 0.016 0.036 0.068 0.112 0.144 0.19 0.216
Generation: 11
agents2Test 0.700000 0.224000 11 100 500 10 0 0 0 0.018 0.038 0.064 0.112 0.15 0.192 0.228 0.224
Generation: 12
agents2Test 0.700000 0.270000 12 100 500 10 0 0 0.002 0.014 0.042 0.082 0.112 0.168 0.204 0.258 0.27
Generation: 13
agents2Test 0.700000 0.270000 13 100 500 10 0 0 0 0.022 0.054 0.096 0.126 0.174 0.218 0.27 0.27
Generation: 14
agents2Test 0.700000 0.314000 14 100 500 10 0 0 0 0.018 0.046 0.09 0.134 0.182 0.234 0.282 0.314
Generation: 15
agents2Test 0.700000 0.318000 15 100 500 10 0 0 0 0.016 0.034 0.082 0.122 0.192 0.254 0.302 0.318
Generation: 16
agents2Test 0.700000 0.366000 16 100 500 10 0 0 0.002 0.014 0.054 0.1 0.152 0.208 0.262 0.318 0.366
Generation: 17
agents2Test 0.700000 0.392000 17 100 500 10 0 0 0.002 0.034 0.06 0.108 0.162 0.206 0.262 0.324 0.392
Generation: 18
agents2Test 0.700000 0.392000 18 100 500 10 0 0 0.004 0.04 0.074 0.12 0.166 0.216 0.27 0.326 0.392
Generation: 19
agents2Test 0.700000 0.442000 19 100 500 10 0 0 0 0.032 0.074 0.132 0.21 0.282 0.374 0.45 0.442
Generation: 20
agents2Test 0.700000 0.482000 20 100 500 10 0 0 0.002 0.026 0.074 0.144 0.232 0.308 0.38 0.448 0.482
Generation: 21
agents2Test 0.700000 0.486000 21 100 500 10 0 0 0.004 0.048 0.086 0.148 0.224 0.306 0.382 0.454 0.486
Generation: 22
agents2Test 0.700000 0.508000 22 100 500 10 0 0 0.002 0.04 0.092 0.164 0.254 0.32 0.38 0.452 0.508
Generation: 23
agents2Test 0.700000 0.564000 23 100 500 10 0 0 0.002 0.048 0.118 0.208 0.326 0.448 0.526 0.57 0.564
Generation: 24
agents2Test 0.700000 0.586000 24 100 500 10 0 0 0.004 0.046 0.102 0.18 0.29 0.402 0.49 0.562 0.586
Generation: 25
agents2Test 0.700000 0.604000 25 100 500 10 0 0 0.002 0.04 0.108 0.198 0.324 0.424 0.518 0.6 0.604
Generation: 26
agents2Test 0.700000 0.644000 26 100 500 10 0 0 0 0.042 0.098 0.188 0.312 0.44 0.538 0.622 0.644
Generation: 27
agents2Test 0.700000 0.654000 27 100 500 10 0 0 0.004 0.058 0.136 0.232 0.374 0.512 0.606 0.664 0.654
Generation: 28
agents2Test 0.700000 0.688000 28 100 500 10 0 0 0.002 0.056 0.148 0.256 0.39 0.498 0.588 0.664 0.688
Generation: 29
agents2Test 0.700000 0.704000 29 100 500 10 0 0 0.004 0.064 0.152 0.278 0.428 0.556 0.644 0.71 0.704
Generation: 30
agents2Test 0.700000 0.718000 30 100 500 10 0 0 0.004 0.056 0.126 0.22 0.372 0.492 0.608 0.708 0.718
Generation: 31
agents2Test 0.700000 0.750000 31 100 500 10 0 0 0.004 0.052 0.12 0.22 0.374 0.506 0.626 0.718 0.75
Generation: 32
agents2Test 0.700000 0.750000 32 100 500 10 0 0 0.004 0.056 0.13 0.242 0.396 0.528 0.646 0.728 0.75
Generation: 33
agents2Test 0.700000 0.754000 33 100 500 10 0 0 0.004 0.054 0.13 0.238 0.398 0.54 0.674 0.764 0.754
Generation: 34
agents2Test 0.700000 0.770000 34 100 500 10 0 0 0.004 0.058 0.14 0.272 0.434 0.55 0.664 0.754 0.77
Generation: 35
agents2Test 0.700000 0.792000 35 100 500 10 0 0 0.004 0.058 0.132 0.232 0.394 0.536 0.662 0.752 0.792
Generation: 36
agents2Test 0.700000 0.808000 36 100 500 10 0 0 0.004 0.058 0.138 0.25 0.424 0.59 0.714 0.808 0.808
Generation: 37
agents2Test 0.700000 0.816000 37 100 500 10 0 0 0.004 0.06 0.154 0.29 0.464 0.584 0.694 0.774 0.816
Generation: 38
agents2Test 0.700000 0.822000 38 100 500 10 0 0 0.004 0.062 0.144 0.27 0.442 0.594 0.716 0.82 0.822
Generation: 39
agents2Test 0.700000 0.854000 39 100 500 10 0 0 0.004 0.058 0.144 0.262 0.432 0.606 0.732 0.818 0.854
Generation: 40
agents2Test 0.700000 0.854000 40 100 500 10 0 0 0.004 0.056 0.138 0.27 0.448 0.61 0.75 0.844 0.854
Generation: 41
agents2Test 0.700000 0.856000 41 100 500 10 0 0 0.004 0.058 0.138 0.256 0.426 0.604 0.73 0.816 0.856
Generation: 42
agents2Test 0.700000 0.870000 42 100 500 10 0 0 0.004 0.058 0.142 0.258 0.428 0.622 0.806 0.878 0.87
Generation: 43
agents2Test 0.700000 0.870000 43 100 500 10 0 0 0.002 0.056 0.138 0.264 0.446 0.626 0.76 0.844 0.87
Generation: 44
agents2Test 0.700000 0.880000 44 100 500 10 0 0 0.004 0.062 0.146 0.29 0.472 0.658 0.778 0.86 0.88
Generation: 45
agents2Test 0.700000 0.884000 45 100 500 10 0 0 0.004 0.058 0.144 0.274 0.454 0.632 0.768 0.848 0.884
Generation: 46
agents2Test 0.700000 0.898000 46 100 500 10 0 0 0.004 0.06 0.146 0.3 0.476 0.65 0.782 0.864 0.898
Generation: 47
agents2Test 0.700000 0.914000 47 100 500 10 0 0 0.004 0.064 0.17 0.33 0.52 0.69 0.806 0.888 0.914
Generation: 48
agents2Test 0.700000 0.914000 48 100 500 10 0 0 0.004 0.064 0.154 0.304 0.49 0.68 0.824 0.904 0.914
Generation: 49
agents2Test 0.700000 0.920000 49 100 500 10 0 0 0.004 0.064 0.164 0.322 0.506 0.7 0.834 0.918 0.92
Generation: 50
agents2Test 0.700000 0.934000 50 100 500 10 0 0 0.004 0.064 0.158 0.32 0.504 0.692 0.844 0.902 0.934
Generation: 51
agents2Test 0.700000 0.934000 51 100 500 10 0 0 0.004 0.064 0.156 0.312 0.494 0.68 0.834 0.922 0.934
Generation: 52
agents2Test 0.700000 0.934000 52 100 500 10 0 0 0.004 0.064 0.172 0.324 0.506 0.696 0.83 0.906 0.934
Generation: 53
agents2Test 0.700000 0.936000 53 100 500 10 0 0 0.004 0.064 0.158 0.302 0.478 0.666 0.862 0.952 0.936
Generation: 54
agents2Test 0.700000 0.946000 54 100 500 10 0 0 0.004 0.062 0.152 0.288 0.47 0.652 0.834 0.926 0.946
Generation: 55
agents2Test 0.700000 0.954000 55 100 500 10 0 0 0.004 0.064 0.154 0.284 0.464 0.654 0.844 0.94 0.954
Generation: 56
agents2Test 0.700000 0.960000 56 100 500 10 0 0 0.004 0.064 0.158 0.308 0.486 0.67 0.868 0.954 0.96
Generation: 57
agents2Test 0.700000 0.960000 57 100 500 10 0 0 0.004 0.064 0.168 0.334 0.516 0.702 0.876 0.95 0.96
Generation: 58
agents2Test 0.700000 0.962000 58 100 500 10 0 0 0.004 0.064 0.164 0.318 0.502 0.692 0.876 0.958 0.962
Generation: 59
agents2Test 0.700000 0.972000 59 100 500 10 0 0 0.004 0.064 0.178 0.346 0.524 0.716 0.884 0.962 0.972
Generation: 60
agents2Test 0.700000 0.976000 60 100 500 10 0 0 0.004 0.064 0.172 0.348 0.532 0.722 0.898 0.966 0.976
Generation: 61
agents2Test 0.700000 0.978000 61 100 500 10 0 0 0.004 0.062 0.192 0.368 0.546 0.734 0.91 0.968 0.978
Generation: 62
agents2Test 0.700000 0.982000 62 100 500 10 0 0 0.004 0.064 0.184 0.358 0.536 0.728 0.886 0.962 0.982
Generation: 63
agents2Test 0.700000 0.982000 63 100 500 10 0 0 0.004 0.064 0.188 0.356 0.534 0.72 0.896 0.972 0.982
Generation: 64
agents2Test 0.700000 0.982000 64 100 500 10 0 0 0.004 0.064 0.174 0.35 0.534 0.724 0.878 0.956 0.982
Generation: 65
agents2Test 0.700000 0.988000 65 100 500 10 0 0 0.004 0.064 0.174 0.332 0.514 0.714 0.908 0.986 0.988
Generation: 66
agents2Test 0.700000 0.988000 66 100 500 10 0 0 0.004 0.064 0.166 0.32 0.506 0.7 0.898 0.966 0.988
Generation: 67
agents2Test 0.700000 0.988000 67 100 500 10 0 0 0.004 0.064 0.172 0.34 0.522 0.714 0.908 0.984 0.988
Generation: 68
agents2Test 0.700000 0.988000 68 100 500 10 0 0 0.004 0.064 0.166 0.344 0.528 0.72 0.916 0.982 0.988
Generation: 69
agents2Test 0.700000 0.988000 69 100 500 10 0 0 0.004 0.064 0.166 0.344 0.534 0.726 0.918 0.984 0.988
Generation: 70
agents2Test 0.700000 0.994000 70 100 500 10 0 0 0.004 0.064 0.21 0.378 0.57 0.752 0.922 0.982 0.994
Generation: 71
agents2Test 0.700000 0.994000 71 100 500 10 0 0 0.004 0.064 0.212 0.38 0.57 0.74 0.898 0.968 0.994
Generation: 72
agents2Test 0.700000 0.994000 72 100 500 10 0 0 0.004 0.064 0.212 0.39 0.578 0.758 0.926 0.984 0.994
Generation: 73
agents2Test 0.700000 0.996000 73 100 500 10 0 0 0.004 0.064 0.168 0.336 0.522 0.716 0.914 0.994 0.996
Generation: 74
agents2Test 0.700000 0.996000 74 100 500 10 0 0 0.004 0.064 0.154 0.298 0.484 0.68 0.878 0.994 0.996
Generation: 75
agents2Test 0.700000 0.998000 75 100 500 10 0 0 0.004 0.064 0.214 0.376 0.56 0.754 0.942 0.994 0.998
Generation: 76
agents2Test 0.700000 0.998000 76 100 500 10 0 0 0.004 0.064 0.216 0.384 0.572 0.76 0.93 0.996 0.998
Generation: 77
agents2Test 0.700000 1.000000 77 100 500 10 0 0 0.004 0.064 0.218 0.402 0.584 0.774 0.934 0.998 1
agents2Test 0.700000 1.000000 78 100 500 10 0 0 0.004 0.064 0.216 0.4 0.586 0.778 0.936 0.996 1
Generation: 0
agents2Test 0.700000 0.056000 0 100 500 10 0 0 0 0.006 0.008 0.008 0.012 0.024 0.034 0.048 0.056
Generation: 1
agents2Test 0.700000 0.070000 1 100 500 10 0 0 0 0.002 0.008 0.012 0.02 0.032 0.048 0.056 0.07
Generation: 2
agents2Test 0.700000 0.078000 2 100 500 10 0 0 0 0.004 0.01 0.014 0.022 0.032 0.042 0.058 0.078
Generation: 3
agents2Test 0.700000 0.088000 3 100 500 10 0 0 0.002 0.008 0.01 0.016 0.02 0.032 0.038 0.052 0.088
Generation: 4
agents2Test 0.700000 0.106000 4 100 500 10 0 0 0 0.008 0.018 0.028 0.04 0.058 0.074 0.08 0.106
Generation: 5
agents2Test 0.700000 0.108000 5 100 500 10 0 0 0 0.01 0.02 0.03 0.044 0.058 0.068 0.092 0.108
Generation: 6
agents2Test 0.700000 0.120000 6 100 500 10 0 0 0.002 0.002 0.006 0.016 0.024 0.038 0.06 0.084 0.12
Generation: 7
agents2Test 0.700000 0.138000 7 100 500 10 0 0 0.004 0.012 0.024 0.032 0.054 0.066 0.076 0.106 0.138
Generation: 8
agents2Test 0.700000 0.160000 8 100 500 10 0 0 0.002 0.022 0.032 0.058 0.086 0.106 0.124 0.152 0.16
Generation: 9
agents2Test 0.700000 0.164000 9 100 500 10 0 0 0.002 0.018 0.03 0.046 0.072 0.1 0.13 0.156 0.164
Generation: 10
agents2Test 0.700000 0.198000 10 100 500 10 0 0 0.002 0.022 0.05 0.076 0.104 0.134 0.164 0.19 0.198
Generation: 11
agents2Test 0.700000 0.212000 11 100 500 10 0 0 0 0.01 0.022 0.038 0.066 0.102 0.13 0.162 0.212
Generation: 12
agents2Test 0.700000 0.214000 12 100 500 10 0 0 0.002 0.018 0.032 0.056 0.076 0.102 0.136 0.162 0.214
Generation: 13
agents2Test 0.700000 0.232000 13 100 500 10 0 0 0.002 0.014 0.04 0.062 0.086 0.12 0.154 0.198 0.232
Generation: 14
agents2Test 0.700000 0.246000 14 100 500 10 0 0 0 0.012 0.038 0.05 0.082 0.144 0.172 0.214 0.246
Generation: 15
agents2Test 0.700000 0.250000 15 100 500 10 0 0 0.002 0.024 0.044 0.09 0.124 0.152 0.188 0.224 0.25
Generation: 16
agents2Test 0.700000 0.328000 16 100 500 10 0 0 0.004 0.022 0.066 0.112 0.154 0.208 0.262 0.3 0.328
Generation: 17
agents2Test 0.700000 0.328000 17 100 500 10 0 0 0.002 0.028 0.05 0.088 0.118 0.174 0.23 0.272 0.328
Generation: 18
agents2Test 0.700000 0.328000 18 100 500 10 0 0 0.002 0.032 0.07 0.112 0.146 0.204 0.252 0.29 0.328
Generation: 19
agents2Test 0.700000 0.344000 19 100 500 10 0 0 0.002 0.036 0.072 0.122 0.168 0.224 0.274 0.334 0.344
Generation: 20
agents2Test 0.700000 0.374000 20 100 500 10 0 0 0 0.032 0.076 0.124 0.172 0.236 0.294 0.332 0.374
Generation: 21
agents2Test 0.700000 0.374000 21 100 500 10 0 0 0.002 0.036 0.076 0.122 0.172 0.236 0.296 0.346 0.374
Generation: 22
agents2Test 0.700000 0.390000 22 100 500 10 0 0 0 0.03 0.072 0.12 0.186 0.262 0.312 0.36 0.39
Generation: 23
agents2Test 0.700000 0.398000 23 100 500 10 0 0 0.002 0.028 0.08 0.138 0.208 0.284 0.32 0.36 0.398
Generation: 24
agents2Test 0.700000 0.436000 24 100 500 10 0 0 0.002 0.038 0.098 0.184 0.256 0.326 0.384 0.438 0.436
Generation: 25
agents2Test 0.700000 0.436000 25 100 500 10 0 0 0.002 0.038 0.086 0.162 0.228 0.306 0.372 0.418 0.436
Generation: 26
agents2Test 0.700000 0.456000 26 100 500 10 0 0 0 0.032 0.078 0.142 0.224 0.308 0.37 0.434 0.456
Generation: 27
agents2Test 0.700000 0.458000 27 100 500 10 0 0 0.002 0.032 0.062 0.122 0.2 0.278 0.352 0.416 0.458
Generation: 28
agents2Test 0.700000 0.476000 28 100 500 10 0 0 0.002 0.042 0.094 0.172 0.258 0.332 0.402 0.464 0.476
Generation: 29
agents2Test 0.700000 0.514000 29 100 500 10 0 0 0.004 0.046 0.11 0.188 0.25 0.356 0.45 0.5 0.514
Generation: 30
agents2Test 0.700000 0.516000 30 100 500 10 0 0 0.002 0.038 0.096 0.198 0.286 0.364 0.428 0.488 0.516
Generation: 31
agents2Test 0.700000 0.556000 31 100 500 10 0 0 0.002 0.046 0.11 0.202 0.294 0.382 0.462 0.546 0.556
Generation: 32
agents2Test 0.700000 0.572000 32 100 500 10 0 0 0.002 0.052 0.118 0.208 0.308 0.416 0.492 0.558 0.572
Generation: 33
agents2Test 0.700000 0.590000 33 100 500 10 0 0 0.004 0.056 0.13 0.214 0.308 0.408 0.476 0.538 0.59
Generation: 34
agents2Test 0.700000 0.590000 34 100 500 10 0 0 0.004 0.048 0.122 0.22 0.326 0.432 0.5 0.56 0.59
Generation: 35
agents2Test 0.700000 0.626000 35 100 500 10 0 0 0.002 0.056 0.134 0.232 0.324 0.428 0.504 0.578 0.626
Generation: 36
agents2Test 0.700000 0.638000 36 100 500 10 0 0 0.002 0.06 0.134 0.238 0.34 0.434 0.526 0.61 0.638
Generation: 37
agents2Test 0.700000 0.638000 37 100 500 10 0 0 0.002 0.046 0.13 0.24 0.334 0.454 0.552 0.63 0.638
Generation: 38
agents2Test 0.700000 0.648000 38 100 500 10 0 0 0.004 0.056 0.156 0.276 0.39 0.506 0.582 0.654 0.648
Generation: 39
agents2Test 0.700000 0.690000 39 100 500 10 0 0 0.004 0.06 0.146 0.264 0.384 0.518 0.61 0.716 0.69
Generation: 40
agents2Test 0.700000 0.690000 40 100 500 10 0 0 0.004 0.06 0.146 0.254 0.368 0.494 0.598 0.702 0.69
Generation: 41
agents2Test 0.700000 0.698000 41 100 500 10 0 0 0.004 0.064 0.148 0.282 0.406 0.516 0.608 0.692 0.698
Generation: 42
agents2Test 0.700000 0.728000 42 100 500 10 0 0 0.002 0.056 0.126 0.232 0.36 0.488 0.592 0.686 0.728
Generation: 43
agents2Test 0.700000 0.728000 43 100 500 10 0 0 0.004 0.058 0.158 0.292 0.416 0.528 0.616 0.696 0.728
Generation: 44
agents2Test 0.700000 0.728000 44 100 500 10 0 0 0.004 0.056 0.144 0.266 0.376 0.504 0.608 0.684 0.728
Generation: 45
agents2Test 0.700000 0.754000 45 100 500 10 0 0 0.004 0.058 0.148 0.276 0.408 0.528 0.614 0.72 0.754
Generation: 46
agents2Test 0.700000 0.754000 46 100 500 10 0 0 0.004 0.058 0.134 0.254 0.404 0.51 0.608 0.72 0.754
Generation: 47
agents2Test 0.700000 0.756000 47 100 500 10 0 0 0.004 0.056 0.14 0.264 0.384 0.514 0.634 0.736 0.756
Generation: 48
agents2Test 0.700000 0.758000 48 100 500 10 0 0 0.004 0.058 0.148 0.288 0.414 0.538 0.63 0.724 0.758
Generation: 49
agents2Test 0.700000 0.772000 49 100 500 10 0 0 0.004 0.06 0.164 0.338 0.484 0.608 0.694 0.764 0.772
Generation: 50
agents2Test 0.700000 0.808000 50 100 500 10 0 0 0.004 0.062 0.188 0.354 0.502 0.626 0.714 0.796 0.808
Generation: 51
agents2Test 0.700000 0.808000 51 100 500 10 0 0 0.004 0.06 0.174 0.334 0.464 0.594 0.692 0.774 0.808
Generation: 52
agents2Test 0.700000 0.836000 52 100 500 10 0 0 0.004 0.06 0.16 0.32 0.466 0.598 0.704 0.8 0.836
Generation: 53
agents2Test 0.700000 0.836000 53 100 500 10 0 0 0.004 0.056 0.148 0.276 0.43 0.584 0.702 0.798 0.836
Generation: 54
agents2Test 0.700000 0.836000 54 100 500 10 0 0 0.004 0.06 0.166 0.32 0.48 0.626 0.734 0.812 0.836
Generation: 55
agents2Test 0.700000 0.836000 55 100 500 10 0 0 0.004 0.06 0.164 0.318 0.474 0.604 0.694 0.778 0.836
Generation: 56
agents2Test 0.700000 0.848000 56 100 500 10 0 0 0.004 0.064 0.188 0.354 0.536 0.656 0.734 0.824 0.848
Generation: 57
agents2Test 0.700000 0.850000 57 100 500 10 0 0 0.004 0.058 0.162 0.326 0.496 0.63 0.74 0.844 0.85
Generation: 58
agents2Test 0.700000 0.876000 58 100 500 10 0 0 0.004 0.064 0.192 0.372 0.534 0.672 0.788 0.876 0.876
Generation: 59
agents2Test 0.700000 0.880000 59 100 500 10 0 0 0.004 0.066 0.206 0.376 0.534 0.658 0.764 0.83 0.88
Generation: 60
agents2Test 0.700000 0.926000 60 100 500 10 0 0 0.004 0.064 0.172 0.352 0.538 0.686 0.802 0.896 0.926
Generation: 61
agents2Test 0.700000 0.926000 61 100 500 10 0 0 0.004 0.066 0.182 0.354 0.54 0.688 0.8 0.884 0.926
Generation: 62
agents2Test 0.700000 0.926000 62 100 500 10 0 0 0.004 0.066 0.174 0.352 0.542 0.688 0.802 0.888 0.926
Generation: 63
agents2Test 0.700000 0.926000 63 100 500 10 0 0 0.004 0.066 0.182 0.352 0.546 0.704 0.814 0.892 0.926
Generation: 64
agents2Test 0.700000 0.926000 64 100 500 10 0 0 0.004 0.064 0.168 0.33 0.532 0.686 0.808 0.888 0.926
Generation: 65
agents2Test 0.700000 0.926000 65 100 500 10 0 0 0.004 0.064 0.188 0.364 0.556 0.688 0.794 0.88 0.926
Generation: 66
agents2Test 0.700000 0.938000 66 100 500 10 0 0 0.004 0.068 0.196 0.36 0.552 0.72 0.896 0.956 0.938
Generation: 67
agents2Test 0.700000 0.950000 67 100 500 10 0 0 0.004 0.064 0.192 0.386 0.578 0.732 0.87 0.946 0.95
Generation: 68
agents2Test 0.700000 0.950000 68 100 500 10 0 0 0.004 0.066 0.194 0.37 0.552 0.71 0.834 0.938 0.95
Generation: 69
agents2Test 0.700000 0.958000 69 100 500 10 0 0 0.004 0.066 0.184 0.346 0.536 0.672 0.844 0.92 0.958
Generation: 70
agents2Test 0.700000 0.962000 70 100 500 10 0 0 0.004 0.064 0.18 0.336 0.524 0.668 0.842 0.938 0.962
Generation: 71
agents2Test 0.700000 0.962000 71 100 500 10 0 0 0.004 0.064 0.192 0.372 0.564 0.694 0.87 0.946 0.962
Generation: 72
agents2Test 0.700000 0.970000 72 100 500 10 0 0 0.004 0.064 0.202 0.39 0.578 0.726 0.88 0.964 0.97
Generation: 73
agents2Test 0.700000 0.972000 73 100 500 10 0 0 0.004 0.064 0.18 0.362 0.554 0.702 0.874 0.958 0.972
Generation: 74
agents2Test 0.700000 0.978000 74 100 500 10 0 0 0.004 0.068 0.186 0.376 0.562 0.73 0.892 0.968 0.978
Generation: 75
agents2Test 0.700000 0.982000 75 100 500 10 0 0 0.004 0.064 0.188 0.388 0.576 0.742 0.9 0.97 0.982
Generation: 76
agents2Test 0.700000 0.982000 76 100 500 10 0 0 0.004 0.066 0.192 0.392 0.578 0.74 0.902 0.97 0.982
Generation: 77
agents2Test 0.700000 0.992000 77 100 500 10 0 0 0.004 0.064 0.182 0.38 0.572 0.738 0.898 0.962 0.992
Generation: 78
agents2Test 0.700000 0.992000 78 100 500 10 0 0 0.004 0.064 0.192 0.402 0.586 0.77 0.946 0.982 0.992
Generation: 79
agents2Test 0.700000 0.992000 79 100 500 10 0 0 0.004 0.066 0.192 0.382 0.572 0.734 0.906 0.974 0.992
Generation: 80
agents2Test 0.700000 0.992000 80 100 500 10 0 0 0.004 0.064 0.18 0.362 0.554 0.726 0.904 0.98 0.992
Generation: 81
agents2Test 0.700000 0.992000 81 100 500 10 0 0 0.004 0.064 0.198 0.392 0.586 0.742 0.906 0.972 0.992
Generation: 82
agents2Test 0.700000 0.992000 82 100 500 10 0 0 0.004 0.064 0.188 0.376 0.566 0.744 0.916 0.982 0.992
Generation: 83
agents2Test 0.700000 0.992000 83 100 500 10 0 0 0.004 0.064 0.176 0.378 0.576 0.728 0.902 0.978 0.992
Generation: 84
agents2Test 0.700000 0.996000 84 100 500 10 0 0 0.004 0.064 0.208 0.412 0.602 0.764 0.93 0.986 0.996
Generation: 85
agents2Test 0.700000 0.998000 85 100 500 10 0 0 0.004 0.066 0.214 0.416 0.612 0.762 0.924 0.986 0.998
Generation: 86
agents2Test 0.700000 0.998000 86 100 500 10 0 0 0.004 0.064 0.212 0.412 0.602 0.772 0.926 0.974 0.998
Generation: 87
agents2Test 0.700000 0.998000 87 100 500 10 0 0 0.004 0.066 0.204 0.402 0.592 0.762 0.924 0.986 0.998
Generation: 88
agents2Test 0.700000 0.998000 88 100 500 10 0 0 0.004 0.064 0.196 0.404 0.592 0.756 0.916 0.982 0.998
Generation: 89
agents2Test 0.700000 0.998000 89 100 500 10 0 0 0.004 0.068 0.198 0.398 0.594 0.766 0.928 0.978 0.998
Generation: 90
agents2Test 0.700000 0.998000 90 100 500 10 0 0 0.004 0.064 0.202 0.406 0.604 0.776 0.938 0.986 0.998
Generation: 91
agents2Test 0.700000 0.998000 91 100 500 10 0 0 0.004 0.064 0.2 0.394 0.59 0.748 0.916 0.984 0.998
Generation: 92
agents2Test 0.700000 0.998000 92 100 500 10 0 0 0.004 0.064 0.198 0.398 0.592 0.756 0.926 0.992 0.998
Generation: 93
agents2Test 0.700000 1.000000 93 100 500 10 0 0 0.004 0.064 0.208 0.418 0.612 0.794 0.954 0.992 1
agents2Test 0.700000 1.000000 94 100 500 10 0 0 0.004 0.064 0.2 0.416 0.624 0.786 0.95 0.992 1
Generation: 0
agents2Test 0.700000 0.088000 0 100 500 10 0 0 0.002 0.002 0.012 0.022 0.038 0.06 0.074 0.098 0.088
Generation: 1
agents2Test 0.700000 0.110000 1 100 500 10 0 0 0 0.002 0.012 0.022 0.032 0.046 0.06 0.078 0.11
Generation: 2
agents2Test 0.700000 0.128000 2 100 500 10 0 0 0 0.006 0.014 0.024 0.038 0.062 0.078 0.094 0.128
Generation: 3
agents2Test 0.700000 0.140000 3 100 500 10 0 0 0.002 0.006 0.014 0.026 0.044 0.058 0.07 0.082 0.14
Generation: 4
agents2Test 0.700000 0.152000 4 100 500 10 0 0 0 0.014 0.026 0.05 0.066 0.09 0.11 0.132 0.152
Generation: 5
agents2Test 0.700000 0.156000 5 100 500 10 0 0 0 0.008 0.016 0.026 0.05 0.078 0.098 0.114 0.156
Generation: 6
agents2Test 0.700000 0.172000 6 100 500 10 0 0 0.002 0.004 0.026 0.054 0.08 0.114 0.14 0.176 0.172
Generation: 7
agents2Test 0.700000 0.224000 7 100 500 10 0 0 0 0.006 0.026 0.054 0.072 0.108 0.144 0.182 0.224
Generation: 8
agents2Test 0.700000 0.236000 8 100 500 10 0 0 0.002 0.004 0.018 0.046 0.078 0.128 0.164 0.21 0.236
Generation: 9
agents2Test 0.700000 0.250000 9 100 500 10 0 0 0 0.002 0.012 0.048 0.102 0.154 0.19 0.242 0.25
Generation: 10
agents2Test 0.700000 0.276000 10 100 500 10 0 0 0.002 0.008 0.028 0.058 0.094 0.14 0.188 0.256 0.276
Generation: 11
agents2Test 0.700000 0.312000 11 100 500 10 0 0 0.002 0.008 0.04 0.08 0.128 0.186 0.238 0.306 0.312
Generation: 12
agents2Test 0.700000 0.358000 12 100 500 10 0 0 0 0.004 0.024 0.056 0.104 0.168 0.222 0.288 0.358
Generation: 13
agents2Test 0.700000 0.358000 13 100 500 10 0 0 0 0.002 0.026 0.064 0.118 0.178 0.256 0.352 0.358
Generation: 14
agents2Test 0.700000 0.404000 14 100 500 10 0 0 0 0.012 0.052 0.108 0.158 0.218 0.284 0.356 0.404
Generation: 15
agents2Test 0.700000 0.436000 15 100 500 10 0 0 0.002 0.034 0.092 0.148 0.21 0.27 0.328 0.392 0.436
Generation: 16
agents2Test 0.700000 0.458000 16 100 500 10 0 0 0.004 0.038 0.074 0.128 0.182 0.238 0.286 0.358 0.458
Generation: 17
agents2Test 0.700000 0.458000 17 100 500 10 0 0 0.004 0.034 0.07 0.122 0.18 0.272 0.352 0.416 0.458
Generation: 18
agents2Test 0.700000 0.462000 18 100 500 10 0 0 0.004 0.054 0.116 0.188 0.262 0.344 0.404 0.46 0.462
Generation: 19
agents2Test 0.700000 0.466000 19 100 500 10 0 0 0.002 0.03 0.08 0.148 0.226 0.326 0.422 0.506 0.466
Generation: 20
agents2Test 0.700000 0.512000 20 100 500 10 0 0 0.004 0.058 0.106 0.166 0.246 0.332 0.404 0.492 0.512
Generation: 21
agents2Test 0.700000 0.526000 21 100 500 10 0 0 0.004 0.052 0.108 0.182 0.278 0.368 0.44 0.514 0.526
Generation: 22
agents2Test 0.700000 0.578000 22 100 500 10 0 0 0.004 0.058 0.12 0.192 0.266 0.364 0.456 0.538 0.578
Generation: 23
agents2Test 0.700000 0.588000 23 100 500 10 0 0 0.004 0.056 0.124 0.19 0.256 0.342 0.424 0.528 0.588
Generation: 24
agents2Test 0.700000 0.588000 24 100 500 10 0 0 0.004 0.05 0.114 0.188 0.276 0.362 0.456 0.534 0.588
Generation: 25
agents2Test 0.700000 0.606000 25 100 500 10 0 0 0.004 0.052 0.124 0.212 0.312 0.428 0.51 0.596 0.606
Generation: 26
agents2Test 0.700000 0.610000 26 100 500 10 0 0 0.004 0.056 0.118 0.188 0.274 0.36 0.452 0.562 0.61
Generation: 27
agents2Test 0.700000 0.652000 27 100 500 10 0 0 0.002 0.06 0.13 0.212 0.31 0.414 0.506 0.592 0.652
Generation: 28
agents2Test 0.700000 0.660000 28 100 500 10 0 0 0.002 0.058 0.124 0.214 0.328 0.436 0.55 0.65 0.66
Generation: 29
agents2Test 0.700000 0.682000 29 100 500 10 0 0 0.004 0.06 0.132 0.21 0.32 0.462 0.578 0.674 0.682
Generation: 30
agents2Test 0.700000 0.692000 30 100 500 10 0 0 0.004 0.06 0.128 0.224 0.354 0.486 0.608 0.712 0.692
Generation: 31
agents2Test 0.700000 0.744000 31 100 500 10 0 0 0.004 0.06 0.138 0.252 0.4 0.528 0.634 0.742 0.744
Generation: 32
agents2Test 0.700000 0.752000 32 100 500 10 0 0 0.004 0.064 0.142 0.244 0.4 0.55 0.668 0.764 0.752
Generation: 33
agents2Test 0.700000 0.762000 33 100 500 10 0 0 0.004 0.064 0.142 0.236 0.392 0.526 0.648 0.746 0.762
Generation: 34
agents2Test 0.700000 0.774000 34 100 500 10 0 0 0.004 0.06 0.132 0.238 0.384 0.512 0.646 0.76 0.774
Generation: 35
agents2Test 0.700000 0.788000 35 100 500 10 0 0 0.004 0.052 0.138 0.252 0.43 0.564 0.674 0.776 0.788
Generation: 36
agents2Test 0.700000 0.788000 36 100 500 10 0 0 0.004 0.064 0.14 0.242 0.398 0.52 0.626 0.716 0.788
Generation: 37
agents2Test 0.700000 0.788000 37 100 500 10 0 0 0.004 0.062 0.142 0.246 0.402 0.53 0.638 0.742 0.788
Generation: 38
agents2Test 0.700000 0.810000 38 100 500 10 0 0 0.004 0.064 0.146 0.26 0.432 0.554 0.654 0.754 0.81
Generation: 39
agents2Test 0.700000 0.810000 39 100 500 10 0 0 0.004 0.062 0.136 0.242 0.406 0.552 0.674 0.784 0.81
Generation: 40
agents2Test 0.700000 0.830000 40 100 500 10 0 0 0.004 0.064 0.148 0.278 0.456 0.594 0.702 0.792 0.83
Generation: 41
agents2Test 0.700000 0.842000 41 100 500 10 0 0 0.004 0.064 0.148 0.26 0.448 0.58 0.692 0.794 0.842
Generation: 42
agents2Test 0.700000 0.872000 42 100 500 10 0 0 0.004 0.062 0.138 0.246 0.424 0.572 0.718 0.844 0.872
Generation: 43
agents2Test 0.700000 0.884000 43 100 500 10 0 0 0.004 0.064 0.148 0.286 0.47 0.62 0.75 0.86 0.884
Generation: 44
agents2Test 0.700000 0.886000 44 100 500 10 0 0 0.004 0.064 0.154 0.274 0.458 0.64 0.79 0.88 0.886
Generation: 45
agents2Test 0.700000 0.894000 45 100 500 10 0 0 0.004 0.06 0.162 0.326 0.5 0.634 0.764 0.872 0.894
Generation: 46
agents2Test 0.700000 0.894000 46 100 500 10 0 0 0.002 0.056 0.174 0.34 0.506 0.638 0.77 0.86 0.894
Generation: 47
agents2Test 0.700000 0.912000 47 100 500 10 0 0 0.004 0.064 0.162 0.302 0.478 0.644 0.778 0.878 0.912
Generation: 48
agents2Test 0.700000 0.918000 48 100 500 10 0 0 0.004 0.064 0.164 0.306 0.496 0.652 0.776 0.874 0.918
Generation: 49
agents2Test 0.700000 0.918000 49 100 500 10 0 0 0.004 0.064 0.158 0.284 0.464 0.626 0.792 0.89 0.918
Generation: 50
agents2Test 0.700000 0.918000 50 100 500 10 0 0 0.004 0.064 0.158 0.296 0.484 0.664 0.806 0.902 0.918
Generation: 51
agents2Test 0.700000 0.932000 51 100 500 10 0 0 0.004 0.064 0.174 0.312 0.494 0.672 0.82 0.922 0.932
Generation: 52
agents2Test 0.700000 0.932000 52 100 500 10 0 0 0.004 0.064 0.174 0.306 0.486 0.674 0.814 0.906 0.932
Generation: 53
agents2Test 0.700000 0.940000 53 100 500 10 0 0 0.004 0.062 0.18 0.346 0.53 0.698 0.828 0.92 0.94
Generation: 54
agents2Test 0.700000 0.940000 54 100 500 10 0 0 0.004 0.062 0.186 0.354 0.536 0.712 0.856 0.936 0.94
Generation: 55
agents2Test 0.700000 0.944000 55 100 500 10 0 0 0.004 0.062 0.174 0.334 0.52 0.678 0.826 0.926 0.944
Generation: 56
agents2Test 0.700000 0.950000 56 100 500 10 0 0 0.004 0.062 0.192 0.356 0.538 0.696 0.84 0.932 0.95
Generation: 57
agents2Test 0.700000 0.950000 57 100 500 10 0 0 0.004 0.058 0.182 0.346 0.526 0.682 0.832 0.9 0.95
Generation: 58
agents2Test 0.700000 0.950000 58 100 500 10 0 0 0.002 0.062 0.194 0.366 0.544 0.698 0.844 0.946 0.95
Generation: 59
agents2Test 0.700000 0.956000 59 100 500 10 0 0 0.004 0.062 0.196 0.376 0.566 0.726 0.868 0.952 0.956
Generation: 60
agents2Test 0.700000 0.964000 60 100 500 10 0 0 0.004 0.062 0.2 0.382 0.566 0.718 0.86 0.948 0.964
Generation: 61
agents2Test 0.700000 0.964000 61 100 500 10 0 0 0.004 0.064 0.192 0.372 0.56 0.72 0.866 0.944 0.964
Generation: 62
agents2Test 0.700000 0.964000 62 100 500 10 0 0 0.004 0.064 0.194 0.376 0.558 0.71 0.838 0.934 0.964
Generation: 63
agents2Test 0.700000 0.970000 63 100 500 10 0 0 0.004 0.064 0.196 0.378 0.56 0.728 0.878 0.958 0.97
Generation: 64
agents2Test 0.700000 0.970000 64 100 500 10 0 0 0.004 0.064 0.194 0.384 0.566 0.722 0.864 0.944 0.97
Generation: 65
agents2Test 0.700000 0.970000 65 100 500 10 0 0 0.004 0.064 0.19 0.366 0.55 0.736 0.878 0.964 0.97
Generation: 66
agents2Test 0.700000 0.970000 66 100 500 10 0 0 0.004 0.062 0.19 0.37 0.56 0.736 0.882 0.948 0.97
Generation: 67
agents2Test 0.700000 0.972000 67 100 500 10 0 0 0.004 0.064 0.208 0.398 0.592 0.748 0.892 0.962 0.972
Generation: 68
agents2Test 0.700000 0.974000 68 100 500 10 0 0 0.004 0.064 0.202 0.388 0.584 0.736 0.904 0.97 0.974
Generation: 69
agents2Test 0.700000 0.974000 69 100 500 10 0 0 0.004 0.064 0.2 0.388 0.58 0.746 0.88 0.952 0.974
Generation: 70
agents2Test 0.700000 0.988000 70 100 500 10 0 0 0.004 0.064 0.2 0.39 0.584 0.736 0.88 0.954 0.988
Generation: 71
agents2Test 0.700000 0.988000 71 100 500 10 0 0 0.004 0.064 0.2 0.388 0.582 0.742 0.912 0.986 0.988
Generation: 72
agents2Test 0.700000 0.988000 72 100 500 10 0 0 0.004 0.064 0.2 0.39 0.586 0.748 0.916 0.982 0.988
Generation: 73
agents2Test 0.700000 0.990000 73 100 500 10 0 0 0.004 0.064 0.194 0.386 0.58 0.752 0.908 0.972 0.99
Generation: 74
agents2Test 0.700000 0.990000 74 100 500 10 0 0 0.004 0.064 0.2 0.392 0.588 0.742 0.912 0.978 0.99
Generation: 75
agents2Test 0.700000 0.990000 75 100 500 10 0 0 0.004 0.064 0.2 0.392 0.588 0.77 0.908 0.99 0.99
Generation: 76
agents2Test 0.700000 0.992000 76 100 500 10 0 0 0.004 0.064 0.202 0.392 0.582 0.768 0.91 0.984 0.992
Generation: 77
agents2Test 0.700000 0.992000 77 100 500 10 0 0 0.004 0.064 0.204 0.392 0.584 0.756 0.908 0.978 0.992
Generation: 78
agents2Test 0.700000 0.992000 78 100 500 10 0 0 0.004 0.064 0.2 0.39 0.58 0.758 0.908 0.988 0.992
Generation: 79
agents2Test 0.700000 0.994000 79 100 500 10 0 0 0.004 0.064 0.2 0.384 0.574 0.766 0.902 0.988 0.994
Generation: 80
agents2Test 0.700000 0.994000 80 100 500 10 0 0 0.004 0.064 0.194 0.386 0.582 0.768 0.916 0.992 0.994
Generation: 81
agents2Test 0.700000 0.994000 81 100 500 10 0 0 0.004 0.064 0.2 0.394 0.59 0.768 0.908 0.972 0.994
Generation: 82
agents2Test 0.700000 0.994000 82 100 500 10 0 0 0.004 0.064 0.198 0.384 0.576 0.748 0.908 0.992 0.994
Generation: 83
agents2Test 0.700000 0.996000 83 100 500 10 0 0 0.004 0.064 0.184 0.37 0.564 0.75 0.902 0.994 0.996
Generation: 84
agents2Test 0.700000 0.996000 84 100 500 10 0 0 0.004 0.064 0.198 0.386 0.58 0.754 0.914 0.994 0.996
Generation: 85
agents2Test 0.700000 0.996000 85 100 500 10 0 0 0.004 0.064 0.19 0.382 0.574 0.748 0.904 0.988 0.996
Generation: 86
agents2Test 0.700000 0.996000 86 100 500 10 0 0 0.004 0.064 0.188 0.372 0.562 0.752 0.902 0.99 0.996
Generation: 87
agents2Test 0.700000 0.998000 87 100 500 10 0 0 0.004 0.064 0.206 0.4 0.592 0.768 0.912 0.982 0.998
Generation: 88
agents2Test 0.700000 1.000000 88 100 500 10 0 0 0.004 0.064 0.206 0.4 0.596 0.774 0.916 0.998 1
agents2Test 0.700000 1.000000 89 100 500 10 0 0 0.004 0.064 0.202 0.396 0.592 0.772 0.914 0.996 1
Generation: 0
agents2Test 0.700000 0.084000 0 100 500 10 0 0 0 0.004 0.008 0.018 0.028 0.036 0.052 0.064 0.084
Generation: 1
agents2Test 0.700000 0.084000 1 100 500 10 0 0 0 0.006 0.01 0.02 0.034 0.04 0.056 0.068 0.084
Generation: 2
agents2Test 0.700000 0.088000 2 100 500 10 0 0 0 0.002 0.01 0.02 0.034 0.05 0.066 0.09 0.088
Generation: 3
agents2Test 0.700000 0.124000 3 100 500 10 0 0 0 0.004 0.01 0.022 0.03 0.042 0.06 0.082 0.124
Generation: 4
agents2Test 0.700000 0.124000 4 100 500 10 0 0 0 0 0.012 0.02 0.03 0.05 0.068 0.088 0.124
Generation: 5
agents2Test 0.700000 0.124000 5 100 500 10 0 0 0 0.002 0.008 0.022 0.036 0.05 0.058 0.074 0.124
Generation: 6
agents2Test 0.700000 0.138000 6 100 500 10 0 0 0 0.004 0.008 0.016 0.036 0.052 0.07 0.084 0.138
Generation: 7
agents2Test 0.700000 0.150000 7 100 500 10 0 0 0 0.01 0.028 0.054 0.08 0.104 0.13 0.162 0.15
Generation: 8
agents2Test 0.700000 0.182000 8 100 500 10 0 0 0 0.02 0.028 0.048 0.078 0.118 0.138 0.156 0.182
Generation: 9
agents2Test 0.700000 0.214000 9 100 500 10 0 0 0 0.004 0.02 0.05 0.08 0.116 0.16 0.202 0.214
Generation: 10
agents2Test 0.700000 0.216000 10 100 500 10 0 0 0 0.006 0.02 0.048 0.078 0.108 0.14 0.18 0.216
Generation: 11
agents2Test 0.700000 0.216000 11 100 500 10 0 0 0.002 0.006 0.026 0.06 0.096 0.136 0.18 0.224 0.216
Generation: 12
agents2Test 0.700000 0.260000 12 100 500 10 0 0 0.002 0.006 0.028 0.062 0.11 0.15 0.204 0.258 0.26
Generation: 13
agents2Test 0.700000 0.284000 13 100 500 10 0 0 0 0.012 0.038 0.08 0.14 0.19 0.236 0.278 0.284
Generation: 14
agents2Test 0.700000 0.306000 14 100 500 10 0 0 0 0.008 0.048 0.1 0.16 0.226 0.268 0.316 0.306
Generation: 15
agents2Test 0.700000 0.346000 15 100 500 10 0 0 0.002 0.008 0.034 0.08 0.132 0.2 0.25 0.294 0.346
Generation: 16
agents2Test 0.700000 0.346000 16 100 500 10 0 0 0 0.014 0.058 0.112 0.158 0.222 0.276 0.34 0.346
Generation: 17
agents2Test 0.700000 0.362000 17 100 500 10 0 0 0 0.006 0.042 0.084 0.164 0.236 0.292 0.352 0.362
Generation: 18
agents2Test 0.700000 0.394000 18 100 500 10 0 0 0.002 0.01 0.056 0.108 0.18 0.264 0.334 0.398 0.394
Generation: 19
agents2Test 0.700000 0.396000 19 100 500 10 0 0 0.002 0.014 0.056 0.114 0.18 0.242 0.304 0.374 0.396
Generation: 20
agents2Test 0.700000 0.410000 20 100 500 10 0 0 0 0.012 0.044 0.096 0.182 0.27 0.33 0.4 0.41
Generation: 21
agents2Test 0.700000 0.462000 21 100 500 10 0 0 0 0.008 0.058 0.124 0.216 0.314 0.4 0.458 0.462
Generation: 22
agents2Test 0.700000 0.468000 22 100 500 10 0 0 0 0.008 0.05 0.108 0.208 0.3 0.382 0.47 0.468
Generation: 23
agents2Test 0.700000 0.510000 23 100 500 10 0 0 0 0.008 0.06 0.15 0.27 0.354 0.444 0.52 0.51
Generation: 24
agents2Test 0.700000 0.546000 24 100 500 10 0 0 0 0.012 0.066 0.14 0.246 0.322 0.422 0.516 0.546
Generation: 25
agents2Test 0.700000 0.602000 25 100 500 10 0 0 0 0.014 0.07 0.14 0.27 0.376 0.478 0.564 0.602
Generation: 26
agents2Test 0.700000 0.602000 26 100 500 10 0 0 0 0.01 0.07 0.15 0.276 0.368 0.488 0.556 0.602
Generation: 27
agents2Test 0.700000 0.604000 27 100 500 10 0 0 0 0.004 0.06 0.168 0.302 0.384 0.504 0.584 0.604
Generation: 28
agents2Test 0.700000 0.666000 28 100 500 10 0 0 0 0.01 0.066 0.172 0.338 0.438 0.566 0.664 0.666
Generation: 29
agents2Test 0.700000 0.666000 29 100 500 10 0 0 0 0.006 0.062 0.162 0.288 0.384 0.524 0.64 0.666
Generation: 30
agents2Test 0.700000 0.682000 30 100 500 10 0 0 0 0.014 0.078 0.162 0.314 0.426 0.566 0.67 0.682
Generation: 31
agents2Test 0.700000 0.698000 31 100 500 10 0 0 0.002 0.018 0.082 0.196 0.346 0.458 0.602 0.684 0.698
Generation: 32
agents2Test 0.700000 0.726000 32 100 500 10 0 0 0 0.01 0.078 0.206 0.376 0.484 0.608 0.698 0.726
Generation: 33
agents2Test 0.700000 0.730000 33 100 500 10 0 0 0 0.002 0.066 0.186 0.354 0.498 0.618 0.708 0.73
Generation: 34
agents2Test 0.700000 0.730000 34 100 500 10 0 0 0.002 0.012 0.08 0.194 0.34 0.47 0.63 0.734 0.73
Generation: 35
agents2Test 0.700000 0.740000 35 100 500 10 0 0 0 0.012 0.084 0.188 0.332 0.446 0.602 0.72 0.74
Generation: 36
agents2Test 0.700000 0.742000 36 100 500 10 0 0 0.002 0.016 0.078 0.182 0.36 0.478 0.64 0.738 0.742
Generation: 37
agents2Test 0.700000 0.762000 37 100 500 10 0 0 0 0.014 0.078 0.202 0.352 0.472 0.634 0.732 0.762
Generation: 38
agents2Test 0.700000 0.788000 38 100 500 10 0 0 0 0.014 0.076 0.214 0.386 0.506 0.668 0.784 0.788
Generation: 39
agents2Test 0.700000 0.788000 39 100 500 10 0 0 0.002 0.01 0.082 0.206 0.37 0.488 0.626 0.732 0.788
Generation: 40
agents2Test 0.700000 0.794000 40 100 500 10 0 0 0.002 0.018 0.092 0.22 0.388 0.52 0.678 0.768 0.794
Generation: 41
agents2Test 0.700000 0.794000 41 100 500 10 0 0 0.002 0.008 0.078 0.208 0.366 0.49 0.648 0.74 0.794
Generation: 42
agents2Test 0.700000 0.800000 42 100 500 10 0 0 0.002 0.014 0.078 0.19 0.36 0.492 0.664 0.766 0.8
Generation: 43
agents2Test 0.700000 0.810000 43 100 500 10 0 0 0.002 0.012 0.08 0.206 0.368 0.526 0.68 0.784 0.81
Generation: 44
agents2Test 0.700000 0.834000 44 100 500 10 0 0 0 0.016 0.088 0.21 0.396 0.528 0.722 0.834 0.834
Generation: 45
agents2Test 0.700000 0.834000 45 100 500 10 0 0 0 0.01 0.078 0.214 0.388 0.536 0.74 0.846 0.834
Generation: 46
agents2Test 0.700000 0.846000 46 100 500 10 0 0 0 0.008 0.084 0.212 0.39 0.554 0.742 0.846 0.846
Generation: 47
agents2Test 0.700000 0.854000 47 100 500 10 0 0 0.004 0.01 0.08 0.216 0.402 0.556 0.728 0.838 0.854
Generation: 48
agents2Test 0.700000 0.854000 48 100 500 10 0 0 0.002 0.016 0.086 0.198 0.366 0.51 0.694 0.812 0.854
Generation: 49
agents2Test 0.700000 0.864000 49 100 500 10 0 0 0 0.014 0.084 0.21 0.396 0.572 0.758 0.844 0.864
Generation: 50
agents2Test 0.700000 0.864000 50 100 500 10 0 0 0 0.01 0.082 0.198 0.378 0.588 0.754 0.846 0.864
Generation: 51
agents2Test 0.700000 0.906000 51 100 500 10 0 0 0.002 0.032 0.112 0.254 0.44 0.624 0.788 0.878 0.906
Generation: 52
agents2Test 0.700000 0.910000 52 100 500 10 0 0 0.002 0.02 0.096 0.25 0.424 0.612 0.794 0.888 0.91
Generation: 53
agents2Test 0.700000 0.910000 53 100 500 10 0 0 0 0.018 0.092 0.24 0.426 0.602 0.776 0.878 0.91
Generation: 54
agents2Test 0.700000 0.918000 54 100 500 10 0 0 0.002 0.024 0.104 0.264 0.442 0.622 0.802 0.906 0.918
Generation: 55
agents2Test 0.700000 0.918000 55 100 500 10 0 0 0.002 0.03 0.112 0.25 0.426 0.61 0.786 0.886 0.918
Generation: 56
agents2Test 0.700000 0.920000 56 100 500 10 0 0 0.002 0.026 0.106 0.256 0.434 0.632 0.804 0.896 0.92
Generation: 57
agents2Test 0.700000 0.920000 57 100 500 10 0 0 0.002 0.026 0.106 0.252 0.438 0.63 0.796 0.882 0.92
Generation: 58
agents2Test 0.700000 0.920000 58 100 500 10 0 0 0.002 0.022 0.1 0.256 0.438 0.62 0.804 0.878 0.92
Generation: 59
agents2Test 0.700000 0.928000 59 100 500 10 0 0 0.002 0.028 0.102 0.256 0.448 0.634 0.816 0.918 0.928
Generation: 60
agents2Test 0.700000 0.928000 60 100 500 10 0 0 0.002 0.03 0.11 0.266 0.454 0.636 0.82 0.906 0.928
Generation: 61
agents2Test 0.700000 0.928000 61 100 500 10 0 0 0.002 0.03 0.112 0.264 0.45 0.642 0.82 0.894 0.928
Generation: 62
agents2Test 0.700000 0.930000 62 100 500 10 0 0 0.002 0.038 0.118 0.278 0.472 0.66 0.826 0.908 0.93
Generation: 63
agents2Test 0.700000 0.956000 63 100 500 10 0 0 0.002 0.038 0.118 0.286 0.47 0.684 0.87 0.944 0.956
Generation: 64
agents2Test 0.700000 0.956000 64 100 500 10 0 0 0.002 0.028 0.11 0.274 0.46 0.66 0.854 0.94 0.956
Generation: 65
agents2Test 0.700000 0.956000 65 100 500 10 0 0 0.002 0.022 0.096 0.254 0.44 0.646 0.844 0.936 0.956
Generation: 66
agents2Test 0.700000 0.956000 66 100 500 10 0 0 0.002 0.034 0.122 0.282 0.476 0.664 0.846 0.946 0.956
Generation: 67
agents2Test 0.700000 0.964000 67 100 500 10 0 0 0.002 0.042 0.118 0.288 0.474 0.674 0.872 0.964 0.964
Generation: 68
agents2Test 0.700000 0.964000 68 100 500 10 0 0 0 0.032 0.108 0.284 0.482 0.692 0.874 0.948 0.964
Generation: 69
agents2Test 0.700000 0.964000 69 100 500 10 0 0 0.002 0.02 0.104 0.278 0.472 0.682 0.872 0.946 0.964
Generation: 70
agents2Test 0.700000 0.964000 70 100 500 10 0 0 0.002 0.032 0.114 0.292 0.488 0.686 0.878 0.948 0.964
Generation: 71
agents2Test 0.700000 0.964000 71 100 500 10 0 0 0.004 0.044 0.122 0.286 0.48 0.68 0.868 0.936 0.964
Generation: 72
agents2Test 0.700000 0.968000 72 100 500 10 0 0 0.002 0.028 0.102 0.262 0.438 0.644 0.844 0.938 0.968
Generation: 73
agents2Test 0.700000 0.968000 73 100 500 10 0 0 0 0.018 0.1 0.25 0.434 0.644 0.852 0.948 0.968
Generation: 74
agents2Test 0.700000 0.968000 74 100 500 10 0 0 0 0.018 0.094 0.246 0.444 0.648 0.848 0.96 0.968
Generation: 75
agents2Test 0.700000 0.972000 75 100 500 10 0 0 0 0.014 0.096 0.256 0.452 0.656 0.856 0.964 0.972
Generation: 76
agents2Test 0.700000 0.972000 76 100 500 10 0 0 0 0.026 0.106 0.272 0.468 0.668 0.858 0.944 0.972
Generation: 77
agents2Test 0.700000 0.972000 77 100 500 10 0 0 0.002 0.032 0.11 0.284 0.48 0.686 0.876 0.956 0.972
Generation: 78
agents2Test 0.700000 0.984000 78 100 500 10 0 0 0.002 0.032 0.114 0.286 0.484 0.68 0.868 0.942 0.984
Generation: 79
agents2Test 0.700000 0.984000 79 100 500 10 0 0 0.002 0.034 0.12 0.284 0.482 0.674 0.872 0.95 0.984
Generation: 80
agents2Test 0.700000 0.984000 80 100 500 10 0 0 0.002 0.028 0.11 0.284 0.478 0.668 0.876 0.964 0.984
Generation: 81
agents2Test 0.700000 0.984000 81 100 500 10 0 0 0.002 0.036 0.114 0.288 0.488 0.666 0.85 0.952 0.984
Generation: 82
agents2Test 0.700000 0.984000 82 100 500 10 0 0 0.002 0.038 0.118 0.284 0.478 0.678 0.878 0.958 0.984
Generation: 83
agents2Test 0.700000 0.988000 83 100 500 10 0 0 0.002 0.038 0.118 0.3 0.492 0.7 0.89 0.988 0.988
Generation: 84
agents2Test 0.700000 0.988000 84 100 500 10 0 0 0.002 0.044 0.132 0.316 0.498 0.694 0.898 0.972 0.988
Generation: 85
agents2Test 0.700000 0.988000 85 100 500 10 0 0 0.002 0.036 0.112 0.294 0.49 0.694 0.884 0.98 0.988
Generation: 86
agents2Test 0.700000 0.988000 86 100 500 10 0 0 0.002 0.042 0.136 0.304 0.498 0.7 0.896 0.974 0.988
Generation: 87
agents2Test 0.700000 0.988000 87 100 500 10 0 0 0.002 0.046 0.132 0.318 0.516 0.722 0.918 0.98 0.988
Generation: 88
agents2Test 0.700000 0.988000 88 100 500 10 0 0 0 0.038 0.126 0.302 0.498 0.716 0.902 0.972 0.988
Generation: 89
agents2Test 0.700000 0.988000 89 100 500 10 0 0 0.002 0.046 0.136 0.314 0.522 0.73 0.898 0.972 0.988
Generation: 90
agents2Test 0.700000 0.988000 90 100 500 10 0 0 0.002 0.044 0.132 0.314 0.504 0.698 0.906 0.982 0.988
Generation: 91
agents2Test 0.700000 0.988000 91 100 500 10 0 0 0.002 0.052 0.144 0.314 0.508 0.712 0.904 0.978 0.988
Generation: 92
agents2Test 0.700000 0.990000 92 100 500 10 0 0 0.002 0.04 0.124 0.29 0.478 0.68 0.866 0.976 0.99
Generation: 93
agents2Test 0.700000 0.990000 93 100 500 10 0 0 0.002 0.032 0.116 0.282 0.472 0.686 0.882 0.974 0.99
Generation: 94
agents2Test 0.700000 0.990000 94 100 500 10 0 0 0.004 0.036 0.122 0.282 0.476 0.684 0.886 0.98 0.99
Generation: 95
agents2Test 0.700000 0.990000 95 100 500 10 0 0 0.002 0.04 0.124 0.296 0.492 0.686 0.882 0.982 0.99
Generation: 96
agents2Test 0.700000 0.990000 96 100 500 10 0 0 0.002 0.044 0.134 0.296 0.48 0.682 0.884 0.982 0.99
Generation: 97
agents2Test 0.700000 0.992000 97 100 500 10 0 0 0.002 0.05 0.138 0.316 0.526 0.71 0.898 0.974 0.992
Generation: 98
agents2Test 0.700000 0.994000 98 100 500 10 0 0 0 0.04 0.126 0.29 0.482 0.686 0.874 0.98 0.994
Generation: 99
agents2Test 0.700000 0.994000 99 100 500 10 0 0 0.002 0.048 0.136 0.31 0.506 0.714 0.902 0.986 0.994
agents2Test 0.700000 0.994000 100 100 500 10 0 0 0.002 0.044 0.138 0.318 0.516 0.722 0.914 0.982 0.994
agentsTestProbSet
Generation: 0
agents22Test 0.700000 0.948000 0 100 500 10 0 0 0.004 0.066 0.212 0.414 0.608 0.738 0.888 0.93 0.948
Generation: 1
agents22Test 0.700000 0.950000 1 100 500 10 0 0 0.004 0.068 0.222 0.426 0.634 0.752 0.882 0.938 0.95
Generation: 2
agents22Test 0.700000 0.956000 2 100 500 10 0 0 0.004 0.064 0.21 0.406 0.588 0.73 0.874 0.932 0.956
Generation: 3
agents22Test 0.700000 0.966000 3 100 500 10 0 0 0.004 0.064 0.222 0.422 0.606 0.734 0.896 0.94 0.966
Generation: 4
agents22Test 0.700000 0.966000 4 100 500 10 0 0 0.004 0.066 0.224 0.426 0.628 0.746 0.884 0.936 0.966
Generation: 5
agents22Test 0.700000 0.966000 5 100 500 10 0 0 0.004 0.068 0.22 0.428 0.618 0.73 0.888 0.948 0.966
Generation: 6
agents22Test 0.700000 0.970000 6 100 500 10 0 0 0.004 0.066 0.202 0.406 0.602 0.756 0.9 0.946 0.97
Generation: 7
agents22Test 0.700000 0.976000 7 100 500 10 0 0 0.004 0.07 0.23 0.42 0.618 0.734 0.882 0.944 0.976
Generation: 8
agents22Test 0.700000 0.976000 8 100 500 10 0 0 0.004 0.064 0.232 0.426 0.62 0.74 0.89 0.952 0.976
Generation: 9
agents22Test 0.700000 0.976000 9 100 500 10 0 0 0.004 0.07 0.23 0.428 0.626 0.75 0.89 0.954 0.976
Generation: 10
agents22Test 0.700000 0.980000 10 100 500 10 0 0 0.004 0.068 0.228 0.436 0.636 0.768 0.916 0.972 0.98
Generation: 11
agents22Test 0.700000 0.980000 11 100 500 10 0 0 0.004 0.068 0.238 0.44 0.622 0.758 0.912 0.958 0.98
Generation: 12
agents22Test 0.700000 0.980000 12 100 500 10 0 0 0.004 0.066 0.234 0.438 0.626 0.766 0.92 0.978 0.98
Generation: 13
agents22Test 0.700000 0.984000 13 100 500 10 0 0 0.004 0.066 0.226 0.432 0.616 0.758 0.92 0.97 0.984
Generation: 14
agents22Test 0.700000 0.984000 14 100 500 10 0 0 0.004 0.064 0.23 0.43 0.61 0.746 0.92 0.97 0.984
Generation: 15
agents22Test 0.700000 0.984000 15 100 500 10 0 0 0.004 0.066 0.234 0.432 0.632 0.772 0.926 0.976 0.984
Generation: 16
agents22Test 0.700000 0.986000 16 100 500 10 0 0 0.004 0.068 0.222 0.432 0.622 0.748 0.9 0.976 0.986
Generation: 17
agents22Test 0.700000 0.986000 17 100 500 10 0 0 0.004 0.062 0.22 0.42 0.628 0.752 0.896 0.958 0.986
Generation: 18
agents22Test 0.700000 0.988000 18 100 500 10 0 0 0.004 0.068 0.224 0.43 0.632 0.776 0.916 0.974 0.988
Generation: 19
agents22Test 0.700000 0.988000 19 100 500 10 0 0 0.004 0.07 0.236 0.442 0.622 0.764 0.904 0.962 0.988
Generation: 20
agents22Test 0.700000 0.988000 20 100 500 10 0 0 0.004 0.068 0.228 0.438 0.634 0.774 0.92 0.968 0.988
Generation: 21
agents22Test 0.700000 0.994000 21 100 500 10 0 0 0.004 0.066 0.226 0.438 0.646 0.766 0.914 0.96 0.994
Generation: 22
agents22Test 0.700000 0.994000 22 100 500 10 0 0 0.004 0.066 0.216 0.418 0.608 0.744 0.912 0.96 0.994
Generation: 23
agents22Test 0.700000 0.994000 23 100 500 10 0 0 0.004 0.064 0.222 0.432 0.63 0.764 0.91 0.97 0.994
Generation: 24
agents22Test 0.700000 0.994000 24 100 500 10 0 0 0.004 0.064 0.224 0.444 0.644 0.77 0.914 0.956 0.994
Generation: 25
agents22Test 0.700000 0.994000 25 100 500 10 0 0 0.004 0.066 0.232 0.438 0.634 0.768 0.914 0.974 0.994
Generation: 26
agents22Test 0.700000 0.994000 26 100 500 10 0 0 0.004 0.064 0.222 0.422 0.628 0.774 0.932 0.984 0.994
Generation: 27
agents22Test 0.700000 0.998000 27 100 500 10 0 0 0.004 0.064 0.214 0.426 0.63 0.778 0.942 0.99 0.998
Generation: 28
agents22Test 0.700000 0.998000 28 100 500 10 0 0 0.004 0.064 0.226 0.444 0.656 0.786 0.942 0.988 0.998
Generation: 29
agents22Test 0.700000 0.998000 29 100 500 10 0 0 0.004 0.064 0.22 0.428 0.634 0.776 0.942 0.99 0.998
Generation: 30
agents22Test 0.700000 0.998000 30 100 500 10 0 0 0.004 0.064 0.218 0.436 0.654 0.788 0.952 0.996 0.998
Generation: 31
agents22Test 0.700000 0.998000 31 100 500 10 0 0 0.004 0.064 0.216 0.43 0.64 0.78 0.942 0.986 0.998
Generation: 32
agents22Test 0.700000 0.998000 32 100 500 10 0 0 0.004 0.064 0.216 0.424 0.632 0.754 0.926 0.982 0.998
Generation: 33
agents22Test 0.700000 0.998000 33 100 500 10 0 0 0.004 0.066 0.214 0.43 0.64 0.784 0.938 0.982 0.998
Generation: 34
agents22Test 0.700000 0.998000 34 100 500 10 0 0 0.004 0.064 0.216 0.428 0.644 0.778 0.942 0.99 0.998
Generation: 35
agents22Test 0.700000 0.998000 35 100 500 10 0 0 0.004 0.064 0.216 0.422 0.634 0.766 0.936 0.99 0.998
Generation: 36
agents22Test 0.700000 0.998000 36 100 500 10 0 0 0.004 0.064 0.222 0.428 0.634 0.782 0.95 0.986 0.998
Generation: 37
agents22Test 0.700000 0.998000 37 100 500 10 0 0 0.004 0.066 0.216 0.432 0.646 0.788 0.942 0.988 0.998
Generation: 38
agents22Test 0.700000 0.998000 38 100 500 10 0 0 0.004 0.064 0.222 0.426 0.63 0.778 0.942 0.986 0.998
Generation: 39
agents22Test 0.700000 0.998000 39 100 500 10 0 0 0.004 0.064 0.224 0.434 0.644 0.772 0.934 0.98 0.998
Generation: 40
agents22Test 0.700000 0.998000 40 100 500 10 0 0 0.004 0.064 0.222 0.44 0.648 0.784 0.942 0.988 0.998
Generation: 41
agents22Test 0.700000 0.998000 41 100 500 10 0 0 0.004 0.064 0.222 0.444 0.65 0.79 0.946 0.986 0.998
Generation: 42
agents22Test 0.700000 0.998000 42 100 500 10 0 0 0.004 0.066 0.228 0.432 0.648 0.794 0.956 0.982 0.998
Generation: 43
agents22Test 0.700000 0.998000 43 100 500 10 0 0 0.004 0.064 0.22 0.43 0.63 0.766 0.932 0.98 0.998
Generation: 44
agents22Test 0.700000 0.998000 44 100 500 10 0 0 0.004 0.064 0.216 0.434 0.642 0.79 0.954 0.994 0.998
Generation: 45
agents22Test 0.700000 0.998000 45 100 500 10 0 0 0.004 0.064 0.218 0.438 0.646 0.778 0.946 0.984 0.998
Generation: 46
agents22Test 0.700000 0.998000 46 100 500 10 0 0 0.004 0.064 0.216 0.424 0.64 0.776 0.936 0.99 0.998
Generation: 47
agents22Test 0.700000 1.000000 47 100 500 10 0 0 0.004 0.066 0.224 0.44 0.654 0.808 0.952 0.986 1
testName time fitness gens maxGens agents groupsize e0 e1 e2 e3 e4 e5 e6 e7 e8 e9 e10
agents22Test 0.700000 1.000000 48 100 500 10 0 0 0.004 0.064 0.232 0.452 0.662 0.818 0.966 0.994 1
Generation: 0
agents22Test 0.700000 0.958000 0 100 500 10 0 0 0.004 0.066 0.232 0.424 0.604 0.72 0.872 0.934 0.958
Generation: 1
agents22Test 0.700000 0.958000 1 100 500 10 0 0 0.004 0.064 0.228 0.42 0.61 0.722 0.858 0.928 0.958
Generation: 2
agents22Test 0.700000 0.958000 2 100 500 10 0 0 0.004 0.066 0.234 0.432 0.62 0.738 0.876 0.938 0.958
Generation: 3
agents22Test 0.700000 0.958000 3 100 500 10 0 0 0.004 0.064 0.226 0.424 0.63 0.746 0.894 0.952 0.958
Generation: 4
agents22Test 0.700000 0.960000 4 100 500 10 0 0 0.004 0.066 0.214 0.396 0.6 0.746 0.888 0.958 0.96
Generation: 5
agents22Test 0.700000 0.962000 5 100 500 10 0 0 0.004 0.066 0.214 0.42 0.606 0.724 0.87 0.956 0.962
Generation: 6
agents22Test 0.700000 0.974000 6 100 500 10 0 0 0.004 0.066 0.224 0.428 0.628 0.758 0.904 0.954 0.974
Generation: 7
agents22Test 0.700000 0.974000 7 100 500 10 0 0 0.002 0.064 0.226 0.428 0.614 0.728 0.882 0.95 0.974
Generation: 8
agents22Test 0.700000 0.974000 8 100 500 10 0 0 0.004 0.066 0.232 0.432 0.628 0.732 0.874 0.93 0.974
Generation: 9
agents22Test 0.700000 0.974000 9 100 500 10 0 0 0.004 0.064 0.226 0.428 0.61 0.738 0.894 0.956 0.974
Generation: 10
agents22Test 0.700000 0.974000 10 100 500 10 0 0 0.004 0.066 0.234 0.436 0.628 0.732 0.886 0.956 0.974
Generation: 11
agents22Test 0.700000 0.982000 11 100 500 10 0 0 0.004 0.064 0.234 0.452 0.656 0.782 0.91 0.984 0.982
Generation: 12
agents22Test 0.700000 0.982000 12 100 500 10 0 0 0.004 0.066 0.24 0.448 0.658 0.772 0.918 0.982 0.982
Generation: 13
agents22Test 0.700000 0.982000 13 100 500 10 0 0 0.004 0.07 0.232 0.442 0.652 0.762 0.9 0.96 0.982
Generation: 14
agents22Test 0.700000 0.982000 14 100 500 10 0 0 0.004 0.066 0.244 0.452 0.658 0.776 0.908 0.97 0.982
Generation: 15
agents22Test 0.700000 0.988000 15 100 500 10 0 0 0.002 0.062 0.182 0.396 0.604 0.73 0.898 0.968 0.988
Generation: 16
agents22Test 0.700000 0.988000 16 100 500 10 0 0 0.004 0.066 0.192 0.416 0.628 0.742 0.908 0.964 0.988
Generation: 17
agents22Test 0.700000 0.988000 17 100 500 10 0 0 0.004 0.064 0.184 0.402 0.614 0.746 0.91 0.98 0.988
Generation: 18
agents22Test 0.700000 0.988000 18 100 500 10 0 0 0.004 0.064 0.174 0.382 0.586 0.722 0.906 0.976 0.988
Generation: 19
agents22Test 0.700000 0.988000 19 100 500 10 0 0 0.004 0.062 0.18 0.382 0.596 0.738 0.9 0.978 0.988
Generation: 20
agents22Test 0.700000 0.990000 20 100 500 10 0 0 0.004 0.064 0.214 0.412 0.624 0.76 0.93 0.988 0.99
Generation: 21
agents22Test 0.700000 0.990000 21 100 500 10 0 0 0.004 0.064 0.21 0.414 0.626 0.75 0.914 0.974 0.99
Generation: 22
agents22Test 0.700000 0.994000 22 100 500 10 0 0 0.004 0.066 0.216 0.42 0.628 0.78 0.942 0.984 0.994
Generation: 23
agents22Test 0.700000 0.994000 23 100 500 10 0 0 0.004 0.064 0.222 0.426 0.634 0.76 0.932 0.982 0.994
Generation: 24
agents22Test 0.700000 0.994000 24 100 500 10 0 0 0.004 0.064 0.22 0.428 0.636 0.786 0.948 0.984 0.994
Generation: 25
agents22Test 0.700000 0.994000 25 100 500 10 0 0 0.004 0.066 0.218 0.416 0.622 0.766 0.928 0.972 0.994
Generation: 26
agents22Test 0.700000 0.994000 26 100 500 10 0 0 0.004 0.066 0.218 0.424 0.638 0.782 0.95 0.986 0.994
Generation: 27
agents22Test 0.700000 0.996000 27 100 500 10 0 0 0.004 0.064 0.218 0.438 0.648 0.784 0.942 0.988 0.996
Generation: 28
agents22Test 0.700000 0.996000 28 100 500 10 0 0 0.004 0.066 0.22 0.424 0.632 0.786 0.956 0.992 0.996
Generation: 29
agents22Test 0.700000 0.998000 29 100 500 10 0 0 0.004 0.064 0.218 0.414 0.622 0.748 0.924 0.99 0.998
Generation: 30
agents22Test 0.700000 0.998000 30 100 500 10 0 0 0.004 0.064 0.212 0.418 0.624 0.752 0.918 0.99 0.998
Generation: 31
agents22Test 0.700000 0.998000 31 100 500 10 0 0 0.004 0.064 0.21 0.414 0.622 0.76 0.92 0.99 0.998
Generation: 32
agents22Test 0.700000 0.998000 32 100 500 10 0 0 0.004 0.064 0.218 0.434 0.638 0.782 0.944 0.994 0.998
Generation: 33
agents22Test 0.700000 1.000000 33 100 500 10 0 0 0.004 0.064 0.18 0.398 0.61 0.74 0.918 0.978 1
agents22Test 0.700000 1.000000 34 100 500 10 0 0 0.004 0.068 0.208 0.422 0.628 0.778 0.94 0.982 1
Generation: 0
agents22Test 0.700000 0.946000 0 100 500 10 0 0 0.004 0.068 0.224 0.406 0.612 0.722 0.878 0.936 0.946
Generation: 1
agents22Test 0.700000 0.946000 1 100 500 10 0 0 0.004 0.066 0.212 0.416 0.628 0.74 0.89 0.938 0.946
Generation: 2
agents22Test 0.700000 0.956000 2 100 500 10 0 0 0.004 0.068 0.22 0.428 0.612 0.732 0.866 0.926 0.956
Generation: 3
agents22Test 0.700000 0.960000 3 100 500 10 0 0 0.004 0.068 0.224 0.426 0.626 0.744 0.872 0.93 0.96
Generation: 4
agents22Test 0.700000 0.964000 4 100 500 10 0 0 0.004 0.066 0.222 0.414 0.618 0.754 0.91 0.96 0.964
Generation: 5
agents22Test 0.700000 0.964000 5 100 500 10 0 0 0.004 0.066 0.22 0.418 0.612 0.724 0.878 0.93 0.964
Generation: 6
agents22Test 0.700000 0.966000 6 100 500 10 0 0 0.004 0.066 0.21 0.414 0.588 0.718 0.89 0.936 0.966
Generation: 7
agents22Test 0.700000 0.970000 7 100 500 10 0 0 0.004 0.066 0.238 0.434 0.63 0.75 0.884 0.956 0.97
Generation: 8
agents22Test 0.700000 0.970000 8 100 500 10 0 0 0.004 0.066 0.234 0.44 0.626 0.752 0.902 0.956 0.97
Generation: 9
agents22Test 0.700000 0.974000 9 100 500 10 0 0 0.004 0.07 0.212 0.412 0.62 0.754 0.908 0.966 0.974
Generation: 10
agents22Test 0.700000 0.974000 10 100 500 10 0 0 0.004 0.066 0.226 0.434 0.63 0.746 0.884 0.94 0.974
Generation: 11
agents22Test 0.700000 0.974000 11 100 500 10 0 0 0.004 0.068 0.208 0.422 0.624 0.772 0.924 0.966 0.974
Generation: 12
agents22Test 0.700000 0.976000 12 100 500 10 0 0 0.004 0.068 0.218 0.412 0.616 0.764 0.902 0.956 0.976
Generation: 13
agents22Test 0.700000 0.976000 13 100 500 10 0 0 0.004 0.066 0.224 0.422 0.62 0.75 0.9 0.964 0.976
Generation: 14
agents22Test 0.700000 0.980000 14 100 500 10 0 0 0.004 0.066 0.198 0.41 0.612 0.75 0.914 0.964 0.98
Generation: 15
agents22Test 0.700000 0.980000 15 100 500 10 0 0 0.004 0.066 0.208 0.424 0.636 0.77 0.94 0.98 0.98
Generation: 16
agents22Test 0.700000 0.980000 16 100 500 10 0 0 0.004 0.066 0.192 0.396 0.616 0.764 0.922 0.978 0.98
Generation: 17
agents22Test 0.700000 0.984000 17 100 500 10 0 0 0.004 0.066 0.204 0.418 0.632 0.772 0.924 0.968 0.984
Generation: 18
agents22Test 0.700000 0.992000 18 100 500 10 0 0 0.004 0.068 0.202 0.424 0.636 0.774 0.922 0.97 0.992
Generation: 19
agents22Test 0.700000 0.992000 19 100 500 10 0 0 0.004 0.068 0.206 0.418 0.63 0.766 0.922 0.982 0.992
Generation: 20
agents22Test 0.700000 0.992000 20 100 500 10 0 0 0.004 0.066 0.2 0.398 0.61 0.754 0.928 0.988 0.992
Generation: 21
agents22Test 0.700000 0.992000 21 100 500 10 0 0 0.004 0.068 0.194 0.416 0.624 0.766 0.926 0.978 0.992
Generation: 22
agents22Test 0.700000 0.992000 22 100 500 10 0 0 0.004 0.066 0.2 0.402 0.614 0.75 0.916 0.964 0.992
Generation: 23
agents22Test 0.700000 0.992000 23 100 500 10 0 0 0.004 0.066 0.208 0.414 0.616 0.764 0.936 0.98 0.992
Generation: 24
agents22Test 0.700000 0.992000 24 100 500 10 0 0 0.004 0.068 0.204 0.414 0.63 0.764 0.928 0.986 0.992
Generation: 25
agents22Test 0.700000 0.992000 25 100 500 10 0 0 0.004 0.066 0.2 0.412 0.628 0.774 0.93 0.982 0.992
Generation: 26
agents22Test 0.700000 0.994000 26 100 500 10 0 0 0.004 0.064 0.22 0.428 0.642 0.764 0.922 0.986 0.994
Generation: 27
agents22Test 0.700000 0.994000 27 100 500 10 0 0 0.004 0.066 0.23 0.44 0.65 0.778 0.93 0.982 0.994
Generation: 28
agents22Test 0.700000 0.996000 28 100 500 10 0 0 0.004 0.068 0.19 0.418 0.63 0.764 0.93 0.98 0.996
Generation: 29
agents22Test 0.700000 0.996000 29 100 500 10 0 0 0.004 0.062 0.184 0.394 0.608 0.756 0.922 0.984 0.996
Generation: 30
agents22Test 0.700000 0.996000 30 100 500 10 0 0 0.004 0.066 0.2 0.42 0.626 0.744 0.91 0.964 0.996
Generation: 31
agents22Test 0.700000 0.996000 31 100 500 10 0 0 0.004 0.064 0.204 0.418 0.622 0.776 0.936 0.982 0.996
Generation: 32
agents22Test 0.700000 0.996000 32 100 500 10 0 0 0.004 0.066 0.208 0.42 0.63 0.762 0.916 0.972 0.996
Generation: 33
agents22Test 0.700000 0.996000 33 100 500 10 0 0 0.002 0.062 0.188 0.402 0.622 0.754 0.906 0.974 0.996
Generation: 34
agents22Test 0.700000 0.996000 34 100 500 10 0 0 0.004 0.066 0.208 0.426 0.634 0.768 0.92 0.976 0.996
Generation: 35
agents22Test 0.700000 0.998000 35 100 500 10 0 0 0.004 0.068 0.2 0.422 0.634 0.76 0.934 0.988 0.998
Generation: 36
agents22Test 0.700000 1.000000 36 100 500 10 0 0 0.004 0.068 0.214 0.43 0.648 0.772 0.946 0.992 1
agents22Test 0.700000 1.000000 37 100 500 10 0 0 0.004 0.064 0.214 0.432 0.638 0.77 0.94 0.982 1
Generation: 0
agents22Test 0.700000 0.950000 0 100 500 10 0 0 0.004 0.066 0.222 0.416 0.604 0.728 0.878 0.938 0.95
Generation: 1
agents22Test 0.700000 0.954000 1 100 500 10 0 0 0.004 0.066 0.226 0.422 0.624 0.738 0.87 0.932 0.954
Generation: 2
agents22Test 0.700000 0.958000 2 100 500 10 0 0 0.004 0.064 0.222 0.414 0.61 0.736 0.886 0.942 0.958
Generation: 3
agents22Test 0.700000 0.966000 3 100 500 10 0 0 0.004 0.066 0.224 0.42 0.618 0.728 0.878 0.928 0.966
Generation: 4
agents22Test 0.700000 0.966000 4 100 500 10 0 0 0.004 0.068 0.222 0.42 0.61 0.728 0.866 0.936 0.966
Generation: 5
agents22Test 0.700000 0.966000 5 100 500 10 0 0 0.004 0.066 0.226 0.412 0.604 0.718 0.856 0.93 0.966
Generation: 6
agents22Test 0.700000 0.966000 6 100 500 10 0 0 0.004 0.068 0.224 0.426 0.602 0.712 0.85 0.928 0.966
Generation: 7
agents22Test 0.700000 0.966000 7 100 500 10 0 0 0.004 0.066 0.224 0.412 0.6 0.736 0.89 0.934 0.966
Generation: 8
agents22Test 0.700000 0.972000 8 100 500 10 0 0 0.004 0.066 0.232 0.424 0.628 0.748 0.902 0.96 0.972
Generation: 9
agents22Test 0.700000 0.976000 9 100 500 10 0 0 0.004 0.064 0.214 0.406 0.586 0.712 0.87 0.934 0.976
Generation: 10
agents22Test 0.700000 0.976000 10 100 500 10 0 0 0.004 0.066 0.212 0.414 0.608 0.736 0.89 0.954 0.976
Generation: 11
agents22Test 0.700000 0.982000 11 100 500 10 0 0 0.004 0.064 0.212 0.42 0.62 0.764 0.932 0.974 0.982
Generation: 12
agents22Test 0.700000 0.982000 12 100 500 10 0 0 0.004 0.066 0.214 0.416 0.612 0.754 0.91 0.972 0.982
Generation: 13
agents22Test 0.700000 0.982000 13 100 500 10 0 0 0.004 0.066 0.216 0.416 0.584 0.716 0.884 0.962 0.982
Generation: 14
agents22Test 0.700000 0.984000 14 100 500 10 0 0 0.004 0.066 0.216 0.422 0.62 0.748 0.918 0.964 0.984
Generation: 15
agents22Test 0.700000 0.984000 15 100 500 10 0 0 0.004 0.064 0.212 0.426 0.63 0.75 0.918 0.978 0.984
Generation: 16
agents22Test 0.700000 0.984000 16 100 500 10 0 0 0.004 0.064 0.214 0.416 0.628 0.75 0.928 0.976 0.984
Generation: 17
agents22Test 0.700000 0.986000 17 100 500 10 0 0 0.004 0.066 0.214 0.412 0.62 0.762 0.926 0.976 0.986
Generation: 18
agents22Test 0.700000 0.986000 18 100 500 10 0 0 0.004 0.066 0.216 0.426 0.628 0.75 0.916 0.964 0.986
Generation: 19
agents22Test 0.700000 0.988000 19 100 500 10 0 0 0.004 0.068 0.224 0.424 0.624 0.768 0.92 0.968 0.988
Generation: 20
agents22Test 0.700000 0.992000 20 100 500 10 0 0 0.004 0.064 0.226 0.428 0.63 0.744 0.922 0.974 0.992
Generation: 21
agents22Test 0.700000 0.992000 21 100 500 10 0 0 0.004 0.068 0.232 0.442 0.644 0.784 0.954 0.992 0.992
Generation: 22
agents22Test 0.700000 0.992000 22 100 500 10 0 0 0.004 0.064 0.22 0.432 0.62 0.744 0.928 0.982 0.992
Generation: 23
agents22Test 0.700000 0.992000 23 100 500 10 0 0 0.004 0.066 0.226 0.428 0.632 0.768 0.924 0.976 0.992
Generation: 24
agents22Test 0.700000 0.992000 24 100 500 10 0 0 0.004 0.064 0.23 0.43 0.632 0.772 0.938 0.972 0.992
Generation: 25
agents22Test 0.700000 0.992000 25 100 500 10 0 0 0.004 0.064 0.224 0.436 0.636 0.774 0.94 0.982 0.992
Generation: 26
agents22Test 0.700000 0.992000 26 100 500 10 0 0 0.004 0.066 0.214 0.428 0.632 0.768 0.94 0.984 0.992
Generation: 27
agents22Test 0.700000 0.992000 27 100 500 10 0 0 0.004 0.064 0.21 0.42 0.618 0.76 0.926 0.978 0.992
Generation: 28
agents22Test 0.700000 0.992000 28 100 500 10 0 0 0.004 0.064 0.222 0.428 0.628 0.774 0.948 0.992 0.992
Generation: 29
agents22Test 0.700000 0.992000 29 100 500 10 0 0 0.004 0.068 0.23 0.434 0.634 0.772 0.942 0.98 0.992
Generation: 30
agents22Test 0.700000 1.000000 30 100 500 10 0 0 0.004 0.066 0.214 0.434 0.644 0.804 0.954 0.992 1
agents22Test 0.700000 1.000000 31 100 500 10 0 0 0.004 0.064 0.226 0.45 0.66 0.81 0.966 0.994 1
Generation: 0
agents22Test 0.700000 0.950000 0 100 500 10 0 0 0.004 0.064 0.224 0.424 0.62 0.732 0.864 0.924 0.95
Generation: 1
agents22Test 0.700000 0.952000 1 100 500 10 0 0 0.004 0.066 0.222 0.436 0.626 0.75 0.89 0.95 0.952
Generation: 2
agents22Test 0.700000 0.952000 2 100 500 10 0 0 0.004 0.064 0.23 0.432 0.61 0.734 0.872 0.948 0.952
Generation: 3
agents22Test 0.700000 0.952000 3 100 500 10 0 0 0.004 0.068 0.212 0.418 0.606 0.716 0.862 0.936 0.952
Generation: 4
agents22Test 0.700000 0.956000 4 100 500 10 0 0 0.004 0.064 0.238 0.44 0.614 0.732 0.868 0.932 0.956
Generation: 5
agents22Test 0.700000 0.962000 5 100 500 10 0 0 0.004 0.064 0.23 0.428 0.624 0.732 0.886 0.942 0.962
Generation: 6
agents22Test 0.700000 0.962000 6 100 500 10 0 0 0.004 0.066 0.222 0.416 0.61 0.74 0.898 0.946 0.962
Generation: 7
agents22Test 0.700000 0.964000 7 100 500 10 0 0 0.004 0.068 0.24 0.434 0.592 0.72 0.868 0.93 0.964
Generation: 8
agents22Test 0.700000 0.978000 8 100 500 10 0 0 0.004 0.066 0.238 0.438 0.592 0.72 0.9 0.97 0.978
Generation: 9
agents22Test 0.700000 0.978000 9 100 500 10 0 0 0.004 0.066 0.232 0.43 0.606 0.73 0.89 0.954 0.978
Generation: 10
agents22Test 0.700000 0.978000 10 100 500 10 0 0 0.002 0.064 0.226 0.422 0.606 0.746 0.904 0.964 0.978
Generation: 11
agents22Test 0.700000 0.978000 11 100 500 10 0 0 0.004 0.062 0.228 0.426 0.614 0.748 0.896 0.954 0.978
Generation: 12
agents22Test 0.700000 0.978000 12 100 500 10 0 0 0.004 0.066 0.23 0.432 0.606 0.722 0.892 0.96 0.978
Generation: 13
agents22Test 0.700000 0.978000 13 100 500 10 0 0 0.004 0.066 0.24 0.426 0.62 0.748 0.91 0.958 0.978
Generation: 14
agents22Test 0.700000 0.978000 14 100 500 10 0 0 0.002 0.064 0.23 0.426 0.604 0.73 0.894 0.974 0.978
Generation: 15
agents22Test 0.700000 0.978000 15 100 500 10 0 0 0.004 0.064 0.216 0.414 0.578 0.726 0.888 0.952 0.978
Generation: 16
agents22Test 0.700000 0.982000 16 100 500 10 0 0 0.004 0.062 0.224 0.426 0.616 0.752 0.914 0.97 0.982
Generation: 17
agents22Test 0.700000 0.982000 17 100 500 10 0 0 0.004 0.068 0.216 0.43 0.596 0.742 0.912 0.964 0.982
Generation: 18
agents22Test 0.700000 0.982000 18 100 500 10 0 0 0.004 0.066 0.22 0.442 0.626 0.752 0.916 0.974 0.982
Generation: 19
agents22Test 0.700000 0.986000 19 100 500 10 0 0 0.004 0.066 0.234 0.438 0.622 0.758 0.918 0.986 0.986
Generation: 20
agents22Test 0.700000 0.988000 20 100 500 10 0 0 0.004 0.068 0.24 0.448 0.644 0.776 0.934 0.988 0.988
Generation: 21
agents22Test 0.700000 0.988000 21 100 500 10 0 0 0.004 0.066 0.232 0.438 0.626 0.784 0.95 0.986 0.988
Generation: 22
agents22Test 0.700000 0.988000 22 100 500 10 0 0 0.004 0.066 0.242 0.45 0.64 0.776 0.928 0.98 0.988
Generation: 23
agents22Test 0.700000 0.992000 23 100 500 10 0 0 0.004 0.068 0.216 0.412 0.614 0.76 0.944 0.988 0.992
Generation: 24
agents22Test 0.700000 0.992000 24 100 500 10 0 0 0.004 0.068 0.21 0.406 0.6 0.726 0.904 0.972 0.992
Generation: 25
agents22Test 0.700000 0.992000 25 100 500 10 0 0 0.004 0.062 0.206 0.436 0.636 0.776 0.918 0.982 0.992
Generation: 26
agents22Test 0.700000 0.992000 26 100 500 10 0 0 0.004 0.066 0.194 0.41 0.614 0.752 0.908 0.972 0.992
Generation: 27
agents22Test 0.700000 0.994000 27 100 500 10 0 0 0.004 0.068 0.236 0.426 0.616 0.758 0.924 0.984 0.994
Generation: 28
agents22Test 0.700000 0.994000 28 100 500 10 0 0 0.004 0.068 0.236 0.434 0.624 0.774 0.91 0.974 0.994
Generation: 29
agents22Test 0.700000 0.994000 29 100 500 10 0 0 0.004 0.064 0.24 0.464 0.648 0.794 0.922 0.972 0.994
Generation: 30
agents22Test 0.700000 0.994000 30 100 500 10 0 0 0.002 0.066 0.24 0.456 0.644 0.794 0.932 0.978 0.994
Generation: 31
agents22Test 0.700000 0.994000 31 100 500 10 0 0 0.004 0.066 0.222 0.42 0.62 0.772 0.912 0.974 0.994
Generation: 32
agents22Test 0.700000 0.996000 32 100 500 10 0 0 0.004 0.068 0.214 0.432 0.638 0.786 0.952 0.99 0.996
Generation: 33
agents22Test 0.700000 0.996000 33 100 500 10 0 0 0.004 0.068 0.206 0.414 0.616 0.754 0.932 0.988 0.996
Generation: 34
agents22Test 0.700000 0.996000 34 100 500 10 0 0 0.004 0.068 0.21 0.412 0.616 0.764 0.916 0.982 0.996
Generation: 35
agents22Test 0.700000 0.996000 35 100 500 10 0 0 0.004 0.066 0.224 0.43 0.632 0.788 0.936 0.994 0.996
Generation: 36
agents22Test 0.700000 0.996000 36 100 500 10 0 0 0.004 0.066 0.212 0.418 0.618 0.764 0.942 0.996 0.996
Generation: 37
agents22Test 0.700000 0.996000 37 100 500 10 0 0 0.004 0.07 0.208 0.424 0.61 0.766 0.95 0.988 0.996
Generation: 38
agents22Test 0.700000 0.996000 38 100 500 10 0 0 0.004 0.066 0.204 0.414 0.62 0.78 0.934 0.986 0.996
Generation: 39
agents22Test 0.700000 0.996000 39 100 500 10 0 0 0.004 0.068 0.21 0.416 0.616 0.762 0.92 0.974 0.996
Generation: 40
agents22Test 0.700000 0.996000 40 100 500 10 0 0 0.004 0.07 0.2 0.392 0.59 0.73 0.92 0.98 0.996
Generation: 41
agents22Test 0.700000 0.996000 41 100 500 10 0 0 0.004 0.066 0.212 0.426 0.624 0.774 0.948 0.984 0.996
Generation: 42
agents22Test 0.700000 0.996000 42 100 500 10 0 0 0.004 0.07 0.21 0.416 0.614 0.764 0.948 0.99 0.996
Generation: 43
agents22Test 0.700000 0.996000 43 100 500 10 0 0 0.004 0.066 0.202 0.406 0.612 0.754 0.94 0.986 0.996
Generation: 44
agents22Test 0.700000 0.996000 44 100 500 10 0 0 0.004 0.068 0.202 0.418 0.618 0.768 0.948 0.99 0.996
Generation: 45
agents22Test 0.700000 0.996000 45 100 500 10 0 0 0.004 0.068 0.218 0.426 0.616 0.776 0.95 0.988 0.996
Generation: 46
agents22Test 0.700000 0.998000 46 100 500 10 0 0 0.004 0.07 0.23 0.46 0.656 0.79 0.95 0.99 0.998
Generation: 47
agents22Test 0.700000 0.998000 47 100 500 10 0 0 0.004 0.068 0.23 0.452 0.628 0.772 0.944 0.986 0.998
Generation: 48
agents22Test 0.700000 0.998000 48 100 500 10 0 0 0.004 0.068 0.22 0.452 0.628 0.768 0.936 0.988 0.998
Generation: 49
agents22Test 0.700000 0.998000 49 100 500 10 0 0 0.004 0.066 0.222 0.434 0.624 0.774 0.95 0.996 0.998
Generation: 50
agents22Test 0.700000 0.998000 50 100 500 10 0 0 0.004 0.068 0.226 0.46 0.652 0.784 0.94 0.984 0.998
Generation: 51
agents22Test 0.700000 0.998000 51 100 500 10 0 0 0.004 0.068 0.224 0.44 0.616 0.762 0.938 0.986 0.998
Generation: 52
agents22Test 0.700000 0.998000 52 100 500 10 0 0 0.004 0.068 0.236 0.448 0.65 0.796 0.954 0.992 0.998
Generation: 53
agents22Test 0.700000 0.998000 53 100 500 10 0 0 0.004 0.066 0.226 0.44 0.624 0.766 0.928 0.976 0.998
Generation: 54
agents22Test 0.700000 0.998000 54 100 500 10 0 0 0.004 0.068 0.216 0.434 0.634 0.784 0.932 0.984 0.998
Generation: 55
agents22Test 0.700000 0.998000 55 100 500 10 0 0 0.004 0.068 0.228 0.456 0.654 0.798 0.95 0.992 0.998
Generation: 56
agents22Test 0.700000 1.000000 56 100 500 10 0 0 0.004 0.066 0.23 0.444 0.64 0.774 0.956 0.992 1
agents22Test 0.700000 1.000000 57 100 500 10 0 0 0.004 0.068 0.232 0.448 0.648 0.786 0.954 0.996 1
Generation: 0
agents22Test 0.700000 0.952000 0 100 500 10 0 0 0.004 0.068 0.226 0.434 0.634 0.736 0.872 0.92 0.952
Generation: 1
agents22Test 0.700000 0.958000 1 100 500 10 0 0 0.004 0.07 0.226 0.42 0.616 0.754 0.892 0.95 0.958
Generation: 2
agents22Test 0.700000 0.962000 2 100 500 10 0 0 0.004 0.064 0.208 0.4 0.602 0.732 0.852 0.932 0.962
Generation: 3
agents22Test 0.700000 0.962000 3 100 500 10 0 0 0.004 0.066 0.202 0.39 0.588 0.722 0.862 0.936 0.962
Generation: 4
agents22Test 0.700000 0.962000 4 100 500 10 0 0 0.004 0.068 0.202 0.398 0.592 0.71 0.866 0.918 0.962
Generation: 5
agents22Test 0.700000 0.964000 5 100 500 10 0 0 0.004 0.066 0.212 0.414 0.622 0.756 0.904 0.96 0.964
Generation: 6
agents22Test 0.700000 0.972000 6 100 500 10 0 0 0.004 0.07 0.22 0.412 0.612 0.74 0.892 0.96 0.972
Generation: 7
agents22Test 0.700000 0.972000 7 100 500 10 0 0 0.004 0.068 0.224 0.438 0.644 0.766 0.91 0.962 0.972
Generation: 8
agents22Test 0.700000 0.976000 8 100 500 10 0 0 0.004 0.066 0.23 0.438 0.636 0.76 0.91 0.97 0.976
Generation: 9
agents22Test 0.700000 0.982000 9 100 500 10 0 0 0.004 0.068 0.238 0.44 0.634 0.766 0.91 0.964 0.982
Generation: 10
agents22Test 0.700000 0.982000 10 100 500 10 0 0 0.004 0.068 0.232 0.416 0.612 0.744 0.906 0.968 0.982
Generation: 11
agents22Test 0.700000 0.986000 11 100 500 10 0 0 0.004 0.07 0.22 0.422 0.632 0.752 0.914 0.982 0.986
Generation: 12
agents22Test 0.700000 0.986000 12 100 500 10 0 0 0.004 0.068 0.236 0.434 0.64 0.77 0.926 0.99 0.986
Generation: 13
agents22Test 0.700000 0.990000 13 100 500 10 0 0 0.004 0.066 0.228 0.426 0.62 0.748 0.916 0.978 0.99
Generation: 14
agents22Test 0.700000 0.990000 14 100 500 10 0 0 0.004 0.066 0.214 0.414 0.614 0.758 0.904 0.964 0.99
Generation: 15
agents22Test 0.700000 0.996000 15 100 500 10 0 0 0.004 0.068 0.22 0.434 0.636 0.78 0.952 0.988 0.996
Generation: 16
agents22Test 0.700000 0.996000 16 100 500 10 0 0 0.004 0.07 0.22 0.432 0.644 0.784 0.938 0.988 0.996
Generation: 17
agents22Test 0.700000 0.996000 17 100 500 10 0 0 0.004 0.064 0.222 0.442 0.638 0.778 0.948 0.984 0.996
Generation: 18
agents22Test 0.700000 0.996000 18 100 500 10 0 0 0.004 0.066 0.22 0.422 0.626 0.764 0.944 0.98 0.996
Generation: 19
agents22Test 0.700000 0.996000 19 100 500 10 0 0 0.004 0.068 0.214 0.434 0.644 0.77 0.934 0.984 0.996
Generation: 20
agents22Test 0.700000 0.996000 20 100 500 10 0 0 0.004 0.068 0.224 0.43 0.642 0.76 0.932 0.992 0.996
Generation: 21
agents22Test 0.700000 0.996000 21 100 500 10 0 0 0.004 0.068 0.222 0.448 0.656 0.79 0.938 0.986 0.996
Generation: 22
agents22Test 0.700000 0.996000 22 100 500 10 0 0 0.004 0.068 0.2 0.426 0.636 0.772 0.942 0.986 0.996
Generation: 23
agents22Test 0.700000 1.000000 23 100 500 10 0 0 0.004 0.068 0.228 0.438 0.642 0.774 0.918 0.976 1
agents22Test 0.700000 1.000000 24 100 500 10 0 0 0.004 0.064 0.222 0.418 0.63 0.77 0.94 0.992 1
Generation: 0
agents22Test 0.700000 0.950000 0 100 500 10 0 0 0.004 0.064 0.224 0.418 0.608 0.72 0.864 0.918 0.95
Generation: 1
agents22Test 0.700000 0.952000 1 100 500 10 0 0 0.004 0.06 0.214 0.384 0.576 0.706 0.86 0.918 0.952
Generation: 2
agents22Test 0.700000 0.956000 2 100 500 10 0 0 0.004 0.064 0.22 0.418 0.612 0.736 0.882 0.928 0.956
Generation: 3
agents22Test 0.700000 0.956000 3 100 500 10 0 0 0.004 0.068 0.216 0.414 0.62 0.736 0.878 0.934 0.956
Generation: 4
agents22Test 0.700000 0.956000 4 100 500 10 0 0 0.004 0.068 0.224 0.42 0.616 0.74 0.89 0.942 0.956
Generation: 5
agents22Test 0.700000 0.958000 5 100 500 10 0 0 0.004 0.068 0.222 0.418 0.616 0.726 0.874 0.934 0.958
Generation: 6
agents22Test 0.700000 0.958000 6 100 500 10 0 0 0.004 0.066 0.242 0.434 0.618 0.732 0.902 0.95 0.958
Generation: 7
agents22Test 0.700000 0.962000 7 100 500 10 0 0 0.004 0.07 0.234 0.428 0.628 0.74 0.876 0.94 0.962
Generation: 8
agents22Test 0.700000 0.966000 8 100 500 10 0 0 0.004 0.068 0.224 0.43 0.64 0.768 0.908 0.958 0.966
Generation: 9
agents22Test 0.700000 0.968000 9 100 500 10 0 0 0.004 0.066 0.232 0.432 0.63 0.752 0.894 0.958 0.968
Generation: 10
agents22Test 0.700000 0.968000 10 100 500 10 0 0 0.004 0.068 0.232 0.434 0.624 0.74 0.884 0.95 0.968
Generation: 11
agents22Test 0.700000 0.968000 11 100 500 10 0 0 0.004 0.068 0.232 0.436 0.62 0.744 0.894 0.954 0.968
Generation: 12
agents22Test 0.700000 0.968000 12 100 500 10 0 0 0.004 0.066 0.228 0.422 0.624 0.738 0.89 0.944 0.968
Generation: 13
agents22Test 0.700000 0.974000 13 100 500 10 0 0 0.004 0.062 0.206 0.408 0.592 0.718 0.896 0.95 0.974
Generation: 14
agents22Test 0.700000 0.974000 14 100 500 10 0 0 0.004 0.064 0.218 0.414 0.604 0.73 0.9 0.964 0.974
Generation: 15
agents22Test 0.700000 0.974000 15 100 500 10 0 0 0.004 0.062 0.204 0.394 0.588 0.712 0.884 0.958 0.974
Generation: 16
agents22Test 0.700000 0.974000 16 100 500 10 0 0 0.004 0.062 0.198 0.414 0.602 0.734 0.902 0.95 0.974
Generation: 17
agents22Test 0.700000 0.988000 17 100 500 10 0 0 0.004 0.066 0.226 0.426 0.62 0.74 0.904 0.964 0.988
Generation: 18
agents22Test 0.700000 0.988000 18 100 500 10 0 0 0.004 0.064 0.21 0.412 0.618 0.736 0.896 0.978 0.988
Generation: 19
agents22Test 0.700000 0.988000 19 100 500 10 0 0 0.004 0.062 0.198 0.404 0.604 0.722 0.878 0.944 0.988
Generation: 20
agents22Test 0.700000 0.988000 20 100 500 10 0 0 0.002 0.064 0.214 0.42 0.626 0.746 0.912 0.974 0.988
Generation: 21
agents22Test 0.700000 0.988000 21 100 500 10 0 0 0.004 0.066 0.208 0.406 0.612 0.732 0.906 0.974 0.988
Generation: 22
agents22Test 0.700000 0.988000 22 100 500 10 0 0 0.004 0.064 0.214 0.416 0.612 0.734 0.902 0.954 0.988
Generation: 23
agents22Test 0.700000 0.988000 23 100 500 10 0 0 0.004 0.068 0.216 0.42 0.616 0.744 0.91 0.966 0.988
Generation: 24
agents22Test 0.700000 0.988000 24 100 500 10 0 0 0.004 0.064 0.198 0.398 0.592 0.712 0.882 0.95 0.988
Generation: 25
agents22Test 0.700000 0.988000 25 100 500 10 0 0 0.004 0.064 0.204 0.402 0.608 0.736 0.902 0.972 0.988
Generation: 26
agents22Test 0.700000 0.992000 26 100 500 10 0 0 0.004 0.068 0.216 0.424 0.636 0.766 0.922 0.984 0.992
Generation: 27
agents22Test 0.700000 0.992000 27 100 500 10 0 0 0.004 0.07 0.22 0.418 0.622 0.77 0.938 0.982 0.992
Generation: 28
agents22Test 0.700000 0.992000 28 100 500 10 0 0 0.004 0.068 0.218 0.428 0.624 0.766 0.928 0.984 0.992
Generation: 29
agents22Test 0.700000 0.998000 29 100 500 10 0 0 0.004 0.066 0.194 0.408 0.608 0.764 0.936 0.984 0.998
Generation: 30
agents22Test 0.700000 0.998000 30 100 500 10 0 0 0.004 0.064 0.188 0.4 0.604 0.76 0.926 0.984 0.998
Generation: 31
agents22Test 0.700000 1.000000 31 100 500 10 0 0 0.004 0.066 0.228 0.444 0.646 0.776 0.938 0.994 1
agents22Test 0.700000 1.000000 32 100 500 10 0 0 0.004 0.068 0.224 0.424 0.64 0.774 0.948 0.99 1
Generation: 0
agents22Test 0.700000 0.954000 0 100 500 10 0 0 0.004 0.068 0.236 0.438 0.628 0.74 0.868 0.922 0.954
Generation: 1
agents22Test 0.700000 0.958000 1 100 500 10 0 0 0.004 0.064 0.226 0.426 0.612 0.736 0.876 0.93 0.958
Generation: 2
agents22Test 0.700000 0.958000 2 100 500 10 0 0 0.004 0.062 0.23 0.416 0.604 0.724 0.872 0.928 0.958
Generation: 3
agents22Test 0.700000 0.964000 3 100 500 10 0 0 0.004 0.064 0.228 0.428 0.622 0.738 0.884 0.952 0.964
Generation: 4
agents22Test 0.700000 0.968000 4 100 500 10 0 0 0.004 0.068 0.236 0.424 0.626 0.764 0.892 0.96 0.968
Generation: 5
agents22Test 0.700000 0.968000 5 100 500 10 0 0 0.004 0.07 0.234 0.44 0.628 0.746 0.896 0.958 0.968
Generation: 6
agents22Test 0.700000 0.968000 6 100 500 10 0 0 0.002 0.064 0.226 0.406 0.612 0.74 0.872 0.95 0.968
Generation: 7
agents22Test 0.700000 0.980000 7 100 500 10 0 0 0.004 0.068 0.216 0.422 0.612 0.752 0.902 0.966 0.98
Generation: 8
agents22Test 0.700000 0.980000 8 100 500 10 0 0 0.004 0.068 0.222 0.434 0.614 0.764 0.926 0.984 0.98
Generation: 9
agents22Test 0.700000 0.980000 9 100 500 10 0 0 0.002 0.066 0.214 0.438 0.628 0.786 0.916 0.978 0.98
Generation: 10
agents22Test 0.700000 0.986000 10 100 500 10 0 0 0.004 0.066 0.212 0.43 0.616 0.766 0.898 0.982 0.986
Generation: 11
agents22Test 0.700000 0.986000 11 100 500 10 0 0 0.004 0.07 0.206 0.402 0.606 0.766 0.91 0.972 0.986
Generation: 12
agents22Test 0.700000 0.988000 12 100 500 10 0 0 0.004 0.068 0.236 0.45 0.658 0.794 0.942 0.988 0.988
Generation: 13
agents22Test 0.700000 0.988000 13 100 500 10 0 0 0.004 0.07 0.246 0.46 0.666 0.796 0.944 0.986 0.988
Generation: 14
agents22Test 0.700000 0.992000 14 100 500 10 0 0 0.004 0.066 0.214 0.436 0.638 0.786 0.942 0.978 0.992
Generation: 15
agents22Test 0.700000 0.992000 15 100 500 10 0 0 0.004 0.066 0.22 0.424 0.622 0.762 0.946 0.992 0.992
Generation: 16
agents22Test 0.700000 0.992000 16 100 500 10 0 0 0.004 0.068 0.22 0.436 0.646 0.798 0.952 0.99 0.992
Generation: 17
agents22Test 0.700000 0.994000 17 100 500 10 0 0 0.004 0.066 0.228 0.448 0.658 0.802 0.932 0.978 0.994
Generation: 18
agents22Test 0.700000 0.994000 18 100 500 10 0 0 0.004 0.068 0.234 0.45 0.666 0.8 0.932 0.99 0.994
Generation: 19
agents22Test 0.700000 0.994000 19 100 500 10 0 0 0.004 0.068 0.228 0.438 0.654 0.786 0.928 0.986 0.994
Generation: 20
agents22Test 0.700000 0.994000 20 100 500 10 0 0 0.004 0.066 0.24 0.46 0.664 0.786 0.922 0.976 0.994
Generation: 21
agents22Test 0.700000 1.000000 21 100 500 10 0 0 0.004 0.066 0.238 0.458 0.672 0.794 0.934 0.984 1
agents22Test 0.700000 1.000000 22 100 500 10 0 0 0.004 0.066 0.24 0.466 0.676 0.806 0.934 0.984 1
Generation: 0
agents22Test 0.700000 0.948000 0 100 500 10 0 0 0.004 0.066 0.226 0.418 0.606 0.714 0.856 0.918 0.948
Generation: 1
agents22Test 0.700000 0.970000 1 100 500 10 0 0 0.004 0.068 0.236 0.422 0.624 0.752 0.894 0.95 0.97
Generation: 2
agents22Test 0.700000 0.970000 2 100 500 10 0 0 0.004 0.068 0.228 0.436 0.624 0.74 0.896 0.954 0.97
Generation: 3
agents22Test 0.700000 0.970000 3 100 500 10 0 0 0.004 0.068 0.238 0.444 0.63 0.764 0.904 0.958 0.97
Generation: 4
agents22Test 0.700000 0.970000 4 100 500 10 0 0 0.004 0.066 0.23 0.428 0.63 0.762 0.906 0.966 0.97
Generation: 5
agents22Test 0.700000 0.970000 5 100 500 10 0 0 0.004 0.068 0.238 0.442 0.644 0.774 0.912 0.964 0.97
Generation: 6
agents22Test 0.700000 0.972000 6 100 500 10 0 0 0.004 0.066 0.214 0.426 0.628 0.76 0.908 0.974 0.972
Generation: 7
agents22Test 0.700000 0.972000 7 100 500 10 0 0 0.004 0.066 0.22 0.416 0.63 0.768 0.918 0.974 0.972
Generation: 8
agents22Test 0.700000 0.974000 8 100 500 10 0 0 0.004 0.07 0.234 0.436 0.644 0.766 0.89 0.966 0.974
Generation: 9
agents22Test 0.700000 0.978000 9 100 500 10 0 0 0.004 0.066 0.222 0.43 0.626 0.768 0.934 0.978 0.978
Generation: 10
agents22Test 0.700000 0.980000 10 100 500 10 0 0 0.004 0.072 0.222 0.422 0.634 0.772 0.916 0.97 0.98
Generation: 11
agents22Test 0.700000 0.982000 11 100 500 10 0 0 0.004 0.068 0.212 0.426 0.63 0.762 0.91 0.966 0.982
Generation: 12
agents22Test 0.700000 0.984000 12 100 500 10 0 0 0.004 0.07 0.23 0.446 0.648 0.774 0.904 0.958 0.984
Generation: 13
agents22Test 0.700000 0.984000 13 100 500 10 0 0 0.004 0.068 0.224 0.438 0.646 0.77 0.91 0.964 0.984
Generation: 14
agents22Test 0.700000 0.988000 14 100 500 10 0 0 0.004 0.072 0.218 0.428 0.63 0.772 0.91 0.97 0.988
Generation: 15
agents22Test 0.700000 0.990000 15 100 500 10 0 0 0.004 0.068 0.234 0.444 0.64 0.788 0.926 0.978 0.99
Generation: 16
agents22Test 0.700000 0.990000 16 100 500 10 0 0 0.004 0.068 0.22 0.428 0.624 0.786 0.932 0.978 0.99
Generation: 17
agents22Test 0.700000 0.990000 17 100 500 10 0 0 0.004 0.07 0.226 0.448 0.66 0.782 0.928 0.978 0.99
Generation: 18
agents22Test 0.700000 0.990000 18 100 500 10 0 0 0.004 0.07 0.232 0.444 0.65 0.788 0.918 0.978 0.99
Generation: 19
agents22Test 0.700000 0.996000 19 100 500 10 0 0 0.004 0.07 0.228 0.436 0.654 0.778 0.938 0.988 0.996
Generation: 20
agents22Test 0.700000 0.996000 20 100 500 10 0 0 0.004 0.064 0.222 0.43 0.648 0.796 0.958 0.988 0.996
Generation: 21
agents22Test 0.700000 0.996000 21 100 500 10 0 0 0.004 0.066 0.23 0.434 0.652 0.79 0.948 0.99 0.996
Generation: 22
agents22Test 0.700000 0.996000 22 100 500 10 0 0 0.004 0.066 0.226 0.436 0.648 0.782 0.942 0.984 0.996
Generation: 23
agents22Test 0.700000 0.996000 23 100 500 10 0 0 0.002 0.066 0.224 0.432 0.636 0.774 0.936 0.98 0.996
Generation: 24
agents22Test 0.700000 0.996000 24 100 500 10 0 0 0.004 0.066 0.232 0.442 0.646 0.78 0.934 0.988 0.996
Generation: 25
agents22Test 0.700000 0.996000 25 100 500 10 0 0 0.004 0.066 0.228 0.428 0.634 0.776 0.926 0.978 0.996
Generation: 26
agents22Test 0.700000 0.996000 26 100 500 10 0 0 0.004 0.066 0.234 0.448 0.654 0.792 0.942 0.984 0.996
Generation: 27
agents22Test 0.700000 0.996000 27 100 500 10 0 0 0.004 0.072 0.24 0.446 0.646 0.78 0.932 0.982 0.996
Generation: 28
agents22Test 0.700000 0.998000 28 100 500 10 0 0 0.004 0.068 0.242 0.458 0.626 0.78 0.958 0.99 0.998
Generation: 29
agents22Test 0.700000 1.000000 29 100 500 10 0 0 0.004 0.064 0.236 0.468 0.666 0.806 0.956 0.99 1
agents22Test 0.700000 1.000000 30 100 500 10 0 0 0.004 0.066 0.24 0.462 0.67 0.808 0.968 0.99 1
Generation: 0
agents22Test 0.700000 0.950000 0 100 500 10 0 0 0.004 0.068 0.234 0.442 0.634 0.744 0.886 0.946 0.95
Generation: 1
agents22Test 0.700000 0.958000 1 100 500 10 0 0 0.004 0.066 0.196 0.394 0.6 0.724 0.898 0.948 0.958
Generation: 2
agents22Test 0.700000 0.960000 2 100 500 10 0 0 0.004 0.072 0.216 0.412 0.608 0.722 0.846 0.928 0.96
Generation: 3
agents22Test 0.700000 0.962000 3 100 500 10 0 0 0.002 0.062 0.214 0.414 0.61 0.712 0.86 0.936 0.962
Generation: 4
agents22Test 0.700000 0.966000 4 100 500 10 0 0 0.004 0.066 0.216 0.42 0.622 0.754 0.898 0.956 0.966
Generation: 5
agents22Test 0.700000 0.968000 5 100 500 10 0 0 0.002 0.062 0.218 0.416 0.598 0.726 0.878 0.95 0.968
Generation: 6
agents22Test 0.700000 0.968000 6 100 500 10 0 0 0.004 0.066 0.224 0.414 0.594 0.724 0.876 0.954 0.968
Generation: 7
agents22Test 0.700000 0.970000 7 100 500 10 0 0 0.004 0.068 0.208 0.41 0.608 0.742 0.906 0.958 0.97
Generation: 8
agents22Test 0.700000 0.974000 8 100 500 10 0 0 0.004 0.07 0.21 0.414 0.618 0.76 0.918 0.968 0.974
Generation: 9
agents22Test 0.700000 0.976000 9 100 500 10 0 0 0.004 0.066 0.236 0.448 0.636 0.768 0.922 0.972 0.976
Generation: 10
agents22Test 0.700000 0.976000 10 100 500 10 0 0 0.004 0.07 0.24 0.428 0.632 0.758 0.908 0.96 0.976
Generation: 11
agents22Test 0.700000 0.982000 11 100 500 10 0 0 0.004 0.068 0.216 0.416 0.608 0.738 0.9 0.966 0.982
Generation: 12
agents22Test 0.700000 0.982000 12 100 500 10 0 0 0.004 0.07 0.22 0.402 0.604 0.736 0.91 0.966 0.982
Generation: 13
agents22Test 0.700000 0.982000 13 100 500 10 0 0 0.004 0.068 0.226 0.434 0.642 0.762 0.924 0.98 0.982
Generation: 14
agents22Test 0.700000 0.982000 14 100 500 10 0 0 0.004 0.068 0.214 0.402 0.608 0.758 0.918 0.966 0.982
Generation: 15
agents22Test 0.700000 0.986000 15 100 500 10 0 0 0.004 0.066 0.232 0.44 0.65 0.774 0.92 0.976 0.986
Generation: 16
agents22Test 0.700000 0.986000 16 100 500 10 0 0 0.004 0.07 0.234 0.44 0.636 0.77 0.92 0.982 0.986
Generation: 17
agents22Test 0.700000 0.992000 17 100 500 10 0 0 0.004 0.066 0.214 0.424 0.63 0.778 0.938 0.976 0.992
Generation: 18
agents22Test 0.700000 0.992000 18 100 500 10 0 0 0.004 0.068 0.224 0.43 0.628 0.774 0.922 0.97 0.992
Generation: 19
agents22Test 0.700000 0.992000 19 100 500 10 0 0 0.004 0.07 0.208 0.412 0.616 0.762 0.912 0.986 0.992
Generation: 20
agents22Test 0.700000 0.992000 20 100 500 10 0 0 0.004 0.07 0.212 0.424 0.638 0.794 0.946 0.992 0.992
Generation: 21
agents22Test 0.700000 0.992000 21 100 500 10 0 0 0.004 0.07 0.212 0.422 0.636 0.776 0.92 0.976 0.992
Generation: 22
agents22Test 0.700000 0.992000 22 100 500 10 0 0 0.004 0.066 0.214 0.434 0.632 0.774 0.932 0.98 0.992
Generation: 23
agents22Test 0.700000 0.992000 23 100 500 10 0 0 0.004 0.068 0.228 0.42 0.628 0.776 0.92 0.962 0.992
Generation: 24
agents22Test 0.700000 0.994000 24 100 500 10 0 0 0.004 0.066 0.22 0.428 0.62 0.762 0.922 0.976 0.994
Generation: 25
agents22Test 0.700000 0.994000 25 100 500 10 0 0 0.004 0.068 0.212 0.43 0.644 0.788 0.95 0.988 0.994
Generation: 26
agents22Test 0.700000 0.994000 26 100 500 10 0 0 0.004 0.068 0.216 0.424 0.618 0.76 0.928 0.982 0.994
Generation: 27
agents22Test 0.700000 0.994000 27 100 500 10 0 0 0.004 0.066 0.226 0.432 0.624 0.758 0.928 0.99 0.994
Generation: 28
agents22Test 0.700000 0.998000 28 100 500 10 0 0 0.004 0.066 0.218 0.424 0.62 0.762 0.93 0.98 0.998
Generation: 29
agents22Test 0.700000 0.998000 29 100 500 10 0 0 0.004 0.066 0.212 0.422 0.62 0.758 0.928 0.968 0.998
Generation: 30
agents22Test 0.700000 0.998000 30 100 500 10 0 0 0.004 0.064 0.212 0.42 0.616 0.764 0.928 0.974 0.998
Generation: 31
agents22Test 0.700000 0.998000 31 100 500 10 0 0 0.004 0.068 0.212 0.43 0.634 0.766 0.944 0.99 0.998
Generation: 32
agents22Test 0.700000 0.998000 32 100 500 10 0 0 0.004 0.058 0.206 0.412 0.612 0.748 0.914 0.982 0.998
Generation: 33
agents22Test 0.700000 0.998000 33 100 500 10 0 0 0.004 0.064 0.202 0.4 0.612 0.778 0.94 0.988 0.998
Generation: 34
agents22Test 0.700000 0.998000 34 100 500 10 0 0 0.004 0.066 0.226 0.44 0.63 0.76 0.932 0.984 0.998
Generation: 35
agents22Test 0.700000 0.998000 35 100 500 10 0 0 0.004 0.066 0.22 0.418 0.61 0.744 0.926 0.974 0.998
Generation: 36
agents22Test 0.700000 0.998000 36 100 500 10 0 0 0.004 0.066 0.22 0.426 0.632 0.774 0.936 0.986 0.998
Generation: 37
agents22Test 0.700000 0.998000 37 100 500 10 0 0 0.004 0.064 0.222 0.42 0.608 0.762 0.936 0.986 0.998
Generation: 38
agents22Test 0.700000 0.998000 38 100 500 10 0 0 0.004 0.064 0.212 0.404 0.608 0.752 0.922 0.984 0.998
Generation: 39
agents22Test 0.700000 0.998000 39 100 500 10 0 0 0.004 0.064 0.216 0.41 0.604 0.758 0.932 0.99 0.998
Generation: 40
agents22Test 0.700000 0.998000 40 100 500 10 0 0 0.004 0.068 0.214 0.404 0.596 0.744 0.922 0.972 0.998
Generation: 41
agents22Test 0.700000 0.998000 41 100 500 10 0 0 0.004 0.064 0.212 0.408 0.608 0.766 0.918 0.986 0.998
Generation: 42
agents22Test 0.700000 0.998000 42 100 500 10 0 0 0.004 0.07 0.224 0.422 0.616 0.76 0.928 0.98 0.998
Generation: 43
agents22Test 0.700000 0.998000 43 100 500 10 0 0 0.004 0.07 0.216 0.42 0.618 0.744 0.92 0.974 0.998
Generation: 44
agents22Test 0.700000 0.998000 44 100 500 10 0 0 0.004 0.066 0.208 0.412 0.608 0.746 0.914 0.97 0.998
Generation: 45
agents22Test 0.700000 0.998000 45 100 500 10 0 0 0.004 0.064 0.21 0.41 0.614 0.77 0.932 0.976 0.998
Generation: 46
agents22Test 0.700000 0.998000 46 100 500 10 0 0 0.004 0.066 0.228 0.43 0.624 0.772 0.942 0.988 0.998
Generation: 47
agents22Test 0.700000 0.998000 47 100 500 10 0 0 0.004 0.062 0.204 0.414 0.62 0.766 0.92 0.972 0.998
Generation: 48
agents22Test 0.700000 0.998000 48 100 500 10 0 0 0.004 0.066 0.196 0.402 0.598 0.754 0.912 0.966 0.998
Generation: 49
agents22Test 0.700000 1.000000 49 100 500 10 0 0 0.004 0.068 0.242 0.462 0.656 0.808 0.958 0.996 1
agents22Test 0.700000 1.000000 50 100 500 10 0 0 0.004 0.068 0.218 0.438 0.64 0.782 0.938 0.996 1
