Generation: 0
capacityTest 1.000000 0.138000 0 100 500 10 0 0 0.006 0.01 0.012 0.03 0.05 0.07 0.086 0.108 0.138
Generation: 1
capacityTest 1.000000 0.146000 1 100 500 10 0 0 0.01 0.02 0.03 0.056 0.074 0.102 0.12 0.144 0.146
Generation: 2
capacityTest 1.000000 0.178000 2 100 500 10 0 0 0.01 0.022 0.046 0.072 0.092 0.114 0.152 0.186 0.178
Generation: 3
capacityTest 1.000000 0.188000 3 100 500 10 0 0 0.012 0.026 0.05 0.072 0.088 0.108 0.134 0.168 0.188
Generation: 4
capacityTest 1.000000 0.248000 4 100 500 10 0 0 0.014 0.024 0.036 0.054 0.086 0.124 0.158 0.188 0.248
Generation: 5
capacityTest 1.000000 0.254000 5 100 500 10 0 0 0.006 0.022 0.042 0.068 0.104 0.124 0.156 0.194 0.254
Generation: 6
capacityTest 1.000000 0.262000 6 100 500 10 0 0 0.02 0.046 0.066 0.09 0.12 0.162 0.208 0.248 0.262
Generation: 7
capacityTest 1.000000 0.292000 7 100 500 10 0 0 0.016 0.046 0.068 0.1 0.124 0.162 0.2 0.23 0.292
Generation: 8
capacityTest 1.000000 0.340000 8 100 500 10 0 0 0.014 0.044 0.086 0.118 0.174 0.218 0.258 0.306 0.34
Generation: 9
capacityTest 1.000000 0.384000 9 100 500 10 0 0 0.016 0.056 0.1 0.152 0.198 0.266 0.314 0.364 0.384
Generation: 10
capacityTest 1.000000 0.384000 10 100 500 10 0 0.002 0.024 0.064 0.102 0.144 0.174 0.218 0.278 0.33 0.384
Generation: 11
capacityTest 1.000000 0.434000 11 100 500 10 0 0 0.026 0.084 0.144 0.218 0.284 0.346 0.394 0.436 0.434
Generation: 12
capacityTest 1.000000 0.434000 12 100 500 10 0 0.002 0.034 0.078 0.142 0.194 0.262 0.324 0.394 0.442 0.434
Generation: 13
capacityTest 1.000000 0.452000 13 100 500 10 0 0 0.014 0.06 0.1 0.158 0.23 0.278 0.334 0.396 0.452
Generation: 14
capacityTest 1.000000 0.510000 14 100 500 10 0 0.002 0.026 0.068 0.122 0.192 0.26 0.332 0.392 0.458 0.51
Generation: 15
capacityTest 1.000000 0.532000 15 100 500 10 0 0.002 0.036 0.082 0.14 0.218 0.292 0.354 0.424 0.474 0.532
Generation: 16
capacityTest 1.000000 0.556000 16 100 500 10 0 0.002 0.032 0.084 0.17 0.24 0.31 0.398 0.466 0.532 0.556
Generation: 17
capacityTest 1.000000 0.606000 17 100 500 10 0 0.002 0.038 0.088 0.158 0.256 0.336 0.398 0.474 0.538 0.606
Generation: 18
capacityTest 1.000000 0.606000 18 100 500 10 0 0 0.028 0.094 0.174 0.258 0.344 0.424 0.482 0.552 0.606
Generation: 19
capacityTest 1.000000 0.666000 19 100 500 10 0 0.002 0.046 0.104 0.194 0.294 0.386 0.484 0.568 0.64 0.666
Generation: 20
capacityTest 1.000000 0.688000 20 100 500 10 0 0.002 0.036 0.094 0.168 0.278 0.394 0.49 0.586 0.682 0.688
Generation: 21
capacityTest 1.000000 0.736000 21 100 500 10 0 0.002 0.054 0.118 0.236 0.358 0.476 0.546 0.612 0.684 0.736
Generation: 22
capacityTest 1.000000 0.736000 22 100 500 10 0 0.002 0.044 0.108 0.202 0.312 0.432 0.524 0.606 0.694 0.736
Generation: 23
capacityTest 1.000000 0.750000 23 100 500 10 0 0.002 0.066 0.134 0.236 0.356 0.488 0.598 0.662 0.738 0.75
Generation: 24
capacityTest 1.000000 0.790000 24 100 500 10 0 0 0.05 0.142 0.282 0.404 0.518 0.612 0.68 0.736 0.79
Generation: 25
capacityTest 1.000000 0.790000 25 100 500 10 0 0.002 0.07 0.144 0.244 0.352 0.49 0.588 0.66 0.72 0.79
Generation: 26
capacityTest 1.000000 0.796000 26 100 500 10 0 0 0.076 0.152 0.258 0.408 0.552 0.674 0.75 0.806 0.796
Generation: 27
capacityTest 1.000000 0.804000 27 100 500 10 0 0.002 0.092 0.162 0.28 0.404 0.54 0.646 0.732 0.788 0.804
Generation: 28
capacityTest 1.000000 0.824000 28 100 500 10 0 0.002 0.068 0.152 0.266 0.404 0.562 0.646 0.732 0.812 0.824
Generation: 29
capacityTest 1.000000 0.846000 29 100 500 10 0 0.002 0.084 0.166 0.306 0.448 0.592 0.692 0.76 0.81 0.846
Generation: 30
capacityTest 1.000000 0.856000 30 100 500 10 0 0.002 0.098 0.194 0.332 0.486 0.606 0.714 0.786 0.848 0.856
Generation: 31
capacityTest 1.000000 0.880000 31 100 500 10 0 0.002 0.082 0.168 0.31 0.44 0.584 0.68 0.758 0.828 0.88
Generation: 32
capacityTest 1.000000 0.896000 32 100 500 10 0 0.002 0.078 0.168 0.302 0.444 0.55 0.674 0.77 0.852 0.896
Generation: 33
capacityTest 1.000000 0.896000 33 100 500 10 0 0.002 0.056 0.172 0.314 0.456 0.606 0.73 0.822 0.872 0.896
Generation: 34
capacityTest 1.000000 0.920000 34 100 500 10 0 0.002 0.076 0.172 0.302 0.48 0.636 0.756 0.836 0.876 0.92
Generation: 35
capacityTest 1.000000 0.924000 35 100 500 10 0 0.002 0.092 0.196 0.366 0.546 0.698 0.81 0.868 0.914 0.924
Generation: 36
capacityTest 1.000000 0.948000 36 100 500 10 0 0.002 0.064 0.166 0.33 0.496 0.646 0.776 0.838 0.896 0.948
Generation: 37
capacityTest 1.000000 0.948000 37 100 500 10 0 0.002 0.064 0.19 0.338 0.506 0.634 0.728 0.798 0.862 0.948
Generation: 38
capacityTest 1.000000 0.950000 38 100 500 10 0 0 0.082 0.19 0.34 0.532 0.672 0.804 0.896 0.93 0.95
Generation: 39
capacityTest 1.000000 0.956000 39 100 500 10 0 0.002 0.102 0.254 0.42 0.606 0.748 0.846 0.91 0.942 0.956
Generation: 40
capacityTest 1.000000 0.960000 40 100 500 10 0 0 0.082 0.17 0.324 0.498 0.666 0.796 0.902 0.946 0.96
Generation: 41
capacityTest 1.000000 0.960000 41 100 500 10 0 0.002 0.086 0.178 0.35 0.54 0.704 0.816 0.89 0.944 0.96
Generation: 42
capacityTest 1.000000 0.966000 42 100 500 10 0 0.002 0.092 0.246 0.412 0.6 0.742 0.84 0.9 0.93 0.966
Generation: 43
capacityTest 1.000000 0.972000 43 100 500 10 0 0.002 0.09 0.228 0.428 0.62 0.772 0.846 0.91 0.938 0.972
Generation: 44
capacityTest 1.000000 0.978000 44 100 500 10 0 0.002 0.104 0.262 0.432 0.662 0.816 0.91 0.954 0.966 0.978
Generation: 45
capacityTest 1.000000 0.978000 45 100 500 10 0 0.002 0.106 0.29 0.446 0.656 0.8 0.908 0.952 0.968 0.978
Generation: 46
capacityTest 1.000000 0.978000 46 100 500 10 0 0.002 0.106 0.278 0.46 0.67 0.816 0.91 0.946 0.974 0.978
Generation: 47
capacityTest 1.000000 0.986000 47 100 500 10 0 0.002 0.098 0.262 0.44 0.656 0.796 0.89 0.938 0.964 0.986
Generation: 48
capacityTest 1.000000 0.986000 48 100 500 10 0 0.002 0.1 0.282 0.46 0.644 0.806 0.888 0.938 0.96 0.986
Generation: 49
capacityTest 1.000000 0.992000 49 100 500 10 0 0 0.08 0.194 0.392 0.588 0.78 0.89 0.94 0.958 0.992
Generation: 50
capacityTest 1.000000 0.996000 50 100 500 10 0 0.002 0.106 0.264 0.436 0.608 0.806 0.902 0.958 0.986 0.996
Generation: 51
capacityTest 1.000000 0.996000 51 100 500 10 0 0 0.104 0.248 0.414 0.616 0.824 0.914 0.95 0.978 0.996
Generation: 52
capacityTest 1.000000 0.996000 52 100 500 10 0 0.002 0.1 0.244 0.414 0.598 0.806 0.926 0.972 0.982 0.996
Generation: 53
capacityTest 1.000000 0.998000 53 100 500 10 0 0 0.104 0.292 0.446 0.632 0.826 0.924 0.976 0.986 0.998
Generation: 54
capacityTest 1.000000 0.998000 54 100 500 10 0 0.002 0.104 0.286 0.408 0.602 0.78 0.908 0.962 0.988 0.998
Generation: 55
capacityTest 1.000000 1.000000 55 100 500 10 0 0.002 0.096 0.256 0.44 0.644 0.856 0.928 0.964 0.982 1
testName time fitness gens maxGens agents groupsize e0 e1 e2 e3 e4 e5 e6 e7 e8 e9 e10
capacityTest 1.000000 1.000000 56 100 500 10 0 0.002 0.098 0.27 0.452 0.648 0.85 0.928 0.958 0.976 1
Generation: 0
capacityTest 1.000000 0.142000 0 100 500 10 0 0 0.006 0.024 0.03 0.038 0.052 0.074 0.106 0.144 0.142
Generation: 1
capacityTest 1.000000 0.160000 1 100 500 10 0 0 0.01 0.03 0.05 0.066 0.09 0.112 0.136 0.16 0.16
Generation: 2
capacityTest 1.000000 0.172000 2 100 500 10 0 0 0.008 0.02 0.036 0.052 0.088 0.098 0.114 0.142 0.172
Generation: 3
capacityTest 1.000000 0.198000 3 100 500 10 0 0 0.004 0.02 0.038 0.054 0.076 0.104 0.122 0.15 0.198
Generation: 4
capacityTest 1.000000 0.212000 4 100 500 10 0 0 0.012 0.038 0.066 0.094 0.116 0.136 0.17 0.206 0.212
Generation: 5
capacityTest 1.000000 0.246000 5 100 500 10 0 0.002 0.016 0.04 0.072 0.108 0.138 0.17 0.214 0.26 0.246
Generation: 6
capacityTest 1.000000 0.312000 6 100 500 10 0 0 0.028 0.058 0.092 0.134 0.156 0.188 0.224 0.262 0.312
Generation: 7
capacityTest 1.000000 0.338000 7 100 500 10 0 0 0.03 0.068 0.102 0.15 0.19 0.222 0.252 0.298 0.338
Generation: 8
capacityTest 1.000000 0.376000 8 100 500 10 0 0.002 0.026 0.064 0.12 0.158 0.198 0.246 0.29 0.336 0.376
Generation: 9
capacityTest 1.000000 0.376000 9 100 500 10 0 0 0.022 0.068 0.11 0.15 0.2 0.262 0.312 0.362 0.376
Generation: 10
capacityTest 1.000000 0.428000 10 100 500 10 0 0.002 0.028 0.064 0.106 0.16 0.22 0.27 0.334 0.398 0.428
Generation: 11
capacityTest 1.000000 0.428000 11 100 500 10 0 0 0.044 0.086 0.152 0.198 0.256 0.31 0.348 0.4 0.428
Generation: 12
capacityTest 1.000000 0.444000 12 100 500 10 0 0.002 0.03 0.084 0.166 0.226 0.276 0.344 0.39 0.44 0.444
Generation: 13
capacityTest 1.000000 0.492000 13 100 500 10 0 0.002 0.032 0.082 0.158 0.222 0.302 0.38 0.444 0.49 0.492
Generation: 14
capacityTest 1.000000 0.498000 14 100 500 10 0 0.002 0.05 0.086 0.152 0.216 0.274 0.354 0.404 0.454 0.498
Generation: 15
capacityTest 1.000000 0.540000 15 100 500 10 0 0.002 0.032 0.088 0.19 0.246 0.332 0.394 0.456 0.522 0.54
Generation: 16
capacityTest 1.000000 0.596000 16 100 500 10 0 0 0.052 0.11 0.194 0.268 0.356 0.442 0.512 0.592 0.596
Generation: 17
capacityTest 1.000000 0.642000 17 100 500 10 0 0 0.066 0.122 0.24 0.334 0.438 0.522 0.582 0.654 0.642
Generation: 18
capacityTest 1.000000 0.692000 18 100 500 10 0 0 0.068 0.13 0.224 0.306 0.412 0.5 0.566 0.628 0.692
Generation: 19
capacityTest 1.000000 0.696000 19 100 500 10 0 0.002 0.068 0.138 0.24 0.344 0.458 0.54 0.616 0.67 0.696
Generation: 20
capacityTest 1.000000 0.712000 20 100 500 10 0 0.002 0.084 0.152 0.276 0.362 0.468 0.566 0.66 0.716 0.712
Generation: 21
capacityTest 1.000000 0.726000 21 100 500 10 0 0 0.068 0.134 0.25 0.36 0.454 0.544 0.622 0.696 0.726
Generation: 22
capacityTest 1.000000 0.750000 22 100 500 10 0 0.002 0.09 0.182 0.286 0.424 0.518 0.62 0.702 0.758 0.75
Generation: 23
capacityTest 1.000000 0.792000 23 100 500 10 0 0.002 0.092 0.196 0.324 0.428 0.538 0.634 0.696 0.752 0.792
Generation: 24
capacityTest 1.000000 0.792000 24 100 500 10 0 0.002 0.082 0.208 0.336 0.456 0.574 0.656 0.712 0.76 0.792
Generation: 25
capacityTest 1.000000 0.816000 25 100 500 10 0 0.002 0.092 0.174 0.31 0.438 0.574 0.67 0.736 0.804 0.816
Generation: 26
capacityTest 1.000000 0.816000 26 100 500 10 0 0.002 0.082 0.164 0.306 0.428 0.574 0.672 0.75 0.808 0.816
Generation: 27
capacityTest 1.000000 0.828000 27 100 500 10 0 0 0.084 0.176 0.328 0.466 0.594 0.698 0.76 0.82 0.828
Generation: 28
capacityTest 1.000000 0.854000 28 100 500 10 0 0.002 0.084 0.17 0.316 0.476 0.63 0.712 0.794 0.846 0.854
Generation: 29
capacityTest 1.000000 0.854000 29 100 500 10 0 0.002 0.09 0.204 0.338 0.454 0.592 0.68 0.766 0.832 0.854
Generation: 30
capacityTest 1.000000 0.912000 30 100 500 10 0 0 0.096 0.228 0.358 0.562 0.676 0.748 0.82 0.872 0.912
Generation: 31
capacityTest 1.000000 0.912000 31 100 500 10 0 0 0.088 0.216 0.36 0.546 0.698 0.798 0.852 0.88 0.912
Generation: 32
capacityTest 1.000000 0.914000 32 100 500 10 0 0.002 0.098 0.226 0.356 0.538 0.67 0.788 0.864 0.904 0.914
Generation: 33
capacityTest 1.000000 0.920000 33 100 500 10 0 0.002 0.096 0.212 0.354 0.546 0.668 0.776 0.838 0.892 0.92
Generation: 34
capacityTest 1.000000 0.944000 34 100 500 10 0 0.002 0.11 0.292 0.418 0.608 0.74 0.838 0.894 0.932 0.944
Generation: 35
capacityTest 1.000000 0.966000 35 100 500 10 0 0.002 0.11 0.302 0.434 0.63 0.768 0.88 0.938 0.964 0.966
Generation: 36
capacityTest 1.000000 0.982000 36 100 500 10 0 0.002 0.108 0.284 0.406 0.604 0.748 0.854 0.922 0.956 0.982
Generation: 37
capacityTest 1.000000 0.990000 37 100 500 10 0 0.002 0.108 0.286 0.416 0.606 0.768 0.874 0.946 0.97 0.99
Generation: 38
capacityTest 1.000000 0.990000 38 100 500 10 0 0.002 0.112 0.29 0.418 0.604 0.736 0.844 0.92 0.952 0.99
Generation: 39
capacityTest 1.000000 0.990000 39 100 500 10 0 0.002 0.112 0.288 0.43 0.628 0.792 0.898 0.96 0.974 0.99
Generation: 40
capacityTest 1.000000 0.990000 40 100 500 10 0 0.002 0.114 0.3 0.456 0.638 0.802 0.908 0.95 0.972 0.99
Generation: 41
capacityTest 1.000000 0.990000 41 100 500 10 0 0.002 0.114 0.298 0.434 0.63 0.774 0.876 0.93 0.952 0.99
Generation: 42
capacityTest 1.000000 0.994000 42 100 500 10 0 0.002 0.114 0.332 0.472 0.652 0.82 0.924 0.97 0.984 0.994
Generation: 43
capacityTest 1.000000 0.998000 43 100 500 10 0 0.002 0.11 0.31 0.48 0.666 0.87 0.974 0.994 0.998 0.998
Generation: 44
capacityTest 1.000000 0.998000 44 100 500 10 0 0.002 0.11 0.308 0.488 0.67 0.87 0.976 0.994 0.994 0.998
Generation: 45
capacityTest 1.000000 1.000000 45 100 500 10 0 0.002 0.112 0.322 0.486 0.676 0.88 0.976 0.996 0.998 1
capacityTest 1.000000 1.000000 46 100 500 10 0 0.002 0.114 0.32 0.476 0.656 0.876 0.97 0.992 0.998 1
Generation: 0
capacityTest 1.000000 0.146000 0 100 500 10 0 0 0.01 0.026 0.034 0.05 0.058 0.082 0.102 0.118 0.146
Generation: 1
capacityTest 1.000000 0.180000 1 100 500 10 0 0 0 0.012 0.036 0.05 0.07 0.106 0.134 0.156 0.18
Generation: 2
capacityTest 1.000000 0.190000 2 100 500 10 0 0 0.004 0.026 0.038 0.054 0.08 0.1 0.122 0.13 0.19
Generation: 3
capacityTest 1.000000 0.204000 3 100 500 10 0 0 0.012 0.03 0.05 0.074 0.098 0.13 0.158 0.182 0.204
Generation: 4
capacityTest 1.000000 0.244000 4 100 500 10 0 0 0.012 0.02 0.048 0.078 0.112 0.15 0.182 0.23 0.244
Generation: 5
capacityTest 1.000000 0.304000 5 100 500 10 0 0.002 0.014 0.04 0.062 0.098 0.14 0.18 0.226 0.272 0.304
Generation: 6
capacityTest 1.000000 0.312000 6 100 500 10 0 0 0.01 0.036 0.058 0.096 0.122 0.168 0.202 0.23 0.312
Generation: 7
capacityTest 1.000000 0.342000 7 100 500 10 0 0 0.01 0.044 0.082 0.12 0.158 0.224 0.264 0.31 0.342
Generation: 8
capacityTest 1.000000 0.386000 8 100 500 10 0 0 0.028 0.076 0.114 0.162 0.21 0.266 0.314 0.378 0.386
Generation: 9
capacityTest 1.000000 0.414000 9 100 500 10 0 0 0.02 0.054 0.102 0.156 0.208 0.26 0.328 0.38 0.414
Generation: 10
capacityTest 1.000000 0.444000 10 100 500 10 0 0 0.044 0.08 0.11 0.152 0.214 0.278 0.334 0.402 0.444
Generation: 11
capacityTest 1.000000 0.462000 11 100 500 10 0 0.002 0.034 0.084 0.126 0.178 0.242 0.308 0.388 0.456 0.462
Generation: 12
capacityTest 1.000000 0.492000 12 100 500 10 0 0 0.03 0.088 0.146 0.208 0.29 0.354 0.408 0.46 0.492
Generation: 13
capacityTest 1.000000 0.522000 13 100 500 10 0 0 0.038 0.082 0.122 0.176 0.238 0.312 0.378 0.468 0.522
Generation: 14
capacityTest 1.000000 0.594000 14 100 500 10 0 0 0.06 0.104 0.18 0.256 0.346 0.436 0.526 0.596 0.594
Generation: 15
capacityTest 1.000000 0.608000 15 100 500 10 0 0.002 0.054 0.1 0.18 0.274 0.35 0.44 0.52 0.574 0.608
Generation: 16
capacityTest 1.000000 0.682000 16 100 500 10 0 0.002 0.066 0.134 0.22 0.312 0.406 0.5 0.598 0.666 0.682
Generation: 17
capacityTest 1.000000 0.698000 17 100 500 10 0 0.002 0.08 0.142 0.228 0.314 0.416 0.502 0.6 0.674 0.698
Generation: 18
capacityTest 1.000000 0.716000 18 100 500 10 0 0.002 0.058 0.112 0.194 0.294 0.398 0.498 0.6 0.676 0.716
Generation: 19
capacityTest 1.000000 0.748000 19 100 500 10 0 0 0.072 0.136 0.24 0.316 0.446 0.556 0.666 0.744 0.748
Generation: 20
capacityTest 1.000000 0.768000 20 100 500 10 0 0.002 0.072 0.13 0.262 0.354 0.468 0.544 0.658 0.744 0.768
Generation: 21
capacityTest 1.000000 0.796000 21 100 500 10 0 0.002 0.07 0.134 0.254 0.328 0.456 0.56 0.654 0.71 0.796
Generation: 22
capacityTest 1.000000 0.796000 22 100 500 10 0 0.002 0.086 0.146 0.26 0.34 0.476 0.594 0.686 0.758 0.796
Generation: 23
capacityTest 1.000000 0.824000 23 100 500 10 0 0.002 0.096 0.196 0.334 0.44 0.562 0.672 0.768 0.824 0.824
Generation: 24
capacityTest 1.000000 0.864000 24 100 500 10 0 0.002 0.096 0.188 0.326 0.468 0.576 0.692 0.79 0.864 0.864
Generation: 25
capacityTest 1.000000 0.896000 25 100 500 10 0 0.002 0.09 0.172 0.302 0.446 0.582 0.712 0.808 0.88 0.896
Generation: 26
capacityTest 1.000000 0.918000 26 100 500 10 0 0.002 0.1 0.202 0.358 0.53 0.65 0.764 0.866 0.916 0.918
Generation: 27
capacityTest 1.000000 0.936000 27 100 500 10 0 0.002 0.104 0.244 0.4 0.56 0.686 0.794 0.856 0.914 0.936
Generation: 28
capacityTest 1.000000 0.944000 28 100 500 10 0 0.002 0.1 0.232 0.39 0.56 0.686 0.796 0.888 0.928 0.944
Generation: 29
capacityTest 1.000000 0.948000 29 100 500 10 0 0.002 0.1 0.21 0.348 0.546 0.688 0.794 0.886 0.94 0.948
Generation: 30
capacityTest 1.000000 0.966000 30 100 500 10 0 0.002 0.098 0.204 0.372 0.52 0.65 0.798 0.882 0.944 0.966
Generation: 31
capacityTest 1.000000 0.974000 31 100 500 10 0 0.002 0.096 0.232 0.37 0.558 0.72 0.862 0.938 0.97 0.974
Generation: 32
capacityTest 1.000000 0.984000 32 100 500 10 0 0.002 0.104 0.244 0.392 0.582 0.718 0.866 0.954 0.982 0.984
Generation: 33
capacityTest 1.000000 0.988000 33 100 500 10 0 0.002 0.104 0.228 0.38 0.596 0.73 0.856 0.934 0.98 0.988
Generation: 34
capacityTest 1.000000 0.988000 34 100 500 10 0 0.002 0.102 0.256 0.41 0.594 0.714 0.85 0.924 0.964 0.988
Generation: 35
capacityTest 1.000000 0.988000 35 100 500 10 0 0.002 0.104 0.266 0.414 0.64 0.78 0.886 0.954 0.98 0.988
Generation: 36
capacityTest 1.000000 0.996000 36 100 500 10 0 0.002 0.098 0.29 0.488 0.702 0.86 0.966 0.99 0.994 0.996
Generation: 37
capacityTest 1.000000 0.996000 37 100 500 10 0 0.002 0.102 0.262 0.444 0.678 0.84 0.946 0.978 0.988 0.996
Generation: 38
capacityTest 1.000000 0.998000 38 100 500 10 0 0.002 0.096 0.286 0.446 0.66 0.838 0.934 0.976 0.992 0.998
Generation: 39
capacityTest 1.000000 0.998000 39 100 500 10 0 0.002 0.094 0.28 0.448 0.67 0.85 0.94 0.974 0.99 0.998
Generation: 40
capacityTest 1.000000 1.000000 40 100 500 10 0 0 0.11 0.314 0.486 0.718 0.858 0.974 0.996 0.996 1
capacityTest 1.000000 1.000000 41 100 500 10 0 0.002 0.11 0.322 0.482 0.726 0.878 0.972 0.998 0.998 1
Generation: 0
capacityTest 1.000000 0.118000 0 100 500 10 0 0.002 0.004 0.012 0.024 0.034 0.046 0.058 0.076 0.092 0.118
Generation: 1
capacityTest 1.000000 0.118000 1 100 500 10 0 0 0.006 0.018 0.024 0.034 0.052 0.06 0.078 0.088 0.118
Generation: 2
capacityTest 1.000000 0.154000 2 100 500 10 0 0 0.006 0.01 0.024 0.034 0.056 0.072 0.086 0.116 0.154
Generation: 3
capacityTest 1.000000 0.154000 3 100 500 10 0 0 0.006 0.02 0.032 0.048 0.062 0.078 0.096 0.124 0.154
Generation: 4
capacityTest 1.000000 0.188000 4 100 500 10 0 0 0 0.014 0.034 0.05 0.064 0.094 0.114 0.142 0.188
Generation: 5
capacityTest 1.000000 0.194000 5 100 500 10 0 0 0.008 0.028 0.042 0.072 0.098 0.116 0.152 0.206 0.194
Generation: 6
capacityTest 1.000000 0.212000 6 100 500 10 0 0 0.014 0.032 0.06 0.09 0.124 0.168 0.21 0.238 0.212
Generation: 7
capacityTest 1.000000 0.256000 7 100 500 10 0 0 0.006 0.032 0.064 0.098 0.128 0.17 0.222 0.258 0.256
Generation: 8
capacityTest 1.000000 0.300000 8 100 500 10 0 0 0.016 0.036 0.06 0.096 0.128 0.162 0.204 0.234 0.3
Generation: 9
capacityTest 1.000000 0.300000 9 100 500 10 0 0 0.012 0.038 0.064 0.1 0.136 0.188 0.212 0.26 0.3
Generation: 10
capacityTest 1.000000 0.330000 10 100 500 10 0 0 0.016 0.036 0.086 0.132 0.194 0.246 0.282 0.322 0.33
Generation: 11
capacityTest 1.000000 0.380000 11 100 500 10 0 0 0.01 0.032 0.068 0.1 0.142 0.18 0.23 0.276 0.38
Generation: 12
capacityTest 1.000000 0.444000 12 100 500 10 0 0.002 0.03 0.064 0.118 0.166 0.236 0.292 0.33 0.37 0.444
Generation: 13
capacityTest 1.000000 0.444000 13 100 500 10 0 0.002 0.016 0.054 0.11 0.17 0.25 0.31 0.362 0.412 0.444
Generation: 14
capacityTest 1.000000 0.462000 14 100 500 10 0 0 0.02 0.066 0.128 0.196 0.256 0.322 0.382 0.442 0.462
Generation: 15
capacityTest 1.000000 0.498000 15 100 500 10 0 0 0.018 0.06 0.118 0.176 0.256 0.322 0.378 0.422 0.498
Generation: 16
capacityTest 1.000000 0.508000 16 100 500 10 0 0 0.022 0.08 0.138 0.202 0.276 0.336 0.406 0.474 0.508
Generation: 17
capacityTest 1.000000 0.548000 17 100 500 10 0 0.002 0.024 0.058 0.122 0.198 0.264 0.352 0.414 0.5 0.548
Generation: 18
capacityTest 1.000000 0.574000 18 100 500 10 0 0.002 0.038 0.09 0.17 0.23 0.308 0.386 0.478 0.538 0.574
Generation: 19
capacityTest 1.000000 0.588000 19 100 500 10 0 0.002 0.018 0.068 0.144 0.23 0.322 0.436 0.512 0.584 0.588
Generation: 20
capacityTest 1.000000 0.664000 20 100 500 10 0 0.002 0.062 0.124 0.246 0.318 0.418 0.486 0.546 0.614 0.664
Generation: 21
capacityTest 1.000000 0.664000 21 100 500 10 0 0 0.044 0.106 0.206 0.284 0.376 0.47 0.568 0.624 0.664
Generation: 22
capacityTest 1.000000 0.672000 22 100 500 10 0 0.002 0.054 0.124 0.22 0.292 0.386 0.458 0.558 0.626 0.672
Generation: 23
capacityTest 1.000000 0.696000 23 100 500 10 0 0.002 0.058 0.106 0.222 0.31 0.418 0.528 0.62 0.688 0.696
Generation: 24
capacityTest 1.000000 0.726000 24 100 500 10 0 0 0.062 0.136 0.248 0.364 0.464 0.558 0.638 0.712 0.726
Generation: 25
capacityTest 1.000000 0.756000 25 100 500 10 0 0.002 0.052 0.13 0.228 0.34 0.448 0.558 0.648 0.716 0.756
Generation: 26
capacityTest 1.000000 0.774000 26 100 500 10 0 0 0.036 0.12 0.242 0.374 0.484 0.578 0.682 0.742 0.774
Generation: 27
capacityTest 1.000000 0.774000 27 100 500 10 0 0 0.052 0.134 0.23 0.344 0.466 0.584 0.664 0.738 0.774
Generation: 28
capacityTest 1.000000 0.814000 28 100 500 10 0 0.002 0.054 0.122 0.242 0.364 0.49 0.598 0.678 0.748 0.814
Generation: 29
capacityTest 1.000000 0.814000 29 100 500 10 0 0.002 0.052 0.096 0.21 0.338 0.45 0.572 0.664 0.738 0.814
Generation: 30
capacityTest 1.000000 0.830000 30 100 500 10 0 0.002 0.066 0.144 0.282 0.426 0.53 0.664 0.736 0.802 0.83
Generation: 31
capacityTest 1.000000 0.830000 31 100 500 10 0 0.002 0.082 0.174 0.296 0.422 0.528 0.634 0.732 0.796 0.83
Generation: 32
capacityTest 1.000000 0.852000 32 100 500 10 0 0 0.078 0.154 0.314 0.44 0.562 0.678 0.778 0.834 0.852
Generation: 33
capacityTest 1.000000 0.886000 33 100 500 10 0 0.002 0.106 0.204 0.342 0.506 0.624 0.718 0.794 0.848 0.886
Generation: 34
capacityTest 1.000000 0.894000 34 100 500 10 0 0.002 0.098 0.22 0.384 0.508 0.634 0.74 0.806 0.858 0.894
Generation: 35
capacityTest 1.000000 0.900000 35 100 500 10 0 0.002 0.102 0.218 0.374 0.55 0.658 0.762 0.84 0.896 0.9
Generation: 36
capacityTest 1.000000 0.912000 36 100 500 10 0 0 0.096 0.19 0.32 0.494 0.616 0.75 0.84 0.894 0.912
Generation: 37
capacityTest 1.000000 0.916000 37 100 500 10 0 0.002 0.078 0.188 0.344 0.536 0.664 0.788 0.866 0.922 0.916
Generation: 38
capacityTest 1.000000 0.942000 38 100 500 10 0 0 0.102 0.278 0.422 0.612 0.72 0.812 0.874 0.93 0.942
Generation: 39
capacityTest 1.000000 0.952000 39 100 500 10 0 0.002 0.112 0.266 0.428 0.616 0.736 0.832 0.89 0.932 0.952
Generation: 40
capacityTest 1.000000 0.956000 40 100 500 10 0 0.002 0.104 0.25 0.394 0.592 0.722 0.848 0.916 0.952 0.956
Generation: 41
capacityTest 1.000000 0.958000 41 100 500 10 0 0.002 0.104 0.244 0.392 0.588 0.716 0.83 0.9 0.942 0.958
Generation: 42
capacityTest 1.000000 0.974000 42 100 500 10 0 0.002 0.102 0.242 0.398 0.618 0.758 0.878 0.942 0.964 0.974
Generation: 43
capacityTest 1.000000 0.974000 43 100 500 10 0 0.002 0.104 0.236 0.398 0.598 0.738 0.85 0.918 0.962 0.974
Generation: 44
capacityTest 1.000000 0.974000 44 100 500 10 0 0.002 0.104 0.24 0.382 0.578 0.744 0.864 0.922 0.956 0.974
Generation: 45
capacityTest 1.000000 0.978000 45 100 500 10 0 0.002 0.1 0.262 0.41 0.602 0.72 0.852 0.938 0.964 0.978
Generation: 46
capacityTest 1.000000 0.978000 46 100 500 10 0 0.002 0.102 0.244 0.402 0.602 0.734 0.862 0.938 0.976 0.978
Generation: 47
capacityTest 1.000000 0.982000 47 100 500 10 0 0.002 0.112 0.284 0.438 0.642 0.778 0.876 0.934 0.96 0.982
Generation: 48
capacityTest 1.000000 0.984000 48 100 500 10 0 0.002 0.104 0.28 0.43 0.654 0.818 0.914 0.962 0.984 0.984
Generation: 49
capacityTest 1.000000 0.986000 49 100 500 10 0 0.002 0.112 0.272 0.422 0.622 0.742 0.856 0.922 0.964 0.986
Generation: 50
capacityTest 1.000000 0.990000 50 100 500 10 0 0.002 0.106 0.264 0.414 0.624 0.774 0.886 0.944 0.978 0.99
Generation: 51
capacityTest 1.000000 0.990000 51 100 500 10 0 0.002 0.104 0.264 0.43 0.612 0.748 0.864 0.932 0.974 0.99
Generation: 52
capacityTest 1.000000 0.992000 52 100 500 10 0 0.002 0.108 0.264 0.428 0.648 0.784 0.914 0.97 0.984 0.992
Generation: 53
capacityTest 1.000000 0.994000 53 100 500 10 0 0 0.108 0.272 0.458 0.684 0.894 0.96 0.98 0.992 0.994
Generation: 54
capacityTest 1.000000 0.998000 54 100 500 10 0 0.002 0.108 0.236 0.412 0.624 0.838 0.936 0.974 0.982 0.998
Generation: 55
capacityTest 1.000000 0.998000 55 100 500 10 0 0.002 0.104 0.256 0.416 0.652 0.84 0.934 0.974 0.986 0.998
Generation: 56
capacityTest 1.000000 0.998000 56 100 500 10 0 0.002 0.114 0.268 0.452 0.66 0.836 0.928 0.978 0.986 0.998
Generation: 57
capacityTest 1.000000 0.998000 57 100 500 10 0 0.002 0.108 0.234 0.418 0.636 0.842 0.938 0.966 0.984 0.998
Generation: 58
capacityTest 1.000000 1.000000 58 100 500 10 0 0.002 0.116 0.294 0.494 0.7 0.912 0.988 0.994 0.996 1
capacityTest 1.000000 1.000000 59 100 500 10 0 0.002 0.116 0.28 0.48 0.696 0.904 0.986 0.992 0.994 1
Generation: 0
capacityTest 1.000000 0.090000 0 100 500 10 0 0.002 0.004 0.016 0.02 0.024 0.032 0.056 0.062 0.08 0.09
Generation: 1
capacityTest 1.000000 0.090000 1 100 500 10 0 0 0.004 0.008 0.014 0.026 0.03 0.036 0.05 0.064 0.09
Generation: 2
capacityTest 1.000000 0.090000 2 100 500 10 0 0 0.002 0.008 0.016 0.026 0.032 0.042 0.056 0.066 0.09
Generation: 3
capacityTest 1.000000 0.110000 3 100 500 10 0 0 0.002 0.012 0.028 0.032 0.044 0.052 0.076 0.082 0.11
Generation: 4
capacityTest 1.000000 0.126000 4 100 500 10 0 0 0.008 0.036 0.052 0.072 0.086 0.104 0.116 0.124 0.126
Generation: 5
capacityTest 1.000000 0.148000 5 100 500 10 0 0.002 0.01 0.028 0.04 0.042 0.046 0.064 0.072 0.094 0.148
Generation: 6
capacityTest 1.000000 0.180000 6 100 500 10 0 0 0.016 0.032 0.058 0.082 0.102 0.128 0.164 0.192 0.18
Generation: 7
capacityTest 1.000000 0.190000 7 100 500 10 0 0 0.004 0.028 0.046 0.076 0.098 0.12 0.148 0.166 0.19
Generation: 8
capacityTest 1.000000 0.214000 8 100 500 10 0 0 0.008 0.028 0.052 0.078 0.098 0.13 0.164 0.194 0.214
Generation: 9
capacityTest 1.000000 0.234000 9 100 500 10 0 0 0.01 0.02 0.044 0.064 0.096 0.134 0.18 0.22 0.234
Generation: 10
capacityTest 1.000000 0.246000 10 100 500 10 0 0 0.012 0.038 0.054 0.09 0.13 0.166 0.206 0.246 0.246
Generation: 11
capacityTest 1.000000 0.276000 11 100 500 10 0 0 0.008 0.034 0.054 0.086 0.116 0.154 0.198 0.242 0.276
Generation: 12
capacityTest 1.000000 0.352000 12 100 500 10 0 0.002 0.014 0.032 0.07 0.104 0.162 0.226 0.268 0.316 0.352
Generation: 13
capacityTest 1.000000 0.384000 13 100 500 10 0 0 0.02 0.044 0.104 0.138 0.198 0.254 0.332 0.404 0.384
Generation: 14
capacityTest 1.000000 0.406000 14 100 500 10 0 0 0.042 0.08 0.13 0.162 0.212 0.27 0.344 0.424 0.406
Generation: 15
capacityTest 1.000000 0.428000 15 100 500 10 0 0.002 0.034 0.058 0.118 0.162 0.242 0.29 0.354 0.41 0.428
Generation: 16
capacityTest 1.000000 0.478000 16 100 500 10 0 0.002 0.022 0.06 0.106 0.152 0.21 0.3 0.372 0.444 0.478
Generation: 17
capacityTest 1.000000 0.488000 17 100 500 10 0 0 0.024 0.066 0.126 0.194 0.262 0.334 0.408 0.472 0.488
Generation: 18
capacityTest 1.000000 0.542000 18 100 500 10 0 0 0.052 0.096 0.162 0.244 0.324 0.416 0.48 0.546 0.542
Generation: 19
capacityTest 1.000000 0.614000 19 100 500 10 0 0 0.032 0.09 0.176 0.288 0.366 0.47 0.544 0.64 0.614
Generation: 20
capacityTest 1.000000 0.620000 20 100 500 10 0 0 0.028 0.064 0.14 0.248 0.344 0.444 0.538 0.614 0.62
Generation: 21
capacityTest 1.000000 0.620000 21 100 500 10 0 0.002 0.038 0.088 0.174 0.27 0.354 0.424 0.498 0.568 0.62
Generation: 22
capacityTest 1.000000 0.682000 22 100 500 10 0 0 0.066 0.142 0.216 0.314 0.41 0.494 0.59 0.662 0.682
Generation: 23
capacityTest 1.000000 0.776000 23 100 500 10 0 0.002 0.074 0.158 0.264 0.4 0.518 0.61 0.694 0.762 0.776
Generation: 24
capacityTest 1.000000 0.804000 24 100 500 10 0 0.002 0.08 0.158 0.286 0.456 0.59 0.694 0.75 0.81 0.804
Generation: 25
capacityTest 1.000000 0.840000 25 100 500 10 0 0.002 0.088 0.174 0.322 0.478 0.604 0.716 0.788 0.838 0.84
Generation: 26
capacityTest 1.000000 0.840000 26 100 500 10 0 0.002 0.092 0.208 0.352 0.512 0.62 0.72 0.774 0.838 0.84
Generation: 27
capacityTest 1.000000 0.858000 27 100 500 10 0 0.002 0.094 0.2 0.32 0.506 0.62 0.732 0.798 0.856 0.858
Generation: 28
capacityTest 1.000000 0.884000 28 100 500 10 0 0.002 0.086 0.184 0.322 0.488 0.592 0.746 0.814 0.854 0.884
Generation: 29
capacityTest 1.000000 0.884000 29 100 500 10 0 0.002 0.098 0.196 0.332 0.516 0.614 0.706 0.778 0.828 0.884
Generation: 30
capacityTest 1.000000 0.902000 30 100 500 10 0 0.002 0.1 0.198 0.334 0.526 0.654 0.778 0.852 0.902 0.902
Generation: 31
capacityTest 1.000000 0.902000 31 100 500 10 0 0.002 0.094 0.202 0.316 0.482 0.61 0.712 0.81 0.864 0.902
Generation: 32
capacityTest 1.000000 0.924000 32 100 500 10 0 0.002 0.098 0.2 0.32 0.488 0.606 0.73 0.826 0.868 0.924
Generation: 33
capacityTest 1.000000 0.930000 33 100 500 10 0 0.002 0.098 0.208 0.356 0.552 0.672 0.79 0.87 0.914 0.93
Generation: 34
capacityTest 1.000000 0.932000 34 100 500 10 0 0.002 0.09 0.178 0.322 0.506 0.676 0.816 0.886 0.93 0.932
Generation: 35
capacityTest 1.000000 0.944000 35 100 500 10 0 0.002 0.106 0.184 0.334 0.528 0.652 0.764 0.86 0.92 0.944
Generation: 36
capacityTest 1.000000 0.946000 36 100 500 10 0 0.002 0.106 0.246 0.422 0.61 0.742 0.852 0.916 0.948 0.946
Generation: 37
capacityTest 1.000000 0.960000 37 100 500 10 0 0.002 0.112 0.264 0.428 0.584 0.7 0.802 0.886 0.936 0.96
Generation: 38
capacityTest 1.000000 0.972000 38 100 500 10 0 0.002 0.114 0.288 0.446 0.642 0.808 0.896 0.944 0.974 0.972
Generation: 39
capacityTest 1.000000 0.984000 39 100 500 10 0 0.002 0.116 0.282 0.442 0.628 0.792 0.884 0.926 0.956 0.984
Generation: 40
capacityTest 1.000000 0.984000 40 100 500 10 0 0.002 0.116 0.286 0.422 0.63 0.804 0.9 0.946 0.968 0.984
Generation: 41
capacityTest 1.000000 0.984000 41 100 500 10 0 0.002 0.118 0.304 0.438 0.632 0.796 0.892 0.952 0.972 0.984
Generation: 42
capacityTest 1.000000 0.994000 42 100 500 10 0 0 0.08 0.214 0.372 0.564 0.752 0.894 0.944 0.982 0.994
Generation: 43
capacityTest 1.000000 0.994000 43 100 500 10 0 0.002 0.102 0.23 0.384 0.562 0.78 0.874 0.954 0.986 0.994
Generation: 44
capacityTest 1.000000 0.994000 44 100 500 10 0 0.002 0.1 0.252 0.382 0.568 0.73 0.862 0.94 0.978 0.994
Generation: 45
capacityTest 1.000000 0.994000 45 100 500 10 0 0.002 0.102 0.226 0.404 0.594 0.776 0.9 0.956 0.982 0.994
Generation: 46
capacityTest 1.000000 0.996000 46 100 500 10 0 0.002 0.122 0.338 0.484 0.688 0.858 0.948 0.984 0.994 0.996
Generation: 47
capacityTest 1.000000 0.998000 47 100 500 10 0 0.002 0.118 0.28 0.442 0.646 0.824 0.922 0.974 0.986 0.998
Generation: 48
capacityTest 1.000000 0.998000 48 100 500 10 0 0.002 0.116 0.272 0.43 0.624 0.806 0.918 0.968 0.982 0.998
Generation: 49
capacityTest 1.000000 0.998000 49 100 500 10 0 0.002 0.116 0.258 0.402 0.62 0.816 0.92 0.964 0.978 0.998
Generation: 50
capacityTest 1.000000 1.000000 50 100 500 10 0 0.002 0.102 0.254 0.4 0.578 0.806 0.93 0.984 0.996 1
capacityTest 1.000000 1.000000 51 100 500 10 0 0.002 0.088 0.248 0.422 0.598 0.826 0.924 0.98 0.994 1
Generation: 0
capacityTest 1.000000 0.174000 0 100 500 10 0 0.002 0.008 0.018 0.032 0.048 0.064 0.084 0.12 0.146 0.174
Generation: 1
capacityTest 1.000000 0.174000 1 100 500 10 0 0 0.004 0.02 0.022 0.046 0.066 0.1 0.13 0.144 0.174
Generation: 2
capacityTest 1.000000 0.190000 2 100 500 10 0 0.002 0.004 0.012 0.028 0.06 0.078 0.114 0.136 0.16 0.19
Generation: 3
capacityTest 1.000000 0.230000 3 100 500 10 0 0 0.004 0.018 0.034 0.072 0.108 0.142 0.186 0.222 0.23
Generation: 4
capacityTest 1.000000 0.274000 4 100 500 10 0 0 0.002 0.016 0.038 0.062 0.1 0.142 0.182 0.214 0.274
Generation: 5
capacityTest 1.000000 0.294000 5 100 500 10 0 0 0.004 0.018 0.036 0.062 0.096 0.162 0.216 0.264 0.294
Generation: 6
capacityTest 1.000000 0.294000 6 100 500 10 0 0 0.012 0.046 0.076 0.11 0.15 0.194 0.226 0.262 0.294
Generation: 7
capacityTest 1.000000 0.402000 7 100 500 10 0 0 0.016 0.046 0.084 0.144 0.194 0.252 0.316 0.382 0.402
Generation: 8
capacityTest 1.000000 0.412000 8 100 500 10 0 0 0.016 0.058 0.098 0.146 0.198 0.262 0.322 0.374 0.412
Generation: 9
capacityTest 1.000000 0.414000 9 100 500 10 0 0 0.008 0.044 0.084 0.138 0.196 0.246 0.312 0.376 0.414
Generation: 10
capacityTest 1.000000 0.436000 10 100 500 10 0 0.002 0.022 0.058 0.094 0.152 0.224 0.286 0.36 0.422 0.436
Generation: 11
capacityTest 1.000000 0.486000 11 100 500 10 0 0.002 0.03 0.07 0.136 0.22 0.302 0.376 0.45 0.52 0.486
Generation: 12
capacityTest 1.000000 0.530000 12 100 500 10 0 0.002 0.016 0.068 0.136 0.212 0.298 0.384 0.462 0.532 0.53
Generation: 13
capacityTest 1.000000 0.622000 13 100 500 10 0 0.002 0.044 0.116 0.184 0.284 0.382 0.47 0.546 0.618 0.622
Generation: 14
capacityTest 1.000000 0.646000 14 100 500 10 0 0.002 0.04 0.11 0.19 0.284 0.366 0.45 0.522 0.592 0.646
Generation: 15
capacityTest 1.000000 0.646000 15 100 500 10 0 0.002 0.04 0.1 0.192 0.284 0.366 0.448 0.522 0.59 0.646
Generation: 16
capacityTest 1.000000 0.710000 16 100 500 10 0 0.002 0.038 0.1 0.19 0.298 0.404 0.508 0.6 0.666 0.71
Generation: 17
capacityTest 1.000000 0.732000 17 100 500 10 0 0 0.04 0.116 0.218 0.332 0.43 0.538 0.62 0.696 0.732
Generation: 18
capacityTest 1.000000 0.736000 18 100 500 10 0 0.002 0.05 0.13 0.212 0.336 0.436 0.532 0.628 0.712 0.736
Generation: 19
capacityTest 1.000000 0.764000 19 100 500 10 0 0.002 0.034 0.122 0.252 0.384 0.51 0.614 0.698 0.782 0.764
Generation: 20
capacityTest 1.000000 0.772000 20 100 500 10 0 0 0.044 0.124 0.224 0.356 0.466 0.572 0.66 0.738 0.772
Generation: 21
capacityTest 1.000000 0.800000 21 100 500 10 0 0.002 0.032 0.112 0.218 0.36 0.488 0.586 0.69 0.754 0.8
Generation: 22
capacityTest 1.000000 0.822000 22 100 500 10 0 0.002 0.046 0.13 0.252 0.384 0.512 0.614 0.712 0.784 0.822
Generation: 23
capacityTest 1.000000 0.850000 23 100 500 10 0 0.002 0.054 0.15 0.3 0.444 0.594 0.71 0.808 0.866 0.85
Generation: 24
capacityTest 1.000000 0.890000 24 100 500 10 0 0 0.09 0.182 0.356 0.498 0.668 0.792 0.868 0.92 0.89
Generation: 25
capacityTest 1.000000 0.894000 25 100 500 10 0 0.002 0.064 0.144 0.302 0.426 0.568 0.678 0.784 0.862 0.894
Generation: 26
capacityTest 1.000000 0.894000 26 100 500 10 0 0.002 0.086 0.174 0.33 0.466 0.612 0.7 0.786 0.86 0.894
Generation: 27
capacityTest 1.000000 0.900000 27 100 500 10 0 0.002 0.064 0.16 0.334 0.494 0.614 0.724 0.822 0.878 0.9
Generation: 28
capacityTest 1.000000 0.914000 28 100 500 10 0 0.002 0.102 0.214 0.36 0.498 0.644 0.764 0.834 0.896 0.914
Generation: 29
capacityTest 1.000000 0.922000 29 100 500 10 0 0.002 0.08 0.176 0.338 0.476 0.616 0.722 0.82 0.87 0.922
Generation: 30
capacityTest 1.000000 0.932000 30 100 500 10 0 0.002 0.088 0.182 0.366 0.546 0.692 0.806 0.88 0.924 0.932
Generation: 31
capacityTest 1.000000 0.956000 31 100 500 10 0 0.002 0.068 0.176 0.392 0.578 0.73 0.826 0.894 0.928 0.956
Generation: 32
capacityTest 1.000000 0.956000 32 100 500 10 0 0.002 0.078 0.188 0.37 0.55 0.738 0.846 0.916 0.952 0.956
Generation: 33
capacityTest 1.000000 0.960000 33 100 500 10 0 0.002 0.086 0.21 0.414 0.584 0.746 0.862 0.922 0.954 0.96
Generation: 34
capacityTest 1.000000 0.974000 34 100 500 10 0 0.002 0.08 0.196 0.424 0.642 0.804 0.898 0.958 0.982 0.974
Generation: 35
capacityTest 1.000000 0.974000 35 100 500 10 0 0.002 0.092 0.22 0.424 0.612 0.764 0.888 0.944 0.974 0.974
Generation: 36
capacityTest 1.000000 0.976000 36 100 500 10 0 0.002 0.082 0.216 0.442 0.652 0.802 0.894 0.942 0.962 0.976
Generation: 37
capacityTest 1.000000 0.986000 37 100 500 10 0 0.002 0.088 0.2 0.414 0.596 0.776 0.894 0.946 0.97 0.986
Generation: 38
capacityTest 1.000000 0.988000 38 100 500 10 0 0.002 0.086 0.19 0.374 0.602 0.782 0.894 0.94 0.966 0.988
Generation: 39
capacityTest 1.000000 0.990000 39 100 500 10 0 0.002 0.1 0.228 0.414 0.632 0.804 0.896 0.96 0.978 0.99
Generation: 40
capacityTest 1.000000 0.990000 40 100 500 10 0 0.002 0.076 0.214 0.426 0.636 0.802 0.912 0.968 0.982 0.99
Generation: 41
capacityTest 1.000000 0.990000 41 100 500 10 0 0.002 0.068 0.192 0.4 0.644 0.814 0.924 0.97 0.986 0.99
Generation: 42
capacityTest 1.000000 0.994000 42 100 500 10 0 0.002 0.11 0.274 0.494 0.722 0.89 0.958 0.982 0.992 0.994
Generation: 43
capacityTest 1.000000 0.994000 43 100 500 10 0 0.002 0.11 0.306 0.508 0.754 0.91 0.964 0.976 0.986 0.994
Generation: 44
capacityTest 1.000000 0.994000 44 100 500 10 0 0.002 0.108 0.28 0.496 0.716 0.884 0.956 0.98 0.982 0.994
Generation: 45
capacityTest 1.000000 0.994000 45 100 500 10 0 0.002 0.11 0.266 0.482 0.744 0.872 0.928 0.968 0.978 0.994
Generation: 46
capacityTest 1.000000 0.998000 46 100 500 10 0 0.002 0.104 0.25 0.464 0.678 0.834 0.924 0.964 0.986 0.998
Generation: 47
capacityTest 1.000000 1.000000 47 100 500 10 0 0.002 0.1 0.252 0.466 0.69 0.868 0.952 0.978 0.988 1
capacityTest 1.000000 1.000000 48 100 500 10 0 0.002 0.1 0.242 0.456 0.69 0.842 0.932 0.972 0.99 1
Generation: 0
capacityTest 1.000000 0.152000 0 100 500 10 0 0 0.002 0.016 0.024 0.034 0.058 0.07 0.084 0.11 0.152
Generation: 1
capacityTest 1.000000 0.158000 1 100 500 10 0 0 0 0.008 0.022 0.04 0.076 0.12 0.158 0.184 0.158
Generation: 2
capacityTest 1.000000 0.216000 2 100 500 10 0 0 0.004 0.024 0.05 0.088 0.12 0.152 0.182 0.204 0.216
Generation: 3
capacityTest 1.000000 0.224000 3 100 500 10 0 0 0.004 0.018 0.042 0.064 0.096 0.136 0.172 0.206 0.224
Generation: 4
capacityTest 1.000000 0.242000 4 100 500 10 0 0 0.01 0.022 0.048 0.084 0.132 0.16 0.19 0.23 0.242
Generation: 5
capacityTest 1.000000 0.264000 5 100 500 10 0 0 0.002 0.014 0.034 0.064 0.094 0.13 0.164 0.196 0.264
Generation: 6
capacityTest 1.000000 0.290000 6 100 500 10 0 0 0.012 0.036 0.064 0.096 0.156 0.194 0.222 0.262 0.29
Generation: 7
capacityTest 1.000000 0.334000 7 100 500 10 0 0 0.006 0.034 0.058 0.1 0.156 0.202 0.258 0.306 0.334
Generation: 8
capacityTest 1.000000 0.340000 8 100 500 10 0 0 0.006 0.028 0.074 0.138 0.196 0.264 0.316 0.362 0.34
Generation: 9
capacityTest 1.000000 0.382000 9 100 500 10 0 0 0.01 0.044 0.086 0.146 0.2 0.27 0.344 0.384 0.382
Generation: 10
capacityTest 1.000000 0.412000 10 100 500 10 0 0 0.008 0.044 0.076 0.128 0.184 0.242 0.314 0.376 0.412
Generation: 11
capacityTest 1.000000 0.470000 11 100 500 10 0 0 0.01 0.032 0.076 0.144 0.214 0.3 0.36 0.424 0.47
Generation: 12
capacityTest 1.000000 0.498000 12 100 500 10 0 0 0.006 0.042 0.096 0.176 0.234 0.326 0.396 0.45 0.498
Generation: 13
capacityTest 1.000000 0.502000 13 100 500 10 0 0 0.008 0.042 0.08 0.15 0.236 0.306 0.374 0.442 0.502
Generation: 14
capacityTest 1.000000 0.512000 14 100 500 10 0 0 0.008 0.054 0.12 0.206 0.278 0.356 0.426 0.488 0.512
Generation: 15
capacityTest 1.000000 0.590000 15 100 500 10 0 0 0.012 0.074 0.186 0.286 0.372 0.458 0.516 0.576 0.59
Generation: 16
capacityTest 1.000000 0.590000 16 100 500 10 0 0 0.012 0.068 0.15 0.25 0.348 0.416 0.48 0.544 0.59
Generation: 17
capacityTest 1.000000 0.590000 17 100 500 10 0 0 0.012 0.066 0.152 0.24 0.346 0.424 0.49 0.544 0.59
Generation: 18
capacityTest 1.000000 0.652000 18 100 500 10 0 0 0.012 0.072 0.164 0.268 0.386 0.48 0.556 0.606 0.652
Generation: 19
capacityTest 1.000000 0.706000 19 100 500 10 0 0 0.012 0.066 0.178 0.298 0.422 0.514 0.606 0.684 0.706
Generation: 20
capacityTest 1.000000 0.706000 20 100 500 10 0 0 0.012 0.062 0.182 0.312 0.452 0.552 0.62 0.664 0.706
Generation: 21
capacityTest 1.000000 0.706000 21 100 500 10 0 0 0.012 0.066 0.186 0.304 0.434 0.526 0.59 0.65 0.706
Generation: 22
capacityTest 1.000000 0.722000 22 100 500 10 0 0 0.012 0.076 0.192 0.292 0.412 0.524 0.626 0.674 0.722
Generation: 23
capacityTest 1.000000 0.756000 23 100 500 10 0 0 0.012 0.074 0.194 0.314 0.46 0.578 0.674 0.736 0.756
Generation: 24
capacityTest 1.000000 0.774000 24 100 500 10 0 0 0.014 0.074 0.184 0.342 0.46 0.586 0.686 0.762 0.774
Generation: 25
capacityTest 1.000000 0.792000 25 100 500 10 0 0 0.008 0.074 0.218 0.38 0.512 0.624 0.718 0.786 0.792
Generation: 26
capacityTest 1.000000 0.816000 26 100 500 10 0 0 0.012 0.098 0.244 0.406 0.532 0.654 0.73 0.774 0.816
Generation: 27
capacityTest 1.000000 0.844000 27 100 500 10 0 0 0.014 0.09 0.222 0.374 0.51 0.612 0.706 0.77 0.844
Generation: 28
capacityTest 1.000000 0.856000 28 100 500 10 0 0 0.014 0.084 0.218 0.39 0.538 0.676 0.776 0.84 0.856
Generation: 29
capacityTest 1.000000 0.858000 29 100 500 10 0 0 0.014 0.08 0.222 0.38 0.514 0.656 0.766 0.856 0.858
Generation: 30
capacityTest 1.000000 0.884000 30 100 500 10 0 0 0.012 0.096 0.268 0.416 0.548 0.672 0.748 0.82 0.884
Generation: 31
capacityTest 1.000000 0.886000 31 100 500 10 0 0 0.014 0.086 0.24 0.416 0.564 0.698 0.814 0.884 0.886
Generation: 32
capacityTest 1.000000 0.938000 32 100 500 10 0 0 0.012 0.094 0.266 0.464 0.606 0.748 0.848 0.892 0.938
Generation: 33
capacityTest 1.000000 0.942000 33 100 500 10 0 0 0.014 0.112 0.294 0.48 0.648 0.78 0.874 0.92 0.942
Generation: 34
capacityTest 1.000000 0.942000 34 100 500 10 0 0 0.014 0.106 0.27 0.464 0.618 0.764 0.854 0.896 0.942
Generation: 35
capacityTest 1.000000 0.952000 35 100 500 10 0 0 0.014 0.108 0.27 0.468 0.642 0.812 0.884 0.934 0.952
Generation: 36
capacityTest 1.000000 0.952000 36 100 500 10 0 0 0.01 0.108 0.286 0.486 0.668 0.802 0.898 0.936 0.952
Generation: 37
capacityTest 1.000000 0.952000 37 100 500 10 0 0 0.014 0.12 0.304 0.496 0.666 0.8 0.89 0.934 0.952
Generation: 38
capacityTest 1.000000 0.968000 38 100 500 10 0 0 0.014 0.102 0.282 0.496 0.664 0.808 0.9 0.946 0.968
Generation: 39
capacityTest 1.000000 0.968000 39 100 500 10 0 0 0.012 0.086 0.248 0.444 0.646 0.81 0.904 0.954 0.968
Generation: 40
capacityTest 1.000000 0.970000 40 100 500 10 0 0 0.012 0.098 0.274 0.462 0.624 0.8 0.912 0.958 0.97
Generation: 41
capacityTest 1.000000 0.974000 41 100 500 10 0 0 0.016 0.116 0.312 0.522 0.7 0.826 0.91 0.958 0.974
Generation: 42
capacityTest 1.000000 0.982000 42 100 500 10 0 0 0.014 0.126 0.306 0.52 0.718 0.862 0.936 0.962 0.982
Generation: 43
capacityTest 1.000000 0.984000 43 100 500 10 0 0 0.014 0.13 0.334 0.546 0.764 0.892 0.966 0.988 0.984
Generation: 44
capacityTest 1.000000 0.986000 44 100 500 10 0 0 0.01 0.128 0.304 0.488 0.67 0.828 0.942 0.97 0.986
Generation: 45
capacityTest 1.000000 0.986000 45 100 500 10 0 0 0.012 0.108 0.276 0.488 0.688 0.856 0.936 0.976 0.986
Generation: 46
capacityTest 1.000000 0.990000 46 100 500 10 0 0 0.014 0.15 0.352 0.524 0.724 0.878 0.95 0.984 0.99
Generation: 47
capacityTest 1.000000 0.990000 47 100 500 10 0 0 0.014 0.13 0.31 0.514 0.7 0.848 0.934 0.97 0.99
Generation: 48
capacityTest 1.000000 0.992000 48 100 500 10 0 0 0.016 0.14 0.34 0.548 0.754 0.876 0.942 0.978 0.992
Generation: 49
capacityTest 1.000000 0.994000 49 100 500 10 0 0 0.014 0.124 0.292 0.496 0.698 0.846 0.954 0.988 0.994
Generation: 50
capacityTest 1.000000 0.994000 50 100 500 10 0 0 0.014 0.106 0.27 0.468 0.69 0.856 0.946 0.982 0.994
Generation: 51
capacityTest 1.000000 0.996000 51 100 500 10 0 0 0.014 0.154 0.326 0.542 0.738 0.91 0.976 0.992 0.996
Generation: 52
capacityTest 1.000000 0.998000 52 100 500 10 0 0 0.012 0.152 0.342 0.538 0.744 0.914 0.98 0.992 0.998
Generation: 53
capacityTest 1.000000 0.998000 53 100 500 10 0 0 0.014 0.14 0.332 0.542 0.762 0.932 0.986 0.992 0.998
Generation: 54
capacityTest 1.000000 0.998000 54 100 500 10 0 0 0.012 0.15 0.354 0.572 0.776 0.92 0.976 0.994 0.998
Generation: 55
capacityTest 1.000000 0.998000 55 100 500 10 0 0 0.012 0.158 0.364 0.568 0.772 0.912 0.972 0.986 0.998
Generation: 56
capacityTest 1.000000 1.000000 56 100 500 10 0 0 0.014 0.162 0.366 0.57 0.808 0.932 0.988 0.996 1
capacityTest 1.000000 1.000000 57 100 500 10 0 0 0.016 0.156 0.348 0.562 0.79 0.942 0.988 0.99 1
Generation: 0
capacityTest 1.000000 0.152000 0 100 500 10 0 0 0.004 0.026 0.054 0.076 0.088 0.108 0.122 0.144 0.152
Generation: 1
capacityTest 1.000000 0.168000 1 100 500 10 0 0 0.006 0.022 0.036 0.048 0.07 0.092 0.108 0.126 0.168
Generation: 2
capacityTest 1.000000 0.184000 2 100 500 10 0 0 0.008 0.032 0.058 0.074 0.09 0.118 0.148 0.168 0.184
Generation: 3
capacityTest 1.000000 0.218000 3 100 500 10 0 0 0.018 0.038 0.064 0.09 0.114 0.148 0.182 0.214 0.218
Generation: 4
capacityTest 1.000000 0.238000 4 100 500 10 0 0 0.004 0.01 0.026 0.076 0.1 0.146 0.18 0.228 0.238
Generation: 5
capacityTest 1.000000 0.268000 5 100 500 10 0 0.002 0.02 0.046 0.074 0.102 0.124 0.17 0.204 0.24 0.268
Generation: 6
capacityTest 1.000000 0.306000 6 100 500 10 0 0 0.02 0.052 0.098 0.138 0.174 0.22 0.256 0.298 0.306
Generation: 7
capacityTest 1.000000 0.332000 7 100 500 10 0 0 0.012 0.028 0.064 0.13 0.192 0.25 0.29 0.36 0.332
Generation: 8
capacityTest 1.000000 0.360000 8 100 500 10 0 0 0.006 0.036 0.074 0.124 0.184 0.242 0.31 0.384 0.36
Generation: 9
capacityTest 1.000000 0.378000 9 100 500 10 0 0 0.008 0.032 0.064 0.106 0.144 0.204 0.258 0.308 0.378
Generation: 10
capacityTest 1.000000 0.404000 10 100 500 10 0 0.002 0.042 0.066 0.126 0.182 0.232 0.3 0.356 0.4 0.404
Generation: 11
capacityTest 1.000000 0.440000 11 100 500 10 0 0 0.026 0.062 0.128 0.18 0.242 0.31 0.376 0.442 0.44
Generation: 12
capacityTest 1.000000 0.466000 12 100 500 10 0 0.002 0.014 0.032 0.07 0.118 0.182 0.274 0.356 0.428 0.466
Generation: 13
capacityTest 1.000000 0.468000 13 100 500 10 0 0 0.04 0.074 0.122 0.182 0.244 0.3 0.364 0.426 0.468
Generation: 14
capacityTest 1.000000 0.504000 14 100 500 10 0 0 0.04 0.076 0.132 0.19 0.242 0.34 0.408 0.478 0.504
Generation: 15
capacityTest 1.000000 0.554000 15 100 500 10 0 0 0.026 0.062 0.136 0.224 0.326 0.416 0.49 0.544 0.554
Generation: 16
capacityTest 1.000000 0.590000 16 100 500 10 0 0.002 0.046 0.1 0.17 0.256 0.356 0.426 0.52 0.576 0.59
Generation: 17
capacityTest 1.000000 0.614000 17 100 500 10 0 0 0.036 0.078 0.146 0.254 0.34 0.418 0.478 0.552 0.614
Generation: 18
capacityTest 1.000000 0.620000 18 100 500 10 0 0.002 0.052 0.098 0.162 0.27 0.346 0.412 0.476 0.564 0.62
Generation: 19
capacityTest 1.000000 0.688000 19 100 500 10 0 0.002 0.054 0.12 0.202 0.32 0.406 0.502 0.584 0.66 0.688
Generation: 20
capacityTest 1.000000 0.688000 20 100 500 10 0 0 0.054 0.12 0.22 0.33 0.42 0.506 0.604 0.678 0.688
Generation: 21
capacityTest 1.000000 0.742000 21 100 500 10 0 0 0.056 0.12 0.218 0.35 0.48 0.57 0.642 0.71 0.742
Generation: 22
capacityTest 1.000000 0.778000 22 100 500 10 0 0 0.058 0.154 0.274 0.442 0.536 0.62 0.694 0.748 0.778
Generation: 23
capacityTest 1.000000 0.800000 23 100 500 10 0 0.002 0.084 0.158 0.312 0.454 0.562 0.642 0.72 0.774 0.8
Generation: 24
capacityTest 1.000000 0.842000 24 100 500 10 0 0 0.062 0.188 0.342 0.466 0.568 0.664 0.756 0.806 0.842
Generation: 25
capacityTest 1.000000 0.848000 25 100 500 10 0 0.002 0.086 0.186 0.326 0.49 0.61 0.724 0.79 0.844 0.848
Generation: 26
capacityTest 1.000000 0.894000 26 100 500 10 0 0.002 0.07 0.16 0.314 0.47 0.562 0.676 0.754 0.826 0.894
Generation: 27
capacityTest 1.000000 0.894000 27 100 500 10 0 0.002 0.074 0.174 0.292 0.472 0.59 0.722 0.806 0.862 0.894
Generation: 28
capacityTest 1.000000 0.914000 28 100 500 10 0 0 0.1 0.248 0.416 0.594 0.692 0.81 0.888 0.926 0.914
Generation: 29
capacityTest 1.000000 0.924000 29 100 500 10 0 0.002 0.096 0.266 0.416 0.588 0.712 0.812 0.876 0.916 0.924
Generation: 30
capacityTest 1.000000 0.938000 30 100 500 10 0 0.002 0.096 0.24 0.386 0.582 0.696 0.8 0.866 0.91 0.938
Generation: 31
capacityTest 1.000000 0.960000 31 100 500 10 0 0 0.082 0.166 0.312 0.492 0.692 0.81 0.9 0.956 0.96
Generation: 32
capacityTest 1.000000 0.960000 32 100 500 10 0 0.002 0.102 0.192 0.336 0.506 0.682 0.8 0.888 0.942 0.96
Generation: 33
capacityTest 1.000000 0.968000 33 100 500 10 0 0.002 0.094 0.216 0.364 0.516 0.666 0.794 0.896 0.954 0.968
Generation: 34
capacityTest 1.000000 0.982000 34 100 500 10 0 0 0.096 0.312 0.456 0.624 0.758 0.872 0.934 0.966 0.982
Generation: 35
capacityTest 1.000000 0.990000 35 100 500 10 0 0.002 0.116 0.312 0.494 0.656 0.794 0.9 0.944 0.974 0.99
Generation: 36
capacityTest 1.000000 0.990000 36 100 500 10 0 0.002 0.104 0.298 0.464 0.644 0.77 0.884 0.952 0.978 0.99
Generation: 37
capacityTest 1.000000 0.994000 37 100 500 10 0 0 0.104 0.31 0.488 0.666 0.838 0.936 0.974 0.986 0.994
Generation: 38
capacityTest 1.000000 0.994000 38 100 500 10 0 0.002 0.108 0.298 0.488 0.658 0.816 0.902 0.956 0.98 0.994
Generation: 39
capacityTest 1.000000 0.994000 39 100 500 10 0 0.002 0.102 0.284 0.444 0.64 0.788 0.892 0.95 0.966 0.994
Generation: 40
capacityTest 1.000000 0.998000 40 100 500 10 0 0 0.102 0.29 0.46 0.616 0.806 0.92 0.974 0.988 0.998
Generation: 41
capacityTest 1.000000 0.998000 41 100 500 10 0 0 0.104 0.3 0.464 0.634 0.772 0.898 0.948 0.982 0.998
Generation: 42
capacityTest 1.000000 0.998000 42 100 500 10 0 0.002 0.106 0.296 0.46 0.62 0.808 0.906 0.956 0.988 0.998
Generation: 43
capacityTest 1.000000 1.000000 43 100 500 10 0 0.002 0.114 0.34 0.496 0.678 0.892 0.962 0.984 0.99 1
capacityTest 1.000000 1.000000 44 100 500 10 0 0.002 0.116 0.34 0.54 0.692 0.884 0.968 0.99 0.998 1
Generation: 0
capacityTest 1.000000 0.192000 0 100 500 10 0 0 0.01 0.036 0.056 0.086 0.118 0.132 0.148 0.176 0.192
Generation: 1
capacityTest 1.000000 0.192000 1 100 500 10 0 0 0.006 0.022 0.044 0.062 0.108 0.138 0.17 0.206 0.192
Generation: 2
capacityTest 1.000000 0.220000 2 100 500 10 0 0.002 0.014 0.032 0.054 0.088 0.114 0.142 0.172 0.2 0.22
Generation: 3
capacityTest 1.000000 0.252000 3 100 500 10 0 0 0.01 0.032 0.068 0.098 0.134 0.176 0.206 0.24 0.252
Generation: 4
capacityTest 1.000000 0.256000 4 100 500 10 0 0.002 0.004 0.02 0.05 0.09 0.124 0.152 0.184 0.212 0.256
Generation: 5
capacityTest 1.000000 0.280000 5 100 500 10 0 0 0.014 0.04 0.084 0.124 0.166 0.194 0.254 0.29 0.28
Generation: 6
capacityTest 1.000000 0.312000 6 100 500 10 0 0 0.018 0.046 0.08 0.114 0.162 0.204 0.234 0.272 0.312
Generation: 7
capacityTest 1.000000 0.354000 7 100 500 10 0 0 0.02 0.066 0.11 0.158 0.22 0.276 0.328 0.37 0.354
Generation: 8
capacityTest 1.000000 0.392000 8 100 500 10 0 0 0.014 0.056 0.12 0.184 0.224 0.27 0.302 0.362 0.392
Generation: 9
capacityTest 1.000000 0.414000 9 100 500 10 0 0 0.012 0.068 0.132 0.19 0.254 0.314 0.364 0.41 0.414
Generation: 10
capacityTest 1.000000 0.448000 10 100 500 10 0 0 0.022 0.072 0.116 0.17 0.23 0.298 0.35 0.396 0.448
Generation: 11
capacityTest 1.000000 0.480000 11 100 500 10 0 0 0.02 0.082 0.156 0.218 0.294 0.372 0.436 0.478 0.48
Generation: 12
capacityTest 1.000000 0.494000 12 100 500 10 0 0.002 0.03 0.08 0.154 0.21 0.272 0.35 0.412 0.456 0.494
Generation: 13
capacityTest 1.000000 0.524000 13 100 500 10 0 0 0.028 0.08 0.166 0.256 0.358 0.418 0.474 0.528 0.524
Generation: 14
capacityTest 1.000000 0.578000 14 100 500 10 0 0.002 0.032 0.076 0.15 0.216 0.286 0.346 0.426 0.508 0.578
Generation: 15
capacityTest 1.000000 0.592000 15 100 500 10 0 0 0.05 0.114 0.188 0.258 0.35 0.428 0.488 0.532 0.592
Generation: 16
capacityTest 1.000000 0.624000 16 100 500 10 0 0.002 0.05 0.098 0.19 0.292 0.396 0.492 0.57 0.622 0.624
Generation: 17
capacityTest 1.000000 0.642000 17 100 500 10 0 0.002 0.044 0.122 0.218 0.334 0.418 0.48 0.562 0.612 0.642
Generation: 18
capacityTest 1.000000 0.672000 18 100 500 10 0 0.002 0.046 0.11 0.216 0.29 0.406 0.488 0.572 0.644 0.672
Generation: 19
capacityTest 1.000000 0.688000 19 100 500 10 0 0 0.044 0.11 0.214 0.33 0.414 0.512 0.588 0.662 0.688
Generation: 20
capacityTest 1.000000 0.712000 20 100 500 10 0 0 0.044 0.124 0.238 0.374 0.478 0.574 0.658 0.712 0.712
Generation: 21
capacityTest 1.000000 0.724000 21 100 500 10 0 0 0.034 0.112 0.222 0.314 0.428 0.508 0.606 0.692 0.724
Generation: 22
capacityTest 1.000000 0.758000 22 100 500 10 0 0 0.062 0.138 0.252 0.382 0.496 0.568 0.662 0.726 0.758
Generation: 23
capacityTest 1.000000 0.780000 23 100 500 10 0 0.002 0.038 0.128 0.27 0.376 0.518 0.63 0.708 0.766 0.78
Generation: 24
capacityTest 1.000000 0.804000 24 100 500 10 0 0 0.058 0.138 0.276 0.398 0.522 0.644 0.734 0.786 0.804
Generation: 25
capacityTest 1.000000 0.820000 25 100 500 10 0 0.002 0.068 0.186 0.32 0.468 0.596 0.69 0.758 0.8 0.82
Generation: 26
capacityTest 1.000000 0.874000 26 100 500 10 0 0.002 0.072 0.172 0.316 0.496 0.62 0.712 0.784 0.858 0.874
Generation: 27
capacityTest 1.000000 0.874000 27 100 500 10 0 0 0.074 0.212 0.346 0.528 0.65 0.736 0.804 0.844 0.874
Generation: 28
capacityTest 1.000000 0.874000 28 100 500 10 0 0.002 0.078 0.172 0.318 0.482 0.598 0.686 0.786 0.836 0.874
Generation: 29
capacityTest 1.000000 0.898000 29 100 500 10 0 0.002 0.058 0.186 0.334 0.526 0.656 0.744 0.816 0.878 0.898
Generation: 30
capacityTest 1.000000 0.916000 30 100 500 10 0 0 0.082 0.184 0.352 0.522 0.64 0.748 0.818 0.864 0.916
Generation: 31
capacityTest 1.000000 0.934000 31 100 500 10 0 0.002 0.076 0.192 0.336 0.538 0.674 0.814 0.88 0.918 0.934
Generation: 32
capacityTest 1.000000 0.934000 32 100 500 10 0 0.002 0.092 0.202 0.342 0.556 0.69 0.794 0.86 0.924 0.934
Generation: 33
capacityTest 1.000000 0.948000 33 100 500 10 0 0 0.074 0.188 0.332 0.534 0.662 0.786 0.866 0.914 0.948
Generation: 34
capacityTest 1.000000 0.954000 34 100 500 10 0 0.002 0.086 0.21 0.356 0.54 0.664 0.794 0.882 0.938 0.954
Generation: 35
capacityTest 1.000000 0.964000 35 100 500 10 0 0.002 0.11 0.236 0.39 0.6 0.772 0.876 0.932 0.964 0.964
Generation: 36
capacityTest 1.000000 0.964000 36 100 500 10 0 0.002 0.102 0.242 0.4 0.612 0.736 0.858 0.928 0.954 0.964
Generation: 37
capacityTest 1.000000 0.970000 37 100 500 10 0 0.002 0.086 0.198 0.38 0.566 0.722 0.854 0.928 0.956 0.97
Generation: 38
capacityTest 1.000000 0.976000 38 100 500 10 0 0.002 0.102 0.246 0.426 0.638 0.768 0.866 0.92 0.95 0.976
Generation: 39
capacityTest 1.000000 0.982000 39 100 500 10 0 0 0.098 0.226 0.392 0.588 0.774 0.9 0.952 0.972 0.982
Generation: 40
capacityTest 1.000000 0.982000 40 100 500 10 0 0.002 0.084 0.252 0.43 0.608 0.78 0.892 0.95 0.98 0.982
Generation: 41
capacityTest 1.000000 0.984000 41 100 500 10 0 0 0.106 0.256 0.418 0.618 0.822 0.908 0.95 0.97 0.984
Generation: 42
capacityTest 1.000000 0.990000 42 100 500 10 0 0.002 0.11 0.264 0.462 0.694 0.884 0.94 0.968 0.978 0.99
Generation: 43
capacityTest 1.000000 0.998000 43 100 500 10 0 0.002 0.116 0.308 0.494 0.702 0.888 0.964 0.988 0.99 0.998
Generation: 44
capacityTest 1.000000 0.998000 44 100 500 10 0 0.002 0.114 0.302 0.504 0.712 0.91 0.964 0.98 0.992 0.998
Generation: 45
capacityTest 1.000000 0.998000 45 100 500 10 0 0.002 0.112 0.282 0.484 0.678 0.878 0.95 0.98 0.994 0.998
Generation: 46
capacityTest 1.000000 0.998000 46 100 500 10 0 0.002 0.114 0.304 0.5 0.686 0.898 0.964 0.986 0.992 0.998
Generation: 47
capacityTest 1.000000 0.998000 47 100 500 10 0 0.002 0.116 0.296 0.47 0.676 0.89 0.966 0.99 0.996 0.998
Generation: 48
capacityTest 1.000000 1.000000 48 100 500 10 0 0.002 0.118 0.298 0.492 0.696 0.9 0.976 0.998 0.998 1
capacityTest 1.000000 1.000000 49 100 500 10 0 0.002 0.118 0.304 0.478 0.69 0.886 0.954 0.988 1 1
Generation: 0
capacityTest 1.000000 0.128000 0 100 500 10 0 0 0.004 0.016 0.028 0.046 0.052 0.078 0.098 0.106 0.128
Generation: 1
capacityTest 1.000000 0.148000 1 100 500 10 0 0 0.004 0.012 0.022 0.032 0.062 0.086 0.106 0.126 0.148
Generation: 2
capacityTest 1.000000 0.148000 2 100 500 10 0 0 0.008 0.018 0.024 0.038 0.056 0.074 0.094 0.116 0.148
Generation: 3
capacityTest 1.000000 0.174000 3 100 500 10 0 0 0.002 0.022 0.042 0.072 0.094 0.112 0.142 0.17 0.174
Generation: 4
capacityTest 1.000000 0.188000 4 100 500 10 0 0 0.008 0.022 0.044 0.068 0.104 0.134 0.168 0.202 0.188
Generation: 5
capacityTest 1.000000 0.228000 5 100 500 10 0 0.002 0.016 0.03 0.046 0.066 0.082 0.106 0.13 0.162 0.228
Generation: 6
capacityTest 1.000000 0.236000 6 100 500 10 0 0 0.01 0.04 0.07 0.1 0.128 0.17 0.198 0.254 0.236
Generation: 7
capacityTest 1.000000 0.306000 7 100 500 10 0 0 0.004 0.034 0.084 0.114 0.156 0.202 0.246 0.284 0.306
Generation: 8
capacityTest 1.000000 0.306000 8 100 500 10 0 0.002 0.006 0.026 0.056 0.104 0.144 0.19 0.24 0.288 0.306
Generation: 9
capacityTest 1.000000 0.322000 9 100 500 10 0 0.002 0.016 0.042 0.06 0.096 0.144 0.196 0.232 0.274 0.322
Generation: 10
capacityTest 1.000000 0.426000 10 100 500 10 0 0.002 0.022 0.058 0.092 0.13 0.172 0.214 0.264 0.322 0.426
Generation: 11
capacityTest 1.000000 0.426000 11 100 500 10 0 0 0.014 0.044 0.088 0.142 0.2 0.252 0.318 0.376 0.426
Generation: 12
capacityTest 1.000000 0.426000 12 100 500 10 0 0.002 0.032 0.07 0.096 0.132 0.184 0.238 0.286 0.346 0.426
Generation: 13
capacityTest 1.000000 0.468000 13 100 500 10 0 0 0.034 0.086 0.146 0.208 0.26 0.318 0.376 0.43 0.468
Generation: 14
capacityTest 1.000000 0.494000 14 100 500 10 0 0.002 0.034 0.076 0.13 0.214 0.31 0.388 0.452 0.524 0.494
Generation: 15
capacityTest 1.000000 0.518000 15 100 500 10 0 0 0.04 0.106 0.178 0.232 0.304 0.38 0.438 0.506 0.518
Generation: 16
capacityTest 1.000000 0.576000 16 100 500 10 0 0.002 0.036 0.084 0.164 0.21 0.296 0.364 0.428 0.474 0.576
Generation: 17
capacityTest 1.000000 0.626000 17 100 500 10 0 0.002 0.032 0.088 0.156 0.236 0.322 0.406 0.48 0.552 0.626
Generation: 18
capacityTest 1.000000 0.642000 18 100 500 10 0 0 0.048 0.114 0.182 0.276 0.368 0.448 0.536 0.61 0.642
Generation: 19
capacityTest 1.000000 0.668000 19 100 500 10 0 0.002 0.038 0.096 0.202 0.312 0.396 0.49 0.586 0.656 0.668
Generation: 20
capacityTest 1.000000 0.688000 20 100 500 10 0 0.002 0.036 0.106 0.176 0.266 0.368 0.46 0.538 0.628 0.688
Generation: 21
capacityTest 1.000000 0.708000 21 100 500 10 0 0 0.036 0.102 0.21 0.314 0.41 0.522 0.616 0.706 0.708
Generation: 22
capacityTest 1.000000 0.746000 22 100 500 10 0 0.002 0.032 0.096 0.188 0.3 0.41 0.52 0.608 0.69 0.746
Generation: 23
capacityTest 1.000000 0.758000 23 100 500 10 0 0 0.066 0.142 0.246 0.34 0.436 0.544 0.636 0.74 0.758
Generation: 24
capacityTest 1.000000 0.812000 24 100 500 10 0 0.002 0.056 0.138 0.264 0.376 0.504 0.598 0.694 0.792 0.812
Generation: 25
capacityTest 1.000000 0.832000 25 100 500 10 0 0 0.05 0.138 0.26 0.38 0.516 0.628 0.714 0.788 0.832
Generation: 26
capacityTest 1.000000 0.858000 26 100 500 10 0 0.002 0.046 0.132 0.27 0.4 0.548 0.68 0.754 0.85 0.858
Generation: 27
capacityTest 1.000000 0.892000 27 100 500 10 0 0 0.048 0.12 0.26 0.404 0.548 0.666 0.782 0.85 0.892
Generation: 28
capacityTest 1.000000 0.892000 28 100 500 10 0 0.002 0.046 0.138 0.268 0.41 0.556 0.672 0.774 0.842 0.892
Generation: 29
capacityTest 1.000000 0.924000 29 100 500 10 0 0.002 0.084 0.186 0.324 0.472 0.634 0.746 0.83 0.894 0.924
Generation: 30
capacityTest 1.000000 0.928000 30 100 500 10 0 0.002 0.062 0.168 0.306 0.46 0.634 0.778 0.85 0.908 0.928
Generation: 31
capacityTest 1.000000 0.952000 31 100 500 10 0 0.002 0.082 0.186 0.364 0.488 0.66 0.792 0.878 0.922 0.952
Generation: 32
capacityTest 1.000000 0.952000 32 100 500 10 0 0 0.098 0.222 0.404 0.564 0.692 0.814 0.894 0.936 0.952
Generation: 33
capacityTest 1.000000 0.960000 33 100 500 10 0 0.002 0.084 0.198 0.38 0.54 0.708 0.84 0.902 0.96 0.96
Generation: 34
capacityTest 1.000000 0.960000 34 100 500 10 0 0.002 0.08 0.21 0.364 0.528 0.67 0.79 0.866 0.92 0.96
Generation: 35
capacityTest 1.000000 0.968000 35 100 500 10 0 0 0.076 0.202 0.402 0.576 0.748 0.826 0.892 0.946 0.968
Generation: 36
capacityTest 1.000000 0.968000 36 100 500 10 0 0 0.09 0.208 0.414 0.574 0.728 0.824 0.896 0.954 0.968
Generation: 37
capacityTest 1.000000 0.978000 37 100 500 10 0 0.002 0.088 0.238 0.442 0.61 0.752 0.86 0.946 0.966 0.978
Generation: 38
capacityTest 1.000000 0.986000 38 100 500 10 0 0.002 0.106 0.232 0.46 0.66 0.822 0.924 0.966 0.986 0.986
Generation: 39
capacityTest 1.000000 0.994000 39 100 500 10 0 0.002 0.102 0.242 0.47 0.654 0.83 0.932 0.976 0.984 0.994
Generation: 40
capacityTest 1.000000 0.994000 40 100 500 10 0 0 0.086 0.236 0.452 0.664 0.84 0.918 0.958 0.984 0.994
Generation: 41
capacityTest 1.000000 0.994000 41 100 500 10 0 0 0.1 0.246 0.476 0.668 0.836 0.948 0.984 0.996 0.994
Generation: 42
capacityTest 1.000000 0.996000 42 100 500 10 0 0.002 0.094 0.216 0.444 0.654 0.81 0.934 0.988 0.996 0.996
Generation: 43
capacityTest 1.000000 0.998000 43 100 500 10 0 0 0.102 0.264 0.5 0.706 0.864 0.948 0.97 0.992 0.998
Generation: 44
capacityTest 1.000000 1.000000 44 100 500 10 0 0 0.106 0.258 0.47 0.66 0.84 0.95 0.982 0.996 1
capacityTest 1.000000 1.000000 45 100 500 10 0 0.002 0.098 0.248 0.482 0.702 0.87 0.952 0.998 0.998 1
Generation: 0
capacity2Test 1.000000 0.124000 0 100 500 10 0 0 0.004 0.014 0.026 0.048 0.066 0.076 0.09 0.12 0.124
Generation: 1
capacity2Test 1.000000 0.164000 1 100 500 10 0 0 0.008 0.018 0.032 0.056 0.08 0.104 0.128 0.17 0.164
Generation: 2
capacity2Test 1.000000 0.182000 2 100 500 10 0 0 0.006 0.024 0.044 0.076 0.092 0.124 0.16 0.208 0.182
Generation: 3
capacity2Test 1.000000 0.206000 3 100 500 10 0 0 0.004 0.016 0.04 0.064 0.094 0.13 0.166 0.186 0.206
Generation: 4
capacity2Test 1.000000 0.232000 4 100 500 10 0 0 0.006 0.028 0.046 0.082 0.108 0.148 0.176 0.2 0.232
Generation: 5
capacity2Test 1.000000 0.244000 5 100 500 10 0 0 0.014 0.032 0.056 0.076 0.102 0.136 0.154 0.188 0.244
Generation: 6
capacity2Test 1.000000 0.244000 6 100 500 10 0 0 0.012 0.036 0.054 0.076 0.11 0.156 0.21 0.238 0.244
Generation: 7
capacity2Test 1.000000 0.308000 7 100 500 10 0 0 0.01 0.028 0.06 0.112 0.154 0.202 0.234 0.266 0.308
Generation: 8
capacity2Test 1.000000 0.314000 8 100 500 10 0 0 0.026 0.05 0.094 0.144 0.19 0.244 0.296 0.352 0.314
Generation: 9
capacity2Test 1.000000 0.372000 9 100 500 10 0 0.002 0.012 0.032 0.074 0.118 0.168 0.236 0.288 0.352 0.372
Generation: 10
capacity2Test 1.000000 0.402000 10 100 500 10 0 0.002 0.016 0.046 0.084 0.13 0.182 0.228 0.284 0.344 0.402
Generation: 11
capacity2Test 1.000000 0.436000 11 100 500 10 0 0 0.016 0.046 0.104 0.17 0.234 0.306 0.38 0.44 0.436
Generation: 12
capacity2Test 1.000000 0.458000 12 100 500 10 0 0 0.036 0.07 0.14 0.21 0.278 0.344 0.394 0.462 0.458
Generation: 13
capacity2Test 1.000000 0.466000 13 100 500 10 0 0 0.016 0.054 0.11 0.188 0.248 0.326 0.388 0.454 0.466
Generation: 14
capacity2Test 1.000000 0.546000 14 100 500 10 0 0.002 0.056 0.092 0.176 0.254 0.324 0.404 0.482 0.552 0.546
Generation: 15
capacity2Test 1.000000 0.588000 15 100 500 10 0 0 0.046 0.086 0.172 0.276 0.34 0.4 0.452 0.52 0.588
Generation: 16
capacity2Test 1.000000 0.588000 16 100 500 10 0 0 0.046 0.086 0.18 0.238 0.3 0.392 0.454 0.516 0.588
Generation: 17
capacity2Test 1.000000 0.660000 17 100 500 10 0 0.002 0.054 0.112 0.198 0.302 0.39 0.5 0.58 0.652 0.66
Generation: 18
capacity2Test 1.000000 0.684000 18 100 500 10 0 0.002 0.066 0.126 0.228 0.342 0.426 0.536 0.624 0.702 0.684
Generation: 19
capacity2Test 1.000000 0.696000 19 100 500 10 0 0.002 0.046 0.102 0.196 0.324 0.43 0.526 0.6 0.662 0.696
Generation: 20
capacity2Test 1.000000 0.702000 20 100 500 10 0 0 0.068 0.122 0.23 0.374 0.466 0.58 0.646 0.714 0.702
Generation: 21
capacity2Test 1.000000 0.736000 21 100 500 10 0 0 0.056 0.122 0.19 0.318 0.4 0.502 0.594 0.69 0.736
Generation: 22
capacity2Test 1.000000 0.778000 22 100 500 10 0 0.002 0.062 0.124 0.236 0.364 0.462 0.568 0.67 0.77 0.778
Generation: 23
capacity2Test 1.000000 0.790000 23 100 500 10 0 0.002 0.06 0.124 0.222 0.35 0.458 0.58 0.694 0.804 0.79
Generation: 24
capacity2Test 1.000000 0.828000 24 100 500 10 0 0.002 0.058 0.128 0.234 0.354 0.474 0.606 0.718 0.804 0.828
Generation: 25
capacity2Test 1.000000 0.856000 25 100 500 10 0 0.002 0.072 0.174 0.304 0.448 0.542 0.656 0.746 0.824 0.856
Generation: 26
capacity2Test 1.000000 0.878000 26 100 500 10 0 0.002 0.07 0.17 0.304 0.448 0.562 0.68 0.776 0.83 0.878
Generation: 27
capacity2Test 1.000000 0.878000 27 100 500 10 0 0.002 0.072 0.164 0.294 0.454 0.586 0.716 0.83 0.886 0.878
Generation: 28
capacity2Test 1.000000 0.890000 28 100 500 10 0 0.002 0.076 0.192 0.312 0.464 0.594 0.732 0.838 0.892 0.89
Generation: 29
capacity2Test 1.000000 0.900000 29 100 500 10 0 0.002 0.068 0.182 0.314 0.46 0.598 0.732 0.834 0.896 0.9
Generation: 30
capacity2Test 1.000000 0.932000 30 100 500 10 0 0 0.074 0.184 0.316 0.472 0.622 0.744 0.834 0.892 0.932
Generation: 31
capacity2Test 1.000000 0.932000 31 100 500 10 0 0.002 0.08 0.214 0.34 0.49 0.606 0.732 0.84 0.904 0.932
Generation: 32
capacity2Test 1.000000 0.934000 32 100 500 10 0 0.002 0.076 0.18 0.308 0.46 0.606 0.746 0.848 0.92 0.934
Generation: 33
capacity2Test 1.000000 0.934000 33 100 500 10 0 0 0.076 0.188 0.32 0.478 0.632 0.768 0.872 0.938 0.934
Generation: 34
capacity2Test 1.000000 0.948000 34 100 500 10 0 0.002 0.07 0.2 0.328 0.46 0.618 0.744 0.854 0.93 0.948
Generation: 35
capacity2Test 1.000000 0.948000 35 100 500 10 0 0 0.072 0.212 0.334 0.478 0.618 0.758 0.884 0.94 0.948
Generation: 36
capacity2Test 1.000000 0.952000 36 100 500 10 0 0.002 0.082 0.242 0.38 0.54 0.708 0.83 0.894 0.936 0.952
Generation: 37
capacity2Test 1.000000 0.968000 37 100 500 10 0 0.002 0.072 0.23 0.366 0.51 0.674 0.808 0.926 0.966 0.968
Generation: 38
capacity2Test 1.000000 0.970000 38 100 500 10 0 0 0.064 0.194 0.316 0.45 0.624 0.756 0.866 0.924 0.97
Generation: 39
capacity2Test 1.000000 0.978000 39 100 500 10 0 0.002 0.07 0.24 0.362 0.516 0.678 0.808 0.904 0.936 0.978
Generation: 40
capacity2Test 1.000000 0.978000 40 100 500 10 0 0.002 0.074 0.22 0.354 0.492 0.66 0.798 0.898 0.954 0.978
Generation: 41
capacity2Test 1.000000 0.978000 41 100 500 10 0 0.002 0.072 0.202 0.344 0.49 0.66 0.792 0.896 0.936 0.978
Generation: 42
capacity2Test 1.000000 0.978000 42 100 500 10 0 0.002 0.078 0.244 0.37 0.51 0.694 0.822 0.914 0.96 0.978
Generation: 43
capacity2Test 1.000000 0.988000 43 100 500 10 0 0.002 0.08 0.218 0.364 0.522 0.704 0.844 0.94 0.972 0.988
Generation: 44
capacity2Test 1.000000 0.988000 44 100 500 10 0 0.002 0.08 0.228 0.372 0.53 0.706 0.84 0.942 0.978 0.988
Generation: 45
capacity2Test 1.000000 0.996000 45 100 500 10 0 0.002 0.08 0.22 0.364 0.528 0.71 0.846 0.934 0.97 0.996
Generation: 46
capacity2Test 1.000000 0.996000 46 100 500 10 0 0.002 0.078 0.218 0.362 0.52 0.692 0.838 0.952 0.992 0.996
Generation: 47
capacity2Test 1.000000 0.996000 47 100 500 10 0 0.002 0.078 0.214 0.358 0.518 0.7 0.836 0.944 0.972 0.996
Generation: 48
capacity2Test 1.000000 0.996000 48 100 500 10 0 0.002 0.08 0.244 0.384 0.544 0.722 0.858 0.942 0.978 0.996
Generation: 49
capacity2Test 1.000000 0.996000 49 100 500 10 0 0.002 0.078 0.252 0.384 0.536 0.712 0.846 0.952 0.984 0.996
Generation: 50
capacity2Test 1.000000 0.998000 50 100 500 10 0 0.002 0.082 0.242 0.386 0.552 0.726 0.884 0.96 0.982 0.998
Generation: 51
capacity2Test 1.000000 1.000000 51 100 500 10 0 0.002 0.08 0.242 0.382 0.538 0.72 0.868 0.97 0.99 1
testName time fitness gens maxGens agents groupsize e0 e1 e2 e3 e4 e5 e6 e7 e8 e9 e10
capacity2Test 1.000000 1.000000 52 100 500 10 0 0.002 0.082 0.252 0.384 0.538 0.722 0.866 0.964 0.996 1
Generation: 0
capacity2Test 1.000000 0.138000 0 100 500 10 0 0 0.006 0.016 0.036 0.054 0.072 0.09 0.108 0.13 0.138
Generation: 1
capacity2Test 1.000000 0.138000 1 100 500 10 0 0 0.016 0.024 0.04 0.054 0.082 0.098 0.12 0.138 0.138
Generation: 2
capacity2Test 1.000000 0.144000 2 100 500 10 0 0 0.012 0.024 0.036 0.056 0.072 0.092 0.114 0.126 0.144
Generation: 3
capacity2Test 1.000000 0.190000 3 100 500 10 0 0 0.016 0.034 0.052 0.072 0.1 0.124 0.136 0.16 0.19
Generation: 4
capacity2Test 1.000000 0.190000 4 100 500 10 0 0 0.008 0.022 0.042 0.066 0.098 0.126 0.162 0.182 0.19
Generation: 5
capacity2Test 1.000000 0.202000 5 100 500 10 0 0 0.014 0.024 0.048 0.064 0.098 0.12 0.136 0.152 0.202
Generation: 6
capacity2Test 1.000000 0.236000 6 100 500 10 0 0 0.008 0.028 0.056 0.09 0.126 0.164 0.18 0.21 0.236
Generation: 7
capacity2Test 1.000000 0.254000 7 100 500 10 0 0 0.014 0.04 0.082 0.124 0.166 0.214 0.24 0.272 0.254
Generation: 8
capacity2Test 1.000000 0.282000 8 100 500 10 0 0 0.024 0.054 0.094 0.142 0.188 0.23 0.272 0.312 0.282
Generation: 9
capacity2Test 1.000000 0.366000 9 100 500 10 0 0 0.006 0.036 0.088 0.148 0.192 0.236 0.29 0.334 0.366
Generation: 10
capacity2Test 1.000000 0.400000 10 100 500 10 0 0 0.024 0.054 0.11 0.166 0.22 0.282 0.34 0.39 0.4
Generation: 11
capacity2Test 1.000000 0.422000 11 100 500 10 0 0 0.026 0.066 0.12 0.18 0.226 0.288 0.35 0.386 0.422
Generation: 12
capacity2Test 1.000000 0.450000 12 100 500 10 0 0 0.03 0.058 0.116 0.204 0.252 0.31 0.37 0.42 0.45
Generation: 13
capacity2Test 1.000000 0.508000 13 100 500 10 0 0.002 0.04 0.072 0.128 0.192 0.268 0.348 0.414 0.46 0.508
Generation: 14
capacity2Test 1.000000 0.530000 14 100 500 10 0 0 0.042 0.098 0.186 0.27 0.364 0.448 0.512 0.574 0.53
Generation: 15
capacity2Test 1.000000 0.568000 15 100 500 10 0 0 0.042 0.122 0.206 0.304 0.366 0.46 0.52 0.574 0.568
Generation: 16
capacity2Test 1.000000 0.586000 16 100 500 10 0 0.002 0.054 0.126 0.198 0.312 0.39 0.46 0.522 0.572 0.586
Generation: 17
capacity2Test 1.000000 0.618000 17 100 500 10 0 0 0.05 0.128 0.228 0.312 0.372 0.444 0.526 0.588 0.618
Generation: 18
capacity2Test 1.000000 0.652000 18 100 500 10 0 0 0.054 0.134 0.232 0.354 0.444 0.542 0.604 0.7 0.652
Generation: 19
capacity2Test 1.000000 0.698000 19 100 500 10 0 0.002 0.058 0.134 0.228 0.354 0.458 0.568 0.648 0.696 0.698
Generation: 20
capacity2Test 1.000000 0.702000 20 100 500 10 0 0.002 0.066 0.138 0.248 0.346 0.416 0.504 0.578 0.65 0.702
Generation: 21
capacity2Test 1.000000 0.718000 21 100 500 10 0 0 0.052 0.138 0.244 0.35 0.448 0.534 0.618 0.688 0.718
Generation: 22
capacity2Test 1.000000 0.750000 22 100 500 10 0 0 0.05 0.14 0.26 0.39 0.502 0.606 0.684 0.726 0.75
Generation: 23
capacity2Test 1.000000 0.750000 23 100 500 10 0 0 0.054 0.144 0.266 0.38 0.466 0.536 0.614 0.692 0.75
Generation: 24
capacity2Test 1.000000 0.762000 24 100 500 10 0 0 0.062 0.142 0.26 0.38 0.466 0.55 0.63 0.702 0.762
Generation: 25
capacity2Test 1.000000 0.790000 25 100 500 10 0 0 0.054 0.138 0.222 0.36 0.472 0.562 0.658 0.75 0.79
Generation: 26
capacity2Test 1.000000 0.806000 26 100 500 10 0 0.002 0.068 0.166 0.282 0.428 0.538 0.632 0.698 0.748 0.806
Generation: 27
capacity2Test 1.000000 0.840000 27 100 500 10 0 0.002 0.068 0.192 0.314 0.468 0.58 0.702 0.772 0.83 0.84
Generation: 28
capacity2Test 1.000000 0.840000 28 100 500 10 0 0.002 0.072 0.186 0.32 0.468 0.58 0.696 0.768 0.826 0.84
Generation: 29
capacity2Test 1.000000 0.858000 29 100 500 10 0 0 0.068 0.174 0.298 0.452 0.542 0.66 0.75 0.814 0.858
Generation: 30
capacity2Test 1.000000 0.884000 30 100 500 10 0 0.002 0.056 0.176 0.298 0.442 0.58 0.716 0.802 0.864 0.884
Generation: 31
capacity2Test 1.000000 0.884000 31 100 500 10 0 0 0.062 0.182 0.32 0.466 0.61 0.712 0.804 0.874 0.884
Generation: 32
capacity2Test 1.000000 0.906000 32 100 500 10 0 0.002 0.066 0.216 0.32 0.478 0.622 0.736 0.81 0.87 0.906
Generation: 33
capacity2Test 1.000000 0.908000 33 100 500 10 0 0 0.076 0.218 0.356 0.502 0.642 0.758 0.832 0.896 0.908
Generation: 34
capacity2Test 1.000000 0.918000 34 100 500 10 0 0.002 0.07 0.198 0.342 0.496 0.622 0.746 0.828 0.876 0.918
Generation: 35
capacity2Test 1.000000 0.942000 35 100 500 10 0 0.002 0.072 0.224 0.372 0.52 0.656 0.782 0.874 0.936 0.942
Generation: 36
capacity2Test 1.000000 0.942000 36 100 500 10 0 0 0.072 0.216 0.352 0.506 0.658 0.798 0.892 0.93 0.942
Generation: 37
capacity2Test 1.000000 0.944000 37 100 500 10 0 0.002 0.068 0.21 0.352 0.5 0.656 0.78 0.886 0.94 0.944
Generation: 38
capacity2Test 1.000000 0.954000 38 100 500 10 0 0.002 0.07 0.212 0.352 0.502 0.656 0.804 0.914 0.952 0.954
Generation: 39
capacity2Test 1.000000 0.966000 39 100 500 10 0 0.002 0.074 0.222 0.368 0.51 0.678 0.826 0.912 0.954 0.966
Generation: 40
capacity2Test 1.000000 0.976000 40 100 500 10 0 0.002 0.074 0.24 0.376 0.544 0.688 0.816 0.892 0.934 0.976
Generation: 41
capacity2Test 1.000000 0.976000 41 100 500 10 0 0.002 0.07 0.24 0.382 0.54 0.694 0.84 0.914 0.956 0.976
Generation: 42
capacity2Test 1.000000 0.976000 42 100 500 10 0 0 0.074 0.248 0.398 0.54 0.692 0.824 0.908 0.946 0.976
Generation: 43
capacity2Test 1.000000 0.980000 43 100 500 10 0 0.002 0.086 0.26 0.412 0.58 0.756 0.88 0.942 0.974 0.98
Generation: 44
capacity2Test 1.000000 0.990000 44 100 500 10 0 0.002 0.074 0.246 0.372 0.52 0.68 0.804 0.928 0.976 0.99
Generation: 45
capacity2Test 1.000000 0.990000 45 100 500 10 0 0 0.07 0.238 0.368 0.506 0.668 0.81 0.918 0.976 0.99
Generation: 46
capacity2Test 1.000000 0.990000 46 100 500 10 0 0.002 0.076 0.236 0.368 0.504 0.666 0.792 0.93 0.978 0.99
Generation: 47
capacity2Test 1.000000 0.992000 47 100 500 10 0 0.002 0.068 0.232 0.368 0.522 0.684 0.83 0.928 0.966 0.992
Generation: 48
capacity2Test 1.000000 0.992000 48 100 500 10 0 0 0.074 0.24 0.37 0.516 0.674 0.828 0.936 0.984 0.992
Generation: 49
capacity2Test 1.000000 0.994000 49 100 500 10 0 0.002 0.078 0.25 0.396 0.546 0.704 0.858 0.954 0.978 0.994
Generation: 50
capacity2Test 1.000000 0.996000 50 100 500 10 0 0.002 0.08 0.266 0.414 0.56 0.724 0.876 0.958 0.988 0.996
Generation: 51
capacity2Test 1.000000 0.998000 51 100 500 10 0 0 0.078 0.244 0.382 0.53 0.688 0.848 0.952 0.986 0.998
Generation: 52
capacity2Test 1.000000 0.998000 52 100 500 10 0 0 0.072 0.256 0.402 0.552 0.706 0.868 0.968 0.99 0.998
Generation: 53
capacity2Test 1.000000 1.000000 53 100 500 10 0 0.002 0.078 0.246 0.396 0.552 0.712 0.872 0.966 0.986 1
capacity2Test 1.000000 1.000000 54 100 500 10 0 0.002 0.082 0.266 0.408 0.56 0.72 0.882 0.986 0.996 1
Generation: 0
capacity2Test 1.000000 0.126000 0 100 500 10 0 0 0.012 0.016 0.02 0.038 0.066 0.08 0.092 0.114 0.126
Generation: 1
capacity2Test 1.000000 0.168000 1 100 500 10 0 0 0.014 0.016 0.042 0.066 0.088 0.106 0.122 0.138 0.168
Generation: 2
capacity2Test 1.000000 0.168000 2 100 500 10 0 0 0.01 0.018 0.042 0.06 0.07 0.096 0.118 0.13 0.168
Generation: 3
capacity2Test 1.000000 0.188000 3 100 500 10 0 0 0.006 0.022 0.036 0.044 0.062 0.076 0.096 0.116 0.188
Generation: 4
capacity2Test 1.000000 0.214000 4 100 500 10 0 0.002 0.004 0.026 0.054 0.08 0.1 0.14 0.176 0.21 0.214
Generation: 5
capacity2Test 1.000000 0.236000 5 100 500 10 0 0 0.014 0.028 0.048 0.082 0.116 0.134 0.16 0.192 0.236
Generation: 6
capacity2Test 1.000000 0.278000 6 100 500 10 0 0 0.018 0.036 0.064 0.09 0.106 0.144 0.17 0.214 0.278
Generation: 7
capacity2Test 1.000000 0.278000 7 100 500 10 0 0 0.014 0.042 0.088 0.124 0.176 0.216 0.23 0.254 0.278
Generation: 8
capacity2Test 1.000000 0.312000 8 100 500 10 0 0 0.026 0.054 0.09 0.112 0.144 0.186 0.216 0.262 0.312
Generation: 9
capacity2Test 1.000000 0.352000 9 100 500 10 0 0 0.016 0.036 0.078 0.116 0.166 0.232 0.288 0.346 0.352
Generation: 10
capacity2Test 1.000000 0.368000 10 100 500 10 0 0 0.02 0.056 0.098 0.136 0.176 0.23 0.288 0.332 0.368
Generation: 11
capacity2Test 1.000000 0.386000 11 100 500 10 0 0.002 0.032 0.07 0.116 0.17 0.228 0.288 0.328 0.362 0.386
Generation: 12
capacity2Test 1.000000 0.444000 12 100 500 10 0 0 0.03 0.072 0.15 0.204 0.278 0.338 0.394 0.452 0.444
Generation: 13
capacity2Test 1.000000 0.470000 13 100 500 10 0 0.002 0.034 0.086 0.152 0.224 0.294 0.378 0.448 0.504 0.47
Generation: 14
capacity2Test 1.000000 0.486000 14 100 500 10 0 0 0.034 0.088 0.15 0.216 0.296 0.36 0.422 0.476 0.486
Generation: 15
capacity2Test 1.000000 0.546000 15 100 500 10 0 0 0.048 0.094 0.174 0.248 0.324 0.378 0.448 0.51 0.546
Generation: 16
capacity2Test 1.000000 0.570000 16 100 500 10 0 0 0.046 0.094 0.18 0.274 0.354 0.432 0.504 0.57 0.57
Generation: 17
capacity2Test 1.000000 0.586000 17 100 500 10 0 0 0.034 0.092 0.164 0.244 0.328 0.398 0.476 0.528 0.586
Generation: 18
capacity2Test 1.000000 0.608000 18 100 500 10 0 0 0.032 0.096 0.176 0.286 0.354 0.422 0.512 0.58 0.608
Generation: 19
capacity2Test 1.000000 0.610000 19 100 500 10 0 0.002 0.046 0.096 0.184 0.274 0.366 0.468 0.552 0.612 0.61
Generation: 20
capacity2Test 1.000000 0.648000 20 100 500 10 0 0.002 0.048 0.122 0.236 0.338 0.416 0.478 0.564 0.626 0.648
Generation: 21
capacity2Test 1.000000 0.648000 21 100 500 10 0 0.002 0.054 0.122 0.238 0.366 0.434 0.498 0.566 0.614 0.648
Generation: 22
capacity2Test 1.000000 0.676000 22 100 500 10 0 0.002 0.046 0.126 0.23 0.336 0.436 0.524 0.59 0.656 0.676
Generation: 23
capacity2Test 1.000000 0.676000 23 100 500 10 0 0 0.054 0.156 0.254 0.33 0.418 0.494 0.57 0.648 0.676
Generation: 24
capacity2Test 1.000000 0.696000 24 100 500 10 0 0 0.054 0.14 0.252 0.372 0.466 0.534 0.61 0.674 0.696
Generation: 25
capacity2Test 1.000000 0.724000 25 100 500 10 0 0 0.026 0.088 0.202 0.322 0.434 0.534 0.634 0.702 0.724
Generation: 26
capacity2Test 1.000000 0.742000 26 100 500 10 0 0 0.06 0.144 0.232 0.36 0.458 0.542 0.636 0.704 0.742
Generation: 27
capacity2Test 1.000000 0.748000 27 100 500 10 0 0.002 0.056 0.114 0.204 0.346 0.47 0.576 0.666 0.734 0.748
Generation: 28
capacity2Test 1.000000 0.790000 28 100 500 10 0 0.002 0.072 0.19 0.318 0.476 0.592 0.672 0.748 0.802 0.79
Generation: 29
capacity2Test 1.000000 0.796000 29 100 500 10 0 0 0.058 0.13 0.238 0.384 0.51 0.63 0.708 0.788 0.796
Generation: 30
capacity2Test 1.000000 0.814000 30 100 500 10 0 0.002 0.054 0.138 0.236 0.376 0.498 0.618 0.71 0.788 0.814
Generation: 31
capacity2Test 1.000000 0.828000 31 100 500 10 0 0.002 0.06 0.168 0.276 0.408 0.51 0.65 0.74 0.834 0.828
Generation: 32
capacity2Test 1.000000 0.846000 32 100 500 10 0 0 0.032 0.114 0.25 0.4 0.516 0.63 0.728 0.812 0.846
Generation: 33
capacity2Test 1.000000 0.860000 33 100 500 10 0 0 0.054 0.154 0.284 0.446 0.572 0.692 0.784 0.858 0.86
Generation: 34
capacity2Test 1.000000 0.872000 34 100 500 10 0 0 0.06 0.152 0.27 0.428 0.552 0.678 0.776 0.848 0.872
Generation: 35
capacity2Test 1.000000 0.892000 35 100 500 10 0 0 0.06 0.15 0.276 0.442 0.568 0.702 0.8 0.864 0.892
Generation: 36
capacity2Test 1.000000 0.920000 36 100 500 10 0 0 0.06 0.166 0.292 0.448 0.588 0.728 0.812 0.87 0.92
Generation: 37
capacity2Test 1.000000 0.920000 37 100 500 10 0 0 0.058 0.158 0.284 0.44 0.56 0.69 0.804 0.892 0.92
Generation: 38
capacity2Test 1.000000 0.942000 38 100 500 10 0 0.002 0.062 0.164 0.304 0.478 0.606 0.75 0.85 0.92 0.942
Generation: 39
capacity2Test 1.000000 0.944000 39 100 500 10 0 0.002 0.06 0.17 0.318 0.486 0.652 0.776 0.882 0.948 0.944
Generation: 40
capacity2Test 1.000000 0.950000 40 100 500 10 0 0.002 0.058 0.182 0.324 0.492 0.638 0.772 0.856 0.912 0.95
Generation: 41
capacity2Test 1.000000 0.950000 41 100 500 10 0 0.002 0.064 0.202 0.334 0.502 0.628 0.778 0.872 0.924 0.95
Generation: 42
capacity2Test 1.000000 0.956000 42 100 500 10 0 0.002 0.074 0.19 0.338 0.51 0.652 0.782 0.868 0.93 0.956
Generation: 43
capacity2Test 1.000000 0.958000 43 100 500 10 0 0.002 0.074 0.192 0.342 0.52 0.692 0.81 0.896 0.948 0.958
Generation: 44
capacity2Test 1.000000 0.960000 44 100 500 10 0 0 0.068 0.178 0.336 0.506 0.658 0.804 0.896 0.956 0.96
Generation: 45
capacity2Test 1.000000 0.962000 45 100 500 10 0 0.002 0.072 0.204 0.346 0.524 0.668 0.824 0.916 0.964 0.962
Generation: 46
capacity2Test 1.000000 0.968000 46 100 500 10 0 0.002 0.078 0.218 0.352 0.536 0.69 0.82 0.902 0.938 0.968
Generation: 47
capacity2Test 1.000000 0.980000 47 100 500 10 0 0 0.076 0.236 0.39 0.546 0.732 0.876 0.952 0.984 0.98
Generation: 48
capacity2Test 1.000000 0.984000 48 100 500 10 0 0 0.076 0.228 0.384 0.542 0.708 0.858 0.924 0.964 0.984
Generation: 49
capacity2Test 1.000000 0.992000 49 100 500 10 0 0.002 0.078 0.26 0.412 0.568 0.718 0.886 0.972 0.996 0.992
Generation: 50
capacity2Test 1.000000 0.992000 50 100 500 10 0 0.002 0.082 0.246 0.398 0.564 0.742 0.882 0.96 0.98 0.992
Generation: 51
capacity2Test 1.000000 0.992000 51 100 500 10 0 0 0.08 0.256 0.402 0.556 0.744 0.874 0.948 0.976 0.992
Generation: 52
capacity2Test 1.000000 0.994000 52 100 500 10 0 0.002 0.078 0.244 0.4 0.562 0.738 0.89 0.964 0.99 0.994
Generation: 53
capacity2Test 1.000000 0.994000 53 100 500 10 0 0.002 0.08 0.254 0.402 0.564 0.746 0.89 0.954 0.984 0.994
Generation: 54
capacity2Test 1.000000 1.000000 54 100 500 10 0 0.002 0.07 0.208 0.366 0.536 0.716 0.856 0.974 0.998 1
capacity2Test 1.000000 1.000000 55 100 500 10 0 0.002 0.08 0.25 0.396 0.56 0.734 0.882 0.964 0.99 1
Generation: 0
capacity2Test 1.000000 0.178000 0 100 500 10 0 0 0.014 0.028 0.044 0.056 0.092 0.134 0.154 0.18 0.178
Generation: 1
capacity2Test 1.000000 0.192000 1 100 500 10 0 0 0.008 0.024 0.048 0.076 0.112 0.134 0.176 0.204 0.192
Generation: 2
capacity2Test 1.000000 0.220000 2 100 500 10 0 0 0.01 0.022 0.046 0.072 0.096 0.132 0.164 0.196 0.22
Generation: 3
capacity2Test 1.000000 0.242000 3 100 500 10 0 0 0.016 0.028 0.048 0.07 0.102 0.14 0.178 0.196 0.242
Generation: 4
capacity2Test 1.000000 0.278000 4 100 500 10 0 0 0.018 0.044 0.06 0.078 0.108 0.138 0.156 0.19 0.278
Generation: 5
capacity2Test 1.000000 0.304000 5 100 500 10 0 0 0.016 0.028 0.072 0.102 0.132 0.184 0.212 0.258 0.304
Generation: 6
capacity2Test 1.000000 0.332000 6 100 500 10 0 0 0.012 0.034 0.078 0.122 0.17 0.228 0.278 0.326 0.332
Generation: 7
capacity2Test 1.000000 0.366000 7 100 500 10 0 0 0.042 0.068 0.122 0.162 0.196 0.242 0.282 0.332 0.366
Generation: 8
capacity2Test 1.000000 0.390000 8 100 500 10 0 0 0.034 0.072 0.118 0.17 0.218 0.278 0.33 0.396 0.39
Generation: 9
capacity2Test 1.000000 0.412000 9 100 500 10 0 0.002 0.038 0.07 0.122 0.184 0.246 0.288 0.332 0.38 0.412
Generation: 10
capacity2Test 1.000000 0.438000 10 100 500 10 0 0 0.032 0.06 0.138 0.202 0.264 0.326 0.374 0.41 0.438
Generation: 11
capacity2Test 1.000000 0.470000 11 100 500 10 0 0 0.042 0.086 0.138 0.208 0.262 0.33 0.388 0.444 0.47
Generation: 12
capacity2Test 1.000000 0.558000 12 100 500 10 0 0 0.042 0.084 0.16 0.246 0.298 0.386 0.454 0.538 0.558
Generation: 13
capacity2Test 1.000000 0.582000 13 100 500 10 0 0.002 0.066 0.116 0.192 0.292 0.38 0.456 0.53 0.602 0.582
Generation: 14
capacity2Test 1.000000 0.610000 14 100 500 10 0 0.002 0.036 0.07 0.138 0.224 0.296 0.4 0.47 0.542 0.61
Generation: 15
capacity2Test 1.000000 0.610000 15 100 500 10 0 0 0.046 0.092 0.158 0.244 0.306 0.384 0.456 0.524 0.61
Generation: 16
capacity2Test 1.000000 0.646000 16 100 500 10 0 0 0.054 0.096 0.178 0.276 0.364 0.46 0.546 0.62 0.646
Generation: 17
capacity2Test 1.000000 0.660000 17 100 500 10 0 0 0.042 0.108 0.184 0.28 0.36 0.466 0.55 0.61 0.66
Generation: 18
capacity2Test 1.000000 0.688000 18 100 500 10 0 0 0.052 0.108 0.188 0.29 0.402 0.504 0.596 0.654 0.688
Generation: 19
capacity2Test 1.000000 0.718000 19 100 500 10 0 0 0.058 0.118 0.198 0.32 0.432 0.528 0.606 0.692 0.718
Generation: 20
capacity2Test 1.000000 0.746000 20 100 500 10 0 0 0.062 0.12 0.228 0.348 0.462 0.562 0.656 0.73 0.746
Generation: 21
capacity2Test 1.000000 0.808000 21 100 500 10 0 0.002 0.064 0.132 0.25 0.396 0.552 0.662 0.766 0.846 0.808
Generation: 22
capacity2Test 1.000000 0.810000 22 100 500 10 0 0 0.066 0.17 0.26 0.418 0.532 0.652 0.74 0.808 0.81
Generation: 23
capacity2Test 1.000000 0.836000 23 100 500 10 0 0.002 0.07 0.172 0.292 0.426 0.532 0.63 0.714 0.8 0.836
Generation: 24
capacity2Test 1.000000 0.872000 24 100 500 10 0 0.002 0.06 0.152 0.276 0.426 0.56 0.694 0.772 0.824 0.872
Generation: 25
capacity2Test 1.000000 0.922000 25 100 500 10 0 0 0.072 0.21 0.354 0.482 0.638 0.758 0.852 0.908 0.922
Generation: 26
capacity2Test 1.000000 0.922000 26 100 500 10 0 0.002 0.074 0.226 0.354 0.504 0.642 0.756 0.826 0.888 0.922
Generation: 27
capacity2Test 1.000000 0.922000 27 100 500 10 0 0 0.068 0.228 0.364 0.49 0.64 0.782 0.854 0.906 0.922
Generation: 28
capacity2Test 1.000000 0.934000 28 100 500 10 0 0.002 0.076 0.238 0.384 0.51 0.678 0.79 0.874 0.936 0.934
Generation: 29
capacity2Test 1.000000 0.942000 29 100 500 10 0 0 0.074 0.214 0.328 0.466 0.624 0.776 0.868 0.926 0.942
Generation: 30
capacity2Test 1.000000 0.952000 30 100 500 10 0 0.002 0.076 0.224 0.356 0.51 0.658 0.782 0.878 0.946 0.952
Generation: 31
capacity2Test 1.000000 0.958000 31 100 500 10 0 0.002 0.074 0.206 0.338 0.48 0.636 0.782 0.888 0.932 0.958
Generation: 32
capacity2Test 1.000000 0.958000 32 100 500 10 0 0 0.08 0.216 0.342 0.482 0.636 0.77 0.86 0.922 0.958
Generation: 33
capacity2Test 1.000000 0.972000 33 100 500 10 0 0.002 0.078 0.254 0.384 0.534 0.684 0.828 0.902 0.944 0.972
Generation: 34
capacity2Test 1.000000 0.978000 34 100 500 10 0 0.002 0.08 0.254 0.376 0.506 0.672 0.782 0.874 0.938 0.978
Generation: 35
capacity2Test 1.000000 0.978000 35 100 500 10 0 0.002 0.078 0.234 0.35 0.498 0.678 0.794 0.896 0.96 0.978
Generation: 36
capacity2Test 1.000000 0.978000 36 100 500 10 0 0.002 0.08 0.244 0.366 0.516 0.682 0.8 0.894 0.954 0.978
Generation: 37
capacity2Test 1.000000 0.982000 37 100 500 10 0 0.002 0.076 0.238 0.374 0.51 0.66 0.806 0.928 0.972 0.982
Generation: 38
capacity2Test 1.000000 0.982000 38 100 500 10 0 0.002 0.078 0.238 0.376 0.51 0.662 0.814 0.92 0.972 0.982
Generation: 39
capacity2Test 1.000000 0.990000 39 100 500 10 0 0.002 0.072 0.25 0.372 0.51 0.678 0.866 0.942 0.974 0.99
Generation: 40
capacity2Test 1.000000 0.994000 40 100 500 10 0 0.002 0.082 0.274 0.418 0.566 0.734 0.914 0.964 0.986 0.994
Generation: 41
capacity2Test 1.000000 0.998000 41 100 500 10 0 0.002 0.082 0.274 0.394 0.556 0.738 0.884 0.958 0.982 0.998
Generation: 42
capacity2Test 1.000000 0.998000 42 100 500 10 0 0.002 0.08 0.272 0.412 0.56 0.736 0.88 0.966 0.996 0.998
Generation: 43
capacity2Test 1.000000 0.998000 43 100 500 10 0 0.002 0.082 0.274 0.414 0.564 0.736 0.886 0.956 0.992 0.998
Generation: 44
capacity2Test 1.000000 0.998000 44 100 500 10 0 0.002 0.082 0.264 0.408 0.552 0.722 0.874 0.956 0.986 0.998
Generation: 45
capacity2Test 1.000000 1.000000 45 100 500 10 0 0.002 0.082 0.268 0.404 0.554 0.712 0.886 0.98 0.998 1
capacity2Test 1.000000 1.000000 46 100 500 10 0 0.002 0.08 0.258 0.398 0.538 0.702 0.86 0.97 0.994 1
Generation: 0
capacity2Test 1.000000 0.132000 0 100 500 10 0 0 0.004 0.01 0.024 0.04 0.05 0.068 0.088 0.1 0.132
Generation: 1
capacity2Test 1.000000 0.134000 1 100 500 10 0 0 0.004 0.016 0.032 0.046 0.062 0.078 0.096 0.124 0.134
Generation: 2
capacity2Test 1.000000 0.162000 2 100 500 10 0 0 0.004 0.014 0.02 0.038 0.052 0.064 0.1 0.118 0.162
Generation: 3
capacity2Test 1.000000 0.168000 3 100 500 10 0 0 0.006 0.024 0.046 0.076 0.104 0.132 0.148 0.17 0.168
Generation: 4
capacity2Test 1.000000 0.192000 4 100 500 10 0 0.002 0.008 0.014 0.026 0.054 0.082 0.116 0.15 0.186 0.192
Generation: 5
capacity2Test 1.000000 0.220000 5 100 500 10 0 0 0.004 0.012 0.032 0.064 0.098 0.13 0.166 0.202 0.22
Generation: 6
capacity2Test 1.000000 0.298000 6 100 500 10 0 0 0.004 0.024 0.048 0.082 0.106 0.14 0.186 0.214 0.298
Generation: 7
capacity2Test 1.000000 0.320000 7 100 500 10 0 0 0.006 0.028 0.056 0.096 0.15 0.188 0.24 0.294 0.32
Generation: 8
capacity2Test 1.000000 0.350000 8 100 500 10 0 0 0.008 0.03 0.064 0.1 0.154 0.194 0.238 0.304 0.35
Generation: 9
capacity2Test 1.000000 0.350000 9 100 500 10 0 0 0.002 0.016 0.036 0.08 0.13 0.178 0.248 0.312 0.35
Generation: 10
capacity2Test 1.000000 0.364000 10 100 500 10 0 0 0.004 0.032 0.072 0.106 0.16 0.222 0.268 0.318 0.364
Generation: 11
capacity2Test 1.000000 0.380000 11 100 500 10 0 0 0.004 0.024 0.058 0.13 0.188 0.254 0.316 0.378 0.38
Generation: 12
capacity2Test 1.000000 0.444000 12 100 500 10 0 0.002 0.01 0.042 0.092 0.144 0.212 0.286 0.372 0.44 0.444
Generation: 13
capacity2Test 1.000000 0.456000 13 100 500 10 0 0 0.006 0.036 0.082 0.138 0.228 0.284 0.356 0.426 0.456
Generation: 14
capacity2Test 1.000000 0.518000 14 100 500 10 0 0 0.008 0.034 0.094 0.176 0.248 0.338 0.404 0.484 0.518
Generation: 15
capacity2Test 1.000000 0.518000 15 100 500 10 0 0 0.016 0.054 0.108 0.182 0.266 0.35 0.42 0.502 0.518
Generation: 16
capacity2Test 1.000000 0.532000 16 100 500 10 0 0 0.014 0.05 0.104 0.172 0.254 0.322 0.404 0.478 0.532
Generation: 17
capacity2Test 1.000000 0.554000 17 100 500 10 0 0 0.016 0.064 0.132 0.2 0.29 0.386 0.458 0.54 0.554
Generation: 18
capacity2Test 1.000000 0.590000 18 100 500 10 0 0 0.016 0.064 0.116 0.194 0.282 0.376 0.466 0.552 0.59
Generation: 19
capacity2Test 1.000000 0.660000 19 100 500 10 0 0 0.016 0.056 0.13 0.228 0.328 0.418 0.518 0.608 0.66
Generation: 20
capacity2Test 1.000000 0.660000 20 100 500 10 0 0.002 0.014 0.066 0.166 0.234 0.352 0.442 0.54 0.624 0.66
Generation: 21
capacity2Test 1.000000 0.660000 21 100 500 10 0 0 0.014 0.072 0.152 0.232 0.328 0.428 0.53 0.612 0.66
Generation: 22
capacity2Test 1.000000 0.690000 22 100 500 10 0 0 0.02 0.086 0.17 0.26 0.374 0.482 0.576 0.664 0.69
Generation: 23
capacity2Test 1.000000 0.722000 23 100 500 10 0 0 0.02 0.07 0.166 0.278 0.396 0.516 0.6 0.692 0.722
Generation: 24
capacity2Test 1.000000 0.722000 24 100 500 10 0 0 0.022 0.076 0.158 0.262 0.37 0.484 0.596 0.688 0.722
Generation: 25
capacity2Test 1.000000 0.738000 25 100 500 10 0 0.002 0.024 0.092 0.186 0.292 0.392 0.502 0.592 0.674 0.738
Generation: 26
capacity2Test 1.000000 0.764000 26 100 500 10 0 0 0.028 0.112 0.256 0.396 0.504 0.604 0.706 0.762 0.764
Generation: 27
capacity2Test 1.000000 0.796000 27 100 500 10 0 0 0.022 0.092 0.216 0.362 0.482 0.626 0.738 0.808 0.796
Generation: 28
capacity2Test 1.000000 0.828000 28 100 500 10 0 0 0.028 0.102 0.212 0.33 0.468 0.592 0.698 0.788 0.828
Generation: 29
capacity2Test 1.000000 0.842000 29 100 500 10 0 0.002 0.026 0.098 0.232 0.376 0.514 0.658 0.76 0.844 0.842
Generation: 30
capacity2Test 1.000000 0.842000 30 100 500 10 0 0 0.024 0.106 0.254 0.404 0.538 0.654 0.744 0.826 0.842
Generation: 31
capacity2Test 1.000000 0.852000 31 100 500 10 0 0 0.034 0.1 0.258 0.402 0.514 0.642 0.73 0.84 0.852
Generation: 32
capacity2Test 1.000000 0.880000 32 100 500 10 0 0 0.032 0.108 0.254 0.406 0.524 0.65 0.788 0.876 0.88
Generation: 33
capacity2Test 1.000000 0.880000 33 100 500 10 0 0.002 0.032 0.104 0.25 0.396 0.502 0.628 0.732 0.826 0.88
Generation: 34
capacity2Test 1.000000 0.898000 34 100 500 10 0 0 0.03 0.116 0.268 0.428 0.572 0.73 0.828 0.894 0.898
Generation: 35
capacity2Test 1.000000 0.898000 35 100 500 10 0 0.002 0.026 0.104 0.228 0.4 0.53 0.672 0.78 0.848 0.898
Generation: 36
capacity2Test 1.000000 0.910000 36 100 500 10 0 0.002 0.044 0.126 0.286 0.452 0.578 0.724 0.818 0.894 0.91
Generation: 37
capacity2Test 1.000000 0.936000 37 100 500 10 0 0 0.042 0.124 0.26 0.42 0.568 0.724 0.832 0.91 0.936
Generation: 38
capacity2Test 1.000000 0.936000 38 100 500 10 0 0 0.03 0.122 0.258 0.406 0.552 0.69 0.806 0.886 0.936
Generation: 39
capacity2Test 1.000000 0.936000 39 100 500 10 0 0 0.038 0.128 0.27 0.416 0.538 0.674 0.798 0.886 0.936
Generation: 40
capacity2Test 1.000000 0.936000 40 100 500 10 0 0.002 0.034 0.122 0.272 0.444 0.59 0.754 0.856 0.908 0.936
Generation: 41
capacity2Test 1.000000 0.950000 41 100 500 10 0 0 0.034 0.118 0.278 0.476 0.642 0.796 0.89 0.934 0.95
Generation: 42
capacity2Test 1.000000 0.958000 42 100 500 10 0 0.002 0.036 0.128 0.326 0.498 0.65 0.798 0.868 0.928 0.958
Generation: 43
capacity2Test 1.000000 0.964000 43 100 500 10 0 0 0.034 0.126 0.268 0.456 0.628 0.764 0.874 0.93 0.964
Generation: 44
capacity2Test 1.000000 0.972000 44 100 500 10 0 0 0.024 0.112 0.272 0.478 0.648 0.794 0.874 0.95 0.972
Generation: 45
capacity2Test 1.000000 0.972000 45 100 500 10 0 0 0.038 0.13 0.296 0.506 0.662 0.822 0.906 0.954 0.972
Generation: 46
capacity2Test 1.000000 0.972000 46 100 500 10 0 0.002 0.04 0.138 0.316 0.52 0.652 0.804 0.892 0.946 0.972
Generation: 47
capacity2Test 1.000000 0.980000 47 100 500 10 0 0 0.03 0.12 0.288 0.488 0.656 0.812 0.916 0.978 0.98
Generation: 48
capacity2Test 1.000000 0.980000 48 100 500 10 0 0 0.036 0.132 0.314 0.49 0.654 0.84 0.926 0.966 0.98
Generation: 49
capacity2Test 1.000000 0.980000 49 100 500 10 0 0.002 0.034 0.126 0.298 0.48 0.646 0.818 0.92 0.972 0.98
Generation: 50
capacity2Test 1.000000 0.980000 50 100 500 10 0 0 0.046 0.134 0.326 0.54 0.694 0.838 0.948 0.978 0.98
Generation: 51
capacity2Test 1.000000 0.986000 51 100 500 10 0 0.002 0.046 0.15 0.32 0.522 0.702 0.864 0.936 0.98 0.986
Generation: 52
capacity2Test 1.000000 0.986000 52 100 500 10 0 0 0.028 0.12 0.298 0.526 0.712 0.84 0.948 0.98 0.986
Generation: 53
capacity2Test 1.000000 0.990000 53 100 500 10 0 0.002 0.028 0.12 0.282 0.484 0.66 0.818 0.934 0.98 0.99
Generation: 54
capacity2Test 1.000000 0.994000 54 100 500 10 0 0.002 0.052 0.166 0.364 0.582 0.728 0.898 0.962 0.988 0.994
Generation: 55
capacity2Test 1.000000 0.994000 55 100 500 10 0 0 0.054 0.158 0.36 0.584 0.742 0.918 0.968 0.992 0.994
Generation: 56
capacity2Test 1.000000 0.994000 56 100 500 10 0 0 0.054 0.148 0.352 0.572 0.778 0.906 0.964 0.988 0.994
Generation: 57
capacity2Test 1.000000 0.996000 57 100 500 10 0 0.002 0.036 0.122 0.282 0.51 0.71 0.844 0.952 0.994 0.996
Generation: 58
capacity2Test 1.000000 0.996000 58 100 500 10 0 0.002 0.042 0.138 0.328 0.534 0.728 0.838 0.932 0.98 0.996
Generation: 59
capacity2Test 1.000000 0.996000 59 100 500 10 0 0 0.048 0.14 0.31 0.504 0.692 0.842 0.946 0.988 0.996
Generation: 60
capacity2Test 1.000000 0.998000 60 100 500 10 0 0 0.05 0.156 0.356 0.576 0.738 0.894 0.966 0.99 0.998
Generation: 61
capacity2Test 1.000000 0.998000 61 100 500 10 0 0 0.048 0.148 0.342 0.566 0.732 0.878 0.938 0.978 0.998
Generation: 62
capacity2Test 1.000000 0.998000 62 100 500 10 0 0 0.054 0.142 0.336 0.568 0.742 0.882 0.958 0.99 0.998
Generation: 63
capacity2Test 1.000000 0.998000 63 100 500 10 0 0.002 0.07 0.164 0.37 0.576 0.73 0.876 0.958 0.988 0.998
Generation: 64
capacity2Test 1.000000 0.998000 64 100 500 10 0 0 0.038 0.136 0.332 0.546 0.72 0.888 0.952 0.986 0.998
Generation: 65
capacity2Test 1.000000 0.998000 65 100 500 10 0 0 0.034 0.124 0.302 0.548 0.716 0.88 0.944 0.98 0.998
Generation: 66
capacity2Test 1.000000 0.998000 66 100 500 10 0 0.002 0.048 0.14 0.318 0.556 0.714 0.864 0.94 0.99 0.998
Generation: 67
capacity2Test 1.000000 0.998000 67 100 500 10 0 0 0.064 0.16 0.358 0.568 0.736 0.876 0.964 0.984 0.998
Generation: 68
capacity2Test 1.000000 0.998000 68 100 500 10 0 0.002 0.04 0.148 0.34 0.552 0.71 0.862 0.94 0.972 0.998
Generation: 69
capacity2Test 1.000000 0.998000 69 100 500 10 0 0.002 0.058 0.162 0.342 0.564 0.738 0.864 0.952 0.98 0.998
Generation: 70
capacity2Test 1.000000 0.998000 70 100 500 10 0 0.002 0.052 0.148 0.354 0.606 0.762 0.888 0.952 0.986 0.998
Generation: 71
capacity2Test 1.000000 1.000000 71 100 500 10 0 0.002 0.052 0.16 0.364 0.592 0.782 0.934 0.986 0.992 1
capacity2Test 1.000000 1.000000 72 100 500 10 0 0 0.058 0.166 0.37 0.584 0.766 0.918 0.98 0.988 1
Generation: 0
capacity2Test 1.000000 0.142000 0 100 500 10 0 0 0.002 0.01 0.022 0.04 0.056 0.072 0.1 0.108 0.142
Generation: 1
capacity2Test 1.000000 0.154000 1 100 500 10 0 0 0 0.014 0.028 0.042 0.062 0.074 0.098 0.114 0.154
Generation: 2
capacity2Test 1.000000 0.174000 2 100 500 10 0 0 0.008 0.02 0.044 0.068 0.092 0.112 0.134 0.158 0.174
Generation: 3
capacity2Test 1.000000 0.186000 3 100 500 10 0 0 0.004 0.01 0.032 0.07 0.106 0.13 0.152 0.182 0.186
Generation: 4
capacity2Test 1.000000 0.240000 4 100 500 10 0 0 0.006 0.022 0.04 0.066 0.088 0.122 0.15 0.18 0.24
Generation: 5
capacity2Test 1.000000 0.248000 5 100 500 10 0 0 0.002 0.024 0.048 0.068 0.116 0.14 0.172 0.19 0.248
Generation: 6
capacity2Test 1.000000 0.276000 6 100 500 10 0 0 0.014 0.024 0.044 0.084 0.136 0.172 0.218 0.262 0.276
Generation: 7
capacity2Test 1.000000 0.276000 7 100 500 10 0 0 0.01 0.028 0.06 0.096 0.12 0.158 0.194 0.232 0.276
Generation: 8
capacity2Test 1.000000 0.354000 8 100 500 10 0 0 0.012 0.03 0.054 0.108 0.164 0.208 0.256 0.31 0.354
Generation: 9
capacity2Test 1.000000 0.354000 9 100 500 10 0 0 0.012 0.038 0.076 0.118 0.152 0.19 0.222 0.278 0.354
Generation: 10
capacity2Test 1.000000 0.376000 10 100 500 10 0 0 0.016 0.032 0.078 0.136 0.19 0.27 0.322 0.382 0.376
Generation: 11
capacity2Test 1.000000 0.448000 11 100 500 10 0 0 0.014 0.05 0.096 0.154 0.214 0.28 0.352 0.416 0.448
Generation: 12
capacity2Test 1.000000 0.458000 12 100 500 10 0 0 0.012 0.056 0.108 0.188 0.262 0.342 0.404 0.474 0.458
Generation: 13
capacity2Test 1.000000 0.482000 13 100 500 10 0 0 0.024 0.08 0.142 0.224 0.308 0.362 0.428 0.492 0.482
Generation: 14
capacity2Test 1.000000 0.528000 14 100 500 10 0 0 0.028 0.082 0.172 0.278 0.35 0.43 0.522 0.592 0.528
Generation: 15
capacity2Test 1.000000 0.574000 15 100 500 10 0 0 0.03 0.066 0.16 0.228 0.312 0.418 0.502 0.562 0.574
Generation: 16
capacity2Test 1.000000 0.574000 16 100 500 10 0 0 0.02 0.06 0.134 0.224 0.298 0.374 0.45 0.522 0.574
Generation: 17
capacity2Test 1.000000 0.622000 17 100 500 10 0 0 0.03 0.07 0.168 0.266 0.346 0.434 0.536 0.598 0.622
Generation: 18
capacity2Test 1.000000 0.650000 18 100 500 10 0 0 0.058 0.14 0.232 0.334 0.42 0.492 0.574 0.634 0.65
Generation: 19
capacity2Test 1.000000 0.696000 19 100 500 10 0 0 0.04 0.106 0.202 0.308 0.414 0.51 0.582 0.654 0.696
Generation: 20
capacity2Test 1.000000 0.736000 20 100 500 10 0 0.002 0.054 0.102 0.21 0.346 0.468 0.562 0.66 0.724 0.736
Generation: 21
capacity2Test 1.000000 0.744000 21 100 500 10 0 0 0.042 0.108 0.224 0.326 0.432 0.546 0.646 0.712 0.744
Generation: 22
capacity2Test 1.000000 0.806000 22 100 500 10 0 0.002 0.06 0.13 0.242 0.374 0.496 0.598 0.712 0.786 0.806
Generation: 23
capacity2Test 1.000000 0.806000 23 100 500 10 0 0 0.034 0.078 0.19 0.308 0.458 0.588 0.692 0.784 0.806
Generation: 24
capacity2Test 1.000000 0.826000 24 100 500 10 0 0.002 0.058 0.13 0.228 0.366 0.51 0.646 0.74 0.81 0.826
Generation: 25
capacity2Test 1.000000 0.826000 25 100 500 10 0 0.002 0.056 0.122 0.246 0.384 0.518 0.636 0.752 0.83 0.826
Generation: 26
capacity2Test 1.000000 0.858000 26 100 500 10 0 0 0.056 0.132 0.254 0.394 0.54 0.644 0.736 0.83 0.858
Generation: 27
capacity2Test 1.000000 0.876000 27 100 500 10 0 0.002 0.064 0.13 0.256 0.42 0.546 0.692 0.78 0.852 0.876
Generation: 28
capacity2Test 1.000000 0.876000 28 100 500 10 0 0.002 0.072 0.148 0.272 0.438 0.572 0.694 0.778 0.836 0.876
Generation: 29
capacity2Test 1.000000 0.908000 29 100 500 10 0 0.002 0.064 0.15 0.272 0.434 0.582 0.72 0.826 0.886 0.908
Generation: 30
capacity2Test 1.000000 0.908000 30 100 500 10 0 0 0.066 0.13 0.232 0.402 0.542 0.682 0.784 0.854 0.908
Generation: 31
capacity2Test 1.000000 0.934000 31 100 500 10 0 0.002 0.074 0.16 0.294 0.454 0.602 0.728 0.844 0.916 0.934
Generation: 32
capacity2Test 1.000000 0.934000 32 100 500 10 0 0 0.064 0.154 0.264 0.45 0.594 0.734 0.812 0.882 0.934
Generation: 33
capacity2Test 1.000000 0.934000 33 100 500 10 0 0.002 0.064 0.134 0.282 0.452 0.576 0.71 0.81 0.876 0.934
Generation: 34
capacity2Test 1.000000 0.952000 34 100 500 10 0 0.002 0.07 0.176 0.324 0.486 0.67 0.78 0.864 0.92 0.952
Generation: 35
capacity2Test 1.000000 0.962000 35 100 500 10 0 0 0.072 0.186 0.32 0.47 0.662 0.838 0.92 0.95 0.962
Generation: 36
capacity2Test 1.000000 0.962000 36 100 500 10 0 0.002 0.068 0.16 0.292 0.452 0.634 0.79 0.886 0.93 0.962
Generation: 37
capacity2Test 1.000000 0.972000 37 100 500 10 0 0.002 0.076 0.204 0.33 0.474 0.636 0.808 0.914 0.964 0.972
Generation: 38
capacity2Test 1.000000 0.972000 38 100 500 10 0 0.002 0.066 0.168 0.304 0.452 0.616 0.776 0.89 0.956 0.972
Generation: 39
capacity2Test 1.000000 0.974000 39 100 500 10 0 0.002 0.07 0.204 0.346 0.508 0.684 0.85 0.942 0.976 0.974
Generation: 40
capacity2Test 1.000000 0.988000 40 100 500 10 0 0 0.072 0.216 0.358 0.524 0.698 0.858 0.934 0.968 0.988
Generation: 41
capacity2Test 1.000000 0.988000 41 100 500 10 0 0.002 0.076 0.212 0.364 0.526 0.704 0.89 0.97 0.992 0.988
Generation: 42
capacity2Test 1.000000 0.988000 42 100 500 10 0 0.002 0.078 0.228 0.372 0.53 0.702 0.868 0.94 0.966 0.988
Generation: 43
capacity2Test 1.000000 0.990000 43 100 500 10 0 0.002 0.07 0.158 0.304 0.478 0.674 0.836 0.936 0.974 0.99
Generation: 44
capacity2Test 1.000000 0.992000 44 100 500 10 0 0.002 0.076 0.236 0.376 0.52 0.704 0.9 0.944 0.97 0.992
Generation: 45
capacity2Test 1.000000 0.994000 45 100 500 10 0 0.002 0.078 0.242 0.39 0.534 0.712 0.908 0.964 0.984 0.994
Generation: 46
capacity2Test 1.000000 0.996000 46 100 500 10 0 0.002 0.08 0.26 0.394 0.534 0.704 0.87 0.952 0.976 0.996
Generation: 47
capacity2Test 1.000000 0.996000 47 100 500 10 0 0.002 0.078 0.254 0.394 0.534 0.702 0.878 0.936 0.972 0.996
Generation: 48
capacity2Test 1.000000 0.996000 48 100 500 10 0 0.002 0.076 0.258 0.396 0.538 0.712 0.904 0.964 0.982 0.996
Generation: 49
capacity2Test 1.000000 0.996000 49 100 500 10 0 0.002 0.078 0.252 0.388 0.532 0.7 0.884 0.952 0.984 0.996
Generation: 50
capacity2Test 1.000000 0.996000 50 100 500 10 0 0.002 0.078 0.258 0.386 0.528 0.694 0.89 0.952 0.99 0.996
Generation: 51
capacity2Test 1.000000 0.998000 51 100 500 10 0 0 0.074 0.236 0.368 0.502 0.666 0.88 0.962 0.996 0.998
Generation: 52
capacity2Test 1.000000 0.998000 52 100 500 10 0 0.002 0.08 0.238 0.372 0.51 0.672 0.876 0.968 0.998 0.998
Generation: 53
capacity2Test 1.000000 0.998000 53 100 500 10 0 0.002 0.074 0.234 0.382 0.526 0.68 0.878 0.952 0.988 0.998
Generation: 54
capacity2Test 1.000000 1.000000 54 100 500 10 0 0.002 0.08 0.224 0.372 0.524 0.69 0.9 0.988 1 1
capacity2Test 1.000000 1.000000 55 100 500 10 0 0.002 0.08 0.246 0.378 0.508 0.676 0.872 0.972 0.998 1
Generation: 0
capacity2Test 1.000000 0.108000 0 100 500 10 0 0 0 0.006 0.018 0.03 0.04 0.05 0.064 0.088 0.108
Generation: 1
capacity2Test 1.000000 0.112000 1 100 500 10 0 0 0.01 0.022 0.04 0.054 0.068 0.088 0.092 0.102 0.112
Generation: 2
capacity2Test 1.000000 0.144000 2 100 500 10 0 0 0.008 0.012 0.026 0.048 0.076 0.094 0.114 0.13 0.144
Generation: 3
capacity2Test 1.000000 0.156000 3 100 500 10 0 0 0.01 0.018 0.034 0.048 0.066 0.076 0.096 0.12 0.156
Generation: 4
capacity2Test 1.000000 0.176000 4 100 500 10 0 0 0.006 0.022 0.032 0.06 0.084 0.108 0.12 0.138 0.176
Generation: 5
capacity2Test 1.000000 0.212000 5 100 500 10 0 0 0 0.008 0.028 0.054 0.08 0.106 0.132 0.154 0.212
Generation: 6
capacity2Test 1.000000 0.212000 6 100 500 10 0 0 0 0.022 0.032 0.064 0.092 0.114 0.142 0.168 0.212
Generation: 7
capacity2Test 1.000000 0.212000 7 100 500 10 0 0.002 0.012 0.028 0.042 0.076 0.098 0.138 0.162 0.188 0.212
Generation: 8
capacity2Test 1.000000 0.260000 8 100 500 10 0 0 0.018 0.038 0.074 0.112 0.146 0.184 0.22 0.264 0.26
Generation: 9
capacity2Test 1.000000 0.272000 9 100 500 10 0 0 0.01 0.036 0.084 0.124 0.164 0.202 0.234 0.258 0.272
Generation: 10
capacity2Test 1.000000 0.300000 10 100 500 10 0 0 0.008 0.032 0.082 0.118 0.172 0.226 0.274 0.306 0.3
Generation: 11
capacity2Test 1.000000 0.324000 11 100 500 10 0 0 0.008 0.036 0.064 0.116 0.14 0.19 0.242 0.28 0.324
Generation: 12
capacity2Test 1.000000 0.324000 12 100 500 10 0 0 0.01 0.034 0.058 0.094 0.146 0.184 0.228 0.262 0.324
Generation: 13
capacity2Test 1.000000 0.340000 13 100 500 10 0 0 0.004 0.02 0.068 0.1 0.154 0.208 0.248 0.292 0.34
Generation: 14
capacity2Test 1.000000 0.354000 14 100 500 10 0 0 0.008 0.046 0.088 0.156 0.214 0.26 0.316 0.362 0.354
Generation: 15
capacity2Test 1.000000 0.390000 15 100 500 10 0 0 0.008 0.04 0.08 0.136 0.194 0.236 0.266 0.326 0.39
Generation: 16
capacity2Test 1.000000 0.428000 16 100 500 10 0 0.002 0.018 0.054 0.126 0.18 0.242 0.296 0.362 0.412 0.428
Generation: 17
capacity2Test 1.000000 0.438000 17 100 500 10 0 0 0.014 0.046 0.086 0.162 0.236 0.29 0.372 0.422 0.438
Generation: 18
capacity2Test 1.000000 0.468000 18 100 500 10 0 0 0.012 0.05 0.116 0.19 0.268 0.32 0.378 0.434 0.468
Generation: 19
capacity2Test 1.000000 0.488000 19 100 500 10 0 0 0.012 0.05 0.108 0.176 0.234 0.31 0.384 0.454 0.488
Generation: 20
capacity2Test 1.000000 0.500000 20 100 500 10 0 0 0.012 0.056 0.116 0.182 0.236 0.322 0.394 0.458 0.5
Generation: 21
capacity2Test 1.000000 0.510000 21 100 500 10 0 0 0.014 0.046 0.118 0.21 0.28 0.368 0.454 0.528 0.51
Generation: 22
capacity2Test 1.000000 0.626000 22 100 500 10 0 0 0.01 0.07 0.152 0.246 0.328 0.412 0.48 0.564 0.626
Generation: 23
capacity2Test 1.000000 0.626000 23 100 500 10 0 0 0.016 0.064 0.144 0.24 0.32 0.412 0.504 0.572 0.626
Generation: 24
capacity2Test 1.000000 0.654000 24 100 500 10 0 0 0.022 0.08 0.15 0.228 0.342 0.466 0.556 0.636 0.654
Generation: 25
capacity2Test 1.000000 0.690000 25 100 500 10 0 0 0.012 0.062 0.174 0.306 0.42 0.544 0.626 0.69 0.69
Generation: 26
capacity2Test 1.000000 0.704000 26 100 500 10 0 0 0.012 0.068 0.158 0.274 0.386 0.506 0.596 0.662 0.704
Generation: 27
capacity2Test 1.000000 0.716000 27 100 500 10 0 0 0.01 0.068 0.17 0.298 0.416 0.536 0.618 0.698 0.716
Generation: 28
capacity2Test 1.000000 0.750000 28 100 500 10 0 0 0.014 0.082 0.18 0.302 0.42 0.538 0.66 0.748 0.75
Generation: 29
capacity2Test 1.000000 0.764000 29 100 500 10 0 0 0.016 0.088 0.216 0.334 0.454 0.6 0.7 0.786 0.764
Generation: 30
capacity2Test 1.000000 0.778000 30 100 500 10 0 0 0.02 0.088 0.192 0.332 0.452 0.576 0.67 0.746 0.778
Generation: 31
capacity2Test 1.000000 0.814000 31 100 500 10 0 0.002 0.036 0.106 0.236 0.39 0.504 0.608 0.716 0.8 0.814
Generation: 32
capacity2Test 1.000000 0.818000 32 100 500 10 0 0.002 0.024 0.074 0.204 0.352 0.476 0.604 0.69 0.76 0.818
Generation: 33
capacity2Test 1.000000 0.828000 33 100 500 10 0 0 0.034 0.114 0.222 0.382 0.506 0.612 0.714 0.788 0.828
Generation: 34
capacity2Test 1.000000 0.856000 34 100 500 10 0 0.002 0.044 0.118 0.274 0.446 0.578 0.698 0.776 0.84 0.856
Generation: 35
capacity2Test 1.000000 0.876000 35 100 500 10 0 0 0.046 0.132 0.29 0.464 0.594 0.706 0.808 0.856 0.876
Generation: 36
capacity2Test 1.000000 0.880000 36 100 500 10 0 0 0.05 0.122 0.272 0.424 0.568 0.72 0.802 0.878 0.88
Generation: 37
capacity2Test 1.000000 0.892000 37 100 500 10 0 0 0.046 0.146 0.31 0.474 0.604 0.738 0.812 0.89 0.892
Generation: 38
capacity2Test 1.000000 0.910000 38 100 500 10 0 0.002 0.032 0.124 0.268 0.414 0.558 0.702 0.826 0.892 0.91
Generation: 39
capacity2Test 1.000000 0.918000 39 100 500 10 0 0.002 0.05 0.138 0.294 0.478 0.622 0.74 0.842 0.9 0.918
Generation: 40
capacity2Test 1.000000 0.924000 40 100 500 10 0 0.002 0.036 0.12 0.28 0.46 0.616 0.75 0.846 0.89 0.924
Generation: 41
capacity2Test 1.000000 0.926000 41 100 500 10 0 0.002 0.052 0.136 0.286 0.458 0.612 0.758 0.844 0.904 0.926
Generation: 42
capacity2Test 1.000000 0.946000 42 100 500 10 0 0 0.044 0.146 0.29 0.472 0.618 0.77 0.86 0.916 0.946
Generation: 43
capacity2Test 1.000000 0.946000 43 100 500 10 0 0 0.064 0.162 0.326 0.484 0.606 0.764 0.866 0.936 0.946
Generation: 44
capacity2Test 1.000000 0.952000 44 100 500 10 0 0 0.062 0.168 0.346 0.532 0.688 0.812 0.906 0.95 0.952
Generation: 45
capacity2Test 1.000000 0.952000 45 100 500 10 0 0.002 0.068 0.178 0.348 0.548 0.698 0.838 0.924 0.976 0.952
Generation: 46
capacity2Test 1.000000 0.970000 46 100 500 10 0 0 0.066 0.164 0.322 0.492 0.656 0.816 0.908 0.954 0.97
Generation: 47
capacity2Test 1.000000 0.972000 47 100 500 10 0 0 0.048 0.15 0.32 0.516 0.694 0.826 0.924 0.958 0.972
Generation: 48
capacity2Test 1.000000 0.974000 48 100 500 10 0 0.002 0.048 0.132 0.288 0.468 0.634 0.776 0.892 0.932 0.974
Generation: 49
capacity2Test 1.000000 0.978000 49 100 500 10 0 0 0.05 0.17 0.328 0.514 0.68 0.828 0.924 0.968 0.978
Generation: 50
capacity2Test 1.000000 0.978000 50 100 500 10 0 0.002 0.052 0.166 0.32 0.504 0.676 0.83 0.946 0.982 0.978
Generation: 51
capacity2Test 1.000000 0.978000 51 100 500 10 0 0 0.044 0.136 0.29 0.476 0.656 0.812 0.918 0.964 0.978
Generation: 52
capacity2Test 1.000000 0.986000 52 100 500 10 0 0.002 0.076 0.176 0.338 0.55 0.698 0.858 0.94 0.984 0.986
Generation: 53
capacity2Test 1.000000 0.996000 53 100 500 10 0 0.002 0.058 0.17 0.326 0.524 0.69 0.848 0.954 0.986 0.996
Generation: 54
capacity2Test 1.000000 0.996000 54 100 500 10 0 0 0.074 0.204 0.358 0.55 0.706 0.854 0.952 0.984 0.996
Generation: 55
capacity2Test 1.000000 0.996000 55 100 500 10 0 0.002 0.07 0.18 0.344 0.542 0.692 0.848 0.952 0.982 0.996
Generation: 56
capacity2Test 1.000000 0.998000 56 100 500 10 0 0.002 0.076 0.214 0.368 0.562 0.708 0.88 0.976 0.998 0.998
Generation: 57
capacity2Test 1.000000 0.998000 57 100 500 10 0 0.002 0.068 0.194 0.352 0.542 0.7 0.864 0.964 0.992 0.998
Generation: 58
capacity2Test 1.000000 1.000000 58 100 500 10 0 0.002 0.074 0.188 0.342 0.546 0.7 0.864 0.968 0.988 1
capacity2Test 1.000000 1.000000 59 100 500 10 0 0.002 0.08 0.204 0.36 0.552 0.708 0.866 0.964 0.99 1
Generation: 0
capacity2Test 1.000000 0.128000 0 100 500 10 0 0 0.01 0.028 0.04 0.064 0.078 0.092 0.124 0.14 0.128
Generation: 1
capacity2Test 1.000000 0.138000 1 100 500 10 0 0 0.008 0.022 0.044 0.064 0.074 0.106 0.124 0.142 0.138
Generation: 2
capacity2Test 1.000000 0.162000 2 100 500 10 0 0 0.004 0.016 0.032 0.056 0.078 0.098 0.116 0.132 0.162
Generation: 3
capacity2Test 1.000000 0.176000 3 100 500 10 0 0 0.01 0.022 0.038 0.064 0.094 0.116 0.128 0.15 0.176
Generation: 4
capacity2Test 1.000000 0.190000 4 100 500 10 0 0 0.006 0.02 0.024 0.034 0.062 0.094 0.118 0.144 0.19
Generation: 5
capacity2Test 1.000000 0.212000 5 100 500 10 0 0 0.004 0.016 0.03 0.058 0.09 0.11 0.132 0.172 0.212
Generation: 6
capacity2Test 1.000000 0.222000 6 100 500 10 0 0 0.002 0.018 0.046 0.07 0.1 0.138 0.18 0.214 0.222
Generation: 7
capacity2Test 1.000000 0.246000 7 100 500 10 0 0 0.014 0.03 0.052 0.08 0.116 0.15 0.178 0.218 0.246
Generation: 8
capacity2Test 1.000000 0.294000 8 100 500 10 0 0 0.012 0.036 0.066 0.11 0.15 0.182 0.232 0.264 0.294
Generation: 9
capacity2Test 1.000000 0.356000 9 100 500 10 0 0 0.012 0.04 0.064 0.106 0.174 0.236 0.272 0.328 0.356
Generation: 10
capacity2Test 1.000000 0.356000 10 100 500 10 0 0 0.014 0.044 0.11 0.158 0.212 0.25 0.308 0.37 0.356
Generation: 11
capacity2Test 1.000000 0.442000 11 100 500 10 0 0 0.032 0.06 0.122 0.17 0.242 0.298 0.364 0.434 0.442
Generation: 12
capacity2Test 1.000000 0.444000 12 100 500 10 0 0 0.028 0.056 0.12 0.174 0.234 0.306 0.366 0.442 0.444
Generation: 13
capacity2Test 1.000000 0.520000 13 100 500 10 0 0 0.034 0.074 0.134 0.212 0.274 0.352 0.422 0.506 0.52
Generation: 14
capacity2Test 1.000000 0.562000 14 100 500 10 0 0.002 0.044 0.08 0.174 0.262 0.322 0.39 0.466 0.528 0.562
Generation: 15
capacity2Test 1.000000 0.576000 15 100 500 10 0 0 0.042 0.096 0.18 0.28 0.368 0.45 0.528 0.566 0.576
Generation: 16
capacity2Test 1.000000 0.602000 16 100 500 10 0 0.002 0.048 0.098 0.186 0.26 0.354 0.43 0.5 0.564 0.602
Generation: 17
capacity2Test 1.000000 0.640000 17 100 500 10 0 0 0.052 0.104 0.184 0.296 0.374 0.48 0.542 0.6 0.64
Generation: 18
capacity2Test 1.000000 0.692000 18 100 500 10 0 0.002 0.058 0.142 0.252 0.362 0.436 0.528 0.594 0.654 0.692
Generation: 19
capacity2Test 1.000000 0.764000 19 100 500 10 0 0.002 0.058 0.15 0.262 0.396 0.478 0.554 0.656 0.728 0.764
Generation: 20
capacity2Test 1.000000 0.764000 20 100 500 10 0 0 0.062 0.138 0.236 0.37 0.458 0.574 0.644 0.724 0.764
Generation: 21
capacity2Test 1.000000 0.790000 21 100 500 10 0 0.002 0.056 0.12 0.242 0.4 0.506 0.598 0.678 0.736 0.79
Generation: 22
capacity2Test 1.000000 0.812000 22 100 500 10 0 0 0.054 0.16 0.278 0.414 0.514 0.636 0.728 0.794 0.812
Generation: 23
capacity2Test 1.000000 0.822000 23 100 500 10 0 0.002 0.064 0.172 0.27 0.414 0.55 0.666 0.746 0.796 0.822
Generation: 24
capacity2Test 1.000000 0.840000 24 100 500 10 0 0 0.062 0.182 0.298 0.446 0.566 0.686 0.762 0.83 0.84
Generation: 25
capacity2Test 1.000000 0.850000 25 100 500 10 0 0 0.066 0.174 0.296 0.442 0.594 0.712 0.792 0.868 0.85
Generation: 26
capacity2Test 1.000000 0.876000 26 100 500 10 0 0.002 0.068 0.17 0.28 0.448 0.572 0.698 0.814 0.87 0.876
Generation: 27
capacity2Test 1.000000 0.888000 27 100 500 10 0 0.002 0.07 0.212 0.346 0.506 0.662 0.786 0.848 0.902 0.888
Generation: 28
capacity2Test 1.000000 0.894000 28 100 500 10 0 0 0.058 0.218 0.322 0.472 0.594 0.724 0.804 0.866 0.894
Generation: 29
capacity2Test 1.000000 0.908000 29 100 500 10 0 0.002 0.082 0.236 0.354 0.524 0.654 0.77 0.852 0.9 0.908
Generation: 30
capacity2Test 1.000000 0.914000 30 100 500 10 0 0.002 0.08 0.236 0.354 0.498 0.646 0.752 0.834 0.88 0.914
Generation: 31
capacity2Test 1.000000 0.936000 31 100 500 10 0 0 0.078 0.246 0.368 0.55 0.662 0.788 0.85 0.904 0.936
Generation: 32
capacity2Test 1.000000 0.936000 32 100 500 10 0 0.002 0.078 0.232 0.352 0.514 0.666 0.782 0.856 0.904 0.936
Generation: 33
capacity2Test 1.000000 0.942000 33 100 500 10 0 0.002 0.074 0.224 0.372 0.542 0.684 0.818 0.908 0.946 0.942
Generation: 34
capacity2Test 1.000000 0.958000 34 100 500 10 0 0.002 0.082 0.242 0.38 0.514 0.67 0.81 0.908 0.946 0.958
Generation: 35
capacity2Test 1.000000 0.964000 35 100 500 10 0 0.002 0.072 0.226 0.372 0.518 0.692 0.828 0.904 0.936 0.964
Generation: 36
capacity2Test 1.000000 0.964000 36 100 500 10 0 0.002 0.078 0.25 0.376 0.54 0.684 0.814 0.892 0.948 0.964
Generation: 37
capacity2Test 1.000000 0.964000 37 100 500 10 0 0 0.078 0.25 0.394 0.532 0.696 0.82 0.9 0.944 0.964
Generation: 38
capacity2Test 1.000000 0.968000 38 100 500 10 0 0.002 0.078 0.23 0.38 0.558 0.7 0.836 0.916 0.96 0.968
Generation: 39
capacity2Test 1.000000 0.968000 39 100 500 10 0 0.002 0.082 0.24 0.39 0.554 0.706 0.836 0.912 0.96 0.968
Generation: 40
capacity2Test 1.000000 0.970000 40 100 500 10 0 0.002 0.074 0.208 0.362 0.514 0.666 0.796 0.878 0.934 0.97
Generation: 41
capacity2Test 1.000000 0.972000 41 100 500 10 0 0.002 0.074 0.22 0.36 0.52 0.684 0.804 0.914 0.956 0.972
Generation: 42
capacity2Test 1.000000 0.974000 42 100 500 10 0 0 0.062 0.232 0.374 0.52 0.676 0.82 0.93 0.96 0.974
Generation: 43
capacity2Test 1.000000 0.976000 43 100 500 10 0 0 0.076 0.232 0.382 0.542 0.71 0.854 0.94 0.968 0.976
Generation: 44
capacity2Test 1.000000 0.980000 44 100 500 10 0 0.002 0.086 0.236 0.388 0.568 0.744 0.882 0.954 0.976 0.98
Generation: 45
capacity2Test 1.000000 0.980000 45 100 500 10 0 0.002 0.084 0.234 0.4 0.58 0.754 0.884 0.958 0.978 0.98
Generation: 46
capacity2Test 1.000000 0.988000 46 100 500 10 0 0.002 0.078 0.238 0.394 0.57 0.724 0.88 0.958 0.978 0.988
Generation: 47
capacity2Test 1.000000 0.988000 47 100 500 10 0 0 0.076 0.228 0.388 0.58 0.762 0.89 0.956 0.974 0.988
Generation: 48
capacity2Test 1.000000 0.988000 48 100 500 10 0 0 0.076 0.232 0.374 0.582 0.742 0.866 0.938 0.966 0.988
Generation: 49
capacity2Test 1.000000 0.988000 49 100 500 10 0 0.002 0.08 0.246 0.402 0.59 0.756 0.882 0.948 0.978 0.988
Generation: 50
capacity2Test 1.000000 0.994000 50 100 500 10 0 0 0.078 0.244 0.4 0.574 0.74 0.886 0.958 0.98 0.994
Generation: 51
capacity2Test 1.000000 0.994000 51 100 500 10 0 0.002 0.076 0.242 0.404 0.584 0.748 0.894 0.964 0.984 0.994
Generation: 52
capacity2Test 1.000000 0.994000 52 100 500 10 0 0.002 0.076 0.238 0.392 0.57 0.734 0.888 0.974 0.986 0.994
Generation: 53
capacity2Test 1.000000 0.994000 53 100 500 10 0 0.002 0.08 0.24 0.392 0.556 0.734 0.868 0.944 0.974 0.994
Generation: 54
capacity2Test 1.000000 0.994000 54 100 500 10 0 0 0.076 0.25 0.384 0.558 0.742 0.888 0.964 0.99 0.994
Generation: 55
capacity2Test 1.000000 0.994000 55 100 500 10 0 0 0.08 0.24 0.394 0.568 0.736 0.86 0.952 0.988 0.994
Generation: 56
capacity2Test 1.000000 0.994000 56 100 500 10 0 0.002 0.082 0.258 0.414 0.568 0.742 0.896 0.976 0.99 0.994
Generation: 57
capacity2Test 1.000000 0.994000 57 100 500 10 0 0.002 0.076 0.238 0.398 0.568 0.734 0.886 0.956 0.978 0.994
Generation: 58
capacity2Test 1.000000 0.994000 58 100 500 10 0 0 0.08 0.25 0.402 0.572 0.736 0.88 0.962 0.98 0.994
Generation: 59
capacity2Test 1.000000 0.996000 59 100 500 10 0 0.002 0.08 0.254 0.402 0.558 0.738 0.87 0.95 0.976 0.996
Generation: 60
capacity2Test 1.000000 0.996000 60 100 500 10 0 0.002 0.078 0.25 0.41 0.582 0.742 0.88 0.95 0.984 0.996
Generation: 61
capacity2Test 1.000000 0.996000 61 100 500 10 0 0.002 0.084 0.248 0.414 0.582 0.734 0.876 0.95 0.974 0.996
Generation: 62
capacity2Test 1.000000 0.996000 62 100 500 10 0 0 0.074 0.252 0.402 0.58 0.748 0.89 0.964 0.99 0.996
Generation: 63
capacity2Test 1.000000 1.000000 63 100 500 10 0 0.002 0.08 0.282 0.424 0.59 0.756 0.888 0.96 0.976 1
capacity2Test 1.000000 1.000000 64 100 500 10 0 0.002 0.082 0.27 0.434 0.596 0.764 0.91 0.966 0.976 1
Generation: 0
capacity2Test 1.000000 0.130000 0 100 500 10 0 0 0.008 0.014 0.028 0.038 0.052 0.06 0.074 0.092 0.13
Generation: 1
capacity2Test 1.000000 0.130000 1 100 500 10 0 0 0.002 0.006 0.016 0.028 0.036 0.056 0.072 0.092 0.13
Generation: 2
capacity2Test 1.000000 0.172000 2 100 500 10 0 0 0.01 0.024 0.042 0.058 0.074 0.098 0.122 0.148 0.172
Generation: 3
capacity2Test 1.000000 0.176000 3 100 500 10 0 0 0.008 0.022 0.046 0.068 0.094 0.128 0.154 0.188 0.176
Generation: 4
capacity2Test 1.000000 0.212000 4 100 500 10 0 0 0.008 0.022 0.046 0.072 0.1 0.138 0.178 0.216 0.212
Generation: 5
capacity2Test 1.000000 0.226000 5 100 500 10 0 0 0.012 0.024 0.04 0.062 0.102 0.14 0.184 0.21 0.226
Generation: 6
capacity2Test 1.000000 0.256000 6 100 500 10 0 0 0.018 0.048 0.088 0.13 0.156 0.198 0.238 0.282 0.256
Generation: 7
capacity2Test 1.000000 0.264000 7 100 500 10 0 0 0.012 0.036 0.074 0.11 0.152 0.208 0.244 0.284 0.264
Generation: 8
capacity2Test 1.000000 0.290000 8 100 500 10 0 0 0.018 0.04 0.072 0.112 0.142 0.176 0.214 0.258 0.29
Generation: 9
capacity2Test 1.000000 0.324000 9 100 500 10 0 0 0.026 0.056 0.102 0.156 0.212 0.26 0.316 0.374 0.324
Generation: 10
capacity2Test 1.000000 0.362000 10 100 500 10 0 0 0.03 0.064 0.104 0.156 0.194 0.248 0.282 0.342 0.362
Generation: 11
capacity2Test 1.000000 0.378000 11 100 500 10 0 0.002 0.026 0.058 0.096 0.174 0.212 0.28 0.314 0.354 0.378
Generation: 12
capacity2Test 1.000000 0.442000 12 100 500 10 0 0 0.032 0.07 0.114 0.182 0.236 0.296 0.334 0.402 0.442
Generation: 13
capacity2Test 1.000000 0.450000 13 100 500 10 0 0 0.028 0.07 0.118 0.202 0.262 0.322 0.368 0.412 0.45
Generation: 14
capacity2Test 1.000000 0.504000 14 100 500 10 0 0.002 0.042 0.078 0.132 0.186 0.24 0.31 0.358 0.422 0.504
Generation: 15
capacity2Test 1.000000 0.504000 15 100 500 10 0 0 0.04 0.072 0.14 0.212 0.268 0.342 0.408 0.47 0.504
Generation: 16
capacity2Test 1.000000 0.524000 16 100 500 10 0 0.002 0.04 0.08 0.142 0.248 0.31 0.398 0.456 0.514 0.524
Generation: 17
capacity2Test 1.000000 0.556000 17 100 500 10 0 0 0.058 0.124 0.19 0.294 0.364 0.456 0.522 0.574 0.556
Generation: 18
capacity2Test 1.000000 0.590000 18 100 500 10 0 0.002 0.058 0.114 0.184 0.296 0.36 0.418 0.472 0.522 0.59
Generation: 19
capacity2Test 1.000000 0.618000 19 100 500 10 0 0 0.054 0.138 0.222 0.336 0.408 0.488 0.554 0.632 0.618
Generation: 20
capacity2Test 1.000000 0.648000 20 100 500 10 0 0.002 0.064 0.178 0.264 0.366 0.428 0.506 0.556 0.594 0.648
Generation: 21
capacity2Test 1.000000 0.702000 21 100 500 10 0 0.002 0.062 0.194 0.278 0.39 0.498 0.588 0.652 0.692 0.702
Generation: 22
capacity2Test 1.000000 0.702000 22 100 500 10 0 0 0.064 0.196 0.266 0.376 0.504 0.594 0.662 0.722 0.702
Generation: 23
capacity2Test 1.000000 0.780000 23 100 500 10 0 0.002 0.07 0.204 0.282 0.412 0.55 0.632 0.718 0.774 0.78
Generation: 24
capacity2Test 1.000000 0.780000 24 100 500 10 0 0.002 0.068 0.194 0.306 0.422 0.554 0.626 0.704 0.762 0.78
Generation: 25
capacity2Test 1.000000 0.780000 25 100 500 10 0 0 0.07 0.198 0.286 0.402 0.528 0.62 0.7 0.748 0.78
Generation: 26
capacity2Test 1.000000 0.808000 26 100 500 10 0 0 0.072 0.21 0.324 0.446 0.582 0.674 0.746 0.786 0.808
Generation: 27
capacity2Test 1.000000 0.814000 27 100 500 10 0 0.002 0.072 0.204 0.32 0.448 0.594 0.686 0.758 0.808 0.814
Generation: 28
capacity2Test 1.000000 0.822000 28 100 500 10 0 0.002 0.058 0.202 0.322 0.426 0.572 0.69 0.778 0.82 0.822
Generation: 29
capacity2Test 1.000000 0.864000 29 100 500 10 0 0.002 0.06 0.202 0.314 0.42 0.564 0.686 0.782 0.836 0.864
Generation: 30
capacity2Test 1.000000 0.898000 30 100 500 10 0 0.002 0.07 0.242 0.374 0.506 0.646 0.74 0.81 0.856 0.898
Generation: 31
capacity2Test 1.000000 0.898000 31 100 500 10 0 0.002 0.078 0.23 0.346 0.476 0.636 0.73 0.802 0.86 0.898
Generation: 32
capacity2Test 1.000000 0.900000 32 100 500 10 0 0.002 0.072 0.214 0.332 0.464 0.606 0.724 0.816 0.876 0.9
Generation: 33
capacity2Test 1.000000 0.912000 33 100 500 10 0 0.002 0.076 0.256 0.394 0.532 0.686 0.786 0.83 0.86 0.912
Generation: 34
capacity2Test 1.000000 0.918000 34 100 500 10 0 0.002 0.07 0.216 0.334 0.466 0.606 0.744 0.866 0.924 0.918
Generation: 35
capacity2Test 1.000000 0.928000 35 100 500 10 0 0.002 0.074 0.216 0.33 0.46 0.598 0.736 0.874 0.946 0.928
Generation: 36
capacity2Test 1.000000 0.938000 36 100 500 10 0 0.002 0.074 0.218 0.336 0.452 0.6 0.734 0.868 0.938 0.938
Generation: 37
capacity2Test 1.000000 0.956000 37 100 500 10 0 0.002 0.072 0.208 0.326 0.45 0.59 0.74 0.864 0.944 0.956
Generation: 38
capacity2Test 1.000000 0.960000 38 100 500 10 0 0.002 0.074 0.214 0.34 0.472 0.612 0.754 0.882 0.95 0.96
Generation: 39
capacity2Test 1.000000 0.970000 39 100 500 10 0 0 0.074 0.248 0.364 0.5 0.642 0.782 0.9 0.962 0.97
Generation: 40
capacity2Test 1.000000 0.984000 40 100 500 10 0 0.002 0.082 0.266 0.4 0.54 0.7 0.846 0.928 0.954 0.984
Generation: 41
capacity2Test 1.000000 0.984000 41 100 500 10 0 0.002 0.078 0.25 0.392 0.53 0.694 0.852 0.936 0.966 0.984
Generation: 42
capacity2Test 1.000000 0.984000 42 100 500 10 0 0.002 0.078 0.256 0.384 0.524 0.682 0.844 0.952 0.974 0.984
Generation: 43
capacity2Test 1.000000 0.986000 43 100 500 10 0 0.002 0.074 0.242 0.37 0.496 0.64 0.796 0.91 0.974 0.986
Generation: 44
capacity2Test 1.000000 0.988000 44 100 500 10 0 0.002 0.076 0.246 0.372 0.516 0.662 0.804 0.928 0.974 0.988
Generation: 45
capacity2Test 1.000000 0.988000 45 100 500 10 0 0.002 0.074 0.252 0.384 0.526 0.676 0.826 0.944 0.984 0.988
Generation: 46
capacity2Test 1.000000 0.988000 46 100 500 10 0 0.002 0.082 0.256 0.382 0.508 0.66 0.806 0.938 0.988 0.988
Generation: 47
capacity2Test 1.000000 0.990000 47 100 500 10 0 0.002 0.078 0.246 0.378 0.51 0.65 0.804 0.916 0.974 0.99
Generation: 48
capacity2Test 1.000000 0.992000 48 100 500 10 0 0.002 0.072 0.242 0.366 0.504 0.652 0.808 0.936 0.978 0.992
Generation: 49
capacity2Test 1.000000 0.996000 49 100 500 10 0 0.002 0.082 0.252 0.384 0.512 0.656 0.802 0.944 0.988 0.996
Generation: 50
capacity2Test 1.000000 0.998000 50 100 500 10 0 0.002 0.076 0.262 0.4 0.55 0.71 0.88 0.97 0.992 0.998
Generation: 51
capacity2Test 1.000000 0.998000 51 100 500 10 0 0.002 0.08 0.268 0.402 0.54 0.698 0.866 0.974 0.988 0.998
Generation: 52
capacity2Test 1.000000 0.998000 52 100 500 10 0 0.002 0.076 0.26 0.392 0.536 0.696 0.868 0.956 0.982 0.998
Generation: 53
capacity2Test 1.000000 0.998000 53 100 500 10 0 0.002 0.078 0.266 0.41 0.554 0.704 0.856 0.962 0.994 0.998
Generation: 54
capacity2Test 1.000000 0.998000 54 100 500 10 0 0.002 0.08 0.274 0.41 0.556 0.716 0.876 0.972 0.996 0.998
Generation: 55
capacity2Test 1.000000 0.998000 55 100 500 10 0 0.002 0.08 0.268 0.404 0.548 0.696 0.858 0.95 0.978 0.998
Generation: 56
capacity2Test 1.000000 0.998000 56 100 500 10 0 0.002 0.08 0.268 0.404 0.544 0.712 0.87 0.97 0.996 0.998
Generation: 57
capacity2Test 1.000000 0.998000 57 100 500 10 0 0.002 0.08 0.256 0.384 0.53 0.692 0.856 0.96 0.988 0.998
Generation: 58
capacity2Test 1.000000 1.000000 58 100 500 10 0 0.002 0.078 0.266 0.404 0.552 0.722 0.886 0.98 0.996 1
capacity2Test 1.000000 1.000000 59 100 500 10 0 0.002 0.082 0.272 0.41 0.552 0.718 0.888 0.98 0.998 1
Generation: 0
capacity2Test 1.000000 0.140000 0 100 500 10 0 0 0.012 0.028 0.044 0.06 0.086 0.104 0.124 0.14 0.14
Generation: 1
capacity2Test 1.000000 0.140000 1 100 500 10 0 0 0.008 0.018 0.034 0.062 0.072 0.088 0.106 0.126 0.14
Generation: 2
capacity2Test 1.000000 0.192000 2 100 500 10 0 0 0.006 0.02 0.034 0.056 0.088 0.118 0.14 0.162 0.192
Generation: 3
capacity2Test 1.000000 0.192000 3 100 500 10 0 0 0.014 0.03 0.048 0.072 0.082 0.106 0.12 0.14 0.192
Generation: 4
capacity2Test 1.000000 0.246000 4 100 500 10 0 0.002 0.03 0.052 0.092 0.126 0.164 0.184 0.216 0.246 0.246
Generation: 5
capacity2Test 1.000000 0.288000 5 100 500 10 0 0 0.018 0.04 0.074 0.104 0.146 0.2 0.222 0.252 0.288
Generation: 6
capacity2Test 1.000000 0.288000 6 100 500 10 0 0 0.032 0.052 0.092 0.118 0.146 0.194 0.212 0.252 0.288
Generation: 7
capacity2Test 1.000000 0.302000 7 100 500 10 0 0 0.036 0.058 0.096 0.136 0.17 0.2 0.226 0.254 0.302
Generation: 8
capacity2Test 1.000000 0.310000 8 100 500 10 0 0 0.03 0.06 0.11 0.16 0.186 0.22 0.254 0.282 0.31
Generation: 9
capacity2Test 1.000000 0.338000 9 100 500 10 0 0 0.016 0.032 0.09 0.126 0.174 0.212 0.268 0.318 0.338
Generation: 10
capacity2Test 1.000000 0.402000 10 100 500 10 0 0 0.034 0.06 0.108 0.164 0.218 0.26 0.302 0.344 0.402
Generation: 11
capacity2Test 1.000000 0.450000 11 100 500 10 0 0 0.032 0.066 0.12 0.202 0.256 0.342 0.404 0.444 0.45
Generation: 12
capacity2Test 1.000000 0.450000 12 100 500 10 0 0 0.034 0.082 0.138 0.208 0.264 0.31 0.374 0.422 0.45
Generation: 13
capacity2Test 1.000000 0.492000 13 100 500 10 0 0 0.046 0.084 0.142 0.214 0.274 0.344 0.384 0.458 0.492
Generation: 14
capacity2Test 1.000000 0.522000 14 100 500 10 0 0 0.034 0.08 0.144 0.224 0.294 0.366 0.424 0.468 0.522
Generation: 15
capacity2Test 1.000000 0.530000 15 100 500 10 0 0 0.046 0.104 0.188 0.29 0.366 0.424 0.48 0.528 0.53
Generation: 16
capacity2Test 1.000000 0.534000 16 100 500 10 0 0.002 0.038 0.094 0.188 0.258 0.324 0.392 0.464 0.51 0.534
Generation: 17
capacity2Test 1.000000 0.572000 17 100 500 10 0 0 0.052 0.106 0.206 0.302 0.374 0.434 0.492 0.54 0.572
Generation: 18
capacity2Test 1.000000 0.582000 18 100 500 10 0 0 0.058 0.138 0.238 0.334 0.4 0.466 0.532 0.576 0.582
Generation: 19
capacity2Test 1.000000 0.634000 19 100 500 10 0 0 0.066 0.142 0.224 0.322 0.398 0.48 0.536 0.604 0.634
Generation: 20
capacity2Test 1.000000 0.658000 20 100 500 10 0 0 0.046 0.12 0.22 0.318 0.39 0.48 0.556 0.61 0.658
Generation: 21
capacity2Test 1.000000 0.660000 21 100 500 10 0 0 0.06 0.13 0.22 0.312 0.39 0.488 0.572 0.638 0.66
Generation: 22
capacity2Test 1.000000 0.700000 22 100 500 10 0 0.002 0.07 0.168 0.262 0.39 0.472 0.554 0.622 0.666 0.7
Generation: 23
capacity2Test 1.000000 0.714000 23 100 500 10 0 0.002 0.05 0.104 0.198 0.316 0.446 0.562 0.658 0.748 0.714
Generation: 24
capacity2Test 1.000000 0.764000 24 100 500 10 0 0.002 0.064 0.142 0.246 0.376 0.482 0.59 0.684 0.744 0.764
Generation: 25
capacity2Test 1.000000 0.778000 25 100 500 10 0 0.002 0.064 0.146 0.27 0.394 0.506 0.6 0.684 0.742 0.778
Generation: 26
capacity2Test 1.000000 0.824000 26 100 500 10 0 0.002 0.066 0.178 0.27 0.412 0.53 0.636 0.738 0.804 0.824
Generation: 27
capacity2Test 1.000000 0.850000 27 100 500 10 0 0.002 0.066 0.142 0.226 0.378 0.51 0.632 0.742 0.808 0.85
Generation: 28
capacity2Test 1.000000 0.850000 28 100 500 10 0 0.002 0.06 0.18 0.294 0.424 0.564 0.678 0.768 0.846 0.85
Generation: 29
capacity2Test 1.000000 0.878000 29 100 500 10 0 0.002 0.064 0.164 0.272 0.4 0.56 0.69 0.792 0.872 0.878
Generation: 30
capacity2Test 1.000000 0.906000 30 100 500 10 0 0.002 0.064 0.182 0.298 0.452 0.628 0.754 0.846 0.91 0.906
Generation: 31
capacity2Test 1.000000 0.906000 31 100 500 10 0 0 0.058 0.158 0.292 0.442 0.586 0.712 0.828 0.894 0.906
Generation: 32
capacity2Test 1.000000 0.918000 32 100 500 10 0 0 0.072 0.214 0.346 0.472 0.624 0.754 0.866 0.934 0.918
Generation: 33
capacity2Test 1.000000 0.934000 33 100 500 10 0 0 0.068 0.204 0.33 0.476 0.632 0.734 0.832 0.894 0.934
Generation: 34
capacity2Test 1.000000 0.936000 34 100 500 10 0 0 0.07 0.204 0.36 0.506 0.672 0.798 0.892 0.95 0.936
Generation: 35
capacity2Test 1.000000 0.950000 35 100 500 10 0 0.002 0.072 0.204 0.352 0.498 0.666 0.804 0.9 0.95 0.95
Generation: 36
capacity2Test 1.000000 0.958000 36 100 500 10 0 0 0.074 0.224 0.358 0.516 0.682 0.824 0.92 0.958 0.958
Generation: 37
capacity2Test 1.000000 0.974000 37 100 500 10 0 0 0.076 0.224 0.372 0.534 0.716 0.852 0.932 0.962 0.974
Generation: 38
capacity2Test 1.000000 0.976000 38 100 500 10 0 0.002 0.078 0.224 0.368 0.526 0.694 0.83 0.922 0.962 0.976
Generation: 39
capacity2Test 1.000000 0.976000 39 100 500 10 0 0.002 0.078 0.198 0.344 0.512 0.682 0.804 0.904 0.944 0.976
Generation: 40
capacity2Test 1.000000 0.978000 40 100 500 10 0 0.002 0.078 0.224 0.368 0.534 0.704 0.846 0.914 0.96 0.978
Generation: 41
capacity2Test 1.000000 0.988000 41 100 500 10 0 0.002 0.078 0.254 0.392 0.552 0.722 0.862 0.934 0.972 0.988
Generation: 42
capacity2Test 1.000000 0.988000 42 100 500 10 0 0.002 0.076 0.24 0.396 0.554 0.718 0.86 0.946 0.98 0.988
Generation: 43
capacity2Test 1.000000 0.988000 43 100 500 10 0 0 0.072 0.226 0.372 0.544 0.71 0.85 0.94 0.966 0.988
Generation: 44
capacity2Test 1.000000 0.990000 44 100 500 10 0 0.002 0.076 0.26 0.39 0.554 0.718 0.866 0.94 0.966 0.99
Generation: 45
capacity2Test 1.000000 0.992000 45 100 500 10 0 0 0.068 0.228 0.374 0.53 0.676 0.842 0.95 0.974 0.992
Generation: 46
capacity2Test 1.000000 0.992000 46 100 500 10 0 0.002 0.072 0.226 0.374 0.52 0.688 0.832 0.95 0.98 0.992
Generation: 47
capacity2Test 1.000000 0.992000 47 100 500 10 0 0.002 0.076 0.23 0.362 0.518 0.68 0.828 0.924 0.972 0.992
Generation: 48
capacity2Test 1.000000 0.992000 48 100 500 10 0 0.002 0.068 0.198 0.324 0.492 0.658 0.814 0.93 0.978 0.992
Generation: 49
capacity2Test 1.000000 0.992000 49 100 500 10 0 0.002 0.07 0.218 0.36 0.516 0.682 0.846 0.95 0.982 0.992
Generation: 50
capacity2Test 1.000000 0.994000 50 100 500 10 0 0.002 0.076 0.248 0.384 0.538 0.696 0.856 0.96 0.99 0.994
Generation: 51
capacity2Test 1.000000 0.994000 51 100 500 10 0 0.002 0.078 0.232 0.386 0.546 0.702 0.856 0.948 0.992 0.994
Generation: 52
capacity2Test 1.000000 0.996000 52 100 500 10 0 0.002 0.084 0.274 0.422 0.572 0.732 0.878 0.96 0.988 0.996
Generation: 53
capacity2Test 1.000000 0.996000 53 100 500 10 0 0.002 0.082 0.262 0.41 0.556 0.722 0.878 0.97 0.992 0.996
Generation: 54
capacity2Test 1.000000 0.998000 54 100 500 10 0 0.002 0.08 0.256 0.414 0.564 0.724 0.866 0.946 0.982 0.998
Generation: 55
capacity2Test 1.000000 0.998000 55 100 500 10 0 0.002 0.08 0.254 0.396 0.542 0.698 0.862 0.962 0.988 0.998
Generation: 56
capacity2Test 1.000000 1.000000 56 100 500 10 0 0.002 0.08 0.242 0.394 0.548 0.706 0.852 0.954 0.986 1
capacity2Test 1.000000 1.000000 57 100 500 10 0 0.002 0.078 0.254 0.394 0.55 0.718 0.868 0.958 0.986 1
capacityTestProbSet
testName time fitness gens maxGens agents groupsize e0 e1 e2 e3 e4 e5 e6 e7 e8 e9 e10
capacity22Test 1.000000 1.000000 0 100 500 10 0 0.002 0.07 0.228 0.39 0.596 0.778 0.916 0.978 0.992 1
Generation: 0
capacity22Test 1.000000 0.996000 0 100 500 10 0 0 0.07 0.244 0.38 0.572 0.744 0.894 0.956 0.986 0.996
Generation: 1
capacity22Test 1.000000 0.998000 1 100 500 10 0 0.002 0.084 0.26 0.434 0.618 0.784 0.906 0.974 0.996 0.998
Generation: 2
capacity22Test 1.000000 1.000000 2 100 500 10 0 0.002 0.08 0.236 0.424 0.628 0.818 0.938 0.986 0.994 1
capacity22Test 1.000000 1.000000 3 100 500 10 0 0.002 0.076 0.252 0.428 0.634 0.804 0.942 0.988 0.994 1
Generation: 0
capacity22Test 1.000000 0.998000 0 100 500 10 0 0.002 0.076 0.242 0.406 0.614 0.782 0.916 0.972 0.992 0.998
Generation: 1
capacity22Test 1.000000 1.000000 1 100 500 10 0 0.002 0.086 0.236 0.406 0.634 0.794 0.938 0.988 0.998 1
capacity22Test 1.000000 1.000000 2 100 500 10 0 0.002 0.07 0.238 0.38 0.596 0.762 0.912 0.972 0.996 1
Generation: 0
capacity22Test 1.000000 0.998000 0 100 500 10 0 0.002 0.07 0.214 0.366 0.556 0.716 0.874 0.94 0.98 0.998
Generation: 1
capacity22Test 1.000000 0.998000 1 100 500 10 0 0 0.07 0.212 0.376 0.596 0.768 0.9 0.956 0.98 0.998
Generation: 2
capacity22Test 1.000000 0.998000 2 100 500 10 0 0.002 0.066 0.212 0.372 0.572 0.752 0.888 0.946 0.976 0.998
Generation: 3
capacity22Test 1.000000 1.000000 3 100 500 10 0 0.002 0.084 0.258 0.438 0.628 0.806 0.94 0.99 0.998 1
capacity22Test 1.000000 1.000000 4 100 500 10 0 0.002 0.078 0.28 0.426 0.626 0.798 0.946 0.988 0.996 1
Generation: 0
capacity22Test 1.000000 0.998000 0 100 500 10 0 0.002 0.072 0.236 0.392 0.6 0.766 0.91 0.962 0.992 0.998
Generation: 1
capacity22Test 1.000000 0.998000 1 100 500 10 0 0 0.074 0.224 0.39 0.594 0.768 0.912 0.978 0.996 0.998
Generation: 2
capacity22Test 1.000000 0.998000 2 100 500 10 0 0.002 0.078 0.212 0.4 0.616 0.78 0.914 0.976 0.99 0.998
Generation: 3
capacity22Test 1.000000 0.998000 3 100 500 10 0 0 0.076 0.206 0.37 0.588 0.752 0.894 0.974 0.992 0.998
Generation: 4
capacity22Test 1.000000 0.998000 4 100 500 10 0 0.002 0.074 0.238 0.406 0.61 0.762 0.92 0.978 0.992 0.998
Generation: 5
capacity22Test 1.000000 0.998000 5 100 500 10 0 0.002 0.076 0.226 0.396 0.618 0.772 0.926 0.976 0.988 0.998
Generation: 6
capacity22Test 1.000000 0.998000 6 100 500 10 0 0 0.074 0.218 0.39 0.58 0.75 0.908 0.978 0.992 0.998
Generation: 7
capacity22Test 1.000000 1.000000 7 100 500 10 0 0.002 0.076 0.256 0.436 0.664 0.842 0.946 0.982 0.994 1
capacity22Test 1.000000 1.000000 8 100 500 10 0 0.002 0.076 0.26 0.426 0.64 0.794 0.93 0.974 0.988 1
Generation: 0
capacity22Test 1.000000 0.998000 0 100 500 10 0 0.002 0.074 0.23 0.39 0.574 0.736 0.868 0.958 0.986 0.998
Generation: 1
capacity22Test 1.000000 1.000000 1 100 500 10 0 0.002 0.082 0.252 0.422 0.622 0.816 0.938 0.972 0.994 1
capacity22Test 1.000000 1.000000 2 100 500 10 0 0.002 0.078 0.242 0.414 0.638 0.822 0.936 0.968 0.99 1
Generation: 0
capacity22Test 1.000000 1.000000 0 100 500 10 0 0.002 0.064 0.174 0.352 0.556 0.73 0.884 0.96 0.988 1
capacity22Test 1.000000 1.000000 1 100 500 10 0 0.002 0.068 0.21 0.364 0.558 0.736 0.878 0.952 0.986 1
capacity22Test 1.000000 1.000000 0 100 500 10 0 0.002 0.072 0.248 0.398 0.606 0.77 0.908 0.976 0.994 1
capacity22Test 1.000000 1.000000 0 100 500 10 0 0.002 0.078 0.232 0.394 0.606 0.778 0.9 0.958 0.988 1
Generation: 0
capacity22Test 1.000000 0.998000 0 100 500 10 0 0.002 0.07 0.252 0.404 0.572 0.752 0.888 0.946 0.976 0.998
Generation: 1
capacity22Test 1.000000 1.000000 1 100 500 10 0 0.002 0.066 0.22 0.402 0.61 0.792 0.922 0.98 0.994 1
capacity22Test 1.000000 1.000000 2 100 500 10 0 0 0.074 0.228 0.43 0.648 0.846 0.946 0.98 0.992 1
