fullpopTestProbSet
Generation: 0
fullpop2Test 1.000000 0.974000 0 100 500 10 0 0.002 0.072 0.236 0.438 0.632 0.786 0.886 0.934 0.956 0.974
Generation: 1
fullpop2Test 1.000000 0.984000 1 100 500 10 0 0.002 0.08 0.214 0.398 0.616 0.796 0.888 0.946 0.974 0.984
Generation: 2
fullpop2Test 1.000000 0.992000 2 100 500 10 0 0.002 0.092 0.244 0.444 0.644 0.814 0.91 0.958 0.986 0.992
Generation: 3
fullpop2Test 1.000000 0.996000 3 100 500 10 0 0.002 0.11 0.332 0.536 0.752 0.912 0.974 0.996 0.998 0.996
Generation: 4
fullpop2Test 1.000000 0.998000 4 100 500 10 0 0.002 0.104 0.302 0.488 0.72 0.868 0.956 0.982 0.988 0.998
Generation: 5
fullpop2Test 1.000000 1.000000 5 100 500 10 0 0.002 0.112 0.334 0.524 0.764 0.93 0.972 0.99 0.994 1
testName time fitness gens maxGens agents groupsize e0 e1 e2 e3 e4 e5 e6 e7 e8 e9 e10
fullpop2Test 1.000000 1.000000 6 100 500 10 0 0.002 0.11 0.37 0.56 0.768 0.904 0.978 0.988 0.992 1
Generation: 0
fullpop2Test 1.000000 0.962000 0 100 500 10 0 0.002 0.082 0.214 0.356 0.564 0.716 0.83 0.896 0.936 0.962
Generation: 1
fullpop2Test 1.000000 0.974000 1 100 500 10 0 0.002 0.084 0.234 0.406 0.586 0.734 0.84 0.912 0.958 0.974
Generation: 2
fullpop2Test 1.000000 0.974000 2 100 500 10 0 0 0.062 0.212 0.384 0.584 0.728 0.862 0.916 0.962 0.974
Generation: 3
fullpop2Test 1.000000 0.984000 3 100 500 10 0 0 0.096 0.276 0.464 0.644 0.778 0.868 0.92 0.956 0.984
Generation: 4
fullpop2Test 1.000000 0.992000 4 100 500 10 0 0 0.098 0.284 0.436 0.666 0.812 0.908 0.966 0.992 0.992
Generation: 5
fullpop2Test 1.000000 0.992000 5 100 500 10 0 0.002 0.094 0.27 0.462 0.702 0.848 0.94 0.972 0.98 0.992
Generation: 6
fullpop2Test 1.000000 0.994000 6 100 500 10 0 0.002 0.07 0.268 0.462 0.684 0.84 0.932 0.968 0.986 0.994
Generation: 7
fullpop2Test 1.000000 0.996000 7 100 500 10 0 0.002 0.096 0.29 0.486 0.702 0.846 0.934 0.986 0.996 0.996
Generation: 8
fullpop2Test 1.000000 0.998000 8 100 500 10 0 0.002 0.094 0.282 0.476 0.72 0.862 0.952 0.98 0.988 0.998
Generation: 9
fullpop2Test 1.000000 0.998000 9 100 500 10 0 0.002 0.1 0.31 0.494 0.734 0.878 0.96 0.982 0.994 0.998
Generation: 10
fullpop2Test 1.000000 1.000000 10 100 500 10 0 0.002 0.094 0.28 0.506 0.74 0.886 0.958 0.988 0.992 1
fullpop2Test 1.000000 1.000000 11 100 500 10 0 0.002 0.096 0.31 0.492 0.72 0.858 0.946 0.976 0.99 1
Generation: 0
fullpop2Test 1.000000 0.982000 0 100 500 10 0 0.002 0.09 0.248 0.436 0.644 0.8 0.896 0.95 0.98 0.982
Generation: 1
fullpop2Test 1.000000 0.982000 1 100 500 10 0 0.002 0.078 0.228 0.396 0.582 0.74 0.862 0.934 0.964 0.982
Generation: 2
fullpop2Test 1.000000 0.994000 2 100 500 10 0 0.002 0.084 0.254 0.446 0.664 0.822 0.908 0.962 0.988 0.994
Generation: 3
fullpop2Test 1.000000 0.994000 3 100 500 10 0 0.002 0.086 0.248 0.456 0.682 0.824 0.922 0.978 0.996 0.994
Generation: 4
fullpop2Test 1.000000 0.998000 4 100 500 10 0 0.002 0.094 0.266 0.466 0.68 0.848 0.944 0.972 0.992 0.998
Generation: 5
fullpop2Test 1.000000 0.998000 5 100 500 10 0 0 0.082 0.28 0.484 0.694 0.86 0.934 0.978 0.992 0.998
Generation: 6
fullpop2Test 1.000000 1.000000 6 100 500 10 0 0.002 0.092 0.276 0.45 0.66 0.814 0.928 0.978 0.988 1
fullpop2Test 1.000000 1.000000 7 100 500 10 0 0 0.09 0.258 0.43 0.65 0.83 0.916 0.966 0.992 1
Generation: 0
fullpop2Test 1.000000 0.968000 0 100 500 10 0 0.002 0.076 0.228 0.406 0.6 0.748 0.864 0.924 0.948 0.968
Generation: 1
fullpop2Test 1.000000 0.992000 1 100 500 10 0 0 0.072 0.254 0.47 0.692 0.848 0.942 0.984 1 0.992
Generation: 2
fullpop2Test 1.000000 0.994000 2 100 500 10 0 0.002 0.1 0.276 0.476 0.72 0.868 0.942 0.976 0.988 0.994
Generation: 3
fullpop2Test 1.000000 0.996000 3 100 500 10 0 0.002 0.1 0.264 0.448 0.668 0.83 0.934 0.966 0.986 0.996
Generation: 4
fullpop2Test 1.000000 0.998000 4 100 500 10 0 0.002 0.09 0.304 0.52 0.712 0.88 0.94 0.978 0.992 0.998
Generation: 5
fullpop2Test 1.000000 0.998000 5 100 500 10 0 0.002 0.096 0.298 0.486 0.724 0.88 0.954 0.988 0.996 0.998
Generation: 6
fullpop2Test 1.000000 1.000000 6 100 500 10 0 0.002 0.108 0.306 0.526 0.738 0.9 0.972 0.998 1 1
fullpop2Test 1.000000 1.000000 7 100 500 10 0 0.002 0.104 0.324 0.536 0.754 0.916 0.968 0.986 0.99 1
Generation: 0
fullpop2Test 1.000000 0.960000 0 100 500 10 0 0 0.074 0.23 0.396 0.586 0.736 0.828 0.902 0.936 0.96
Generation: 1
fullpop2Test 1.000000 0.966000 1 100 500 10 0 0 0.09 0.234 0.408 0.574 0.72 0.828 0.896 0.954 0.966
Generation: 2
fullpop2Test 1.000000 0.980000 2 100 500 10 0 0.002 0.092 0.236 0.422 0.624 0.766 0.872 0.926 0.962 0.98
Generation: 3
fullpop2Test 1.000000 0.982000 3 100 500 10 0 0 0.074 0.206 0.378 0.554 0.748 0.854 0.926 0.962 0.982
Generation: 4
fullpop2Test 1.000000 0.984000 4 100 500 10 0 0.002 0.098 0.238 0.44 0.644 0.822 0.928 0.968 0.98 0.984
Generation: 5
fullpop2Test 1.000000 0.988000 5 100 500 10 0 0.002 0.076 0.228 0.412 0.61 0.782 0.886 0.946 0.964 0.988
Generation: 6
fullpop2Test 1.000000 0.992000 6 100 500 10 0 0.002 0.088 0.264 0.474 0.682 0.836 0.916 0.974 0.994 0.992
Generation: 7
fullpop2Test 1.000000 0.998000 7 100 500 10 0 0.002 0.092 0.252 0.454 0.672 0.822 0.924 0.962 0.988 0.998
Generation: 8
fullpop2Test 1.000000 0.998000 8 100 500 10 0 0.002 0.08 0.242 0.452 0.66 0.836 0.92 0.972 0.986 0.998
Generation: 9
fullpop2Test 1.000000 1.000000 9 100 500 10 0 0.002 0.078 0.256 0.452 0.672 0.822 0.924 0.97 0.982 1
fullpop2Test 1.000000 1.000000 10 100 500 10 0 0.002 0.106 0.29 0.482 0.692 0.836 0.944 0.982 0.994 1
Generation: 0
fullpop2Test 1.000000 0.972000 0 100 500 10 0 0.002 0.08 0.228 0.41 0.604 0.726 0.838 0.92 0.958 0.972
Generation: 1
fullpop2Test 1.000000 0.976000 1 100 500 10 0 0.002 0.086 0.274 0.452 0.682 0.83 0.914 0.964 0.984 0.976
Generation: 2
fullpop2Test 1.000000 0.988000 2 100 500 10 0 0.002 0.092 0.268 0.426 0.622 0.794 0.898 0.962 0.988 0.988
Generation: 3
fullpop2Test 1.000000 0.998000 3 100 500 10 0 0.002 0.094 0.274 0.472 0.662 0.83 0.932 0.98 0.992 0.998
Generation: 4
fullpop2Test 1.000000 0.998000 4 100 500 10 0 0.002 0.094 0.274 0.456 0.684 0.856 0.936 0.966 0.984 0.998
Generation: 5
fullpop2Test 1.000000 0.998000 5 100 500 10 0 0.002 0.082 0.242 0.436 0.676 0.834 0.934 0.972 0.99 0.998
Generation: 6
fullpop2Test 1.000000 0.998000 6 100 500 10 0 0 0.086 0.264 0.464 0.676 0.848 0.936 0.978 0.998 0.998
Generation: 7
fullpop2Test 1.000000 1.000000 7 100 500 10 0 0.002 0.098 0.276 0.48 0.69 0.868 0.962 0.992 0.996 1
fullpop2Test 1.000000 1.000000 8 100 500 10 0 0.002 0.088 0.294 0.486 0.696 0.87 0.954 0.982 0.988 1
Generation: 0
fullpop2Test 1.000000 0.958000 0 100 500 10 0 0 0.066 0.206 0.394 0.574 0.736 0.85 0.908 0.94 0.958
Generation: 1
fullpop2Test 1.000000 0.968000 1 100 500 10 0 0 0.076 0.248 0.414 0.642 0.796 0.882 0.938 0.968 0.968
Generation: 2
fullpop2Test 1.000000 0.980000 2 100 500 10 0 0 0.07 0.2 0.362 0.514 0.702 0.844 0.928 0.956 0.98
Generation: 3
fullpop2Test 1.000000 0.986000 3 100 500 10 0 0.002 0.08 0.276 0.452 0.688 0.814 0.904 0.97 0.988 0.986
Generation: 4
fullpop2Test 1.000000 0.992000 4 100 500 10 0 0.002 0.074 0.266 0.466 0.692 0.852 0.942 0.976 0.986 0.992
Generation: 5
fullpop2Test 1.000000 0.992000 5 100 500 10 0 0.002 0.1 0.27 0.452 0.678 0.844 0.936 0.972 0.988 0.992
Generation: 6
fullpop2Test 1.000000 0.998000 6 100 500 10 0 0.002 0.106 0.286 0.498 0.712 0.86 0.934 0.976 0.986 0.998
Generation: 7
fullpop2Test 1.000000 1.000000 7 100 500 10 0 0.002 0.088 0.272 0.454 0.69 0.848 0.95 0.99 0.996 1
fullpop2Test 1.000000 1.000000 8 100 500 10 0 0.002 0.098 0.266 0.486 0.68 0.848 0.944 0.988 0.994 1
Generation: 0
fullpop2Test 1.000000 0.964000 0 100 500 10 0 0.002 0.074 0.24 0.414 0.586 0.756 0.866 0.938 0.964 0.964
Generation: 1
fullpop2Test 1.000000 0.974000 1 100 500 10 0 0.002 0.09 0.238 0.414 0.6 0.782 0.878 0.934 0.964 0.974
Generation: 2
fullpop2Test 1.000000 0.984000 2 100 500 10 0 0.002 0.102 0.252 0.42 0.644 0.796 0.88 0.942 0.974 0.984
Generation: 3
fullpop2Test 1.000000 0.992000 3 100 500 10 0 0.002 0.09 0.24 0.424 0.656 0.802 0.898 0.948 0.968 0.992
Generation: 4
fullpop2Test 1.000000 0.994000 4 100 500 10 0 0 0.094 0.28 0.48 0.688 0.846 0.916 0.956 0.976 0.994
Generation: 5
fullpop2Test 1.000000 0.996000 5 100 500 10 0 0.002 0.104 0.286 0.482 0.684 0.852 0.93 0.958 0.988 0.996
Generation: 6
fullpop2Test 1.000000 1.000000 6 100 500 10 0 0.002 0.104 0.286 0.504 0.72 0.882 0.96 0.992 0.996 1
fullpop2Test 1.000000 1.000000 7 100 500 10 0 0.002 0.102 0.312 0.518 0.744 0.896 0.976 0.994 0.994 1
Generation: 0
fullpop2Test 1.000000 0.970000 0 100 500 10 0 0.002 0.066 0.226 0.398 0.576 0.726 0.84 0.92 0.96 0.97
Generation: 1
fullpop2Test 1.000000 0.988000 1 100 500 10 0 0.002 0.09 0.24 0.412 0.64 0.798 0.922 0.978 0.992 0.988
Generation: 2
fullpop2Test 1.000000 0.988000 2 100 500 10 0 0.002 0.096 0.264 0.444 0.652 0.812 0.908 0.958 0.992 0.988
Generation: 3
fullpop2Test 1.000000 0.996000 3 100 500 10 0 0.002 0.102 0.28 0.466 0.7 0.856 0.944 0.986 0.992 0.996
Generation: 4
fullpop2Test 1.000000 0.996000 4 100 500 10 0 0.002 0.082 0.26 0.47 0.678 0.814 0.896 0.97 0.986 0.996
Generation: 5
fullpop2Test 1.000000 0.996000 5 100 500 10 0 0.002 0.08 0.246 0.44 0.642 0.808 0.92 0.964 0.984 0.996
Generation: 6
fullpop2Test 1.000000 0.998000 6 100 500 10 0 0.002 0.098 0.268 0.45 0.678 0.82 0.914 0.968 0.99 0.998
Generation: 7
fullpop2Test 1.000000 1.000000 7 100 500 10 0 0.002 0.07 0.264 0.466 0.676 0.846 0.956 0.992 0.996 1
fullpop2Test 1.000000 1.000000 8 100 500 10 0 0.002 0.1 0.31 0.482 0.73 0.9 0.966 0.994 1 1
Generation: 0
fullpop2Test 1.000000 0.966000 0 100 500 10 0 0 0.082 0.238 0.422 0.614 0.748 0.852 0.92 0.962 0.966
Generation: 1
fullpop2Test 1.000000 0.966000 1 100 500 10 0 0.002 0.072 0.224 0.398 0.602 0.764 0.844 0.904 0.964 0.966
Generation: 2
fullpop2Test 1.000000 0.990000 2 100 500 10 0 0.002 0.094 0.286 0.462 0.682 0.848 0.932 0.976 0.996 0.99
Generation: 3
fullpop2Test 1.000000 0.992000 3 100 500 10 0 0.002 0.094 0.294 0.484 0.71 0.846 0.932 0.968 0.984 0.992
Generation: 4
fullpop2Test 1.000000 0.998000 4 100 500 10 0 0.002 0.096 0.276 0.448 0.678 0.834 0.95 0.98 0.986 0.998
Generation: 5
fullpop2Test 1.000000 0.998000 5 100 500 10 0 0.002 0.096 0.284 0.47 0.668 0.836 0.936 0.97 0.98 0.998
Generation: 6
fullpop2Test 1.000000 0.998000 6 100 500 10 0 0.002 0.104 0.294 0.46 0.704 0.858 0.938 0.972 0.986 0.998
Generation: 7
fullpop2Test 1.000000 0.998000 7 100 500 10 0 0.002 0.09 0.278 0.446 0.682 0.836 0.926 0.968 0.988 0.998
Generation: 8
fullpop2Test 1.000000 0.998000 8 100 500 10 0 0.002 0.088 0.288 0.462 0.688 0.856 0.946 0.976 0.99 0.998
Generation: 9
fullpop2Test 1.000000 1.000000 9 100 500 10 0 0.002 0.114 0.286 0.478 0.696 0.834 0.926 0.97 0.988 1
fullpop2Test 1.000000 1.000000 10 100 500 10 0 0 0.112 0.328 0.5 0.73 0.87 0.944 0.98 0.99 1
Generation: 0
fullpop2Test 1.000000 0.968000 0 100 500 10 0 0 0.09 0.214 0.388 0.58 0.724 0.844 0.914 0.952 0.968
Generation: 1
fullpop2Test 1.000000 0.978000 1 100 500 10 0 0.002 0.068 0.226 0.4 0.596 0.754 0.858 0.934 0.962 0.978
Generation: 2
fullpop2Test 1.000000 0.990000 2 100 500 10 0 0.002 0.104 0.282 0.464 0.676 0.822 0.912 0.96 0.99 0.99
Generation: 3
fullpop2Test 1.000000 0.990000 3 100 500 10 0 0.002 0.096 0.272 0.442 0.626 0.784 0.908 0.97 0.992 0.99
Generation: 4
fullpop2Test 1.000000 0.992000 4 100 500 10 0 0 0.076 0.248 0.446 0.66 0.812 0.908 0.97 0.986 0.992
Generation: 5
fullpop2Test 1.000000 0.992000 5 100 500 10 0 0 0.098 0.258 0.436 0.658 0.806 0.9 0.954 0.988 0.992
Generation: 6
fullpop2Test 1.000000 0.998000 6 100 500 10 0 0.002 0.096 0.266 0.424 0.642 0.78 0.902 0.962 0.986 0.998
Generation: 7
fullpop2Test 1.000000 0.998000 7 100 500 10 0 0.002 0.096 0.238 0.398 0.594 0.768 0.892 0.962 0.99 0.998
Generation: 8
fullpop2Test 1.000000 0.998000 8 100 500 10 0 0.002 0.088 0.242 0.426 0.618 0.778 0.9 0.958 0.978 0.998
Generation: 9
fullpop2Test 1.000000 0.998000 9 100 500 10 0 0.002 0.102 0.258 0.416 0.628 0.804 0.908 0.958 0.98 0.998
Generation: 10
fullpop2Test 1.000000 1.000000 10 100 500 10 0 0.002 0.112 0.306 0.468 0.69 0.868 0.946 0.988 0.994 1
fullpop2Test 1.000000 1.000000 11 100 500 10 0 0.002 0.118 0.332 0.486 0.694 0.842 0.942 0.982 0.996 1
Generation: 0
fullpop2Test 1.000000 0.964000 0 100 500 10 0 0.002 0.09 0.23 0.394 0.604 0.756 0.866 0.936 0.974 0.964
Generation: 1
fullpop2Test 1.000000 0.976000 1 100 500 10 0 0 0.09 0.25 0.428 0.652 0.786 0.888 0.946 0.978 0.976
Generation: 2
fullpop2Test 1.000000 0.994000 2 100 500 10 0 0 0.104 0.286 0.436 0.664 0.818 0.926 0.97 0.978 0.994
Generation: 3
fullpop2Test 1.000000 0.994000 3 100 500 10 0 0.002 0.078 0.25 0.428 0.656 0.8 0.9 0.962 0.988 0.994
Generation: 4
fullpop2Test 1.000000 1.000000 4 100 500 10 0 0.002 0.11 0.308 0.468 0.696 0.876 0.96 0.99 0.996 1
fullpop2Test 1.000000 1.000000 5 100 500 10 0 0.002 0.102 0.306 0.48 0.716 0.884 0.966 0.99 0.996 1
Generation: 0
fullpop2Test 1.000000 0.962000 0 100 500 10 0 0 0.066 0.19 0.348 0.542 0.708 0.822 0.898 0.95 0.962
Generation: 1
fullpop2Test 1.000000 0.980000 1 100 500 10 0 0 0.09 0.244 0.414 0.614 0.756 0.864 0.922 0.962 0.98
Generation: 2
fullpop2Test 1.000000 0.980000 2 100 500 10 0 0 0.072 0.23 0.388 0.616 0.788 0.872 0.924 0.962 0.98
Generation: 3
fullpop2Test 1.000000 0.992000 3 100 500 10 0 0 0.102 0.286 0.48 0.662 0.834 0.938 0.976 0.99 0.992
Generation: 4
fullpop2Test 1.000000 0.996000 4 100 500 10 0 0 0.09 0.27 0.462 0.68 0.844 0.93 0.976 0.99 0.996
Generation: 5
fullpop2Test 1.000000 0.996000 5 100 500 10 0 0 0.106 0.292 0.476 0.688 0.842 0.938 0.976 0.988 0.996
Generation: 6
fullpop2Test 1.000000 1.000000 6 100 500 10 0 0.002 0.07 0.196 0.392 0.604 0.772 0.886 0.962 0.988 1
fullpop2Test 1.000000 1.000000 7 100 500 10 0 0.002 0.084 0.224 0.412 0.642 0.818 0.934 0.978 0.994 1
Generation: 0
fullpop2Test 1.000000 0.980000 0 100 500 10 0 0.002 0.092 0.224 0.402 0.6 0.754 0.86 0.922 0.966 0.98
Generation: 1
fullpop2Test 1.000000 0.988000 1 100 500 10 0 0.002 0.088 0.286 0.42 0.616 0.778 0.882 0.928 0.96 0.988
Generation: 2
fullpop2Test 1.000000 0.988000 2 100 500 10 0 0.002 0.086 0.248 0.432 0.628 0.772 0.888 0.958 0.98 0.988
Generation: 3
fullpop2Test 1.000000 0.988000 3 100 500 10 0 0.002 0.092 0.254 0.412 0.608 0.77 0.866 0.936 0.958 0.988
Generation: 4
fullpop2Test 1.000000 0.998000 4 100 500 10 0 0.002 0.098 0.266 0.462 0.638 0.786 0.9 0.96 0.98 0.998
Generation: 5
fullpop2Test 1.000000 0.998000 5 100 500 10 0 0.002 0.088 0.27 0.446 0.658 0.808 0.918 0.972 0.994 0.998
Generation: 6
fullpop2Test 1.000000 1.000000 6 100 500 10 0 0.002 0.082 0.242 0.438 0.662 0.84 0.934 0.972 0.99 1
fullpop2Test 1.000000 1.000000 7 100 500 10 0 0.002 0.07 0.246 0.452 0.668 0.85 0.94 0.976 0.992 1
Generation: 0
fullpop2Test 1.000000 0.970000 0 100 500 10 0 0.002 0.072 0.214 0.396 0.586 0.75 0.856 0.93 0.96 0.97
Generation: 1
fullpop2Test 1.000000 0.988000 1 100 500 10 0 0.002 0.114 0.3 0.51 0.73 0.89 0.958 0.992 0.996 0.988
Generation: 2
fullpop2Test 1.000000 0.996000 2 100 500 10 0 0.002 0.104 0.294 0.472 0.702 0.866 0.948 0.984 0.996 0.996
Generation: 3
fullpop2Test 1.000000 1.000000 3 100 500 10 0 0.002 0.11 0.272 0.442 0.666 0.826 0.936 0.976 0.992 1
fullpop2Test 1.000000 1.000000 4 100 500 10 0 0.002 0.118 0.288 0.482 0.682 0.832 0.926 0.978 0.986 1
Generation: 0
fullpop2Test 1.000000 0.968000 0 100 500 10 0 0 0.082 0.21 0.386 0.57 0.748 0.846 0.908 0.96 0.968
Generation: 1
fullpop2Test 1.000000 0.968000 1 100 500 10 0 0 0.07 0.22 0.366 0.59 0.756 0.864 0.932 0.96 0.968
Generation: 2
fullpop2Test 1.000000 0.976000 2 100 500 10 0 0.002 0.1 0.292 0.462 0.686 0.8 0.894 0.954 0.982 0.976
Generation: 3
fullpop2Test 1.000000 0.984000 3 100 500 10 0 0 0.09 0.276 0.448 0.674 0.84 0.922 0.972 0.988 0.984
Generation: 4
fullpop2Test 1.000000 0.986000 4 100 500 10 0 0.002 0.078 0.256 0.422 0.652 0.818 0.92 0.966 0.988 0.986
Generation: 5
fullpop2Test 1.000000 0.994000 5 100 500 10 0 0.002 0.1 0.278 0.446 0.652 0.796 0.904 0.964 0.978 0.994
Generation: 6
fullpop2Test 1.000000 0.996000 6 100 500 10 0 0.002 0.106 0.296 0.46 0.712 0.85 0.938 0.976 0.99 0.996
Generation: 7
fullpop2Test 1.000000 0.996000 7 100 500 10 0 0.002 0.104 0.278 0.464 0.69 0.836 0.93 0.964 0.982 0.996
Generation: 8
fullpop2Test 1.000000 0.998000 8 100 500 10 0 0.002 0.104 0.296 0.458 0.666 0.822 0.92 0.98 0.992 0.998
Generation: 9
fullpop2Test 1.000000 1.000000 9 100 500 10 0 0.002 0.076 0.25 0.446 0.656 0.81 0.912 0.966 0.988 1
fullpop2Test 1.000000 1.000000 10 100 500 10 0 0.002 0.08 0.24 0.436 0.646 0.818 0.934 0.978 0.992 1
Generation: 0
fullpop2Test 1.000000 0.968000 0 100 500 10 0 0.002 0.076 0.232 0.41 0.602 0.792 0.896 0.944 0.976 0.968
Generation: 1
fullpop2Test 1.000000 0.976000 1 100 500 10 0 0 0.086 0.266 0.428 0.648 0.826 0.904 0.958 0.976 0.976
Generation: 2
fullpop2Test 1.000000 0.986000 2 100 500 10 0 0 0.068 0.244 0.404 0.624 0.81 0.916 0.972 0.99 0.986
Generation: 3
fullpop2Test 1.000000 0.986000 3 100 500 10 0 0 0.074 0.24 0.416 0.634 0.794 0.906 0.962 0.986 0.986
Generation: 4
fullpop2Test 1.000000 0.994000 4 100 500 10 0 0.002 0.096 0.258 0.434 0.664 0.816 0.912 0.958 0.99 0.994
Generation: 5
fullpop2Test 1.000000 0.994000 5 100 500 10 0 0.002 0.092 0.27 0.446 0.666 0.806 0.91 0.972 0.994 0.994
Generation: 6
fullpop2Test 1.000000 1.000000 6 100 500 10 0 0.002 0.106 0.282 0.458 0.686 0.848 0.948 0.984 0.998 1
fullpop2Test 1.000000 1.000000 7 100 500 10 0 0.002 0.102 0.272 0.452 0.682 0.844 0.956 0.99 0.998 1
Generation: 0
fullpop2Test 1.000000 0.986000 0 100 500 10 0 0.002 0.07 0.236 0.406 0.6 0.754 0.89 0.954 0.99 0.986
Generation: 1
fullpop2Test 1.000000 0.992000 1 100 500 10 0 0.002 0.092 0.244 0.408 0.602 0.764 0.888 0.954 0.992 0.992
Generation: 2
fullpop2Test 1.000000 0.992000 2 100 500 10 0 0.002 0.082 0.254 0.422 0.644 0.798 0.912 0.964 0.99 0.992
Generation: 3
fullpop2Test 1.000000 0.994000 3 100 500 10 0 0.002 0.072 0.248 0.428 0.642 0.798 0.926 0.972 0.99 0.994
Generation: 4
fullpop2Test 1.000000 0.998000 4 100 500 10 0 0.002 0.094 0.242 0.422 0.624 0.818 0.928 0.974 0.992 0.998
Generation: 5
fullpop2Test 1.000000 0.998000 5 100 500 10 0 0.002 0.07 0.22 0.396 0.636 0.808 0.918 0.962 0.986 0.998
Generation: 6
fullpop2Test 1.000000 0.998000 6 100 500 10 0 0.002 0.082 0.268 0.45 0.664 0.84 0.916 0.962 0.988 0.998
Generation: 7
fullpop2Test 1.000000 0.998000 7 100 500 10 0 0.002 0.092 0.258 0.426 0.644 0.812 0.92 0.976 0.994 0.998
Generation: 8
fullpop2Test 1.000000 1.000000 8 100 500 10 0 0.002 0.09 0.274 0.458 0.676 0.83 0.922 0.972 0.986 1
fullpop2Test 1.000000 1.000000 9 100 500 10 0 0.002 0.108 0.31 0.48 0.692 0.832 0.928 0.976 0.998 1
Generation: 0
fullpop2Test 1.000000 0.976000 0 100 500 10 0 0.002 0.1 0.278 0.466 0.666 0.806 0.892 0.944 0.98 0.976
Generation: 1
fullpop2Test 1.000000 0.980000 1 100 500 10 0 0.002 0.078 0.266 0.44 0.662 0.828 0.926 0.958 0.982 0.98
Generation: 2
fullpop2Test 1.000000 0.990000 2 100 500 10 0 0.002 0.094 0.28 0.484 0.698 0.86 0.952 0.98 0.99 0.99
Generation: 3
fullpop2Test 1.000000 0.992000 3 100 500 10 0 0.002 0.116 0.304 0.52 0.732 0.904 0.968 0.996 1 0.992
Generation: 4
fullpop2Test 1.000000 0.996000 4 100 500 10 0 0 0.072 0.282 0.478 0.712 0.864 0.94 0.98 0.994 0.996
Generation: 5
fullpop2Test 1.000000 1.000000 5 100 500 10 0 0 0.086 0.262 0.464 0.7 0.846 0.928 0.976 0.988 1
fullpop2Test 1.000000 1.000000 6 100 500 10 0 0.002 0.102 0.276 0.462 0.672 0.836 0.914 0.968 0.988 1
Generation: 0
fullpop2Test 1.000000 0.956000 0 100 500 10 0 0 0.068 0.21 0.374 0.552 0.714 0.826 0.904 0.952 0.956
Generation: 1
fullpop2Test 1.000000 0.958000 1 100 500 10 0 0.002 0.068 0.216 0.388 0.584 0.74 0.834 0.908 0.938 0.958
Generation: 2
fullpop2Test 1.000000 0.986000 2 100 500 10 0 0.002 0.058 0.242 0.434 0.648 0.794 0.904 0.962 0.992 0.986
Generation: 3
fullpop2Test 1.000000 0.992000 3 100 500 10 0 0 0.096 0.24 0.4 0.616 0.782 0.896 0.96 0.986 0.992
Generation: 4
fullpop2Test 1.000000 0.996000 4 100 500 10 0 0 0.092 0.24 0.424 0.624 0.804 0.916 0.958 0.988 0.996
Generation: 5
fullpop2Test 1.000000 0.998000 5 100 500 10 0 0.002 0.1 0.302 0.492 0.722 0.864 0.94 0.978 0.996 0.998
Generation: 6
fullpop2Test 1.000000 0.998000 6 100 500 10 0 0.002 0.094 0.286 0.474 0.722 0.874 0.948 0.984 0.994 0.998
Generation: 7
fullpop2Test 1.000000 0.998000 7 100 500 10 0 0 0.116 0.292 0.466 0.696 0.834 0.924 0.98 0.996 0.998
Generation: 8
fullpop2Test 1.000000 1.000000 8 100 500 10 0 0.002 0.086 0.278 0.466 0.678 0.838 0.922 0.972 0.998 1
fullpop2Test 1.000000 1.000000 9 100 500 10 0 0.002 0.108 0.292 0.47 0.698 0.846 0.948 0.984 0.996 1
Generation: 0
fullpop2Test 1.000000 0.964000 0 100 500 10 0 0.002 0.064 0.19 0.346 0.552 0.7 0.822 0.894 0.934 0.964
Generation: 1
fullpop2Test 1.000000 0.980000 1 100 500 10 0 0 0.064 0.234 0.414 0.626 0.774 0.864 0.918 0.956 0.98
Generation: 2
fullpop2Test 1.000000 0.992000 2 100 500 10 0 0.002 0.082 0.248 0.434 0.638 0.8 0.92 0.958 0.984 0.992
Generation: 3
fullpop2Test 1.000000 0.992000 3 100 500 10 0 0.002 0.096 0.266 0.442 0.666 0.83 0.9 0.952 0.98 0.992
Generation: 4
fullpop2Test 1.000000 0.994000 4 100 500 10 0 0.002 0.078 0.252 0.44 0.652 0.826 0.93 0.978 0.988 0.994
Generation: 5
fullpop2Test 1.000000 0.996000 5 100 500 10 0 0.002 0.076 0.254 0.438 0.66 0.842 0.916 0.97 0.984 0.996
Generation: 6
fullpop2Test 1.000000 0.996000 6 100 500 10 0 0.002 0.07 0.256 0.458 0.68 0.83 0.944 0.974 0.99 0.996
Generation: 7
fullpop2Test 1.000000 0.998000 7 100 500 10 0 0 0.08 0.262 0.414 0.616 0.77 0.894 0.954 0.982 0.998
Generation: 8
fullpop2Test 1.000000 0.998000 8 100 500 10 0 0.002 0.078 0.256 0.432 0.648 0.826 0.918 0.968 0.992 0.998
Generation: 9
fullpop2Test 1.000000 1.000000 9 100 500 10 0 0.002 0.086 0.258 0.426 0.632 0.828 0.928 0.976 0.992 1
fullpop2Test 1.000000 1.000000 10 100 500 10 0 0.002 0.096 0.29 0.458 0.68 0.838 0.938 0.98 0.996 1
Generation: 0
fullpop2Test 1.000000 0.958000 0 100 500 10 0 0.002 0.072 0.208 0.37 0.528 0.706 0.818 0.886 0.922 0.958
Generation: 1
fullpop2Test 1.000000 0.978000 1 100 500 10 0 0.002 0.098 0.264 0.44 0.626 0.758 0.86 0.93 0.96 0.978
Generation: 2
fullpop2Test 1.000000 0.986000 2 100 500 10 0 0.002 0.076 0.252 0.428 0.606 0.768 0.882 0.944 0.974 0.986
Generation: 3
fullpop2Test 1.000000 0.986000 3 100 500 10 0 0.002 0.09 0.256 0.432 0.65 0.808 0.902 0.94 0.968 0.986
Generation: 4
fullpop2Test 1.000000 0.988000 4 100 500 10 0 0.002 0.102 0.272 0.474 0.69 0.838 0.904 0.944 0.978 0.988
Generation: 5
fullpop2Test 1.000000 0.994000 5 100 500 10 0 0.002 0.082 0.274 0.488 0.688 0.866 0.954 0.99 0.998 0.994
Generation: 6
fullpop2Test 1.000000 0.996000 6 100 500 10 0 0.002 0.11 0.29 0.476 0.686 0.874 0.95 0.986 0.996 0.996
Generation: 7
fullpop2Test 1.000000 1.000000 7 100 500 10 0 0.002 0.102 0.308 0.502 0.724 0.882 0.95 0.978 0.99 1
fullpop2Test 1.000000 1.000000 8 100 500 10 0 0.002 0.098 0.298 0.518 0.714 0.882 0.956 0.982 0.99 1
Generation: 0
fullpop2Test 1.000000 0.980000 0 100 500 10 0 0 0.082 0.224 0.416 0.616 0.75 0.852 0.916 0.954 0.98
Generation: 1
fullpop2Test 1.000000 0.980000 1 100 500 10 0 0.002 0.05 0.194 0.354 0.566 0.76 0.872 0.928 0.954 0.98
Generation: 2
fullpop2Test 1.000000 0.992000 2 100 500 10 0 0.002 0.084 0.254 0.42 0.626 0.784 0.914 0.966 0.986 0.992
Generation: 3
fullpop2Test 1.000000 0.992000 3 100 500 10 0 0.002 0.068 0.252 0.428 0.634 0.804 0.926 0.968 0.988 0.992
Generation: 4
fullpop2Test 1.000000 0.994000 4 100 500 10 0 0 0.08 0.236 0.434 0.636 0.804 0.91 0.964 0.992 0.994
Generation: 5
fullpop2Test 1.000000 0.994000 5 100 500 10 0 0 0.086 0.248 0.45 0.656 0.808 0.912 0.962 0.99 0.994
Generation: 6
fullpop2Test 1.000000 0.998000 6 100 500 10 0 0.002 0.088 0.258 0.452 0.642 0.804 0.91 0.962 0.986 0.998
Generation: 7
fullpop2Test 1.000000 0.998000 7 100 500 10 0 0.002 0.082 0.226 0.41 0.616 0.776 0.896 0.944 0.972 0.998
Generation: 8
fullpop2Test 1.000000 0.998000 8 100 500 10 0 0.002 0.074 0.238 0.406 0.634 0.776 0.882 0.946 0.986 0.998
Generation: 9
fullpop2Test 1.000000 0.998000 9 100 500 10 0 0.002 0.084 0.246 0.41 0.632 0.786 0.896 0.95 0.98 0.998
Generation: 10
fullpop2Test 1.000000 0.998000 10 100 500 10 0 0.002 0.096 0.266 0.45 0.628 0.784 0.904 0.956 0.984 0.998
Generation: 11
fullpop2Test 1.000000 1.000000 11 100 500 10 0 0 0.106 0.302 0.488 0.716 0.868 0.966 0.99 0.994 1
fullpop2Test 1.000000 1.000000 12 100 500 10 0 0.002 0.094 0.284 0.484 0.698 0.882 0.962 0.986 0.992 1
Generation: 0
fullpop2Test 1.000000 0.970000 0 100 500 10 0 0.002 0.074 0.218 0.418 0.618 0.79 0.876 0.924 0.966 0.97
Generation: 1
fullpop2Test 1.000000 0.982000 1 100 500 10 0 0 0.084 0.242 0.418 0.618 0.782 0.876 0.928 0.982 0.982
Generation: 2
fullpop2Test 1.000000 0.984000 2 100 500 10 0 0.002 0.09 0.254 0.406 0.628 0.794 0.886 0.938 0.976 0.984
Generation: 3
fullpop2Test 1.000000 0.994000 3 100 500 10 0 0 0.064 0.244 0.43 0.64 0.806 0.928 0.964 0.988 0.994
Generation: 4
fullpop2Test 1.000000 0.994000 4 100 500 10 0 0.002 0.094 0.256 0.442 0.668 0.846 0.94 0.978 0.986 0.994
Generation: 5
fullpop2Test 1.000000 0.998000 5 100 500 10 0 0.002 0.102 0.292 0.474 0.708 0.882 0.97 1 1 0.998
Generation: 6
fullpop2Test 1.000000 0.998000 6 100 500 10 0 0.002 0.104 0.304 0.494 0.73 0.9 0.98 1 0.998
Generation: 7
fullpop2Test 1.000000 1.000000 7 100 500 10 0 0.002 0.116 0.322 0.542 0.75 0.902 0.984 1 1 1
fullpop2Test 1.000000 1.000000 8 100 500 10 0 0.002 0.084 0.284 0.506 0.728 0.886 0.982 0.998 0.998 1
Generation: 0
fullpop2Test 1.000000 0.964000 0 100 500 10 0 0 0.092 0.234 0.382 0.58 0.75 0.85 0.918 0.946 0.964
Generation: 1
fullpop2Test 1.000000 0.964000 1 100 500 10 0 0.002 0.076 0.234 0.4 0.612 0.764 0.85 0.922 0.954 0.964
Generation: 2
fullpop2Test 1.000000 0.972000 2 100 500 10 0 0 0.072 0.196 0.386 0.588 0.752 0.868 0.914 0.952 0.972
Generation: 3
fullpop2Test 1.000000 0.984000 3 100 500 10 0 0.002 0.052 0.226 0.438 0.654 0.828 0.93 0.976 0.984 0.984
Generation: 4
fullpop2Test 1.000000 0.990000 4 100 500 10 0 0.002 0.072 0.254 0.438 0.65 0.798 0.912 0.964 0.982 0.99
Generation: 5
fullpop2Test 1.000000 0.992000 5 100 500 10 0 0.002 0.072 0.262 0.448 0.676 0.824 0.91 0.958 0.98 0.992
Generation: 6
fullpop2Test 1.000000 0.992000 6 100 500 10 0 0.002 0.07 0.24 0.424 0.662 0.816 0.926 0.964 0.982 0.992
Generation: 7
fullpop2Test 1.000000 0.994000 7 100 500 10 0 0.002 0.086 0.256 0.43 0.648 0.81 0.946 0.984 0.994 0.994
Generation: 8
fullpop2Test 1.000000 0.998000 8 100 500 10 0 0.002 0.11 0.302 0.484 0.69 0.84 0.932 0.968 0.994 0.998
Generation: 9
fullpop2Test 1.000000 0.998000 9 100 500 10 0 0 0.096 0.29 0.48 0.706 0.872 0.944 0.976 0.994 0.998
Generation: 10
fullpop2Test 1.000000 1.000000 10 100 500 10 0 0.002 0.1 0.294 0.462 0.658 0.814 0.918 0.972 0.988 1
fullpop2Test 1.000000 1.000000 11 100 500 10 0 0.002 0.088 0.268 0.452 0.666 0.834 0.944 0.97 0.988 1
Generation: 0
fullpop2Test 1.000000 0.974000 0 100 500 10 0 0.002 0.092 0.244 0.406 0.632 0.776 0.868 0.942 0.972 0.974
Generation: 1
fullpop2Test 1.000000 0.980000 1 100 500 10 0 0.002 0.104 0.284 0.452 0.65 0.798 0.892 0.962 0.978 0.98
Generation: 2
fullpop2Test 1.000000 0.984000 2 100 500 10 0 0 0.088 0.27 0.412 0.614 0.782 0.886 0.93 0.964 0.984
Generation: 3
fullpop2Test 1.000000 0.986000 3 100 500 10 0 0 0.064 0.242 0.43 0.638 0.786 0.88 0.948 0.978 0.986
Generation: 4
fullpop2Test 1.000000 0.994000 4 100 500 10 0 0.002 0.088 0.258 0.448 0.662 0.826 0.926 0.966 0.978 0.994
Generation: 5
fullpop2Test 1.000000 0.994000 5 100 500 10 0 0 0.094 0.284 0.476 0.696 0.854 0.946 0.984 1 0.994
Generation: 6
fullpop2Test 1.000000 0.998000 6 100 500 10 0 0.002 0.072 0.244 0.448 0.676 0.836 0.938 0.976 0.996 0.998
Generation: 7
fullpop2Test 1.000000 0.998000 7 100 500 10 0 0.002 0.084 0.252 0.456 0.666 0.82 0.926 0.966 0.99 0.998
Generation: 8
fullpop2Test 1.000000 1.000000 8 100 500 10 0 0.002 0.096 0.304 0.512 0.734 0.888 0.958 0.982 0.996 1
fullpop2Test 1.000000 1.000000 9 100 500 10 0 0.002 0.108 0.294 0.504 0.738 0.89 0.958 0.99 0.998 1
Generation: 0
fullpop2Test 1.000000 0.956000 0 100 500 10 0 0.002 0.08 0.208 0.378 0.554 0.704 0.798 0.882 0.93 0.956
Generation: 1
fullpop2Test 1.000000 0.970000 1 100 500 10 0 0.002 0.086 0.224 0.398 0.59 0.746 0.856 0.908 0.936 0.97
Generation: 2
fullpop2Test 1.000000 0.986000 2 100 500 10 0 0.002 0.08 0.246 0.438 0.618 0.76 0.874 0.938 0.972 0.986
Generation: 3
fullpop2Test 1.000000 0.988000 3 100 500 10 0 0.002 0.086 0.248 0.42 0.628 0.78 0.882 0.954 0.98 0.988
Generation: 4
fullpop2Test 1.000000 0.994000 4 100 500 10 0 0.002 0.098 0.282 0.482 0.678 0.85 0.95 0.986 0.992 0.994
Generation: 5
fullpop2Test 1.000000 0.996000 5 100 500 10 0 0.002 0.076 0.228 0.426 0.632 0.79 0.908 0.964 0.982 0.996
Generation: 6
fullpop2Test 1.000000 0.996000 6 100 500 10 0 0.002 0.064 0.244 0.454 0.656 0.804 0.892 0.952 0.984 0.996
Generation: 7
fullpop2Test 1.000000 0.996000 7 100 500 10 0 0.002 0.088 0.272 0.464 0.662 0.812 0.922 0.968 0.992 0.996
Generation: 8
fullpop2Test 1.000000 0.998000 8 100 500 10 0 0.002 0.11 0.308 0.482 0.676 0.84 0.932 0.98 0.986 0.998
Generation: 9
fullpop2Test 1.000000 0.998000 9 100 500 10 0 0.002 0.108 0.28 0.432 0.662 0.834 0.94 0.976 0.99 0.998
Generation: 10
fullpop2Test 1.000000 0.998000 10 100 500 10 0 0.002 0.106 0.304 0.47 0.686 0.854 0.956 0.996 1 0.998
Generation: 11
fullpop2Test 1.000000 1.000000 11 100 500 10 0 0.002 0.114 0.284 0.484 0.69 0.86 0.952 0.982 0.994 1
fullpop2Test 1.000000 1.000000 12 100 500 10 0 0.002 0.112 0.326 0.514 0.71 0.862 0.954 0.978 0.992 1
Generation: 0
fullpop2Test 1.000000 0.974000 0 100 500 10 0 0.002 0.052 0.192 0.362 0.56 0.73 0.85 0.912 0.958 0.974
Generation: 1
fullpop2Test 1.000000 0.982000 1 100 500 10 0 0.002 0.066 0.186 0.352 0.566 0.734 0.844 0.912 0.956 0.982
Generation: 2
fullpop2Test 1.000000 0.992000 2 100 500 10 0 0.002 0.096 0.242 0.404 0.626 0.786 0.89 0.974 0.99 0.992
Generation: 3
fullpop2Test 1.000000 0.994000 3 100 500 10 0 0.002 0.088 0.264 0.44 0.628 0.79 0.916 0.976 0.992 0.994
Generation: 4
fullpop2Test 1.000000 0.994000 4 100 500 10 0 0.002 0.102 0.286 0.442 0.64 0.802 0.92 0.978 0.998 0.994
Generation: 5
fullpop2Test 1.000000 0.998000 5 100 500 10 0 0.002 0.08 0.242 0.402 0.606 0.782 0.904 0.97 0.986 0.998
Generation: 6
fullpop2Test 1.000000 1.000000 6 100 500 10 0 0.002 0.068 0.256 0.436 0.638 0.794 0.894 0.956 0.986 1
fullpop2Test 1.000000 1.000000 7 100 500 10 0 0.002 0.086 0.238 0.398 0.602 0.772 0.904 0.964 0.986 1
Generation: 0
fullpop2Test 1.000000 0.954000 0 100 500 10 0 0.002 0.068 0.198 0.402 0.596 0.758 0.86 0.922 0.952 0.954
Generation: 1
fullpop2Test 1.000000 0.966000 1 100 500 10 0 0 0.088 0.228 0.4 0.604 0.768 0.876 0.946 0.976 0.966
Generation: 2
fullpop2Test 1.000000 0.990000 2 100 500 10 0 0.002 0.09 0.284 0.48 0.696 0.832 0.924 0.96 0.98 0.99
Generation: 3
fullpop2Test 1.000000 0.992000 3 100 500 10 0 0.002 0.078 0.248 0.402 0.65 0.812 0.912 0.954 0.99 0.992
Generation: 4
fullpop2Test 1.000000 0.992000 4 100 500 10 0 0 0.078 0.256 0.464 0.666 0.856 0.94 0.978 0.992 0.992
Generation: 5
fullpop2Test 1.000000 0.996000 5 100 500 10 0 0.002 0.086 0.264 0.476 0.72 0.86 0.944 0.988 0.994 0.996
Generation: 6
fullpop2Test 1.000000 0.996000 6 100 500 10 0 0 0.106 0.298 0.508 0.712 0.88 0.94 0.962 0.988 0.996
Generation: 7
fullpop2Test 1.000000 0.998000 7 100 500 10 0 0.002 0.12 0.348 0.552 0.76 0.894 0.948 0.982 0.992 0.998
Generation: 8
fullpop2Test 1.000000 0.998000 8 100 500 10 0 0.002 0.124 0.35 0.562 0.744 0.864 0.928 0.966 0.984 0.998
Generation: 9
fullpop2Test 1.000000 1.000000 9 100 500 10 0 0.002 0.106 0.3 0.528 0.754 0.9 0.974 0.992 0.994 1
fullpop2Test 1.000000 1.000000 10 100 500 10 0 0.002 0.108 0.312 0.528 0.752 0.902 0.97 0.988 0.996 1
Generation: 0
fullpop2Test 1.000000 0.982000 0 100 500 10 0 0.002 0.108 0.272 0.47 0.682 0.826 0.926 0.976 0.994 0.982
Generation: 1
fullpop2Test 1.000000 0.996000 1 100 500 10 0 0.002 0.114 0.304 0.448 0.668 0.848 0.95 0.982 0.992 0.996
Generation: 2
fullpop2Test 1.000000 0.996000 2 100 500 10 0 0 0.094 0.278 0.466 0.678 0.834 0.932 0.984 0.996 0.996
Generation: 3
fullpop2Test 1.000000 0.998000 3 100 500 10 0 0.002 0.102 0.304 0.494 0.708 0.868 0.96 0.988 0.998 0.998
Generation: 4
fullpop2Test 1.000000 1.000000 4 100 500 10 0 0.002 0.098 0.304 0.494 0.716 0.86 0.922 0.966 0.992 1
fullpop2Test 1.000000 1.000000 5 100 500 10 0 0.002 0.114 0.302 0.49 0.706 0.874 0.948 0.982 0.996 1
Generation: 0
fullpop2Test 1.000000 0.986000 0 100 500 10 0 0 0.088 0.248 0.434 0.63 0.784 0.888 0.95 0.978 0.986
Generation: 1
fullpop2Test 1.000000 0.986000 1 100 500 10 0 0 0.064 0.246 0.42 0.65 0.796 0.896 0.946 0.982 0.986
Generation: 2
fullpop2Test 1.000000 0.990000 2 100 500 10 0 0.002 0.096 0.274 0.444 0.638 0.798 0.888 0.946 0.98 0.99
Generation: 3
fullpop2Test 1.000000 0.996000 3 100 500 10 0 0.002 0.108 0.314 0.532 0.746 0.894 0.97 0.988 0.99 0.996
Generation: 4
fullpop2Test 1.000000 0.998000 4 100 500 10 0 0.002 0.1 0.308 0.508 0.73 0.882 0.96 0.98 0.994 0.998
Generation: 5
fullpop2Test 1.000000 1.000000 5 100 500 10 0 0.002 0.104 0.322 0.508 0.734 0.896 0.968 0.99 0.994 1
fullpop2Test 1.000000 1.000000 6 100 500 10 0 0.002 0.114 0.326 0.526 0.766 0.926 0.98 0.994 0.996 1
Generation: 0
fullpop2Test 1.000000 0.966000 0 100 500 10 0 0.002 0.086 0.222 0.372 0.58 0.738 0.846 0.908 0.944 0.966
Generation: 1
fullpop2Test 1.000000 0.972000 1 100 500 10 0 0 0.084 0.228 0.394 0.596 0.768 0.894 0.948 0.976 0.972
Generation: 2
fullpop2Test 1.000000 0.984000 2 100 500 10 0 0.002 0.098 0.254 0.4 0.594 0.772 0.882 0.926 0.956 0.984
Generation: 3
fullpop2Test 1.000000 0.984000 3 100 500 10 0 0.002 0.08 0.22 0.408 0.616 0.79 0.89 0.928 0.966 0.984
Generation: 4
fullpop2Test 1.000000 0.986000 4 100 500 10 0 0.002 0.084 0.234 0.396 0.584 0.774 0.896 0.928 0.944 0.986
Generation: 5
fullpop2Test 1.000000 0.994000 5 100 500 10 0 0.002 0.108 0.31 0.478 0.698 0.854 0.942 0.976 0.994 0.994
Generation: 6
fullpop2Test 1.000000 0.994000 6 100 500 10 0 0 0.104 0.298 0.48 0.702 0.854 0.946 0.986 0.994 0.994
Generation: 7
fullpop2Test 1.000000 1.000000 7 100 500 10 0 0.002 0.102 0.32 0.514 0.734 0.884 0.966 0.986 1 1
fullpop2Test 1.000000 1.000000 8 100 500 10 0 0.002 0.104 0.312 0.494 0.696 0.876 0.95 0.978 0.992 1
Generation: 0
fullpop2Test 1.000000 0.972000 0 100 500 10 0 0 0.072 0.21 0.362 0.558 0.724 0.858 0.91 0.952 0.972
Generation: 1
fullpop2Test 1.000000 0.972000 1 100 500 10 0 0 0.076 0.238 0.388 0.584 0.734 0.836 0.908 0.942 0.972
Generation: 2
fullpop2Test 1.000000 0.972000 2 100 500 10 0 0 0.08 0.21 0.352 0.544 0.69 0.82 0.894 0.932 0.972
Generation: 3
fullpop2Test 1.000000 0.976000 3 100 500 10 0 0.002 0.096 0.282 0.444 0.642 0.784 0.88 0.934 0.966 0.976
Generation: 4
fullpop2Test 1.000000 0.990000 4 100 500 10 0 0.002 0.1 0.27 0.45 0.654 0.818 0.904 0.946 0.974 0.99
Generation: 5
fullpop2Test 1.000000 0.992000 5 100 500 10 0 0.002 0.122 0.324 0.506 0.716 0.858 0.944 0.976 0.992 0.992
Generation: 6
fullpop2Test 1.000000 0.992000 6 100 500 10 0 0.002 0.092 0.294 0.5 0.71 0.852 0.934 0.972 0.988 0.992
Generation: 7
fullpop2Test 1.000000 0.998000 7 100 500 10 0 0.002 0.112 0.292 0.488 0.714 0.868 0.964 0.992 0.998 0.998
Generation: 8
fullpop2Test 1.000000 0.998000 8 100 500 10 0 0.002 0.11 0.294 0.496 0.716 0.888 0.968 0.996 0.998 0.998
Generation: 9
fullpop2Test 1.000000 1.000000 9 100 500 10 0 0.002 0.114 0.326 0.514 0.734 0.9 0.972 0.988 0.994 1
fullpop2Test 1.000000 1.000000 10 100 500 10 0 0.002 0.118 0.342 0.528 0.756 0.9 0.976 0.998 1 1
Generation: 0
fullpop2Test 1.000000 0.956000 0 100 500 10 0 0.002 0.066 0.204 0.376 0.594 0.748 0.856 0.926 0.956 0.956
Generation: 1
fullpop2Test 1.000000 0.974000 1 100 500 10 0 0 0.084 0.24 0.396 0.596 0.764 0.872 0.938 0.962 0.974
Generation: 2
fullpop2Test 1.000000 0.988000 2 100 500 10 0 0 0.104 0.288 0.47 0.686 0.846 0.924 0.958 0.972 0.988
Generation: 3
fullpop2Test 1.000000 0.988000 3 100 500 10 0 0.002 0.108 0.276 0.45 0.66 0.804 0.916 0.97 0.988 0.988
Generation: 4
fullpop2Test 1.000000 0.988000 4 100 500 10 0 0.002 0.088 0.278 0.47 0.676 0.834 0.934 0.968 0.986 0.988
Generation: 5
fullpop2Test 1.000000 0.998000 5 100 500 10 0 0.002 0.088 0.27 0.488 0.69 0.854 0.932 0.97 0.988 0.998
Generation: 6
fullpop2Test 1.000000 0.998000 6 100 500 10 0 0.002 0.1 0.272 0.456 0.668 0.832 0.926 0.972 0.984 0.998
Generation: 7
fullpop2Test 1.000000 0.998000 7 100 500 10 0 0.002 0.106 0.282 0.478 0.688 0.858 0.95 0.986 0.992 0.998
Generation: 8
fullpop2Test 1.000000 0.998000 8 100 500 10 0 0.002 0.108 0.282 0.454 0.674 0.838 0.934 0.984 0.99 0.998
Generation: 9
fullpop2Test 1.000000 1.000000 9 100 500 10 0 0.002 0.112 0.326 0.502 0.708 0.87 0.952 0.98 0.99 1
fullpop2Test 1.000000 1.000000 10 100 500 10 0 0.002 0.112 0.32 0.504 0.716 0.872 0.964 0.99 0.994 1
Generation: 0
fullpop2Test 1.000000 0.970000 0 100 500 10 0 0.002 0.07 0.226 0.41 0.586 0.742 0.854 0.912 0.948 0.97
Generation: 1
fullpop2Test 1.000000 0.970000 1 100 500 10 0 0.002 0.068 0.212 0.36 0.574 0.706 0.836 0.924 0.964 0.97
Generation: 2
fullpop2Test 1.000000 0.986000 2 100 500 10 0 0.002 0.078 0.252 0.434 0.612 0.77 0.876 0.95 0.976 0.986
Generation: 3
fullpop2Test 1.000000 0.996000 3 100 500 10 0 0.002 0.088 0.254 0.426 0.618 0.76 0.888 0.956 0.982 0.996
Generation: 4
fullpop2Test 1.000000 0.996000 4 100 500 10 0 0.002 0.068 0.246 0.438 0.666 0.826 0.92 0.968 0.992 0.996
Generation: 5
fullpop2Test 1.000000 0.996000 5 100 500 10 0 0.002 0.08 0.268 0.476 0.688 0.84 0.934 0.97 0.99 0.996
Generation: 6
fullpop2Test 1.000000 1.000000 6 100 500 10 0 0.002 0.096 0.286 0.462 0.67 0.816 0.914 0.958 0.978 1
fullpop2Test 1.000000 1.000000 7 100 500 10 0 0 0.098 0.282 0.468 0.688 0.834 0.918 0.962 0.986 1
Generation: 0
fullpop2Test 1.000000 0.954000 0 100 500 10 0 0.002 0.096 0.23 0.388 0.596 0.76 0.874 0.934 0.966 0.954
Generation: 1
fullpop2Test 1.000000 0.966000 1 100 500 10 0 0 0.052 0.214 0.372 0.592 0.728 0.856 0.926 0.962 0.966
Generation: 2
fullpop2Test 1.000000 0.980000 2 100 500 10 0 0.002 0.082 0.246 0.392 0.596 0.802 0.892 0.948 0.968 0.98
Generation: 3
fullpop2Test 1.000000 0.986000 3 100 500 10 0 0 0.08 0.234 0.402 0.63 0.804 0.918 0.96 0.986 0.986
Generation: 4
fullpop2Test 1.000000 0.990000 4 100 500 10 0 0 0.08 0.252 0.428 0.652 0.804 0.888 0.948 0.974 0.99
Generation: 5
fullpop2Test 1.000000 0.992000 5 100 500 10 0 0.002 0.078 0.264 0.47 0.69 0.85 0.942 0.972 0.984 0.992
Generation: 6
fullpop2Test 1.000000 0.998000 6 100 500 10 0 0.002 0.108 0.292 0.474 0.702 0.862 0.95 0.984 0.998 0.998
Generation: 7
fullpop2Test 1.000000 1.000000 7 100 500 10 0 0.002 0.1 0.292 0.478 0.714 0.85 0.936 0.98 0.994 1
fullpop2Test 1.000000 1.000000 8 100 500 10 0 0.002 0.092 0.29 0.472 0.7 0.862 0.958 0.992 0.998 1
Generation: 0
fullpop2Test 1.000000 0.948000 0 100 500 10 0 0.002 0.064 0.212 0.352 0.534 0.712 0.83 0.888 0.922 0.948
Generation: 1
fullpop2Test 1.000000 0.972000 1 100 500 10 0 0.002 0.08 0.236 0.394 0.598 0.756 0.86 0.922 0.956 0.972
Generation: 2
fullpop2Test 1.000000 0.978000 2 100 500 10 0 0.002 0.088 0.264 0.46 0.652 0.818 0.916 0.958 0.974 0.978
Generation: 3
fullpop2Test 1.000000 0.978000 3 100 500 10 0 0 0.084 0.252 0.422 0.658 0.828 0.908 0.954 0.97 0.978
Generation: 4
fullpop2Test 1.000000 0.996000 4 100 500 10 0 0.002 0.096 0.27 0.442 0.66 0.82 0.916 0.962 0.978 0.996
Generation: 5
fullpop2Test 1.000000 1.000000 5 100 500 10 0 0.002 0.098 0.31 0.5 0.734 0.87 0.954 0.994 1 1
fullpop2Test 1.000000 1.000000 6 100 500 10 0 0.002 0.118 0.296 0.5 0.716 0.882 0.964 0.984 0.994 1
Generation: 0
fullpop2Test 1.000000 0.964000 0 100 500 10 0 0.002 0.068 0.196 0.372 0.582 0.764 0.88 0.936 0.964 0.964
Generation: 1
fullpop2Test 1.000000 0.996000 1 100 500 10 0 0.002 0.11 0.302 0.502 0.702 0.844 0.924 0.974 0.99 0.996
Generation: 2
fullpop2Test 1.000000 0.996000 2 100 500 10 0 0.002 0.098 0.294 0.486 0.718 0.862 0.938 0.974 0.99 0.996
Generation: 3
fullpop2Test 1.000000 0.998000 3 100 500 10 0 0.002 0.106 0.282 0.476 0.718 0.85 0.928 0.982 0.996 0.998
Generation: 4
fullpop2Test 1.000000 1.000000 4 100 500 10 0 0.002 0.104 0.274 0.49 0.724 0.882 0.95 0.988 1 1
fullpop2Test 1.000000 1.000000 5 100 500 10 0 0.002 0.106 0.304 0.494 0.734 0.872 0.972 0.996 0.998 1
Generation: 0
fullpop2Test 1.000000 0.968000 0 100 500 10 0 0.002 0.084 0.23 0.382 0.586 0.75 0.86 0.918 0.954 0.968
Generation: 1
fullpop2Test 1.000000 0.976000 1 100 500 10 0 0.002 0.068 0.224 0.39 0.596 0.794 0.892 0.942 0.964 0.976
Generation: 2
fullpop2Test 1.000000 0.976000 2 100 500 10 0 0.002 0.074 0.224 0.37 0.586 0.774 0.882 0.942 0.96 0.976
Generation: 3
fullpop2Test 1.000000 0.986000 3 100 500 10 0 0.002 0.098 0.28 0.456 0.688 0.844 0.94 0.976 0.986 0.986
Generation: 4
fullpop2Test 1.000000 0.986000 4 100 500 10 0 0.002 0.088 0.272 0.436 0.632 0.806 0.892 0.95 0.974 0.986
Generation: 5
fullpop2Test 1.000000 0.986000 5 100 500 10 0 0.002 0.094 0.258 0.45 0.64 0.802 0.914 0.96 0.984 0.986
Generation: 6
fullpop2Test 1.000000 0.988000 6 100 500 10 0 0.002 0.074 0.214 0.374 0.572 0.782 0.89 0.944 0.97 0.988
Generation: 7
fullpop2Test 1.000000 0.992000 7 100 500 10 0 0.002 0.076 0.244 0.428 0.618 0.78 0.884 0.952 0.982 0.992
Generation: 8
fullpop2Test 1.000000 0.994000 8 100 500 10 0 0.002 0.092 0.258 0.458 0.674 0.84 0.942 0.97 0.986 0.994
Generation: 9
fullpop2Test 1.000000 0.998000 9 100 500 10 0 0.002 0.088 0.278 0.462 0.678 0.842 0.936 0.982 0.998 0.998
Generation: 10
fullpop2Test 1.000000 0.998000 10 100 500 10 0 0.002 0.076 0.276 0.44 0.668 0.832 0.938 0.972 1 0.998
Generation: 11
fullpop2Test 1.000000 0.998000 11 100 500 10 0 0 0.076 0.25 0.446 0.68 0.85 0.938 0.976 0.99 0.998
Generation: 12
fullpop2Test 1.000000 0.998000 12 100 500 10 0 0.002 0.086 0.272 0.454 0.688 0.846 0.942 0.986 0.992 0.998
Generation: 13
fullpop2Test 1.000000 1.000000 13 100 500 10 0 0.002 0.096 0.286 0.462 0.658 0.824 0.93 0.98 0.994 1
fullpop2Test 1.000000 1.000000 14 100 500 10 0 0.002 0.086 0.25 0.426 0.652 0.81 0.92 0.976 0.996 1
Generation: 0
fullpop2Test 1.000000 0.954000 0 100 500 10 0 0.002 0.072 0.234 0.382 0.564 0.71 0.834 0.898 0.932 0.954
Generation: 1
fullpop2Test 1.000000 0.986000 1 100 500 10 0 0.002 0.082 0.228 0.412 0.6 0.774 0.856 0.92 0.972 0.986
Generation: 2
fullpop2Test 1.000000 0.986000 2 100 500 10 0 0.002 0.082 0.238 0.422 0.62 0.772 0.88 0.946 0.978 0.986
Generation: 3
fullpop2Test 1.000000 0.990000 3 100 500 10 0 0.002 0.09 0.244 0.432 0.63 0.798 0.912 0.968 0.992 0.99
Generation: 4
fullpop2Test 1.000000 0.992000 4 100 500 10 0 0.002 0.094 0.256 0.438 0.622 0.786 0.894 0.958 0.976 0.992
Generation: 5
fullpop2Test 1.000000 1.000000 5 100 500 10 0 0.002 0.106 0.296 0.466 0.682 0.848 0.936 0.972 0.992 1
fullpop2Test 1.000000 1.000000 6 100 500 10 0 0 0.104 0.288 0.476 0.692 0.832 0.916 0.964 0.996 1
Generation: 0
fullpop2Test 1.000000 0.974000 0 100 500 10 0 0 0.096 0.256 0.46 0.656 0.818 0.914 0.95 0.974 0.974
Generation: 1
fullpop2Test 1.000000 0.984000 1 100 500 10 0 0.002 0.072 0.212 0.408 0.61 0.786 0.91 0.96 0.984 0.984
Generation: 2
fullpop2Test 1.000000 0.992000 2 100 500 10 0 0.002 0.084 0.244 0.422 0.616 0.774 0.868 0.938 0.972 0.992
Generation: 3
fullpop2Test 1.000000 0.992000 3 100 500 10 0 0.002 0.082 0.228 0.414 0.606 0.748 0.864 0.95 0.982 0.992
Generation: 4
fullpop2Test 1.000000 0.996000 4 100 500 10 0 0 0.106 0.312 0.53 0.732 0.902 0.978 0.994 0.994 0.996
Generation: 5
fullpop2Test 1.000000 0.998000 5 100 500 10 0 0.002 0.108 0.31 0.51 0.746 0.898 0.964 0.992 0.998 0.998
Generation: 6
fullpop2Test 1.000000 1.000000 6 100 500 10 0 0.002 0.1 0.318 0.518 0.74 0.9 0.964 0.978 0.992 1
fullpop2Test 1.000000 1.000000 7 100 500 10 0 0.002 0.1 0.298 0.488 0.726 0.88 0.962 0.988 0.996 1
Generation: 0
fullpop2Test 1.000000 0.974000 0 100 500 10 0 0 0.082 0.238 0.434 0.626 0.778 0.88 0.934 0.974 0.974
Generation: 1
fullpop2Test 1.000000 0.976000 1 100 500 10 0 0.002 0.064 0.206 0.362 0.576 0.732 0.858 0.918 0.96 0.976
Generation: 2
fullpop2Test 1.000000 0.978000 2 100 500 10 0 0.002 0.084 0.234 0.414 0.612 0.756 0.872 0.928 0.964 0.978
Generation: 3
fullpop2Test 1.000000 0.988000 3 100 500 10 0 0.002 0.072 0.244 0.438 0.672 0.828 0.91 0.942 0.976 0.988
Generation: 4
fullpop2Test 1.000000 0.994000 4 100 500 10 0 0.002 0.098 0.242 0.422 0.64 0.804 0.898 0.962 0.974 0.994
Generation: 5
fullpop2Test 1.000000 1.000000 5 100 500 10 0 0.002 0.086 0.26 0.44 0.656 0.816 0.928 0.982 0.992 1
fullpop2Test 1.000000 1.000000 6 100 500 10 0 0.002 0.104 0.282 0.466 0.684 0.844 0.924 0.972 0.988 1
Generation: 0
fullpop2Test 1.000000 0.960000 0 100 500 10 0 0.002 0.052 0.182 0.362 0.528 0.668 0.844 0.918 0.948 0.96
Generation: 1
fullpop2Test 1.000000 0.968000 1 100 500 10 0 0.002 0.088 0.238 0.4 0.626 0.79 0.906 0.964 0.976 0.968
Generation: 2
fullpop2Test 1.000000 0.988000 2 100 500 10 0 0 0.078 0.216 0.41 0.606 0.75 0.87 0.928 0.962 0.988
Generation: 3
fullpop2Test 1.000000 0.990000 3 100 500 10 0 0.002 0.094 0.268 0.434 0.632 0.784 0.906 0.948 0.976 0.99
Generation: 4
fullpop2Test 1.000000 0.998000 4 100 500 10 0 0.002 0.102 0.3 0.484 0.706 0.874 0.958 0.984 0.992 0.998
Generation: 5
fullpop2Test 1.000000 0.998000 5 100 500 10 0 0.002 0.114 0.324 0.5 0.722 0.878 0.966 0.994 1 0.998
Generation: 6
fullpop2Test 1.000000 0.998000 6 100 500 10 0 0.002 0.114 0.306 0.498 0.71 0.87 0.952 0.982 0.996 0.998
Generation: 7
fullpop2Test 1.000000 1.000000 7 100 500 10 0 0.002 0.116 0.326 0.514 0.746 0.912 0.974 0.99 0.998 1
fullpop2Test 1.000000 1.000000 8 100 500 10 0 0.002 0.118 0.328 0.53 0.748 0.902 0.98 0.998 0.998 1
Generation: 0
fullpop2Test 1.000000 0.976000 0 100 500 10 0 0.002 0.092 0.232 0.412 0.636 0.782 0.894 0.94 0.974 0.976
Generation: 1
fullpop2Test 1.000000 0.976000 1 100 500 10 0 0.002 0.082 0.25 0.41 0.618 0.77 0.886 0.944 0.968 0.976
Generation: 2
fullpop2Test 1.000000 0.980000 2 100 500 10 0 0.002 0.104 0.278 0.446 0.644 0.802 0.91 0.956 0.982 0.98
Generation: 3
fullpop2Test 1.000000 0.992000 3 100 500 10 0 0.002 0.07 0.242 0.408 0.624 0.788 0.906 0.966 0.984 0.992
Generation: 4
fullpop2Test 1.000000 0.992000 4 100 500 10 0 0.002 0.074 0.24 0.424 0.628 0.804 0.91 0.956 0.98 0.992
Generation: 5
fullpop2Test 1.000000 0.998000 5 100 500 10 0 0.002 0.104 0.306 0.496 0.722 0.882 0.964 0.992 1 0.998
Generation: 6
fullpop2Test 1.000000 0.998000 6 100 500 10 0 0.002 0.108 0.312 0.498 0.728 0.888 0.954 0.988 0.99 0.998
Generation: 7
fullpop2Test 1.000000 1.000000 7 100 500 10 0 0.002 0.092 0.304 0.504 0.732 0.908 0.968 0.99 0.998 1
fullpop2Test 1.000000 1.000000 8 100 500 10 0 0.002 0.098 0.3 0.506 0.73 0.878 0.97 0.992 0.996 1
Generation: 0
fullpop2Test 1.000000 0.966000 0 100 500 10 0 0.002 0.092 0.236 0.41 0.59 0.73 0.848 0.91 0.956 0.966
Generation: 1
fullpop2Test 1.000000 0.980000 1 100 500 10 0 0.002 0.094 0.26 0.424 0.63 0.794 0.906 0.96 0.982 0.98
Generation: 2
fullpop2Test 1.000000 0.980000 2 100 500 10 0 0.002 0.07 0.248 0.434 0.624 0.796 0.888 0.944 0.97 0.98
Generation: 3
fullpop2Test 1.000000 0.992000 3 100 500 10 0 0.002 0.082 0.254 0.432 0.622 0.792 0.894 0.95 0.976 0.992
Generation: 4
fullpop2Test 1.000000 0.992000 4 100 500 10 0 0.002 0.094 0.266 0.462 0.658 0.792 0.9 0.966 0.99 0.992
Generation: 5
fullpop2Test 1.000000 0.992000 5 100 500 10 0 0.002 0.084 0.248 0.438 0.662 0.81 0.922 0.966 0.988 0.992
Generation: 6
fullpop2Test 1.000000 0.998000 6 100 500 10 0 0.002 0.102 0.298 0.47 0.698 0.846 0.934 0.97 0.992 0.998
Generation: 7
fullpop2Test 1.000000 1.000000 7 100 500 10 0 0.002 0.102 0.312 0.508 0.732 0.896 0.958 0.978 0.988 1
fullpop2Test 1.000000 1.000000 8 100 500 10 0 0.002 0.086 0.27 0.486 0.696 0.868 0.962 0.988 0.994 1
Generation: 0
fullpop2Test 1.000000 0.950000 0 100 500 10 0 0.002 0.084 0.228 0.378 0.588 0.734 0.838 0.902 0.942 0.95
Generation: 1
fullpop2Test 1.000000 0.962000 1 100 500 10 0 0.002 0.082 0.226 0.4 0.564 0.73 0.82 0.886 0.918 0.962
Generation: 2
fullpop2Test 1.000000 0.962000 2 100 500 10 0 0.002 0.078 0.208 0.362 0.55 0.712 0.806 0.884 0.934 0.962
Generation: 3
fullpop2Test 1.000000 0.986000 3 100 500 10 0 0 0.07 0.234 0.388 0.594 0.776 0.89 0.958 0.978 0.986
Generation: 4
fullpop2Test 1.000000 0.986000 4 100 500 10 0 0.002 0.068 0.24 0.408 0.608 0.774 0.868 0.926 0.966 0.986
Generation: 5
fullpop2Test 1.000000 0.994000 5 100 500 10 0 0 0.094 0.262 0.454 0.682 0.852 0.922 0.958 0.98 0.994
Generation: 6
fullpop2Test 1.000000 0.998000 6 100 500 10 0 0.002 0.104 0.31 0.488 0.68 0.848 0.948 0.97 0.982 0.998
Generation: 7
fullpop2Test 1.000000 0.998000 7 100 500 10 0 0.002 0.108 0.334 0.494 0.714 0.874 0.954 0.988 0.99 0.998
Generation: 8
fullpop2Test 1.000000 1.000000 8 100 500 10 0 0.002 0.108 0.308 0.49 0.706 0.878 0.95 0.984 0.99 1
fullpop2Test 1.000000 1.000000 9 100 500 10 0 0.002 0.106 0.278 0.458 0.686 0.856 0.948 0.986 0.996 1
Generation: 0
fullpop2Test 1.000000 0.956000 0 100 500 10 0 0 0.068 0.212 0.378 0.576 0.734 0.84 0.9 0.938 0.956
Generation: 1
fullpop2Test 1.000000 0.994000 1 100 500 10 0 0.002 0.082 0.266 0.416 0.618 0.764 0.89 0.956 0.982 0.994
Generation: 2
fullpop2Test 1.000000 0.994000 2 100 500 10 0 0.002 0.086 0.262 0.41 0.636 0.806 0.908 0.97 0.982 0.994
Generation: 3
fullpop2Test 1.000000 0.994000 3 100 500 10 0 0.002 0.092 0.246 0.43 0.65 0.806 0.904 0.954 0.986 0.994
Generation: 4
fullpop2Test 1.000000 0.998000 4 100 500 10 0 0.002 0.092 0.278 0.49 0.688 0.84 0.934 0.968 0.99 0.998
Generation: 5
fullpop2Test 1.000000 0.998000 5 100 500 10 0 0.002 0.102 0.286 0.476 0.664 0.834 0.934 0.982 0.992 0.998
Generation: 6
fullpop2Test 1.000000 0.998000 6 100 500 10 0 0.002 0.108 0.306 0.484 0.71 0.854 0.934 0.978 0.988 0.998
Generation: 7
fullpop2Test 1.000000 1.000000 7 100 500 10 0 0.002 0.09 0.296 0.492 0.738 0.896 0.958 0.984 0.998 1
fullpop2Test 1.000000 1.000000 8 100 500 10 0 0.002 0.106 0.306 0.48 0.704 0.854 0.942 0.986 1 1
Generation: 0
fullpop2Test 1.000000 0.964000 0 100 500 10 0 0.002 0.086 0.248 0.386 0.588 0.748 0.842 0.908 0.948 0.964
Generation: 1
fullpop2Test 1.000000 0.974000 1 100 500 10 0 0.002 0.07 0.238 0.406 0.6 0.754 0.866 0.918 0.956 0.974
Generation: 2
fullpop2Test 1.000000 0.982000 2 100 500 10 0 0 0.064 0.216 0.408 0.602 0.774 0.886 0.932 0.972 0.982
Generation: 3
fullpop2Test 1.000000 0.996000 3 100 500 10 0 0.002 0.096 0.28 0.46 0.69 0.852 0.948 0.982 0.998 0.996
Generation: 4
fullpop2Test 1.000000 0.996000 4 100 500 10 0 0.002 0.112 0.306 0.486 0.708 0.866 0.942 0.968 0.98 0.996
Generation: 5
fullpop2Test 1.000000 0.996000 5 100 500 10 0 0.002 0.096 0.286 0.484 0.698 0.862 0.956 0.992 0.998 0.996
Generation: 6
fullpop2Test 1.000000 0.998000 6 100 500 10 0 0.002 0.094 0.282 0.47 0.69 0.862 0.94 0.984 0.998 0.998
Generation: 7
fullpop2Test 1.000000 0.998000 7 100 500 10 0 0.002 0.072 0.27 0.456 0.682 0.84 0.934 0.982 0.992 0.998
Generation: 8
fullpop2Test 1.000000 0.998000 8 100 500 10 0 0.002 0.104 0.284 0.466 0.706 0.842 0.928 0.976 0.988 0.998
Generation: 9
fullpop2Test 1.000000 0.998000 9 100 500 10 0 0.002 0.104 0.292 0.496 0.7 0.852 0.946 0.978 0.994 0.998
Generation: 10
fullpop2Test 1.000000 1.000000 10 100 500 10 0 0.002 0.096 0.304 0.494 0.74 0.892 0.964 0.99 0.992 1
fullpop2Test 1.000000 1.000000 11 100 500 10 0 0.002 0.1 0.28 0.466 0.71 0.856 0.94 0.978 0.994 1
Generation: 0
fullpop2Test 1.000000 0.970000 0 100 500 10 0 0.002 0.072 0.216 0.356 0.586 0.756 0.85 0.914 0.946 0.97
Generation: 1
fullpop2Test 1.000000 0.974000 1 100 500 10 0 0.002 0.064 0.184 0.366 0.588 0.754 0.858 0.926 0.962 0.974
Generation: 2
fullpop2Test 1.000000 0.988000 2 100 500 10 0 0.002 0.092 0.26 0.42 0.634 0.814 0.912 0.962 0.986 0.988
Generation: 3
fullpop2Test 1.000000 0.990000 3 100 500 10 0 0 0.084 0.244 0.432 0.64 0.806 0.908 0.966 0.986 0.99
Generation: 4
fullpop2Test 1.000000 0.998000 4 100 500 10 0 0.002 0.052 0.228 0.402 0.622 0.776 0.884 0.95 0.98 0.998
Generation: 5
fullpop2Test 1.000000 0.998000 5 100 500 10 0 0.002 0.08 0.244 0.424 0.646 0.818 0.914 0.964 0.974 0.998
Generation: 6
fullpop2Test 1.000000 0.998000 6 100 500 10 0 0.002 0.084 0.236 0.442 0.648 0.802 0.9 0.962 0.986 0.998
Generation: 7
fullpop2Test 1.000000 0.998000 7 100 500 10 0 0 0.08 0.236 0.416 0.634 0.806 0.898 0.954 0.986 0.998
Generation: 8
fullpop2Test 1.000000 1.000000 8 100 500 10 0 0.002 0.11 0.3 0.496 0.706 0.864 0.942 0.982 0.992 1
fullpop2Test 1.000000 1.000000 9 100 500 10 0 0.002 0.11 0.314 0.508 0.716 0.868 0.95 0.99 0.994 1
Generation: 0
fullpop2Test 1.000000 0.954000 0 100 500 10 0 0 0.094 0.22 0.39 0.58 0.75 0.876 0.91 0.948 0.954
Generation: 1
fullpop2Test 1.000000 0.978000 1 100 500 10 0 0.002 0.074 0.208 0.368 0.544 0.716 0.846 0.898 0.932 0.978
Generation: 2
fullpop2Test 1.000000 0.978000 2 100 500 10 0 0.002 0.078 0.218 0.364 0.546 0.714 0.836 0.908 0.95 0.978
Generation: 3
fullpop2Test 1.000000 0.992000 3 100 500 10 0 0.002 0.076 0.222 0.41 0.614 0.772 0.876 0.944 0.972 0.992
Generation: 4
fullpop2Test 1.000000 0.992000 4 100 500 10 0 0.002 0.078 0.198 0.38 0.572 0.73 0.862 0.94 0.974 0.992
Generation: 5
fullpop2Test 1.000000 0.992000 5 100 500 10 0 0 0.072 0.214 0.388 0.578 0.764 0.884 0.952 0.98 0.992
Generation: 6
fullpop2Test 1.000000 0.994000 6 100 500 10 0 0.002 0.092 0.25 0.432 0.65 0.834 0.936 0.976 0.992 0.994
Generation: 7
fullpop2Test 1.000000 0.998000 7 100 500 10 0 0.002 0.098 0.254 0.428 0.618 0.768 0.884 0.966 0.992 0.998
Generation: 8
fullpop2Test 1.000000 0.998000 8 100 500 10 0 0.002 0.07 0.216 0.398 0.606 0.752 0.888 0.95 0.982 0.998
Generation: 9
fullpop2Test 1.000000 0.998000 9 100 500 10 0 0 0.098 0.27 0.43 0.62 0.796 0.9 0.966 0.984 0.998
Generation: 10
fullpop2Test 1.000000 1.000000 10 100 500 10 0 0.002 0.094 0.276 0.474 0.692 0.846 0.952 0.988 0.998 1
fullpop2Test 1.000000 1.000000 11 100 500 10 0 0.002 0.114 0.294 0.49 0.688 0.87 0.96 0.99 0.998 1
Generation: 0
fullpop2Test 1.000000 0.970000 0 100 500 10 0 0 0.084 0.222 0.376 0.57 0.7 0.808 0.882 0.942 0.97
Generation: 1
fullpop2Test 1.000000 0.972000 1 100 500 10 0 0.002 0.106 0.25 0.412 0.608 0.768 0.85 0.938 0.972 0.972
Generation: 2
fullpop2Test 1.000000 0.976000 2 100 500 10 0 0 0.09 0.228 0.418 0.646 0.806 0.892 0.95 0.968 0.976
Generation: 3
fullpop2Test 1.000000 0.990000 3 100 500 10 0 0.002 0.1 0.282 0.462 0.676 0.826 0.918 0.968 0.988 0.99
Generation: 4
fullpop2Test 1.000000 0.994000 4 100 500 10 0 0.004 0.114 0.314 0.506 0.744 0.906 0.972 0.992 0.998 0.994
Generation: 5
fullpop2Test 1.000000 0.996000 5 100 500 10 0 0.002 0.098 0.228 0.422 0.652 0.816 0.896 0.964 0.98 0.996
Generation: 6
fullpop2Test 1.000000 0.998000 6 100 500 10 0 0 0.08 0.23 0.428 0.666 0.85 0.942 0.98 0.99 0.998
Generation: 7
fullpop2Test 1.000000 0.998000 7 100 500 10 0 0.002 0.09 0.262 0.444 0.654 0.808 0.918 0.974 0.986 0.998
Generation: 8
fullpop2Test 1.000000 0.998000 8 100 500 10 0 0.002 0.098 0.274 0.44 0.634 0.796 0.912 0.972 0.986 0.998
Generation: 9
fullpop2Test 1.000000 1.000000 9 100 500 10 0 0.002 0.092 0.292 0.47 0.704 0.852 0.942 0.982 0.996 1
fullpop2Test 1.000000 1.000000 10 100 500 10 0 0.002 0.102 0.31 0.502 0.708 0.856 0.944 0.98 0.986 1
Generation: 0
fullpop2Test 1.000000 0.968000 0 100 500 10 0 0.002 0.084 0.234 0.39 0.588 0.734 0.844 0.908 0.948 0.968
Generation: 1
fullpop2Test 1.000000 0.976000 1 100 500 10 0 0.002 0.086 0.23 0.396 0.594 0.748 0.87 0.93 0.972 0.976
Generation: 2
fullpop2Test 1.000000 0.990000 2 100 500 10 0 0.002 0.088 0.266 0.45 0.69 0.836 0.936 0.972 0.984 0.99
Generation: 3
fullpop2Test 1.000000 0.994000 3 100 500 10 0 0.002 0.114 0.296 0.492 0.718 0.886 0.958 0.984 0.992 0.994
Generation: 4
fullpop2Test 1.000000 1.000000 4 100 500 10 0 0.002 0.072 0.274 0.464 0.686 0.842 0.938 0.98 0.996 1
fullpop2Test 1.000000 1.000000 5 100 500 10 0 0.002 0.092 0.286 0.472 0.694 0.852 0.94 0.978 0.994 1
Generation: 0
fullpop2Test 1.000000 0.978000 0 100 500 10 0 0.002 0.088 0.27 0.438 0.64 0.798 0.884 0.95 0.98 0.978
Generation: 1
fullpop2Test 1.000000 0.982000 1 100 500 10 0 0.002 0.07 0.238 0.418 0.612 0.796 0.876 0.934 0.96 0.982
Generation: 2
fullpop2Test 1.000000 0.986000 2 100 500 10 0 0.002 0.1 0.258 0.428 0.634 0.772 0.87 0.934 0.96 0.986
Generation: 3
fullpop2Test 1.000000 0.990000 3 100 500 10 0 0.002 0.084 0.252 0.452 0.656 0.812 0.908 0.956 0.972 0.99
Generation: 4
fullpop2Test 1.000000 0.992000 4 100 500 10 0 0.002 0.068 0.218 0.39 0.59 0.762 0.878 0.932 0.966 0.992
Generation: 5
fullpop2Test 1.000000 0.994000 5 100 500 10 0 0.002 0.072 0.242 0.43 0.656 0.814 0.924 0.98 0.99 0.994
Generation: 6
fullpop2Test 1.000000 1.000000 6 100 500 10 0 0.002 0.1 0.266 0.436 0.654 0.8 0.904 0.962 0.992 1
fullpop2Test 1.000000 1.000000 7 100 500 10 0 0.002 0.092 0.26 0.444 0.672 0.828 0.93 0.978 0.988 1
Generation: 0
fullpop2Test 1.000000 0.966000 0 100 500 10 0 0 0.056 0.22 0.356 0.562 0.712 0.84 0.916 0.944 0.966
Generation: 1
fullpop2Test 1.000000 0.984000 1 100 500 10 0 0.002 0.084 0.272 0.434 0.64 0.796 0.894 0.954 0.986 0.984
Generation: 2
fullpop2Test 1.000000 0.992000 2 100 500 10 0 0 0.084 0.248 0.438 0.626 0.802 0.912 0.964 0.984 0.992
Generation: 3
fullpop2Test 1.000000 0.992000 3 100 500 10 0 0.002 0.094 0.256 0.43 0.634 0.792 0.884 0.948 0.968 0.992
Generation: 4
fullpop2Test 1.000000 0.992000 4 100 500 10 0 0.002 0.092 0.278 0.476 0.664 0.806 0.9 0.958 0.98 0.992
Generation: 5
fullpop2Test 1.000000 0.994000 5 100 500 10 0 0.002 0.08 0.248 0.454 0.646 0.814 0.908 0.956 0.976 0.994
Generation: 6
fullpop2Test 1.000000 0.998000 6 100 500 10 0 0.002 0.11 0.324 0.482 0.716 0.886 0.956 0.99 0.992 0.998
Generation: 7
fullpop2Test 1.000000 0.998000 7 100 500 10 0 0.002 0.106 0.304 0.468 0.714 0.89 0.966 0.984 0.996 0.998
Generation: 8
fullpop2Test 1.000000 0.998000 8 100 500 10 0 0.002 0.11 0.314 0.476 0.708 0.878 0.952 0.99 0.998 0.998
Generation: 9
fullpop2Test 1.000000 1.000000 9 100 500 10 0 0.002 0.112 0.312 0.486 0.708 0.886 0.956 0.99 0.996 1
fullpop2Test 1.000000 1.000000 10 100 500 10 0 0.002 0.11 0.314 0.5 0.718 0.87 0.944 0.984 0.996 1
Generation: 0
fullpop2Test 1.000000 0.960000 0 100 500 10 0 0.002 0.08 0.232 0.376 0.542 0.7 0.816 0.894 0.942 0.96
Generation: 1
fullpop2Test 1.000000 0.978000 1 100 500 10 0 0 0.058 0.202 0.36 0.56 0.736 0.848 0.932 0.966 0.978
Generation: 2
fullpop2Test 1.000000 0.992000 2 100 500 10 0 0.002 0.078 0.238 0.426 0.658 0.82 0.934 0.978 0.99 0.992
Generation: 3
fullpop2Test 1.000000 0.994000 3 100 500 10 0 0.002 0.084 0.254 0.46 0.678 0.832 0.93 0.986 0.994 0.994
Generation: 4
fullpop2Test 1.000000 1.000000 4 100 500 10 0 0.002 0.09 0.262 0.44 0.634 0.828 0.93 0.986 0.992 1
fullpop2Test 1.000000 1.000000 5 100 500 10 0 0.002 0.09 0.29 0.462 0.666 0.828 0.938 0.972 0.98 1
Generation: 0
fullpop2Test 1.000000 0.972000 0 100 500 10 0 0.002 0.086 0.24 0.404 0.63 0.8 0.9 0.942 0.972 0.972
Generation: 1
fullpop2Test 1.000000 0.998000 1 100 500 10 0 0 0.076 0.258 0.432 0.65 0.786 0.878 0.946 0.974 0.998
Generation: 2
fullpop2Test 1.000000 1.000000 2 100 500 10 0 0.002 0.088 0.276 0.482 0.702 0.868 0.934 0.978 0.994 1
fullpop2Test 1.000000 1.000000 3 100 500 10 0 0.002 0.104 0.3 0.492 0.71 0.878 0.944 0.99 0.992 1
Generation: 0
fullpop2Test 1.000000 0.966000 0 100 500 10 0 0.002 0.074 0.214 0.398 0.59 0.744 0.846 0.928 0.954 0.966
Generation: 1
fullpop2Test 1.000000 0.976000 1 100 500 10 0 0.002 0.078 0.224 0.386 0.576 0.728 0.846 0.924 0.958 0.976
Generation: 2
fullpop2Test 1.000000 0.980000 2 100 500 10 0 0 0.09 0.248 0.42 0.604 0.76 0.882 0.94 0.966 0.98
Generation: 3
fullpop2Test 1.000000 0.982000 3 100 500 10 0 0.002 0.098 0.234 0.376 0.586 0.748 0.868 0.93 0.97 0.982
Generation: 4
fullpop2Test 1.000000 0.986000 4 100 500 10 0 0.002 0.094 0.268 0.448 0.664 0.826 0.928 0.964 0.98 0.986
Generation: 5
fullpop2Test 1.000000 0.990000 5 100 500 10 0 0.002 0.096 0.286 0.448 0.66 0.826 0.928 0.97 0.986 0.99
Generation: 6
fullpop2Test 1.000000 1.000000 6 100 500 10 0 0.002 0.088 0.262 0.45 0.668 0.814 0.918 0.972 0.99 1
fullpop2Test 1.000000 1.000000 7 100 500 10 0 0.002 0.096 0.264 0.456 0.678 0.838 0.926 0.98 0.992 1
Generation: 0
fullpop2Test 1.000000 0.966000 0 100 500 10 0 0.002 0.072 0.216 0.37 0.55 0.718 0.824 0.904 0.942 0.966
Generation: 1
fullpop2Test 1.000000 0.966000 1 100 500 10 0 0.002 0.088 0.224 0.376 0.562 0.73 0.828 0.894 0.936 0.966
Generation: 2
fullpop2Test 1.000000 0.978000 2 100 500 10 0 0.002 0.102 0.282 0.46 0.658 0.804 0.89 0.94 0.964 0.978
Generation: 3
fullpop2Test 1.000000 0.990000 3 100 500 10 0 0.002 0.118 0.348 0.516 0.73 0.884 0.946 0.97 0.984 0.99
Generation: 4
fullpop2Test 1.000000 0.998000 4 100 500 10 0 0.002 0.118 0.358 0.524 0.744 0.894 0.962 0.978 0.986 0.998
Generation: 5
fullpop2Test 1.000000 0.998000 5 100 500 10 0 0.002 0.118 0.368 0.542 0.746 0.896 0.964 0.992 1 0.998
Generation: 6
fullpop2Test 1.000000 1.000000 6 100 500 10 0 0.002 0.12 0.374 0.528 0.758 0.906 0.968 0.992 0.998 1
fullpop2Test 1.000000 1.000000 7 100 500 10 0 0.002 0.112 0.358 0.52 0.748 0.9 0.958 0.984 0.994 1
Generation: 0
fullpop2Test 1.000000 0.968000 0 100 500 10 0 0.002 0.064 0.202 0.362 0.57 0.75 0.84 0.902 0.95 0.968
Generation: 1
fullpop2Test 1.000000 0.974000 1 100 500 10 0 0.002 0.068 0.222 0.378 0.582 0.718 0.854 0.904 0.938 0.974
Generation: 2
fullpop2Test 1.000000 0.980000 2 100 500 10 0 0.002 0.086 0.236 0.426 0.646 0.822 0.926 0.97 0.984 0.98
Generation: 3
fullpop2Test 1.000000 0.988000 3 100 500 10 0 0.002 0.11 0.282 0.458 0.67 0.838 0.918 0.96 0.98 0.988
Generation: 4
fullpop2Test 1.000000 0.994000 4 100 500 10 0 0 0.086 0.258 0.442 0.644 0.804 0.898 0.954 0.984 0.994
Generation: 5
fullpop2Test 1.000000 0.994000 5 100 500 10 0 0.002 0.088 0.246 0.446 0.652 0.792 0.88 0.938 0.976 0.994
Generation: 6
fullpop2Test 1.000000 1.000000 6 100 500 10 0 0.002 0.096 0.27 0.424 0.63 0.8 0.892 0.944 0.976 1
fullpop2Test 1.000000 1.000000 7 100 500 10 0 0.002 0.08 0.24 0.432 0.634 0.784 0.892 0.96 0.982 1
Generation: 0
fullpop2Test 1.000000 0.972000 0 100 500 10 0 0.002 0.076 0.21 0.382 0.574 0.728 0.85 0.922 0.952 0.972
Generation: 1
fullpop2Test 1.000000 0.972000 1 100 500 10 0 0.002 0.1 0.258 0.418 0.59 0.734 0.838 0.89 0.938 0.972
Generation: 2
fullpop2Test 1.000000 0.992000 2 100 500 10 0 0.002 0.092 0.264 0.458 0.652 0.818 0.938 0.976 0.992 0.992
Generation: 3
fullpop2Test 1.000000 0.994000 3 100 500 10 0 0.002 0.07 0.25 0.432 0.628 0.782 0.888 0.954 0.988 0.994
Generation: 4
fullpop2Test 1.000000 0.998000 4 100 500 10 0 0.002 0.11 0.302 0.478 0.68 0.846 0.932 0.978 0.992 0.998
Generation: 5
fullpop2Test 1.000000 1.000000 5 100 500 10 0 0.002 0.12 0.338 0.534 0.732 0.902 0.972 0.994 1 1
fullpop2Test 1.000000 1.000000 6 100 500 10 0 0.002 0.114 0.324 0.528 0.762 0.902 0.964 0.98 0.988 1
Generation: 0
fullpop2Test 1.000000 0.954000 0 100 500 10 0 0 0.068 0.198 0.378 0.564 0.73 0.832 0.896 0.936 0.954
Generation: 1
fullpop2Test 1.000000 0.960000 1 100 500 10 0 0 0.08 0.218 0.388 0.598 0.75 0.862 0.904 0.938 0.96
Generation: 2
fullpop2Test 1.000000 0.968000 2 100 500 10 0 0.002 0.082 0.21 0.38 0.534 0.696 0.826 0.898 0.94 0.968
Generation: 3
fullpop2Test 1.000000 0.980000 3 100 500 10 0 0.002 0.09 0.238 0.434 0.632 0.818 0.912 0.96 0.988 0.98
Generation: 4
fullpop2Test 1.000000 0.990000 4 100 500 10 0 0.002 0.088 0.238 0.436 0.622 0.796 0.9 0.95 0.978 0.99
Generation: 5
fullpop2Test 1.000000 0.990000 5 100 500 10 0 0.002 0.078 0.23 0.414 0.616 0.79 0.892 0.932 0.968 0.99
Generation: 6
fullpop2Test 1.000000 0.990000 6 100 500 10 0 0.002 0.078 0.224 0.396 0.608 0.776 0.906 0.956 0.98 0.99
Generation: 7
fullpop2Test 1.000000 0.994000 7 100 500 10 0 0.002 0.088 0.252 0.432 0.636 0.794 0.908 0.964 0.988 0.994
Generation: 8
fullpop2Test 1.000000 0.998000 8 100 500 10 0 0.002 0.078 0.246 0.468 0.694 0.856 0.932 0.978 0.994 0.998
Generation: 9
fullpop2Test 1.000000 0.998000 9 100 500 10 0 0.002 0.098 0.256 0.488 0.704 0.838 0.91 0.954 0.982 0.998
Generation: 10
fullpop2Test 1.000000 1.000000 10 100 500 10 0 0.002 0.108 0.3 0.486 0.68 0.846 0.948 0.988 0.996 1
fullpop2Test 1.000000 1.000000 11 100 500 10 0 0.002 0.112 0.296 0.466 0.674 0.842 0.934 0.976 0.996 1
Generation: 0
fullpop2Test 1.000000 0.964000 0 100 500 10 0 0.002 0.082 0.218 0.384 0.57 0.728 0.84 0.924 0.954 0.964
Generation: 1
fullpop2Test 1.000000 0.974000 1 100 500 10 0 0.002 0.066 0.242 0.414 0.6 0.748 0.856 0.93 0.98 0.974
Generation: 2
fullpop2Test 1.000000 0.976000 2 100 500 10 0 0.002 0.098 0.276 0.444 0.654 0.82 0.902 0.952 0.974 0.976
Generation: 3
fullpop2Test 1.000000 0.982000 3 100 500 10 0 0.002 0.072 0.238 0.422 0.614 0.772 0.88 0.952 0.982 0.982
Generation: 4
fullpop2Test 1.000000 0.990000 4 100 500 10 0 0.002 0.094 0.258 0.428 0.636 0.804 0.9 0.956 0.98 0.99
Generation: 5
fullpop2Test 1.000000 0.994000 5 100 500 10 0 0.002 0.098 0.276 0.438 0.652 0.822 0.914 0.978 0.992 0.994
Generation: 6
fullpop2Test 1.000000 0.996000 6 100 500 10 0 0.002 0.102 0.28 0.47 0.726 0.876 0.962 0.978 0.986 0.996
Generation: 7
fullpop2Test 1.000000 0.998000 7 100 500 10 0 0.002 0.096 0.284 0.474 0.706 0.858 0.954 0.986 0.994 0.998
Generation: 8
fullpop2Test 1.000000 0.998000 8 100 500 10 0 0.002 0.108 0.286 0.48 0.706 0.862 0.948 0.982 0.992 0.998
Generation: 9
fullpop2Test 1.000000 1.000000 9 100 500 10 0 0.002 0.102 0.288 0.466 0.66 0.834 0.942 0.984 0.992 1
fullpop2Test 1.000000 1.000000 10 100 500 10 0 0.002 0.11 0.32 0.514 0.73 0.88 0.952 0.992 0.996 1
Generation: 0
fullpop2Test 1.000000 0.962000 0 100 500 10 0 0 0.08 0.208 0.37 0.554 0.72 0.816 0.914 0.952 0.962
Generation: 1
fullpop2Test 1.000000 0.964000 1 100 500 10 0 0.002 0.064 0.2 0.382 0.576 0.748 0.858 0.924 0.96 0.964
Generation: 2
fullpop2Test 1.000000 0.980000 2 100 500 10 0 0.002 0.1 0.25 0.448 0.654 0.808 0.896 0.966 0.982 0.98
Generation: 3
fullpop2Test 1.000000 0.982000 3 100 500 10 0 0.002 0.092 0.242 0.432 0.646 0.816 0.9 0.954 0.974 0.982
Generation: 4
fullpop2Test 1.000000 0.994000 4 100 500 10 0 0.002 0.086 0.248 0.434 0.678 0.824 0.924 0.976 0.99 0.994
Generation: 5
fullpop2Test 1.000000 0.994000 5 100 500 10 0 0.002 0.104 0.258 0.452 0.694 0.854 0.94 0.98 0.99 0.994
Generation: 6
fullpop2Test 1.000000 0.996000 6 100 500 10 0 0.002 0.1 0.272 0.458 0.668 0.826 0.918 0.974 0.986 0.996
Generation: 7
fullpop2Test 1.000000 0.996000 7 100 500 10 0 0.002 0.092 0.266 0.446 0.664 0.8 0.898 0.958 0.982 0.996
Generation: 8
fullpop2Test 1.000000 0.998000 8 100 500 10 0 0.002 0.116 0.318 0.48 0.706 0.86 0.956 0.984 0.996 0.998
Generation: 9
fullpop2Test 1.000000 1.000000 9 100 500 10 0 0.002 0.102 0.308 0.474 0.704 0.862 0.946 0.984 0.996 1
fullpop2Test 1.000000 1.000000 10 100 500 10 0 0.002 0.1 0.304 0.498 0.73 0.878 0.95 0.982 0.99 1
Generation: 0
fullpop2Test 1.000000 0.956000 0 100 500 10 0 0.002 0.086 0.252 0.4 0.6 0.722 0.818 0.906 0.934 0.956
Generation: 1
fullpop2Test 1.000000 0.980000 1 100 500 10 0 0.002 0.104 0.282 0.48 0.654 0.808 0.896 0.954 0.986 0.98
Generation: 2
fullpop2Test 1.000000 0.992000 2 100 500 10 0 0.002 0.098 0.268 0.47 0.692 0.846 0.93 0.964 0.982 0.992
Generation: 3
fullpop2Test 1.000000 0.996000 3 100 500 10 0 0.002 0.09 0.286 0.46 0.67 0.82 0.922 0.958 0.984 0.996
Generation: 4
fullpop2Test 1.000000 0.998000 4 100 500 10 0 0.002 0.088 0.256 0.45 0.67 0.824 0.922 0.972 0.984 0.998
Generation: 5
fullpop2Test 1.000000 0.998000 5 100 500 10 0 0.002 0.078 0.266 0.452 0.668 0.83 0.908 0.962 0.984 0.998
Generation: 6
fullpop2Test 1.000000 1.000000 6 100 500 10 0 0.002 0.11 0.294 0.506 0.722 0.864 0.934 0.986 0.99 1
fullpop2Test 1.000000 1.000000 7 100 500 10 0 0.002 0.112 0.298 0.474 0.704 0.862 0.966 0.992 0.994 1
Generation: 0
fullpop2Test 1.000000 0.956000 0 100 500 10 0 0.002 0.058 0.198 0.364 0.592 0.738 0.842 0.91 0.95 0.956
Generation: 1
fullpop2Test 1.000000 0.968000 1 100 500 10 0 0 0.074 0.226 0.404 0.624 0.766 0.872 0.916 0.954 0.968
Generation: 2
fullpop2Test 1.000000 0.974000 2 100 500 10 0 0 0.086 0.226 0.394 0.584 0.774 0.878 0.952 0.976 0.974
Generation: 3
fullpop2Test 1.000000 0.992000 3 100 500 10 0 0.002 0.106 0.292 0.482 0.716 0.858 0.94 0.98 0.99 0.992
Generation: 4
fullpop2Test 1.000000 0.992000 4 100 500 10 0 0.002 0.114 0.32 0.49 0.702 0.856 0.94 0.978 0.988 0.992
Generation: 5
fullpop2Test 1.000000 0.998000 5 100 500 10 0 0.002 0.094 0.266 0.456 0.666 0.834 0.924 0.976 0.99 0.998
Generation: 6
fullpop2Test 1.000000 0.998000 6 100 500 10 0 0.002 0.092 0.282 0.46 0.676 0.846 0.932 0.966 0.988 0.998
Generation: 7
fullpop2Test 1.000000 1.000000 7 100 500 10 0 0.002 0.09 0.27 0.472 0.698 0.856 0.944 0.988 0.996 1
fullpop2Test 1.000000 1.000000 8 100 500 10 0 0.002 0.09 0.276 0.472 0.7 0.856 0.956 0.986 1 1
Generation: 0
fullpop2Test 1.000000 0.964000 0 100 500 10 0 0.002 0.086 0.236 0.414 0.588 0.726 0.832 0.89 0.922 0.964
Generation: 1
fullpop2Test 1.000000 0.968000 1 100 500 10 0 0 0.07 0.226 0.39 0.57 0.712 0.832 0.89 0.938 0.968
Generation: 2
fullpop2Test 1.000000 0.974000 2 100 500 10 0 0.002 0.102 0.242 0.406 0.612 0.774 0.878 0.938 0.974 0.974
Generation: 3
fullpop2Test 1.000000 0.984000 3 100 500 10 0 0.002 0.06 0.224 0.438 0.626 0.778 0.902 0.962 0.988 0.984
Generation: 4
fullpop2Test 1.000000 0.994000 4 100 500 10 0 0.002 0.086 0.25 0.444 0.672 0.834 0.924 0.982 0.994 0.994
Generation: 5
fullpop2Test 1.000000 0.996000 5 100 500 10 0 0.002 0.094 0.298 0.486 0.706 0.866 0.95 0.98 0.992 0.996
Generation: 6
fullpop2Test 1.000000 0.996000 6 100 500 10 0 0.002 0.102 0.284 0.482 0.702 0.842 0.932 0.976 0.984 0.996
Generation: 7
fullpop2Test 1.000000 1.000000 7 100 500 10 0 0.002 0.1 0.322 0.524 0.748 0.916 0.968 0.992 0.998 1
fullpop2Test 1.000000 1.000000 8 100 500 10 0 0.002 0.104 0.314 0.508 0.736 0.926 0.982 0.992 1 1
Generation: 0
fullpop2Test 1.000000 0.976000 0 100 500 10 0 0.002 0.086 0.23 0.4 0.612 0.782 0.868 0.916 0.95 0.976
Generation: 1
fullpop2Test 1.000000 0.976000 1 100 500 10 0 0.002 0.084 0.232 0.374 0.576 0.75 0.848 0.916 0.966 0.976
Generation: 2
fullpop2Test 1.000000 0.976000 2 100 500 10 0 0 0.052 0.216 0.41 0.6 0.748 0.85 0.914 0.958 0.976
Generation: 3
fullpop2Test 1.000000 0.990000 3 100 500 10 0 0.002 0.092 0.234 0.43 0.616 0.772 0.892 0.946 0.978 0.99
Generation: 4
fullpop2Test 1.000000 0.998000 4 100 500 10 0 0.002 0.09 0.268 0.49 0.71 0.866 0.954 0.994 0.998 0.998
Generation: 5
fullpop2Test 1.000000 0.998000 5 100 500 10 0 0 0.082 0.266 0.45 0.686 0.846 0.934 0.982 0.994 0.998
Generation: 6
fullpop2Test 1.000000 0.998000 6 100 500 10 0 0.002 0.098 0.272 0.466 0.694 0.858 0.952 0.986 0.994 0.998
Generation: 7
fullpop2Test 1.000000 0.998000 7 100 500 10 0 0.002 0.088 0.278 0.472 0.71 0.868 0.936 0.97 0.994 0.998
Generation: 8
fullpop2Test 1.000000 1.000000 8 100 500 10 0 0 0.11 0.342 0.52 0.74 0.9 0.968 0.99 0.994 1
fullpop2Test 1.000000 1.000000 9 100 500 10 0 0.002 0.118 0.322 0.506 0.724 0.882 0.956 0.986 0.998 1
Generation: 0
fullpop2Test 1.000000 0.968000 0 100 500 10 0 0.002 0.074 0.238 0.404 0.602 0.75 0.86 0.924 0.964 0.968
Generation: 1
fullpop2Test 1.000000 0.984000 1 100 500 10 0 0.002 0.07 0.228 0.402 0.594 0.758 0.892 0.94 0.968 0.984
Generation: 2
fullpop2Test 1.000000 0.984000 2 100 500 10 0 0.002 0.08 0.222 0.398 0.606 0.762 0.892 0.956 0.98 0.984
Generation: 3
fullpop2Test 1.000000 0.984000 3 100 500 10 0 0.002 0.072 0.204 0.382 0.598 0.78 0.912 0.964 0.978 0.984
Generation: 4
fullpop2Test 1.000000 0.996000 4 100 500 10 0 0.002 0.11 0.31 0.472 0.666 0.826 0.924 0.972 0.988 0.996
Generation: 5
fullpop2Test 1.000000 0.998000 5 100 500 10 0 0.002 0.092 0.27 0.474 0.68 0.846 0.934 0.98 0.994 0.998
Generation: 6
fullpop2Test 1.000000 0.998000 6 100 500 10 0 0.002 0.102 0.29 0.464 0.696 0.844 0.946 0.976 0.99 0.998
Generation: 7
fullpop2Test 1.000000 0.998000 7 100 500 10 0 0.002 0.094 0.3 0.486 0.688 0.838 0.932 0.968 0.996 0.998
Generation: 8
fullpop2Test 1.000000 0.998000 8 100 500 10 0 0.002 0.094 0.28 0.462 0.676 0.85 0.928 0.966 0.986 0.998
Generation: 9
fullpop2Test 1.000000 1.000000 9 100 500 10 0 0.002 0.1 0.264 0.456 0.698 0.848 0.936 0.968 0.992 1
fullpop2Test 1.000000 1.000000 10 100 500 10 0 0.002 0.098 0.294 0.454 0.678 0.856 0.952 0.982 0.998 1
Generation: 0
fullpop2Test 1.000000 0.986000 0 100 500 10 0 0 0.09 0.256 0.436 0.662 0.82 0.914 0.966 0.99 0.986
Generation: 1
fullpop2Test 1.000000 0.986000 1 100 500 10 0 0.002 0.088 0.25 0.416 0.632 0.802 0.902 0.966 0.986 0.986
Generation: 2
fullpop2Test 1.000000 0.996000 2 100 500 10 0 0.002 0.09 0.242 0.422 0.636 0.816 0.928 0.968 0.992 0.996
Generation: 3
fullpop2Test 1.000000 0.996000 3 100 500 10 0 0.002 0.096 0.268 0.448 0.656 0.8 0.93 0.978 0.994 0.996
Generation: 4
fullpop2Test 1.000000 0.998000 4 100 500 10 0 0.002 0.078 0.276 0.492 0.688 0.85 0.93 0.976 0.992 0.998
Generation: 5
fullpop2Test 1.000000 0.998000 5 100 500 10 0 0.002 0.1 0.264 0.456 0.69 0.832 0.916 0.966 0.986 0.998
Generation: 6
fullpop2Test 1.000000 1.000000 6 100 500 10 0 0.002 0.108 0.322 0.514 0.744 0.89 0.968 0.984 0.996 1
fullpop2Test 1.000000 1.000000 7 100 500 10 0 0.002 0.094 0.292 0.498 0.718 0.884 0.96 0.99 0.994 1
Generation: 0
fullpop2Test 1.000000 0.956000 0 100 500 10 0 0.002 0.05 0.198 0.336 0.504 0.678 0.822 0.908 0.944 0.956
Generation: 1
fullpop2Test 1.000000 0.976000 1 100 500 10 0 0 0.064 0.21 0.39 0.598 0.752 0.846 0.9 0.934 0.976
Generation: 2
fullpop2Test 1.000000 0.976000 2 100 500 10 0 0.002 0.048 0.174 0.35 0.57 0.738 0.832 0.91 0.956 0.976
Generation: 3
fullpop2Test 1.000000 0.988000 3 100 500 10 0 0.002 0.086 0.248 0.422 0.612 0.772 0.892 0.96 0.984 0.988
Generation: 4
fullpop2Test 1.000000 0.992000 4 100 500 10 0 0.002 0.08 0.24 0.428 0.66 0.824 0.918 0.958 0.988 0.992
Generation: 5
fullpop2Test 1.000000 0.996000 5 100 500 10 0 0.002 0.086 0.272 0.462 0.696 0.846 0.928 0.976 0.996 0.996
Generation: 6
fullpop2Test 1.000000 0.998000 6 100 500 10 0 0.002 0.088 0.264 0.442 0.676 0.84 0.924 0.984 0.996 0.998
Generation: 7
fullpop2Test 1.000000 0.998000 7 100 500 10 0 0.002 0.096 0.278 0.452 0.664 0.838 0.936 0.98 0.994 0.998
Generation: 8
fullpop2Test 1.000000 1.000000 8 100 500 10 0 0.002 0.108 0.31 0.486 0.7 0.864 0.96 0.996 1 1
fullpop2Test 1.000000 1.000000 9 100 500 10 0 0.002 0.098 0.29 0.47 0.704 0.854 0.924 0.978 0.992 1
Generation: 0
fullpop2Test 1.000000 0.962000 0 100 500 10 0 0.002 0.08 0.238 0.396 0.586 0.728 0.834 0.916 0.954 0.962
Generation: 1
fullpop2Test 1.000000 0.968000 1 100 500 10 0 0.002 0.08 0.224 0.39 0.576 0.73 0.844 0.928 0.96 0.968
Generation: 2
fullpop2Test 1.000000 0.988000 2 100 500 10 0 0 0.09 0.252 0.422 0.616 0.802 0.908 0.952 0.98 0.988
Generation: 3
fullpop2Test 1.000000 0.988000 3 100 500 10 0 0.002 0.098 0.246 0.428 0.656 0.814 0.902 0.962 0.982 0.988
Generation: 4
fullpop2Test 1.000000 0.990000 4 100 500 10 0 0.002 0.078 0.256 0.422 0.632 0.804 0.894 0.946 0.97 0.99
Generation: 5
fullpop2Test 1.000000 0.990000 5 100 500 10 0 0 0.066 0.218 0.38 0.612 0.754 0.876 0.944 0.974 0.99
Generation: 6
fullpop2Test 1.000000 0.994000 6 100 500 10 0 0 0.108 0.306 0.48 0.694 0.828 0.928 0.964 0.98 0.994
Generation: 7
fullpop2Test 1.000000 0.994000 7 100 500 10 0 0 0.096 0.282 0.468 0.702 0.838 0.922 0.96 0.976 0.994
Generation: 8
fullpop2Test 1.000000 0.996000 8 100 500 10 0 0.002 0.102 0.306 0.474 0.678 0.824 0.92 0.962 0.98 0.996
Generation: 9
fullpop2Test 1.000000 0.998000 9 100 500 10 0 0.002 0.104 0.308 0.502 0.716 0.862 0.95 0.98 0.992 0.998
Generation: 10
fullpop2Test 1.000000 0.998000 10 100 500 10 0 0.002 0.108 0.282 0.494 0.722 0.886 0.958 0.982 0.99 0.998
Generation: 11
fullpop2Test 1.000000 0.998000 11 100 500 10 0 0.002 0.098 0.29 0.49 0.702 0.85 0.936 0.98 0.986 0.998
Generation: 12
fullpop2Test 1.000000 0.998000 12 100 500 10 0 0.002 0.09 0.254 0.444 0.682 0.828 0.926 0.966 0.982 0.998
Generation: 13
fullpop2Test 1.000000 1.000000 13 100 500 10 0 0.002 0.11 0.296 0.484 0.698 0.862 0.946 0.986 0.992 1
fullpop2Test 1.000000 1.000000 14 100 500 10 0 0.002 0.116 0.324 0.494 0.696 0.85 0.932 0.976 0.99 1
Generation: 0
fullpop2Test 1.000000 0.972000 0 100 500 10 0 0.002 0.102 0.256 0.416 0.618 0.784 0.882 0.932 0.956 0.972
Generation: 1
fullpop2Test 1.000000 0.982000 1 100 500 10 0 0.002 0.084 0.25 0.448 0.632 0.786 0.896 0.952 0.976 0.982
Generation: 2
fullpop2Test 1.000000 0.982000 2 100 500 10 0 0.002 0.076 0.23 0.4 0.628 0.794 0.904 0.96 0.988 0.982
Generation: 3
fullpop2Test 1.000000 0.996000 3 100 500 10 0 0.002 0.09 0.262 0.436 0.628 0.79 0.914 0.958 0.984 0.996
Generation: 4
fullpop2Test 1.000000 0.996000 4 100 500 10 0 0.004 0.104 0.258 0.45 0.658 0.824 0.92 0.966 0.986 0.996
Generation: 5
fullpop2Test 1.000000 0.996000 5 100 500 10 0 0.002 0.106 0.27 0.44 0.628 0.802 0.918 0.964 0.982 0.996
Generation: 6
fullpop2Test 1.000000 0.998000 6 100 500 10 0 0.002 0.108 0.304 0.514 0.74 0.886 0.974 1 0.998
Generation: 7
fullpop2Test 1.000000 0.998000 7 100 500 10 0 0.002 0.112 0.326 0.526 0.738 0.882 0.964 0.992 0.996 0.998
Generation: 8
fullpop2Test 1.000000 1.000000 8 100 500 10 0 0.002 0.09 0.264 0.468 0.68 0.85 0.948 0.978 0.986 1
fullpop2Test 1.000000 1.000000 9 100 500 10 0 0.002 0.094 0.276 0.474 0.696 0.86 0.944 0.982 0.986 1
Generation: 0
fullpop2Test 1.000000 0.956000 0 100 500 10 0 0.002 0.084 0.234 0.392 0.582 0.746 0.862 0.924 0.956 0.956
Generation: 1
fullpop2Test 1.000000 0.976000 1 100 500 10 0 0.002 0.06 0.198 0.394 0.594 0.736 0.852 0.922 0.964 0.976
Generation: 2
fullpop2Test 1.000000 0.986000 2 100 500 10 0 0.002 0.088 0.234 0.396 0.614 0.786 0.886 0.944 0.976 0.986
Generation: 3
fullpop2Test 1.000000 0.986000 3 100 500 10 0 0.002 0.082 0.222 0.394 0.602 0.752 0.87 0.928 0.964 0.986
Generation: 4
fullpop2Test 1.000000 0.990000 4 100 500 10 0 0.002 0.1 0.266 0.422 0.624 0.798 0.912 0.964 0.982 0.99
Generation: 5
fullpop2Test 1.000000 0.998000 5 100 500 10 0 0.002 0.1 0.272 0.444 0.646 0.792 0.898 0.956 0.98 0.998
Generation: 6
fullpop2Test 1.000000 0.998000 6 100 500 10 0 0.002 0.092 0.252 0.414 0.616 0.766 0.894 0.966 0.988 0.998
Generation: 7
fullpop2Test 1.000000 1.000000 7 100 500 10 0 0.002 0.11 0.302 0.48 0.682 0.838 0.916 0.966 0.986 1
fullpop2Test 1.000000 1.000000 8 100 500 10 0 0.002 0.112 0.31 0.492 0.728 0.85 0.934 0.98 0.996 1
Generation: 0
fullpop2Test 1.000000 0.962000 0 100 500 10 0 0.002 0.074 0.208 0.376 0.562 0.7 0.83 0.922 0.958 0.962
Generation: 1
fullpop2Test 1.000000 0.982000 1 100 500 10 0 0.002 0.076 0.238 0.418 0.614 0.76 0.86 0.926 0.958 0.982
Generation: 2
fullpop2Test 1.000000 0.986000 2 100 500 10 0 0.002 0.076 0.232 0.412 0.634 0.79 0.886 0.956 0.984 0.986
Generation: 3
fullpop2Test 1.000000 0.986000 3 100 500 10 0 0.002 0.092 0.246 0.422 0.622 0.788 0.892 0.954 0.974 0.986
Generation: 4
fullpop2Test 1.000000 0.986000 4 100 500 10 0 0.002 0.078 0.238 0.404 0.598 0.768 0.9 0.976 0.992 0.986
Generation: 5
fullpop2Test 1.000000 0.992000 5 100 500 10 0 0.002 0.092 0.276 0.472 0.668 0.826 0.926 0.966 0.982 0.992
Generation: 6
fullpop2Test 1.000000 0.994000 6 100 500 10 0 0 0.078 0.258 0.442 0.644 0.806 0.91 0.974 0.984 0.994
Generation: 7
fullpop2Test 1.000000 0.998000 7 100 500 10 0 0.002 0.108 0.284 0.462 0.67 0.826 0.914 0.958 0.988 0.998
Generation: 8
fullpop2Test 1.000000 1.000000 8 100 500 10 0 0.002 0.098 0.27 0.462 0.678 0.828 0.912 0.96 0.978 1
fullpop2Test 1.000000 1.000000 9 100 500 10 0 0.002 0.096 0.264 0.474 0.672 0.83 0.92 0.962 0.986 1
Generation: 0
fullpop2Test 1.000000 0.968000 0 100 500 10 0 0.002 0.098 0.278 0.468 0.662 0.806 0.906 0.964 0.98 0.968
Generation: 1
fullpop2Test 1.000000 0.978000 1 100 500 10 0 0.002 0.092 0.25 0.448 0.642 0.814 0.906 0.956 0.978 0.978
Generation: 2
fullpop2Test 1.000000 0.990000 2 100 500 10 0 0.002 0.102 0.308 0.464 0.68 0.834 0.924 0.976 0.986 0.99
Generation: 3
fullpop2Test 1.000000 0.990000 3 100 500 10 0 0.002 0.098 0.28 0.47 0.684 0.81 0.906 0.952 0.976 0.99
Generation: 4
fullpop2Test 1.000000 0.994000 4 100 500 10 0 0.002 0.104 0.306 0.478 0.71 0.86 0.926 0.974 0.988 0.994
Generation: 5
fullpop2Test 1.000000 0.994000 5 100 500 10 0 0.002 0.098 0.3 0.486 0.664 0.842 0.916 0.956 0.976 0.994
Generation: 6
fullpop2Test 1.000000 0.996000 6 100 500 10 0 0.002 0.104 0.286 0.46 0.672 0.832 0.908 0.948 0.972 0.996
Generation: 7
fullpop2Test 1.000000 1.000000 7 100 500 10 0 0.002 0.112 0.312 0.502 0.706 0.87 0.952 0.984 0.992 1
fullpop2Test 1.000000 1.000000 8 100 500 10 0 0.002 0.112 0.312 0.49 0.722 0.874 0.954 0.972 0.994 1
Generation: 0
fullpop2Test 1.000000 0.966000 0 100 500 10 0 0.002 0.076 0.222 0.4 0.59 0.742 0.87 0.924 0.956 0.966
Generation: 1
fullpop2Test 1.000000 0.988000 1 100 500 10 0 0.002 0.096 0.29 0.492 0.694 0.84 0.932 0.986 0.998 0.988
Generation: 2
fullpop2Test 1.000000 0.998000 2 100 500 10 0 0.002 0.096 0.272 0.45 0.674 0.854 0.954 0.982 0.988 0.998
Generation: 3
fullpop2Test 1.000000 0.998000 3 100 500 10 0 0.002 0.094 0.274 0.482 0.724 0.876 0.952 0.98 0.992 0.998
Generation: 4
fullpop2Test 1.000000 0.998000 4 100 500 10 0 0.002 0.114 0.3 0.502 0.714 0.868 0.944 0.982 0.994 0.998
Generation: 5
fullpop2Test 1.000000 1.000000 5 100 500 10 0 0.002 0.112 0.32 0.52 0.728 0.898 0.966 0.992 1 1
fullpop2Test 1.000000 1.000000 6 100 500 10 0 0.002 0.114 0.32 0.49 0.724 0.88 0.958 0.986 0.998 1
Generation: 0
fullpop2Test 1.000000 0.968000 0 100 500 10 0 0.004 0.094 0.222 0.404 0.596 0.78 0.88 0.938 0.968 0.968
Generation: 1
fullpop2Test 1.000000 0.968000 1 100 500 10 0 0.002 0.086 0.246 0.422 0.614 0.774 0.872 0.924 0.964 0.968
Generation: 2
fullpop2Test 1.000000 0.988000 2 100 500 10 0 0.002 0.092 0.278 0.468 0.642 0.798 0.902 0.94 0.976 0.988
Generation: 3
fullpop2Test 1.000000 0.988000 3 100 500 10 0 0.002 0.09 0.25 0.432 0.64 0.796 0.908 0.952 0.976 0.988
Generation: 4
fullpop2Test 1.000000 0.994000 4 100 500 10 0 0.002 0.094 0.29 0.466 0.702 0.85 0.936 0.974 0.986 0.994
Generation: 5
fullpop2Test 1.000000 0.996000 5 100 500 10 0 0.002 0.1 0.278 0.458 0.676 0.852 0.932 0.978 0.996 0.996
Generation: 6
fullpop2Test 1.000000 0.998000 6 100 500 10 0 0.002 0.118 0.308 0.506 0.746 0.902 0.964 0.992 0.996 0.998
Generation: 7
fullpop2Test 1.000000 0.998000 7 100 500 10 0 0.002 0.108 0.32 0.5 0.73 0.872 0.96 0.984 0.994 0.998
Generation: 8
fullpop2Test 1.000000 1.000000 8 100 500 10 0 0.002 0.102 0.282 0.496 0.732 0.886 0.954 0.992 0.996 1
fullpop2Test 1.000000 1.000000 9 100 500 10 0 0 0.108 0.306 0.504 0.734 0.878 0.944 0.984 0.996 1
Generation: 0
fullpop2Test 1.000000 0.972000 0 100 500 10 0 0 0.058 0.188 0.346 0.568 0.724 0.838 0.892 0.936 0.972
Generation: 1
fullpop2Test 1.000000 0.976000 1 100 500 10 0 0.002 0.084 0.222 0.39 0.588 0.732 0.846 0.91 0.952 0.976
Generation: 2
fullpop2Test 1.000000 0.976000 2 100 500 10 0 0.002 0.086 0.218 0.382 0.556 0.714 0.826 0.906 0.94 0.976
Generation: 3
fullpop2Test 1.000000 0.990000 3 100 500 10 0 0 0.08 0.246 0.426 0.638 0.822 0.916 0.958 0.984 0.99
Generation: 4
fullpop2Test 1.000000 0.992000 4 100 500 10 0 0.002 0.098 0.284 0.44 0.674 0.86 0.946 0.972 0.988 0.992
Generation: 5
fullpop2Test 1.000000 0.994000 5 100 500 10 0 0.002 0.084 0.266 0.45 0.682 0.848 0.94 0.97 0.984 0.994
Generation: 6
fullpop2Test 1.000000 0.998000 6 100 500 10 0 0.002 0.082 0.26 0.422 0.664 0.836 0.936 0.972 0.994 0.998
Generation: 7
fullpop2Test 1.000000 1.000000 7 100 500 10 0 0.002 0.11 0.306 0.494 0.722 0.892 0.964 0.988 0.996 1
fullpop2Test 1.000000 1.000000 8 100 500 10 0 0.002 0.11 0.306 0.476 0.712 0.874 0.946 0.986 0.996 1
Generation: 0
fullpop2Test 1.000000 0.968000 0 100 500 10 0 0.002 0.072 0.224 0.404 0.608 0.778 0.896 0.95 0.98 0.968
Generation: 1
fullpop2Test 1.000000 0.982000 1 100 500 10 0 0.002 0.084 0.252 0.446 0.654 0.8 0.916 0.966 0.982 0.982
Generation: 2
fullpop2Test 1.000000 0.984000 2 100 500 10 0 0.002 0.082 0.24 0.438 0.658 0.798 0.89 0.944 0.98 0.984
Generation: 3
fullpop2Test 1.000000 0.994000 3 100 500 10 0 0.002 0.09 0.284 0.472 0.684 0.826 0.908 0.966 0.982 0.994
Generation: 4
fullpop2Test 1.000000 0.994000 4 100 500 10 0 0.002 0.092 0.264 0.456 0.676 0.824 0.914 0.952 0.986 0.994
Generation: 5
fullpop2Test 1.000000 0.996000 5 100 500 10 0 0.002 0.102 0.284 0.464 0.682 0.848 0.924 0.966 0.978 0.996
Generation: 6
fullpop2Test 1.000000 0.996000 6 100 500 10 0 0.002 0.09 0.288 0.474 0.688 0.86 0.946 0.978 0.988 0.996
Generation: 7
fullpop2Test 1.000000 0.998000 7 100 500 10 0 0.002 0.076 0.264 0.442 0.67 0.81 0.92 0.968 0.986 0.998
Generation: 8
fullpop2Test 1.000000 0.998000 8 100 500 10 0 0.002 0.086 0.268 0.456 0.672 0.822 0.924 0.972 0.99 0.998
Generation: 9
fullpop2Test 1.000000 0.998000 9 100 500 10 0 0.002 0.064 0.238 0.43 0.65 0.81 0.904 0.96 0.978 0.998
Generation: 10
fullpop2Test 1.000000 0.998000 10 100 500 10 0 0.002 0.07 0.232 0.416 0.636 0.8 0.902 0.968 0.988 0.998
Generation: 11
fullpop2Test 1.000000 1.000000 11 100 500 10 0 0.002 0.112 0.308 0.49 0.7 0.874 0.95 0.982 0.994 1
fullpop2Test 1.000000 1.000000 12 100 500 10 0 0.002 0.1 0.296 0.5 0.738 0.884 0.964 0.99 0.998 1
Generation: 0
fullpop2Test 1.000000 0.962000 0 100 500 10 0 0.002 0.076 0.22 0.4 0.608 0.75 0.866 0.912 0.948 0.962
Generation: 1
fullpop2Test 1.000000 0.972000 1 100 500 10 0 0 0.078 0.242 0.436 0.622 0.776 0.87 0.932 0.97 0.972
Generation: 2
fullpop2Test 1.000000 0.982000 2 100 500 10 0 0.002 0.096 0.262 0.458 0.648 0.788 0.888 0.944 0.974 0.982
Generation: 3
fullpop2Test 1.000000 0.992000 3 100 500 10 0 0.002 0.108 0.302 0.462 0.684 0.842 0.928 0.964 0.986 0.992
Generation: 4
fullpop2Test 1.000000 0.996000 4 100 500 10 0 0.002 0.112 0.304 0.48 0.694 0.846 0.94 0.978 0.99 0.996
Generation: 5
fullpop2Test 1.000000 0.996000 5 100 500 10 0 0.002 0.102 0.308 0.484 0.706 0.858 0.932 0.968 0.974 0.996
Generation: 6
fullpop2Test 1.000000 0.996000 6 100 500 10 0 0.002 0.102 0.318 0.508 0.714 0.858 0.934 0.98 0.99 0.996
Generation: 7
fullpop2Test 1.000000 0.998000 7 100 500 10 0 0.002 0.096 0.258 0.444 0.684 0.824 0.944 0.986 0.992 0.998
Generation: 8
fullpop2Test 1.000000 1.000000 8 100 500 10 0 0.002 0.122 0.31 0.5 0.74 0.892 0.974 0.994 0.998 1
fullpop2Test 1.000000 1.000000 9 100 500 10 0 0.002 0.114 0.312 0.522 0.746 0.9 0.98 0.994 0.996 1
Generation: 0
fullpop2Test 1.000000 0.966000 0 100 500 10 0 0.002 0.072 0.212 0.36 0.558 0.73 0.838 0.908 0.944 0.966
Generation: 1
fullpop2Test 1.000000 0.986000 1 100 500 10 0 0.002 0.072 0.218 0.416 0.632 0.786 0.88 0.944 0.972 0.986
Generation: 2
fullpop2Test 1.000000 0.986000 2 100 500 10 0 0.002 0.084 0.232 0.398 0.62 0.768 0.858 0.914 0.956 0.986
Generation: 3
fullpop2Test 1.000000 0.988000 3 100 500 10 0 0.002 0.086 0.256 0.43 0.628 0.772 0.88 0.938 0.97 0.988
Generation: 4
fullpop2Test 1.000000 0.992000 4 100 500 10 0 0.002 0.066 0.238 0.438 0.656 0.794 0.898 0.946 0.974 0.992
Generation: 5
fullpop2Test 1.000000 0.992000 5 100 500 10 0 0.002 0.082 0.26 0.464 0.678 0.848 0.932 0.978 0.996 0.992
Generation: 6
fullpop2Test 1.000000 0.994000 6 100 500 10 0 0.002 0.082 0.256 0.444 0.674 0.828 0.924 0.962 0.982 0.994
Generation: 7
fullpop2Test 1.000000 0.994000 7 100 500 10 0 0.002 0.088 0.262 0.46 0.688 0.842 0.924 0.976 0.992 0.994
Generation: 8
fullpop2Test 1.000000 1.000000 8 100 500 10 0 0.002 0.092 0.286 0.486 0.714 0.874 0.946 0.988 0.998 1
fullpop2Test 1.000000 1.000000 9 100 500 10 0 0.002 0.08 0.264 0.476 0.686 0.878 0.958 0.978 0.99 1
Generation: 0
fullpop2Test 1.000000 0.960000 0 100 500 10 0 0.002 0.078 0.222 0.392 0.602 0.756 0.862 0.924 0.954 0.96
Generation: 1
fullpop2Test 1.000000 0.972000 1 100 500 10 0 0 0.062 0.21 0.4 0.584 0.722 0.828 0.896 0.948 0.972
Generation: 2
fullpop2Test 1.000000 0.992000 2 100 500 10 0 0.002 0.092 0.27 0.46 0.664 0.854 0.932 0.968 0.984 0.992
Generation: 3
fullpop2Test 1.000000 0.992000 3 100 500 10 0 0.002 0.1 0.276 0.468 0.678 0.838 0.944 0.974 0.99 0.992
Generation: 4
fullpop2Test 1.000000 0.992000 4 100 500 10 0 0.002 0.082 0.252 0.462 0.662 0.84 0.926 0.976 0.99 0.992
Generation: 5
fullpop2Test 1.000000 0.992000 5 100 500 10 0 0.002 0.092 0.278 0.466 0.684 0.86 0.95 0.976 0.988 0.992
Generation: 6
fullpop2Test 1.000000 0.994000 6 100 500 10 0 0.002 0.116 0.312 0.508 0.702 0.856 0.938 0.978 0.994 0.994
Generation: 7
fullpop2Test 1.000000 1.000000 7 100 500 10 0 0 0.1 0.276 0.47 0.67 0.838 0.93 0.986 1 1
fullpop2Test 1.000000 1.000000 8 100 500 10 0 0.002 0.092 0.27 0.458 0.668 0.854 0.944 0.984 0.996 1
Generation: 0
fullpop2Test 1.000000 0.974000 0 100 500 10 0 0.002 0.09 0.232 0.422 0.62 0.754 0.868 0.942 0.972 0.974
Generation: 1
fullpop2Test 1.000000 0.984000 1 100 500 10 0 0.002 0.068 0.224 0.396 0.598 0.772 0.882 0.93 0.962 0.984
Generation: 2
fullpop2Test 1.000000 0.992000 2 100 500 10 0 0.002 0.114 0.284 0.476 0.71 0.866 0.954 0.982 0.992 0.992
Generation: 3
fullpop2Test 1.000000 0.992000 3 100 500 10 0 0.002 0.118 0.318 0.5 0.714 0.884 0.96 0.992 0.996 0.992
Generation: 4
fullpop2Test 1.000000 1.000000 4 100 500 10 0 0.002 0.122 0.31 0.5 0.712 0.852 0.942 0.982 0.998 1
fullpop2Test 1.000000 1.000000 5 100 500 10 0 0.002 0.112 0.302 0.512 0.728 0.868 0.966 0.988 0.998 1
Generation: 0
fullpop2Test 1.000000 0.966000 0 100 500 10 0 0.002 0.07 0.226 0.414 0.586 0.756 0.874 0.932 0.962 0.966
Generation: 1
fullpop2Test 1.000000 0.972000 1 100 500 10 0 0.002 0.09 0.254 0.426 0.608 0.756 0.868 0.938 0.966 0.972
Generation: 2
fullpop2Test 1.000000 0.988000 2 100 500 10 0 0.002 0.086 0.272 0.462 0.682 0.85 0.946 0.98 0.988 0.988
Generation: 3
fullpop2Test 1.000000 0.992000 3 100 500 10 0 0.002 0.086 0.264 0.442 0.648 0.81 0.914 0.966 0.978 0.992
Generation: 4
fullpop2Test 1.000000 0.998000 4 100 500 10 0 0.002 0.076 0.248 0.438 0.658 0.824 0.926 0.978 0.994 0.998
Generation: 5
fullpop2Test 1.000000 0.998000 5 100 500 10 0 0.002 0.082 0.242 0.418 0.66 0.824 0.926 0.97 0.986 0.998
Generation: 6
fullpop2Test 1.000000 1.000000 6 100 500 10 0 0.002 0.118 0.304 0.506 0.734 0.88 0.956 0.986 0.998 1
fullpop2Test 1.000000 1.000000 7 100 500 10 0 0.002 0.114 0.304 0.51 0.726 0.884 0.966 0.99 0.992 1
Generation: 0
fullpop2Test 1.000000 0.976000 0 100 500 10 0 0 0.068 0.25 0.404 0.612 0.772 0.872 0.928 0.962 0.976
Generation: 1
fullpop2Test 1.000000 0.976000 1 100 500 10 0 0.002 0.076 0.228 0.402 0.606 0.784 0.876 0.938 0.97 0.976
Generation: 2
fullpop2Test 1.000000 0.994000 2 100 500 10 0 0.002 0.086 0.274 0.458 0.664 0.818 0.918 0.968 0.988 0.994
Generation: 3
fullpop2Test 1.000000 0.996000 3 100 500 10 0 0.002 0.094 0.272 0.476 0.704 0.852 0.932 0.972 0.992 0.996
Generation: 4
fullpop2Test 1.000000 0.996000 4 100 500 10 0 0.002 0.102 0.274 0.472 0.696 0.844 0.928 0.976 0.992 0.996
Generation: 5
fullpop2Test 1.000000 0.996000 5 100 500 10 0 0.002 0.104 0.272 0.48 0.69 0.828 0.92 0.97 0.986 0.996
Generation: 6
fullpop2Test 1.000000 1.000000 6 100 500 10 0 0.002 0.1 0.306 0.488 0.722 0.882 0.974 0.998 0.998 1
fullpop2Test 1.000000 1.000000 7 100 500 10 0 0.002 0.09 0.276 0.48 0.686 0.856 0.964 0.99 0.996 1
Generation: 0
fullpop2Test 1.000000 0.980000 0 100 500 10 0 0.002 0.074 0.244 0.416 0.624 0.778 0.878 0.942 0.972 0.98
Generation: 1
fullpop2Test 1.000000 0.984000 1 100 500 10 0 0.002 0.08 0.26 0.438 0.648 0.814 0.908 0.954 0.972 0.984
Generation: 2
fullpop2Test 1.000000 0.994000 2 100 500 10 0 0 0.082 0.266 0.454 0.63 0.792 0.906 0.954 0.976 0.994
Generation: 3
fullpop2Test 1.000000 0.996000 3 100 500 10 0 0.002 0.094 0.252 0.438 0.672 0.834 0.922 0.97 0.984 0.996
Generation: 4
fullpop2Test 1.000000 0.998000 4 100 500 10 0 0.002 0.086 0.278 0.478 0.69 0.846 0.932 0.98 0.992 0.998
Generation: 5
fullpop2Test 1.000000 0.998000 5 100 500 10 0 0.002 0.11 0.31 0.47 0.684 0.844 0.94 0.98 0.99 0.998
Generation: 6
fullpop2Test 1.000000 0.998000 6 100 500 10 0 0.002 0.104 0.278 0.482 0.672 0.818 0.93 0.966 0.98 0.998
Generation: 7
fullpop2Test 1.000000 1.000000 7 100 500 10 0 0.002 0.106 0.328 0.524 0.746 0.904 0.968 0.996 0.998 1
fullpop2Test 1.000000 1.000000 8 100 500 10 0 0.002 0.122 0.334 0.534 0.768 0.906 0.97 0.994 0.998 1
Generation: 0
fullpop2Test 1.000000 0.964000 0 100 500 10 0 0.002 0.062 0.214 0.378 0.576 0.718 0.842 0.904 0.948 0.964
Generation: 1
fullpop2Test 1.000000 0.968000 1 100 500 10 0 0.002 0.078 0.23 0.392 0.584 0.748 0.85 0.936 0.97 0.968
Generation: 2
fullpop2Test 1.000000 0.980000 2 100 500 10 0 0 0.086 0.25 0.432 0.652 0.81 0.898 0.95 0.976 0.98
Generation: 3
fullpop2Test 1.000000 0.990000 3 100 500 10 0 0.002 0.082 0.256 0.438 0.648 0.834 0.93 0.966 0.99 0.99
Generation: 4
fullpop2Test 1.000000 0.996000 4 100 500 10 0 0.002 0.088 0.274 0.448 0.646 0.806 0.9 0.962 0.98 0.996
Generation: 5
fullpop2Test 1.000000 0.996000 5 100 500 10 0 0.002 0.076 0.234 0.424 0.644 0.828 0.918 0.964 0.982 0.996
Generation: 6
fullpop2Test 1.000000 0.998000 6 100 500 10 0 0.002 0.1 0.286 0.466 0.682 0.838 0.924 0.972 0.986 0.998
Generation: 7
fullpop2Test 1.000000 0.998000 7 100 500 10 0 0.002 0.102 0.284 0.45 0.674 0.852 0.94 0.98 0.998 0.998
Generation: 8
fullpop2Test 1.000000 1.000000 8 100 500 10 0 0.002 0.08 0.262 0.444 0.68 0.834 0.918 0.972 0.994 1
fullpop2Test 1.000000 1.000000 9 100 500 10 0 0.002 0.076 0.262 0.44 0.672 0.82 0.928 0.974 0.988 1
Generation: 0
fullpop2Test 1.000000 0.964000 0 100 500 10 0 0 0.088 0.208 0.348 0.542 0.688 0.814 0.9 0.944 0.964
Generation: 1
fullpop2Test 1.000000 0.964000 1 100 500 10 0 0.002 0.066 0.188 0.362 0.554 0.714 0.838 0.904 0.934 0.964
Generation: 2
fullpop2Test 1.000000 0.974000 2 100 500 10 0 0.002 0.088 0.236 0.412 0.606 0.76 0.854 0.928 0.962 0.974
Generation: 3
fullpop2Test 1.000000 0.990000 3 100 500 10 0 0.002 0.086 0.282 0.444 0.632 0.798 0.902 0.964 0.986 0.99
Generation: 4
fullpop2Test 1.000000 0.990000 4 100 500 10 0 0.002 0.072 0.252 0.428 0.63 0.798 0.902 0.946 0.978 0.99
Generation: 5
fullpop2Test 1.000000 0.994000 5 100 500 10 0 0.002 0.08 0.242 0.422 0.608 0.762 0.894 0.956 0.988 0.994
Generation: 6
fullpop2Test 1.000000 0.996000 6 100 500 10 0 0 0.09 0.274 0.464 0.67 0.836 0.928 0.968 0.99 0.996
Generation: 7
fullpop2Test 1.000000 0.996000 7 100 500 10 0 0.002 0.09 0.272 0.458 0.682 0.826 0.928 0.97 0.996 0.996
Generation: 8
fullpop2Test 1.000000 1.000000 8 100 500 10 0 0.002 0.106 0.314 0.508 0.716 0.844 0.94 0.982 0.992 1
fullpop2Test 1.000000 1.000000 9 100 500 10 0 0.002 0.096 0.266 0.47 0.712 0.858 0.944 0.98 0.986 1
Generation: 0
fullpop2Test 1.000000 0.956000 0 100 500 10 0 0.002 0.088 0.24 0.388 0.606 0.748 0.85 0.914 0.948 0.956
Generation: 1
fullpop2Test 1.000000 0.964000 1 100 500 10 0 0.002 0.086 0.244 0.416 0.604 0.778 0.874 0.922 0.954 0.964
Generation: 2
fullpop2Test 1.000000 0.980000 2 100 500 10 0 0 0.08 0.25 0.412 0.63 0.808 0.914 0.96 0.972 0.98
Generation: 3
fullpop2Test 1.000000 0.988000 3 100 500 10 0 0 0.094 0.272 0.448 0.63 0.782 0.9 0.952 0.978 0.988
Generation: 4
fullpop2Test 1.000000 0.988000 4 100 500 10 0 0 0.082 0.244 0.416 0.64 0.806 0.914 0.97 0.982 0.988
Generation: 5
fullpop2Test 1.000000 0.994000 5 100 500 10 0 0 0.088 0.242 0.406 0.604 0.76 0.864 0.938 0.98 0.994
Generation: 6
fullpop2Test 1.000000 0.994000 6 100 500 10 0 0.002 0.092 0.21 0.414 0.602 0.764 0.884 0.956 0.986 0.994
Generation: 7
fullpop2Test 1.000000 0.996000 7 100 500 10 0 0.002 0.084 0.272 0.446 0.66 0.82 0.908 0.962 0.988 0.996
Generation: 8
fullpop2Test 1.000000 1.000000 8 100 500 10 0 0 0.092 0.262 0.446 0.678 0.826 0.944 0.982 0.996 1
fullpop2Test 1.000000 1.000000 9 100 500 10 0 0.002 0.108 0.29 0.462 0.674 0.856 0.94 0.98 0.994 1
Generation: 0
fullpop2Test 1.000000 0.992000 0 100 500 10 0 0.002 0.096 0.27 0.454 0.658 0.808 0.898 0.954 0.984 0.992
Generation: 1
fullpop2Test 1.000000 0.994000 1 100 500 10 0 0.002 0.082 0.268 0.45 0.672 0.82 0.922 0.966 0.986 0.994
Generation: 2
fullpop2Test 1.000000 0.994000 2 100 500 10 0 0.002 0.09 0.246 0.46 0.666 0.82 0.91 0.972 0.994 0.994
Generation: 3
fullpop2Test 1.000000 0.994000 3 100 500 10 0 0.002 0.098 0.272 0.434 0.67 0.85 0.936 0.982 0.988 0.994
Generation: 4
fullpop2Test 1.000000 0.994000 4 100 500 10 0 0 0.098 0.282 0.466 0.67 0.836 0.92 0.964 0.986 0.994
Generation: 5
fullpop2Test 1.000000 0.998000 5 100 500 10 0 0 0.094 0.254 0.43 0.646 0.818 0.908 0.962 0.974 0.998
Generation: 6
fullpop2Test 1.000000 0.998000 6 100 500 10 0 0.002 0.098 0.252 0.428 0.638 0.82 0.924 0.964 0.986 0.998
Generation: 7
fullpop2Test 1.000000 1.000000 7 100 500 10 0 0.002 0.1 0.292 0.456 0.694 0.858 0.944 0.982 0.996 1
fullpop2Test 1.000000 1.000000 8 100 500 10 0 0.002 0.108 0.298 0.454 0.666 0.83 0.918 0.962 0.986 1
Generation: 0
fullpop2Test 1.000000 0.964000 0 100 500 10 0 0.002 0.066 0.208 0.366 0.532 0.708 0.848 0.92 0.96 0.964
Generation: 1
fullpop2Test 1.000000 0.986000 1 100 500 10 0 0.002 0.1 0.282 0.486 0.698 0.856 0.934 0.974 0.99 0.986
Generation: 2
fullpop2Test 1.000000 0.988000 2 100 500 10 0 0.002 0.112 0.308 0.482 0.702 0.854 0.94 0.978 0.99 0.988
Generation: 3
fullpop2Test 1.000000 0.998000 3 100 500 10 0 0.002 0.092 0.286 0.468 0.704 0.844 0.938 0.978 0.988 0.998
Generation: 4
fullpop2Test 1.000000 0.998000 4 100 500 10 0 0.002 0.116 0.33 0.508 0.68 0.812 0.916 0.966 0.986 0.998
Generation: 5
fullpop2Test 1.000000 1.000000 5 100 500 10 0 0 0.09 0.306 0.486 0.72 0.858 0.946 0.988 0.994 1
fullpop2Test 1.000000 1.000000 6 100 500 10 0 0.002 0.094 0.264 0.436 0.674 0.836 0.932 0.974 0.992 1
Generation: 0
fullpop2Test 1.000000 0.976000 0 100 500 10 0 0 0.068 0.212 0.394 0.578 0.736 0.85 0.922 0.96 0.976
Generation: 1
fullpop2Test 1.000000 0.980000 1 100 500 10 0 0.002 0.098 0.266 0.444 0.654 0.8 0.9 0.966 0.988 0.98
Generation: 2
fullpop2Test 1.000000 0.980000 2 100 500 10 0 0.002 0.076 0.242 0.424 0.634 0.772 0.878 0.942 0.972 0.98
Generation: 3
fullpop2Test 1.000000 0.988000 3 100 500 10 0 0.002 0.066 0.214 0.398 0.598 0.764 0.888 0.948 0.974 0.988
Generation: 4
fullpop2Test 1.000000 0.988000 4 100 500 10 0 0.002 0.09 0.26 0.432 0.622 0.786 0.886 0.956 0.984 0.988
Generation: 5
fullpop2Test 1.000000 0.994000 5 100 500 10 0 0.002 0.094 0.266 0.444 0.658 0.812 0.92 0.964 0.986 0.994
Generation: 6
fullpop2Test 1.000000 0.996000 6 100 500 10 0 0 0.094 0.278 0.476 0.684 0.852 0.946 0.98 0.988 0.996
Generation: 7
fullpop2Test 1.000000 0.998000 7 100 500 10 0 0.002 0.068 0.222 0.416 0.644 0.8 0.92 0.97 0.994 0.998
Generation: 8
fullpop2Test 1.000000 0.998000 8 100 500 10 0 0.002 0.088 0.248 0.436 0.636 0.782 0.894 0.956 0.986 0.998
Generation: 9
fullpop2Test 1.000000 1.000000 9 100 500 10 0 0.002 0.076 0.246 0.464 0.672 0.818 0.926 0.97 0.988 1
fullpop2Test 1.000000 1.000000 10 100 500 10 0 0.002 0.09 0.258 0.45 0.672 0.856 0.934 0.976 0.988 1
Generation: 0
fullpop2Test 1.000000 0.954000 0 100 500 10 0 0 0.066 0.224 0.394 0.576 0.716 0.824 0.912 0.946 0.954
Generation: 1
fullpop2Test 1.000000 0.984000 1 100 500 10 0 0 0.088 0.236 0.384 0.574 0.746 0.866 0.932 0.972 0.984
Generation: 2
fullpop2Test 1.000000 0.984000 2 100 500 10 0 0.002 0.094 0.256 0.424 0.632 0.76 0.858 0.922 0.97 0.984
Generation: 3
fullpop2Test 1.000000 0.988000 3 100 500 10 0 0.002 0.11 0.314 0.512 0.71 0.846 0.936 0.964 0.984 0.988
Generation: 4
fullpop2Test 1.000000 0.990000 4 100 500 10 0 0.002 0.086 0.266 0.438 0.628 0.8 0.912 0.974 0.988 0.99
Generation: 5
fullpop2Test 1.000000 0.996000 5 100 500 10 0 0.002 0.088 0.27 0.446 0.69 0.844 0.94 0.982 0.994 0.996
Generation: 6
fullpop2Test 1.000000 1.000000 6 100 500 10 0 0.002 0.122 0.322 0.506 0.736 0.854 0.938 0.972 0.984 1
fullpop2Test 1.000000 1.000000 7 100 500 10 0 0.002 0.094 0.308 0.49 0.694 0.83 0.916 0.962 0.982 1
Generation: 0
fullpop2Test 1.000000 0.952000 0 100 500 10 0 0 0.072 0.198 0.362 0.584 0.754 0.862 0.928 0.97 0.952
Generation: 1
fullpop2Test 1.000000 0.982000 1 100 500 10 0 0.002 0.106 0.244 0.43 0.628 0.788 0.878 0.948 0.976 0.982
Generation: 2
fullpop2Test 1.000000 0.984000 2 100 500 10 0 0 0.066 0.236 0.418 0.628 0.742 0.86 0.928 0.962 0.984
Generation: 3
fullpop2Test 1.000000 0.990000 3 100 500 10 0 0.002 0.118 0.34 0.526 0.712 0.846 0.918 0.96 0.974 0.99
Generation: 4
fullpop2Test 1.000000 0.996000 4 100 500 10 0 0.002 0.108 0.31 0.5 0.716 0.862 0.932 0.972 0.992 0.996
Generation: 5
fullpop2Test 1.000000 0.996000 5 100 500 10 0 0.002 0.108 0.316 0.496 0.704 0.856 0.938 0.966 0.978 0.996
Generation: 6
fullpop2Test 1.000000 0.998000 6 100 500 10 0 0.002 0.112 0.328 0.502 0.726 0.876 0.946 0.968 0.978 0.998
Generation: 7
fullpop2Test 1.000000 1.000000 7 100 500 10 0 0.002 0.12 0.326 0.498 0.716 0.866 0.936 0.982 0.994 1
fullpop2Test 1.000000 1.000000 8 100 500 10 0 0.002 0.112 0.322 0.506 0.716 0.864 0.948 0.974 0.984 1
Generation: 0
fullpop2Test 1.000000 0.960000 0 100 500 10 0 0.002 0.074 0.224 0.398 0.59 0.748 0.86 0.93 0.962 0.96
Generation: 1
fullpop2Test 1.000000 0.974000 1 100 500 10 0 0 0.07 0.236 0.406 0.62 0.768 0.886 0.94 0.97 0.974
Generation: 2
fullpop2Test 1.000000 0.978000 2 100 500 10 0 0.002 0.06 0.234 0.414 0.636 0.782 0.896 0.944 0.96 0.978
Generation: 3
fullpop2Test 1.000000 0.994000 3 100 500 10 0 0.002 0.108 0.282 0.464 0.668 0.812 0.926 0.966 0.98 0.994
Generation: 4
fullpop2Test 1.000000 0.994000 4 100 500 10 0 0.002 0.086 0.284 0.474 0.702 0.854 0.932 0.968 0.986 0.994
Generation: 5
fullpop2Test 1.000000 0.996000 5 100 500 10 0 0.002 0.114 0.3 0.472 0.69 0.858 0.94 0.978 0.994 0.996
Generation: 6
fullpop2Test 1.000000 1.000000 6 100 500 10 0 0.002 0.094 0.288 0.462 0.662 0.832 0.92 0.974 0.996 1
fullpop2Test 1.000000 1.000000 7 100 500 10 0 0.002 0.102 0.292 0.484 0.696 0.858 0.952 0.992 0.998 1
Generation: 0
fullpop2Test 1.000000 0.956000 0 100 500 10 0 0 0.056 0.202 0.352 0.568 0.686 0.824 0.892 0.936 0.956
Generation: 1
fullpop2Test 1.000000 0.994000 1 100 500 10 0 0.002 0.088 0.268 0.43 0.646 0.81 0.9 0.948 0.964 0.994
Generation: 2
fullpop2Test 1.000000 0.994000 2 100 500 10 0 0.002 0.088 0.272 0.444 0.628 0.796 0.884 0.946 0.984 0.994
Generation: 3
fullpop2Test 1.000000 0.994000 3 100 500 10 0 0.002 0.094 0.256 0.436 0.63 0.79 0.89 0.95 0.98 0.994
Generation: 4
fullpop2Test 1.000000 0.998000 4 100 500 10 0 0.002 0.086 0.252 0.474 0.688 0.852 0.936 0.974 0.986 0.998
Generation: 5
fullpop2Test 1.000000 0.998000 5 100 500 10 0 0.002 0.094 0.266 0.468 0.706 0.864 0.95 0.992 1 0.998
Generation: 6
fullpop2Test 1.000000 0.998000 6 100 500 10 0 0.002 0.102 0.284 0.478 0.702 0.876 0.952 0.98 0.992 0.998
Generation: 7
fullpop2Test 1.000000 1.000000 7 100 500 10 0 0.002 0.096 0.28 0.498 0.718 0.868 0.94 0.986 0.996 1
fullpop2Test 1.000000 1.000000 8 100 500 10 0 0.002 0.086 0.27 0.498 0.702 0.872 0.95 0.982 0.994 1
Generation: 0
fullpop2Test 1.000000 0.952000 0 100 500 10 0 0.002 0.066 0.196 0.372 0.574 0.742 0.858 0.91 0.946 0.952
Generation: 1
fullpop2Test 1.000000 0.976000 1 100 500 10 0 0.002 0.076 0.242 0.418 0.614 0.798 0.912 0.962 0.98 0.976
Generation: 2
fullpop2Test 1.000000 0.984000 2 100 500 10 0 0.002 0.098 0.26 0.438 0.626 0.782 0.88 0.942 0.974 0.984
Generation: 3
fullpop2Test 1.000000 0.996000 3 100 500 10 0 0.002 0.074 0.264 0.434 0.642 0.806 0.9 0.96 0.978 0.996
Generation: 4
fullpop2Test 1.000000 0.996000 4 100 500 10 0 0.002 0.094 0.274 0.458 0.692 0.84 0.94 0.986 0.996 0.996
Generation: 5
fullpop2Test 1.000000 0.996000 5 100 500 10 0 0.002 0.104 0.284 0.456 0.682 0.842 0.92 0.982 0.994 0.996
Generation: 6
fullpop2Test 1.000000 0.998000 6 100 500 10 0 0.002 0.096 0.256 0.44 0.646 0.806 0.918 0.974 0.992 0.998
Generation: 7
fullpop2Test 1.000000 0.998000 7 100 500 10 0 0.002 0.1 0.288 0.45 0.674 0.824 0.906 0.96 0.982 0.998
Generation: 8
fullpop2Test 1.000000 1.000000 8 100 500 10 0 0.002 0.102 0.29 0.484 0.72 0.894 0.98 0.996 0.998 1
fullpop2Test 1.000000 1.000000 9 100 500 10 0 0.002 0.108 0.312 0.514 0.71 0.868 0.962 0.986 0.994 1
Generation: 0
fullpop2Test 1.000000 0.964000 0 100 500 10 0 0.002 0.046 0.192 0.362 0.568 0.7 0.826 0.894 0.932 0.964
Generation: 1
fullpop2Test 1.000000 0.986000 1 100 500 10 0 0.002 0.102 0.288 0.488 0.69 0.826 0.914 0.97 0.984 0.986
Generation: 2
fullpop2Test 1.000000 0.992000 2 100 500 10 0 0.002 0.088 0.258 0.446 0.656 0.814 0.918 0.966 0.988 0.992
Generation: 3
fullpop2Test 1.000000 0.992000 3 100 500 10 0 0.002 0.102 0.286 0.462 0.666 0.836 0.918 0.962 0.986 0.992
Generation: 4
fullpop2Test 1.000000 0.994000 4 100 500 10 0 0.002 0.098 0.292 0.482 0.71 0.856 0.932 0.976 0.988 0.994
Generation: 5
fullpop2Test 1.000000 0.994000 5 100 500 10 0 0.004 0.102 0.28 0.474 0.676 0.84 0.924 0.966 0.984 0.994
Generation: 6
fullpop2Test 1.000000 0.998000 6 100 500 10 0 0.002 0.096 0.308 0.496 0.718 0.87 0.94 0.984 0.992 0.998
Generation: 7
fullpop2Test 1.000000 1.000000 7 100 500 10 0 0.002 0.102 0.294 0.486 0.708 0.856 0.942 0.984 0.994 1
fullpop2Test 1.000000 1.000000 8 100 500 10 0 0.002 0.096 0.276 0.472 0.704 0.864 0.95 0.986 0.992 1
Generation: 0
fullpop2Test 1.000000 0.978000 0 100 500 10 0 0 0.068 0.228 0.394 0.576 0.75 0.856 0.904 0.942 0.978
Generation: 1
fullpop2Test 1.000000 0.978000 1 100 500 10 0 0 0.086 0.26 0.414 0.594 0.764 0.874 0.95 0.978 0.978
Generation: 2
fullpop2Test 1.000000 0.980000 2 100 500 10 0 0.002 0.082 0.278 0.452 0.67 0.816 0.894 0.948 0.972 0.98
Generation: 3
fullpop2Test 1.000000 0.984000 3 100 500 10 0 0.002 0.096 0.264 0.448 0.664 0.816 0.898 0.952 0.972 0.984
Generation: 4
fullpop2Test 1.000000 0.992000 4 100 500 10 0 0.002 0.09 0.26 0.436 0.644 0.818 0.914 0.974 0.988 0.992
Generation: 5
fullpop2Test 1.000000 1.000000 5 100 500 10 0 0.002 0.088 0.284 0.462 0.696 0.852 0.936 0.976 0.994 1
fullpop2Test 1.000000 1.000000 6 100 500 10 0 0.002 0.096 0.262 0.484 0.714 0.872 0.956 0.978 0.992 1
Generation: 0
fullpop2Test 1.000000 0.970000 0 100 500 10 0 0.002 0.08 0.242 0.418 0.606 0.76 0.856 0.922 0.95 0.97
Generation: 1
fullpop2Test 1.000000 0.980000 1 100 500 10 0 0.002 0.096 0.262 0.432 0.632 0.804 0.908 0.948 0.97 0.98
Generation: 2
fullpop2Test 1.000000 0.988000 2 100 500 10 0 0.002 0.08 0.266 0.45 0.67 0.808 0.9 0.944 0.972 0.988
Generation: 3
fullpop2Test 1.000000 0.988000 3 100 500 10 0 0.002 0.084 0.242 0.43 0.628 0.788 0.896 0.964 0.98 0.988
Generation: 4
fullpop2Test 1.000000 0.996000 4 100 500 10 0 0.002 0.11 0.28 0.46 0.668 0.816 0.922 0.962 0.98 0.996
Generation: 5
fullpop2Test 1.000000 0.996000 5 100 500 10 0 0.002 0.094 0.28 0.448 0.674 0.816 0.916 0.954 0.98 0.996
Generation: 6
fullpop2Test 1.000000 0.998000 6 100 500 10 0 0.002 0.076 0.248 0.448 0.65 0.798 0.882 0.942 0.968 0.998
Generation: 7
fullpop2Test 1.000000 0.998000 7 100 500 10 0 0.002 0.078 0.224 0.418 0.646 0.82 0.912 0.962 0.982 0.998
Generation: 8
fullpop2Test 1.000000 0.998000 8 100 500 10 0 0.002 0.092 0.27 0.458 0.67 0.806 0.908 0.962 0.98 0.998
Generation: 9
fullpop2Test 1.000000 0.998000 9 100 500 10 0 0.002 0.104 0.272 0.428 0.65 0.826 0.934 0.974 0.99 0.998
Generation: 10
fullpop2Test 1.000000 0.998000 10 100 500 10 0 0.002 0.076 0.232 0.426 0.62 0.782 0.9 0.952 0.974 0.998
Generation: 11
fullpop2Test 1.000000 1.000000 11 100 500 10 0 0.002 0.12 0.326 0.538 0.746 0.9 0.964 0.984 0.994 1
fullpop2Test 1.000000 1.000000 12 100 500 10 0 0.002 0.114 0.31 0.5 0.704 0.856 0.94 0.978 0.994 1
