Generation: 0
fullpopTest 1.000000 0.168000 0 100 500 10 0 0.002 0.006 0.016 0.038 0.054 0.07 0.094 0.122 0.15 0.168
Generation: 1
fullpopTest 1.000000 0.190000 1 100 500 10 0 0 0.014 0.034 0.052 0.078 0.096 0.142 0.164 0.188 0.19
Generation: 2
fullpopTest 1.000000 0.198000 2 100 500 10 0 0 0.018 0.032 0.056 0.08 0.104 0.13 0.16 0.198 0.198
Generation: 3
fullpopTest 1.000000 0.224000 3 100 500 10 0 0 0.004 0.022 0.052 0.088 0.138 0.166 0.198 0.238 0.224
Generation: 4
fullpopTest 1.000000 0.254000 4 100 500 10 0 0 0.012 0.044 0.064 0.096 0.134 0.18 0.23 0.272 0.254
Generation: 5
fullpopTest 1.000000 0.304000 5 100 500 10 0 0 0.012 0.032 0.066 0.108 0.152 0.204 0.258 0.3 0.304
Generation: 6
fullpopTest 1.000000 0.304000 6 100 500 10 0 0 0.012 0.038 0.08 0.114 0.154 0.188 0.23 0.268 0.304
Generation: 7
fullpopTest 1.000000 0.346000 7 100 500 10 0 0 0.014 0.038 0.068 0.128 0.188 0.238 0.284 0.322 0.346
Generation: 8
fullpopTest 1.000000 0.354000 8 100 500 10 0 0 0.02 0.048 0.084 0.136 0.192 0.25 0.292 0.34 0.354
Generation: 9
fullpopTest 1.000000 0.408000 9 100 500 10 0 0 0.018 0.054 0.112 0.184 0.246 0.298 0.342 0.39 0.408
Generation: 10
fullpopTest 1.000000 0.446000 10 100 500 10 0 0 0.024 0.056 0.104 0.164 0.226 0.294 0.346 0.422 0.446
Generation: 11
fullpopTest 1.000000 0.462000 11 100 500 10 0 0 0.014 0.08 0.132 0.19 0.24 0.312 0.366 0.424 0.462
Generation: 12
fullpopTest 1.000000 0.464000 12 100 500 10 0 0.004 0.026 0.068 0.128 0.178 0.236 0.312 0.378 0.448 0.464
Generation: 13
fullpopTest 1.000000 0.518000 13 100 500 10 0 0 0.016 0.056 0.112 0.17 0.24 0.324 0.392 0.468 0.518
Generation: 14
fullpopTest 1.000000 0.562000 14 100 500 10 0 0.002 0.038 0.082 0.172 0.252 0.326 0.394 0.462 0.522 0.562
Generation: 15
fullpopTest 1.000000 0.578000 15 100 500 10 0 0.002 0.034 0.09 0.16 0.236 0.32 0.408 0.484 0.548 0.578
Generation: 16
fullpopTest 1.000000 0.612000 16 100 500 10 0 0 0.022 0.092 0.194 0.272 0.362 0.44 0.522 0.592 0.612
Generation: 17
fullpopTest 1.000000 0.614000 17 100 500 10 0 0 0.024 0.094 0.184 0.28 0.376 0.45 0.518 0.564 0.614
Generation: 18
fullpopTest 1.000000 0.660000 18 100 500 10 0 0.002 0.052 0.104 0.208 0.332 0.434 0.516 0.586 0.646 0.66
Generation: 19
fullpopTest 1.000000 0.682000 19 100 500 10 0 0.002 0.04 0.114 0.192 0.274 0.4 0.508 0.584 0.646 0.682
Generation: 20
fullpopTest 1.000000 0.720000 20 100 500 10 0 0.002 0.042 0.148 0.256 0.372 0.478 0.556 0.62 0.688 0.72
Generation: 21
fullpopTest 1.000000 0.734000 21 100 500 10 0 0.004 0.054 0.136 0.246 0.356 0.456 0.54 0.622 0.71 0.734
Generation: 22
fullpopTest 1.000000 0.752000 22 100 500 10 0 0.002 0.062 0.16 0.306 0.428 0.55 0.646 0.704 0.77 0.752
Generation: 23
fullpopTest 1.000000 0.806000 23 100 500 10 0 0.004 0.064 0.146 0.276 0.386 0.51 0.626 0.68 0.738 0.806
Generation: 24
fullpopTest 1.000000 0.806000 24 100 500 10 0 0.002 0.066 0.156 0.316 0.45 0.546 0.63 0.706 0.758 0.806
Generation: 25
fullpopTest 1.000000 0.806000 25 100 500 10 0 0 0.06 0.134 0.278 0.39 0.536 0.662 0.728 0.776 0.806
Generation: 26
fullpopTest 1.000000 0.832000 26 100 500 10 0 0.002 0.07 0.154 0.308 0.432 0.566 0.664 0.766 0.836 0.832
Generation: 27
fullpopTest 1.000000 0.856000 27 100 500 10 0 0 0.08 0.196 0.34 0.494 0.614 0.722 0.794 0.858 0.856
Generation: 28
fullpopTest 1.000000 0.866000 28 100 500 10 0 0.002 0.048 0.152 0.294 0.446 0.598 0.684 0.768 0.836 0.866
Generation: 29
fullpopTest 1.000000 0.866000 29 100 500 10 0 0 0.06 0.144 0.302 0.47 0.624 0.716 0.79 0.854 0.866
Generation: 30
fullpopTest 1.000000 0.880000 30 100 500 10 0 0.002 0.062 0.178 0.342 0.512 0.668 0.764 0.844 0.904 0.88
Generation: 31
fullpopTest 1.000000 0.902000 31 100 500 10 0 0.002 0.098 0.226 0.38 0.574 0.682 0.798 0.86 0.908 0.902
Generation: 32
fullpopTest 1.000000 0.920000 32 100 500 10 0 0.002 0.082 0.202 0.378 0.58 0.668 0.78 0.856 0.9 0.92
Generation: 33
fullpopTest 1.000000 0.922000 33 100 500 10 0 0 0.106 0.238 0.38 0.552 0.678 0.808 0.87 0.912 0.922
Generation: 34
fullpopTest 1.000000 0.934000 34 100 500 10 0 0.002 0.094 0.232 0.402 0.574 0.696 0.814 0.882 0.92 0.934
Generation: 35
fullpopTest 1.000000 0.938000 35 100 500 10 0 0.004 0.08 0.224 0.38 0.578 0.69 0.818 0.892 0.938 0.938
Generation: 36
fullpopTest 1.000000 0.968000 36 100 500 10 0 0.002 0.096 0.216 0.368 0.562 0.682 0.8 0.88 0.934 0.968
Generation: 37
fullpopTest 1.000000 0.970000 37 100 500 10 0 0.002 0.082 0.206 0.386 0.584 0.77 0.894 0.938 0.964 0.97
Generation: 38
fullpopTest 1.000000 0.978000 38 100 500 10 0 0.002 0.108 0.242 0.422 0.644 0.782 0.9 0.95 0.968 0.978
Generation: 39
fullpopTest 1.000000 0.986000 39 100 500 10 0 0.002 0.088 0.206 0.404 0.61 0.748 0.872 0.952 0.984 0.986
Generation: 40
fullpopTest 1.000000 0.986000 40 100 500 10 0 0.002 0.1 0.228 0.416 0.626 0.762 0.892 0.96 0.988 0.986
Generation: 41
fullpopTest 1.000000 0.990000 41 100 500 10 0 0.002 0.106 0.246 0.422 0.644 0.82 0.944 0.986 0.996 0.99
Generation: 42
fullpopTest 1.000000 0.996000 42 100 500 10 0 0.004 0.1 0.236 0.432 0.67 0.846 0.934 0.974 0.988 0.996
Generation: 43
fullpopTest 1.000000 0.998000 43 100 500 10 0 0.002 0.094 0.234 0.424 0.654 0.798 0.898 0.958 0.978 0.998
Generation: 44
fullpopTest 1.000000 0.998000 44 100 500 10 0 0.002 0.096 0.236 0.43 0.642 0.788 0.918 0.974 0.994 0.998
Generation: 45
fullpopTest 1.000000 0.998000 45 100 500 10 0 0 0.102 0.254 0.444 0.672 0.792 0.896 0.954 0.994 0.998
Generation: 46
fullpopTest 1.000000 0.998000 46 100 500 10 0 0.002 0.088 0.21 0.408 0.664 0.812 0.914 0.952 0.97 0.998
Generation: 47
fullpopTest 1.000000 0.998000 47 100 500 10 0 0.004 0.09 0.23 0.43 0.632 0.808 0.942 0.976 0.992 0.998
Generation: 48
fullpopTest 1.000000 1.000000 48 100 500 10 0 0.002 0.114 0.262 0.458 0.692 0.86 0.958 0.98 0.986 1
testName time fitness gens maxGens agents groupsize e0 e1 e2 e3 e4 e5 e6 e7 e8 e9 e10
fullpopTest 1.000000 1.000000 49 100 500 10 0 0.002 0.116 0.278 0.474 0.732 0.898 0.974 0.99 0.994 1
Generation: 0
fullpopTest 1.000000 0.170000 0 100 500 10 0 0 0.004 0.008 0.022 0.038 0.062 0.092 0.114 0.14 0.17
Generation: 1
fullpopTest 1.000000 0.196000 1 100 500 10 0 0.002 0.004 0.012 0.032 0.062 0.086 0.118 0.138 0.176 0.196
Generation: 2
fullpopTest 1.000000 0.220000 2 100 500 10 0 0 0.002 0.012 0.042 0.068 0.094 0.122 0.176 0.214 0.22
Generation: 3
fullpopTest 1.000000 0.270000 3 100 500 10 0 0.002 0.008 0.016 0.04 0.072 0.102 0.14 0.182 0.212 0.27
Generation: 4
fullpopTest 1.000000 0.284000 4 100 500 10 0 0.002 0.014 0.05 0.076 0.114 0.16 0.198 0.256 0.316 0.284
Generation: 5
fullpopTest 1.000000 0.336000 5 100 500 10 0 0 0.01 0.032 0.062 0.1 0.152 0.19 0.232 0.274 0.336
Generation: 6
fullpopTest 1.000000 0.356000 6 100 500 10 0 0.002 0.008 0.03 0.072 0.124 0.206 0.268 0.322 0.362 0.356
Generation: 7
fullpopTest 1.000000 0.368000 7 100 500 10 0 0 0.014 0.038 0.084 0.128 0.17 0.214 0.264 0.324 0.368
Generation: 8
fullpopTest 1.000000 0.422000 8 100 500 10 0 0 0.01 0.042 0.08 0.14 0.202 0.278 0.356 0.404 0.422
Generation: 9
fullpopTest 1.000000 0.462000 9 100 500 10 0 0 0.018 0.046 0.098 0.156 0.222 0.28 0.352 0.416 0.462
Generation: 10
fullpopTest 1.000000 0.486000 10 100 500 10 0 0 0.016 0.046 0.092 0.148 0.204 0.284 0.366 0.444 0.486
Generation: 11
fullpopTest 1.000000 0.502000 11 100 500 10 0 0.002 0.018 0.066 0.118 0.188 0.258 0.346 0.404 0.466 0.502
Generation: 12
fullpopTest 1.000000 0.568000 12 100 500 10 0 0 0.012 0.068 0.118 0.184 0.274 0.342 0.41 0.49 0.568
Generation: 13
fullpopTest 1.000000 0.580000 13 100 500 10 0 0 0.026 0.07 0.138 0.206 0.284 0.368 0.454 0.538 0.58
Generation: 14
fullpopTest 1.000000 0.588000 14 100 500 10 0 0 0.02 0.06 0.106 0.194 0.276 0.356 0.446 0.528 0.588
Generation: 15
fullpopTest 1.000000 0.642000 15 100 500 10 0 0.002 0.044 0.104 0.196 0.296 0.392 0.486 0.556 0.618 0.642
Generation: 16
fullpopTest 1.000000 0.670000 16 100 500 10 0 0 0.046 0.106 0.19 0.306 0.392 0.48 0.562 0.644 0.67
Generation: 17
fullpopTest 1.000000 0.700000 17 100 500 10 0 0 0.036 0.102 0.19 0.284 0.394 0.494 0.584 0.662 0.7
Generation: 18
fullpopTest 1.000000 0.732000 18 100 500 10 0 0.002 0.028 0.104 0.216 0.314 0.436 0.548 0.648 0.714 0.732
Generation: 19
fullpopTest 1.000000 0.784000 19 100 500 10 0 0 0.03 0.092 0.224 0.354 0.476 0.586 0.704 0.8 0.784
Generation: 20
fullpopTest 1.000000 0.792000 20 100 500 10 0 0 0.024 0.108 0.204 0.338 0.47 0.594 0.682 0.76 0.792
Generation: 21
fullpopTest 1.000000 0.798000 21 100 500 10 0 0 0.04 0.116 0.218 0.368 0.514 0.634 0.728 0.8 0.798
Generation: 22
fullpopTest 1.000000 0.830000 22 100 500 10 0 0 0.054 0.142 0.27 0.448 0.57 0.678 0.748 0.808 0.83
Generation: 23
fullpopTest 1.000000 0.830000 23 100 500 10 0 0.002 0.064 0.138 0.278 0.406 0.546 0.644 0.728 0.794 0.83
Generation: 24
fullpopTest 1.000000 0.840000 24 100 500 10 0 0 0.058 0.138 0.276 0.432 0.556 0.664 0.762 0.82 0.84
Generation: 25
fullpopTest 1.000000 0.872000 25 100 500 10 0 0.002 0.07 0.162 0.32 0.484 0.63 0.736 0.822 0.886 0.872
Generation: 26
fullpopTest 1.000000 0.882000 26 100 500 10 0 0.002 0.082 0.18 0.346 0.498 0.626 0.724 0.822 0.888 0.882
Generation: 27
fullpopTest 1.000000 0.914000 27 100 500 10 0 0.002 0.088 0.204 0.368 0.532 0.662 0.75 0.834 0.908 0.914
Generation: 28
fullpopTest 1.000000 0.928000 28 100 500 10 0 0.002 0.078 0.212 0.396 0.592 0.724 0.838 0.916 0.956 0.928
Generation: 29
fullpopTest 1.000000 0.942000 29 100 500 10 0 0.002 0.086 0.212 0.388 0.566 0.724 0.82 0.89 0.934 0.942
Generation: 30
fullpopTest 1.000000 0.946000 30 100 500 10 0 0.002 0.078 0.178 0.334 0.52 0.648 0.79 0.878 0.93 0.946
Generation: 31
fullpopTest 1.000000 0.956000 31 100 500 10 0 0 0.08 0.196 0.38 0.586 0.722 0.814 0.906 0.952 0.956
Generation: 32
fullpopTest 1.000000 0.968000 32 100 500 10 0 0 0.06 0.19 0.366 0.554 0.702 0.81 0.894 0.94 0.968
Generation: 33
fullpopTest 1.000000 0.970000 33 100 500 10 0 0.002 0.08 0.184 0.372 0.572 0.738 0.836 0.918 0.96 0.97
Generation: 34
fullpopTest 1.000000 0.976000 34 100 500 10 0 0.002 0.092 0.218 0.412 0.612 0.746 0.846 0.926 0.972 0.976
Generation: 35
fullpopTest 1.000000 0.980000 35 100 500 10 0 0.002 0.08 0.214 0.396 0.588 0.736 0.846 0.916 0.96 0.98
Generation: 36
fullpopTest 1.000000 0.990000 36 100 500 10 0 0 0.074 0.208 0.416 0.64 0.792 0.888 0.942 0.978 0.99
Generation: 37
fullpopTest 1.000000 0.990000 37 100 500 10 0 0.002 0.072 0.2 0.404 0.65 0.836 0.918 0.958 0.974 0.99
Generation: 38
fullpopTest 1.000000 0.992000 38 100 500 10 0 0.002 0.088 0.214 0.408 0.622 0.784 0.898 0.952 0.98 0.992
Generation: 39
fullpopTest 1.000000 0.994000 39 100 500 10 0 0.002 0.106 0.258 0.46 0.668 0.836 0.928 0.966 0.984 0.994
Generation: 40
fullpopTest 1.000000 0.994000 40 100 500 10 0 0.002 0.104 0.276 0.48 0.69 0.824 0.908 0.958 0.984 0.994
Generation: 41
fullpopTest 1.000000 0.998000 41 100 500 10 0 0 0.11 0.27 0.462 0.698 0.856 0.936 0.974 0.986 0.998
Generation: 42
fullpopTest 1.000000 0.998000 42 100 500 10 0 0.002 0.114 0.276 0.456 0.708 0.858 0.954 0.986 0.998 0.998
Generation: 43
fullpopTest 1.000000 1.000000 43 100 500 10 0 0 0.096 0.23 0.438 0.676 0.842 0.946 0.972 0.992 1
fullpopTest 1.000000 1.000000 44 100 500 10 0 0.002 0.106 0.262 0.462 0.678 0.846 0.922 0.97 0.988 1
Generation: 0
fullpopTest 1.000000 0.182000 0 100 500 10 0 0 0.002 0.01 0.026 0.044 0.058 0.092 0.12 0.146 0.182
Generation: 1
fullpopTest 1.000000 0.182000 1 100 500 10 0 0 0.006 0.012 0.03 0.054 0.084 0.112 0.138 0.18 0.182
Generation: 2
fullpopTest 1.000000 0.238000 2 100 500 10 0 0 0.002 0.012 0.03 0.056 0.096 0.142 0.182 0.232 0.238
Generation: 3
fullpopTest 1.000000 0.238000 3 100 500 10 0 0 0.002 0.01 0.036 0.066 0.106 0.146 0.19 0.228 0.238
Generation: 4
fullpopTest 1.000000 0.348000 4 100 500 10 0 0 0.008 0.028 0.066 0.108 0.146 0.202 0.24 0.308 0.348
Generation: 5
fullpopTest 1.000000 0.348000 5 100 500 10 0 0 0.002 0.018 0.054 0.09 0.13 0.174 0.226 0.278 0.348
Generation: 6
fullpopTest 1.000000 0.348000 6 100 500 10 0 0 0.006 0.024 0.052 0.106 0.138 0.184 0.246 0.292 0.348
Generation: 7
fullpopTest 1.000000 0.382000 7 100 500 10 0 0 0.008 0.038 0.072 0.128 0.206 0.268 0.318 0.402 0.382
Generation: 8
fullpopTest 1.000000 0.438000 8 100 500 10 0 0 0.006 0.018 0.058 0.116 0.168 0.238 0.32 0.376 0.438
Generation: 9
fullpopTest 1.000000 0.440000 9 100 500 10 0 0 0.006 0.038 0.098 0.172 0.248 0.33 0.398 0.474 0.44
Generation: 10
fullpopTest 1.000000 0.538000 10 100 500 10 0 0 0.012 0.044 0.104 0.172 0.242 0.32 0.414 0.49 0.538
Generation: 11
fullpopTest 1.000000 0.538000 11 100 500 10 0 0 0.014 0.054 0.126 0.212 0.294 0.364 0.462 0.542 0.538
Generation: 12
fullpopTest 1.000000 0.600000 12 100 500 10 0 0 0.014 0.062 0.144 0.21 0.302 0.382 0.472 0.568 0.6
Generation: 13
fullpopTest 1.000000 0.600000 13 100 500 10 0 0 0.004 0.052 0.108 0.182 0.268 0.368 0.482 0.558 0.6
Generation: 14
fullpopTest 1.000000 0.632000 14 100 500 10 0 0.002 0.008 0.034 0.124 0.228 0.322 0.428 0.516 0.608 0.632
Generation: 15
fullpopTest 1.000000 0.650000 15 100 500 10 0 0 0.006 0.064 0.148 0.248 0.342 0.464 0.524 0.598 0.65
Generation: 16
fullpopTest 1.000000 0.666000 16 100 500 10 0 0 0.012 0.058 0.136 0.234 0.358 0.448 0.542 0.626 0.666
Generation: 17
fullpopTest 1.000000 0.728000 17 100 500 10 0 0 0.028 0.088 0.178 0.28 0.374 0.474 0.576 0.666 0.728
Generation: 18
fullpopTest 1.000000 0.728000 18 100 500 10 0 0.002 0.01 0.068 0.168 0.302 0.432 0.512 0.638 0.716 0.728
Generation: 19
fullpopTest 1.000000 0.730000 19 100 500 10 0 0 0.014 0.078 0.176 0.314 0.43 0.552 0.644 0.736 0.73
Generation: 20
fullpopTest 1.000000 0.768000 20 100 500 10 0 0.004 0.016 0.088 0.2 0.316 0.43 0.55 0.666 0.748 0.768
Generation: 21
fullpopTest 1.000000 0.826000 21 100 500 10 0 0.002 0.024 0.092 0.206 0.34 0.476 0.604 0.69 0.782 0.826
Generation: 22
fullpopTest 1.000000 0.826000 22 100 500 10 0 0 0.018 0.076 0.208 0.332 0.478 0.608 0.706 0.778 0.826
Generation: 23
fullpopTest 1.000000 0.828000 23 100 500 10 0 0 0.014 0.104 0.248 0.38 0.508 0.614 0.714 0.806 0.828
Generation: 24
fullpopTest 1.000000 0.862000 24 100 500 10 0 0.002 0.028 0.114 0.266 0.44 0.608 0.724 0.812 0.86 0.862
Generation: 25
fullpopTest 1.000000 0.862000 25 100 500 10 0 0 0.018 0.102 0.244 0.41 0.574 0.716 0.824 0.886 0.862
Generation: 26
fullpopTest 1.000000 0.916000 26 100 500 10 0 0 0.018 0.108 0.264 0.43 0.588 0.716 0.81 0.878 0.916
Generation: 27
fullpopTest 1.000000 0.916000 27 100 500 10 0 0 0.016 0.112 0.22 0.404 0.564 0.708 0.79 0.852 0.916
Generation: 28
fullpopTest 1.000000 0.916000 28 100 500 10 0 0 0.022 0.108 0.234 0.41 0.576 0.708 0.788 0.88 0.916
Generation: 29
fullpopTest 1.000000 0.916000 29 100 500 10 0 0 0.018 0.11 0.224 0.386 0.532 0.674 0.77 0.852 0.916
Generation: 30
fullpopTest 1.000000 0.932000 30 100 500 10 0 0 0.022 0.122 0.314 0.49 0.656 0.772 0.844 0.912 0.932
Generation: 31
fullpopTest 1.000000 0.938000 31 100 500 10 0 0 0.022 0.132 0.294 0.468 0.652 0.784 0.87 0.928 0.938
Generation: 32
fullpopTest 1.000000 0.954000 32 100 500 10 0 0 0.036 0.134 0.286 0.49 0.65 0.782 0.864 0.922 0.954
Generation: 33
fullpopTest 1.000000 0.954000 33 100 500 10 0 0.002 0.038 0.144 0.318 0.528 0.676 0.804 0.89 0.94 0.954
Generation: 34
fullpopTest 1.000000 0.958000 34 100 500 10 0 0.002 0.036 0.178 0.404 0.624 0.756 0.848 0.922 0.956 0.958
Generation: 35
fullpopTest 1.000000 0.960000 35 100 500 10 0 0 0.022 0.156 0.352 0.588 0.734 0.844 0.912 0.944 0.96
Generation: 36
fullpopTest 1.000000 0.974000 36 100 500 10 0 0 0.034 0.182 0.386 0.616 0.776 0.884 0.938 0.968 0.974
Generation: 37
fullpopTest 1.000000 0.986000 37 100 500 10 0 0.002 0.034 0.182 0.402 0.642 0.814 0.908 0.952 0.968 0.986
Generation: 38
fullpopTest 1.000000 0.986000 38 100 500 10 0 0.002 0.038 0.214 0.444 0.692 0.844 0.918 0.958 0.982 0.986
Generation: 39
fullpopTest 1.000000 0.986000 39 100 500 10 0 0.002 0.04 0.204 0.438 0.654 0.818 0.894 0.94 0.978 0.986
Generation: 40
fullpopTest 1.000000 0.988000 40 100 500 10 0 0 0.034 0.21 0.448 0.678 0.85 0.922 0.962 0.986 0.988
Generation: 41
fullpopTest 1.000000 0.994000 41 100 500 10 0 0.002 0.03 0.216 0.462 0.678 0.822 0.912 0.962 0.98 0.994
Generation: 42
fullpopTest 1.000000 0.996000 42 100 500 10 0 0.002 0.034 0.228 0.454 0.682 0.854 0.944 0.974 0.988 0.996
Generation: 43
fullpopTest 1.000000 0.996000 43 100 500 10 0 0.002 0.04 0.236 0.464 0.708 0.856 0.954 0.982 0.994 0.996
Generation: 44
fullpopTest 1.000000 0.998000 44 100 500 10 0 0.002 0.036 0.204 0.436 0.674 0.882 0.976 1 1 0.998
Generation: 45
fullpopTest 1.000000 0.998000 45 100 500 10 0 0.002 0.038 0.192 0.428 0.69 0.882 0.964 0.986 0.994 0.998
Generation: 46
fullpopTest 1.000000 1.000000 46 100 500 10 0 0 0.028 0.214 0.456 0.708 0.864 0.95 0.984 0.994 1
fullpopTest 1.000000 1.000000 47 100 500 10 0 0.002 0.036 0.262 0.514 0.772 0.926 0.97 0.986 0.992 1
Generation: 0
fullpopTest 1.000000 0.196000 0 100 500 10 0 0 0.002 0.008 0.028 0.05 0.074 0.098 0.142 0.18 0.196
Generation: 1
fullpopTest 1.000000 0.196000 1 100 500 10 0 0 0.002 0.008 0.028 0.058 0.088 0.114 0.16 0.19 0.196
Generation: 2
fullpopTest 1.000000 0.226000 2 100 500 10 0 0 0.008 0.018 0.036 0.07 0.1 0.132 0.172 0.216 0.226
Generation: 3
fullpopTest 1.000000 0.248000 3 100 500 10 0 0 0.002 0.022 0.042 0.07 0.1 0.142 0.168 0.224 0.248
Generation: 4
fullpopTest 1.000000 0.272000 4 100 500 10 0 0.002 0.01 0.026 0.056 0.102 0.154 0.192 0.242 0.274 0.272
Generation: 5
fullpopTest 1.000000 0.290000 5 100 500 10 0 0 0.004 0.018 0.04 0.07 0.106 0.138 0.18 0.216 0.29
Generation: 6
fullpopTest 1.000000 0.350000 6 100 500 10 0 0 0.004 0.012 0.05 0.09 0.144 0.21 0.266 0.32 0.35
Generation: 7
fullpopTest 1.000000 0.350000 7 100 500 10 0 0 0.004 0.032 0.05 0.118 0.176 0.23 0.266 0.324 0.35
Generation: 8
fullpopTest 1.000000 0.380000 8 100 500 10 0 0 0.006 0.032 0.078 0.11 0.146 0.184 0.224 0.272 0.38
Generation: 9
fullpopTest 1.000000 0.390000 9 100 500 10 0 0 0.006 0.018 0.056 0.104 0.172 0.236 0.3 0.374 0.39
Generation: 10
fullpopTest 1.000000 0.422000 10 100 500 10 0 0 0.008 0.048 0.096 0.142 0.222 0.284 0.368 0.444 0.422
Generation: 11
fullpopTest 1.000000 0.458000 11 100 500 10 0 0 0.012 0.03 0.08 0.156 0.264 0.338 0.44 0.51 0.458
Generation: 12
fullpopTest 1.000000 0.516000 12 100 500 10 0 0 0.01 0.054 0.122 0.184 0.282 0.378 0.442 0.518 0.516
Generation: 13
fullpopTest 1.000000 0.516000 13 100 500 10 0 0.002 0.018 0.048 0.1 0.18 0.25 0.322 0.418 0.484 0.516
Generation: 14
fullpopTest 1.000000 0.568000 14 100 500 10 0 0 0.02 0.046 0.088 0.166 0.228 0.312 0.378 0.482 0.568
Generation: 15
fullpopTest 1.000000 0.588000 15 100 500 10 0 0 0.024 0.058 0.13 0.202 0.278 0.356 0.414 0.488 0.588
Generation: 16
fullpopTest 1.000000 0.588000 16 100 500 10 0 0 0.024 0.072 0.14 0.226 0.322 0.404 0.484 0.532 0.588
Generation: 17
fullpopTest 1.000000 0.622000 17 100 500 10 0 0 0.012 0.056 0.14 0.232 0.322 0.42 0.52 0.604 0.622
Generation: 18
fullpopTest 1.000000 0.648000 18 100 500 10 0 0 0.024 0.074 0.158 0.232 0.32 0.444 0.534 0.622 0.648
Generation: 19
fullpopTest 1.000000 0.688000 19 100 500 10 0 0 0.012 0.07 0.146 0.246 0.38 0.492 0.572 0.65 0.688
Generation: 20
fullpopTest 1.000000 0.698000 20 100 500 10 0 0 0.016 0.074 0.146 0.216 0.35 0.452 0.542 0.642 0.698
Generation: 21
fullpopTest 1.000000 0.750000 21 100 500 10 0 0 0.018 0.082 0.186 0.284 0.432 0.54 0.638 0.724 0.75
Generation: 22
fullpopTest 1.000000 0.750000 22 100 500 10 0 0 0.016 0.072 0.196 0.298 0.416 0.52 0.65 0.748 0.75
Generation: 23
fullpopTest 1.000000 0.786000 23 100 500 10 0 0 0.022 0.094 0.194 0.318 0.466 0.576 0.694 0.79 0.786
Generation: 24
fullpopTest 1.000000 0.828000 24 100 500 10 0 0 0.02 0.114 0.216 0.378 0.558 0.68 0.768 0.836 0.828
Generation: 25
fullpopTest 1.000000 0.828000 25 100 500 10 0 0 0.026 0.108 0.208 0.322 0.46 0.588 0.69 0.798 0.828
Generation: 26
fullpopTest 1.000000 0.840000 26 100 500 10 0 0 0.024 0.1 0.206 0.334 0.474 0.62 0.728 0.808 0.84
Generation: 27
fullpopTest 1.000000 0.840000 27 100 500 10 0 0 0.028 0.098 0.222 0.344 0.484 0.614 0.714 0.796 0.84
Generation: 28
fullpopTest 1.000000 0.862000 28 100 500 10 0 0 0.022 0.118 0.254 0.424 0.588 0.71 0.8 0.874 0.862
Generation: 29
fullpopTest 1.000000 0.874000 29 100 500 10 0 0.002 0.026 0.1 0.242 0.386 0.516 0.622 0.75 0.838 0.874
Generation: 30
fullpopTest 1.000000 0.878000 30 100 500 10 0 0.002 0.032 0.114 0.27 0.448 0.598 0.722 0.814 0.876 0.878
Generation: 31
fullpopTest 1.000000 0.900000 31 100 500 10 0 0 0.032 0.134 0.256 0.388 0.532 0.662 0.766 0.826 0.9
Generation: 32
fullpopTest 1.000000 0.900000 32 100 500 10 0 0 0.03 0.124 0.264 0.436 0.568 0.682 0.784 0.858 0.9
Generation: 33
fullpopTest 1.000000 0.912000 33 100 500 10 0 0 0.028 0.13 0.258 0.418 0.56 0.67 0.768 0.852 0.912
Generation: 34
fullpopTest 1.000000 0.920000 34 100 500 10 0 0.002 0.038 0.158 0.336 0.502 0.654 0.782 0.858 0.91 0.92
Generation: 35
fullpopTest 1.000000 0.924000 35 100 500 10 0 0.002 0.032 0.14 0.298 0.468 0.614 0.758 0.814 0.882 0.924
Generation: 36
fullpopTest 1.000000 0.924000 36 100 500 10 0 0.002 0.052 0.154 0.326 0.474 0.628 0.744 0.83 0.888 0.924
Generation: 37
fullpopTest 1.000000 0.938000 37 100 500 10 0 0 0.022 0.13 0.298 0.488 0.656 0.766 0.85 0.9 0.938
Generation: 38
fullpopTest 1.000000 0.946000 38 100 500 10 0 0.002 0.072 0.226 0.398 0.574 0.72 0.83 0.894 0.952 0.946
Generation: 39
fullpopTest 1.000000 0.948000 39 100 500 10 0 0.002 0.05 0.18 0.356 0.562 0.706 0.81 0.874 0.906 0.948
Generation: 40
fullpopTest 1.000000 0.958000 40 100 500 10 0 0 0.034 0.134 0.298 0.472 0.65 0.784 0.876 0.94 0.958
Generation: 41
fullpopTest 1.000000 0.966000 41 100 500 10 0 0 0.05 0.202 0.422 0.638 0.77 0.876 0.922 0.95 0.966
Generation: 42
fullpopTest 1.000000 0.972000 42 100 500 10 0 0 0.058 0.188 0.39 0.58 0.746 0.87 0.93 0.962 0.972
Generation: 43
fullpopTest 1.000000 0.972000 43 100 500 10 0 0.004 0.05 0.184 0.364 0.564 0.742 0.86 0.912 0.946 0.972
Generation: 44
fullpopTest 1.000000 0.976000 44 100 500 10 0 0 0.068 0.232 0.414 0.604 0.764 0.86 0.924 0.958 0.976
Generation: 45
fullpopTest 1.000000 0.988000 45 100 500 10 0 0.002 0.056 0.214 0.406 0.614 0.774 0.874 0.924 0.956 0.988
Generation: 46
fullpopTest 1.000000 0.988000 46 100 500 10 0 0 0.068 0.23 0.418 0.62 0.79 0.89 0.944 0.962 0.988
Generation: 47
fullpopTest 1.000000 0.988000 47 100 500 10 0 0 0.078 0.232 0.44 0.628 0.79 0.884 0.928 0.958 0.988
Generation: 48
fullpopTest 1.000000 0.992000 48 100 500 10 0 0 0.076 0.246 0.444 0.648 0.81 0.892 0.948 0.974 0.992
Generation: 49
fullpopTest 1.000000 0.992000 49 100 500 10 0 0 0.072 0.262 0.466 0.626 0.792 0.884 0.94 0.964 0.992
Generation: 50
fullpopTest 1.000000 0.992000 50 100 500 10 0 0 0.086 0.264 0.456 0.648 0.8 0.878 0.932 0.968 0.992
Generation: 51
fullpopTest 1.000000 0.994000 51 100 500 10 0 0.004 0.088 0.288 0.508 0.7 0.838 0.926 0.97 0.982 0.994
Generation: 52
fullpopTest 1.000000 0.996000 52 100 500 10 0 0.002 0.08 0.306 0.484 0.7 0.84 0.924 0.958 0.98 0.996
Generation: 53
fullpopTest 1.000000 0.996000 53 100 500 10 0 0.002 0.094 0.26 0.456 0.686 0.848 0.93 0.964 0.972 0.996
Generation: 54
fullpopTest 1.000000 0.996000 54 100 500 10 0 0.002 0.086 0.284 0.468 0.658 0.828 0.936 0.974 0.98 0.996
Generation: 55
fullpopTest 1.000000 0.998000 55 100 500 10 0 0.002 0.102 0.304 0.524 0.692 0.848 0.94 0.974 0.984 0.998
Generation: 56
fullpopTest 1.000000 1.000000 56 100 500 10 0 0.002 0.096 0.33 0.596 0.836 0.934 0.972 0.986 0.994 1
fullpopTest 1.000000 1.000000 57 100 500 10 0 0.002 0.08 0.294 0.582 0.812 0.92 0.962 0.986 0.99 1
Generation: 0
fullpopTest 1.000000 0.148000 0 100 500 10 0 0 0.01 0.034 0.048 0.068 0.088 0.108 0.134 0.154 0.148
Generation: 1
fullpopTest 1.000000 0.186000 1 100 500 10 0 0.002 0.016 0.036 0.06 0.072 0.096 0.12 0.146 0.176 0.186
Generation: 2
fullpopTest 1.000000 0.194000 2 100 500 10 0 0 0.004 0.012 0.022 0.056 0.092 0.12 0.16 0.192 0.194
Generation: 3
fullpopTest 1.000000 0.244000 3 100 500 10 0 0 0.006 0.016 0.048 0.074 0.102 0.144 0.184 0.216 0.244
Generation: 4
fullpopTest 1.000000 0.268000 4 100 500 10 0 0 0.002 0.01 0.046 0.066 0.104 0.158 0.216 0.272 0.268
Generation: 5
fullpopTest 1.000000 0.284000 5 100 500 10 0 0 0.006 0.04 0.08 0.14 0.182 0.21 0.232 0.264 0.284
Generation: 6
fullpopTest 1.000000 0.300000 6 100 500 10 0 0 0.022 0.048 0.082 0.128 0.178 0.212 0.25 0.302 0.3
Generation: 7
fullpopTest 1.000000 0.318000 7 100 500 10 0 0 0.006 0.02 0.044 0.102 0.15 0.198 0.262 0.302 0.318
Generation: 8
fullpopTest 1.000000 0.326000 8 100 500 10 0 0 0.02 0.056 0.09 0.14 0.186 0.24 0.292 0.322 0.326
Generation: 9
fullpopTest 1.000000 0.386000 9 100 500 10 0 0 0.012 0.034 0.076 0.112 0.19 0.248 0.296 0.35 0.386
Generation: 10
fullpopTest 1.000000 0.394000 10 100 500 10 0 0 0.008 0.034 0.076 0.12 0.174 0.226 0.292 0.34 0.394
Generation: 11
fullpopTest 1.000000 0.428000 11 100 500 10 0 0 0.008 0.044 0.094 0.13 0.2 0.272 0.332 0.398 0.428
Generation: 12
fullpopTest 1.000000 0.458000 12 100 500 10 0 0 0.004 0.038 0.088 0.152 0.24 0.32 0.398 0.468 0.458
Generation: 13
fullpopTest 1.000000 0.496000 13 100 500 10 0 0 0.006 0.054 0.104 0.182 0.26 0.358 0.462 0.524 0.496
Generation: 14
fullpopTest 1.000000 0.556000 14 100 500 10 0 0 0.004 0.032 0.09 0.172 0.274 0.348 0.432 0.508 0.556
Generation: 15
fullpopTest 1.000000 0.600000 15 100 500 10 0 0 0.01 0.046 0.118 0.202 0.31 0.406 0.496 0.578 0.6
Generation: 16
fullpopTest 1.000000 0.620000 16 100 500 10 0 0 0.026 0.062 0.15 0.242 0.36 0.47 0.54 0.612 0.62
Generation: 17
fullpopTest 1.000000 0.620000 17 100 500 10 0 0 0.008 0.054 0.146 0.248 0.348 0.446 0.532 0.622 0.62
Generation: 18
fullpopTest 1.000000 0.634000 18 100 500 10 0 0.002 0.012 0.054 0.128 0.218 0.318 0.41 0.508 0.586 0.634
Generation: 19
fullpopTest 1.000000 0.672000 19 100 500 10 0 0.002 0.016 0.06 0.16 0.258 0.368 0.48 0.58 0.642 0.672
Generation: 20
fullpopTest 1.000000 0.706000 20 100 500 10 0 0.002 0.016 0.076 0.186 0.29 0.404 0.522 0.616 0.704 0.706
Generation: 21
fullpopTest 1.000000 0.772000 21 100 500 10 0 0 0.008 0.074 0.168 0.268 0.376 0.51 0.63 0.726 0.772
Generation: 22
fullpopTest 1.000000 0.794000 22 100 500 10 0 0 0.02 0.082 0.18 0.302 0.47 0.59 0.704 0.776 0.794
Generation: 23
fullpopTest 1.000000 0.794000 23 100 500 10 0 0 0.014 0.088 0.192 0.334 0.478 0.6 0.696 0.782 0.794
Generation: 24
fullpopTest 1.000000 0.836000 24 100 500 10 0 0 0.018 0.072 0.16 0.3 0.438 0.562 0.668 0.768 0.836
Generation: 25
fullpopTest 1.000000 0.842000 25 100 500 10 0 0.002 0.008 0.07 0.184 0.34 0.506 0.63 0.74 0.812 0.842
Generation: 26
fullpopTest 1.000000 0.852000 26 100 500 10 0 0 0.016 0.084 0.2 0.356 0.526 0.664 0.766 0.838 0.852
Generation: 27
fullpopTest 1.000000 0.872000 27 100 500 10 0 0 0.018 0.07 0.2 0.352 0.516 0.658 0.786 0.852 0.872
Generation: 28
fullpopTest 1.000000 0.892000 28 100 500 10 0 0 0.012 0.098 0.262 0.432 0.578 0.718 0.828 0.898 0.892
Generation: 29
fullpopTest 1.000000 0.902000 29 100 500 10 0 0 0.018 0.084 0.218 0.378 0.538 0.7 0.806 0.872 0.902
Generation: 30
fullpopTest 1.000000 0.918000 30 100 500 10 0 0 0.022 0.094 0.242 0.384 0.552 0.694 0.824 0.898 0.918
Generation: 31
fullpopTest 1.000000 0.918000 31 100 500 10 0 0 0.018 0.09 0.228 0.394 0.57 0.716 0.814 0.9 0.918
Generation: 32
fullpopTest 1.000000 0.936000 32 100 500 10 0 0 0.018 0.072 0.196 0.358 0.516 0.704 0.814 0.882 0.936
Generation: 33
fullpopTest 1.000000 0.944000 33 100 500 10 0 0 0.02 0.088 0.236 0.4 0.554 0.744 0.836 0.906 0.944
Generation: 34
fullpopTest 1.000000 0.966000 34 100 500 10 0 0 0.01 0.094 0.254 0.458 0.636 0.782 0.898 0.942 0.966
Generation: 35
fullpopTest 1.000000 0.972000 35 100 500 10 0 0.002 0.02 0.122 0.314 0.504 0.704 0.836 0.906 0.962 0.972
Generation: 36
fullpopTest 1.000000 0.972000 36 100 500 10 0 0 0.018 0.114 0.276 0.48 0.682 0.83 0.908 0.958 0.972
Generation: 37
fullpopTest 1.000000 0.972000 37 100 500 10 0 0 0.016 0.124 0.272 0.478 0.686 0.824 0.904 0.956 0.972
Generation: 38
fullpopTest 1.000000 0.972000 38 100 500 10 0 0 0.02 0.104 0.254 0.46 0.65 0.828 0.92 0.962 0.972
Generation: 39
fullpopTest 1.000000 0.980000 39 100 500 10 0 0 0.026 0.116 0.27 0.488 0.688 0.826 0.928 0.972 0.98
Generation: 40
fullpopTest 1.000000 0.986000 40 100 500 10 0 0.002 0.026 0.134 0.262 0.474 0.688 0.832 0.926 0.976 0.986
Generation: 41
fullpopTest 1.000000 0.992000 41 100 500 10 0 0 0.03 0.13 0.3 0.514 0.714 0.844 0.942 0.986 0.992
Generation: 42
fullpopTest 1.000000 0.992000 42 100 500 10 0 0 0.016 0.12 0.286 0.498 0.686 0.832 0.922 0.956 0.992
Generation: 43
fullpopTest 1.000000 0.992000 43 100 500 10 0 0.002 0.024 0.116 0.292 0.53 0.722 0.868 0.946 0.98 0.992
Generation: 44
fullpopTest 1.000000 0.992000 44 100 500 10 0 0 0.028 0.128 0.308 0.52 0.726 0.86 0.942 0.98 0.992
Generation: 45
fullpopTest 1.000000 0.994000 45 100 500 10 0 0.002 0.032 0.136 0.33 0.544 0.736 0.862 0.938 0.974 0.994
Generation: 46
fullpopTest 1.000000 0.994000 46 100 500 10 0 0 0.022 0.14 0.332 0.53 0.75 0.888 0.95 0.986 0.994
Generation: 47
fullpopTest 1.000000 0.994000 47 100 500 10 0 0.002 0.036 0.138 0.326 0.552 0.73 0.876 0.944 0.98 0.994
Generation: 48
fullpopTest 1.000000 0.996000 48 100 500 10 0 0 0.03 0.144 0.33 0.548 0.76 0.914 0.97 0.992 0.996
Generation: 49
fullpopTest 1.000000 0.996000 49 100 500 10 0 0 0.028 0.142 0.318 0.54 0.75 0.876 0.958 0.986 0.996
Generation: 50
fullpopTest 1.000000 0.996000 50 100 500 10 0 0 0.016 0.132 0.334 0.568 0.78 0.908 0.968 0.994 0.996
Generation: 51
fullpopTest 1.000000 0.996000 51 100 500 10 0 0 0.016 0.142 0.33 0.556 0.746 0.904 0.968 0.986 0.996
Generation: 52
fullpopTest 1.000000 0.998000 52 100 500 10 0 0 0.032 0.192 0.398 0.568 0.82 0.944 0.988 0.998 0.998
Generation: 53
fullpopTest 1.000000 0.998000 53 100 500 10 0 0 0.02 0.144 0.322 0.552 0.796 0.938 0.972 0.992 0.998
Generation: 54
fullpopTest 1.000000 0.998000 54 100 500 10 0 0 0.024 0.154 0.338 0.568 0.798 0.936 0.984 0.996 0.998
Generation: 55
fullpopTest 1.000000 1.000000 55 100 500 10 0 0 0.03 0.146 0.366 0.602 0.8 0.916 0.972 0.992 1
fullpopTest 1.000000 1.000000 56 100 500 10 0 0 0.034 0.156 0.364 0.59 0.794 0.92 0.958 0.996 1
Generation: 0
fullpopTest 1.000000 0.136000 0 100 500 10 0 0 0.006 0.018 0.034 0.05 0.078 0.088 0.112 0.144 0.136
Generation: 1
fullpopTest 1.000000 0.186000 1 100 500 10 0 0 0.006 0.02 0.034 0.046 0.074 0.094 0.132 0.158 0.186
Generation: 2
fullpopTest 1.000000 0.186000 2 100 500 10 0 0 0.002 0.014 0.028 0.046 0.058 0.08 0.108 0.138 0.186
Generation: 3
fullpopTest 1.000000 0.236000 3 100 500 10 0 0 0.01 0.028 0.062 0.1 0.132 0.162 0.202 0.242 0.236
Generation: 4
fullpopTest 1.000000 0.244000 4 100 500 10 0 0 0.012 0.028 0.054 0.076 0.098 0.13 0.176 0.208 0.244
Generation: 5
fullpopTest 1.000000 0.300000 5 100 500 10 0 0 0.012 0.034 0.068 0.12 0.168 0.21 0.25 0.312 0.3
Generation: 6
fullpopTest 1.000000 0.392000 6 100 500 10 0 0 0.008 0.042 0.084 0.136 0.186 0.242 0.296 0.346 0.392
Generation: 7
fullpopTest 1.000000 0.392000 7 100 500 10 0 0 0.018 0.04 0.07 0.126 0.176 0.23 0.294 0.346 0.392
Generation: 8
fullpopTest 1.000000 0.404000 8 100 500 10 0 0 0.022 0.052 0.096 0.144 0.188 0.248 0.308 0.368 0.404
Generation: 9
fullpopTest 1.000000 0.436000 9 100 500 10 0 0 0.022 0.066 0.104 0.162 0.238 0.288 0.332 0.394 0.436
Generation: 10
fullpopTest 1.000000 0.476000 10 100 500 10 0 0 0.022 0.056 0.11 0.172 0.226 0.278 0.338 0.394 0.476
Generation: 11
fullpopTest 1.000000 0.476000 11 100 500 10 0 0 0.018 0.056 0.128 0.182 0.242 0.302 0.366 0.42 0.476
Generation: 12
fullpopTest 1.000000 0.494000 12 100 500 10 0 0 0.026 0.06 0.104 0.176 0.248 0.32 0.388 0.476 0.494
Generation: 13
fullpopTest 1.000000 0.504000 13 100 500 10 0 0.002 0.02 0.068 0.118 0.204 0.29 0.368 0.432 0.504 0.504
Generation: 14
fullpopTest 1.000000 0.524000 14 100 500 10 0 0 0.022 0.06 0.114 0.182 0.24 0.328 0.39 0.476 0.524
Generation: 15
fullpopTest 1.000000 0.554000 15 100 500 10 0 0.002 0.024 0.064 0.14 0.238 0.322 0.412 0.478 0.542 0.554
Generation: 16
fullpopTest 1.000000 0.582000 16 100 500 10 0 0 0.018 0.06 0.122 0.214 0.3 0.38 0.458 0.518 0.582
Generation: 17
fullpopTest 1.000000 0.582000 17 100 500 10 0 0 0.02 0.074 0.156 0.24 0.336 0.426 0.48 0.544 0.582
Generation: 18
fullpopTest 1.000000 0.608000 18 100 500 10 0 0.002 0.026 0.076 0.13 0.206 0.306 0.396 0.476 0.546 0.608
Generation: 19
fullpopTest 1.000000 0.638000 19 100 500 10 0 0 0.03 0.094 0.16 0.248 0.334 0.408 0.522 0.584 0.638
Generation: 20
fullpopTest 1.000000 0.642000 20 100 500 10 0 0.002 0.026 0.082 0.158 0.276 0.358 0.45 0.534 0.602 0.642
Generation: 21
fullpopTest 1.000000 0.662000 21 100 500 10 0 0.002 0.044 0.106 0.212 0.318 0.394 0.48 0.542 0.622 0.662
Generation: 22
fullpopTest 1.000000 0.758000 22 100 500 10 0 0 0.03 0.118 0.22 0.314 0.444 0.54 0.66 0.728 0.758
Generation: 23
fullpopTest 1.000000 0.774000 23 100 500 10 0 0.002 0.054 0.13 0.264 0.372 0.488 0.592 0.696 0.772 0.774
Generation: 24
fullpopTest 1.000000 0.822000 24 100 500 10 0 0.002 0.036 0.132 0.26 0.402 0.554 0.652 0.738 0.802 0.822
Generation: 25
fullpopTest 1.000000 0.838000 25 100 500 10 0 0.004 0.07 0.174 0.294 0.45 0.596 0.71 0.77 0.824 0.838
Generation: 26
fullpopTest 1.000000 0.848000 26 100 500 10 0 0 0.058 0.152 0.312 0.47 0.598 0.716 0.808 0.866 0.848
Generation: 27
fullpopTest 1.000000 0.870000 27 100 500 10 0 0.002 0.058 0.148 0.298 0.42 0.568 0.702 0.782 0.852 0.87
Generation: 28
fullpopTest 1.000000 0.888000 28 100 500 10 0 0.002 0.064 0.168 0.342 0.5 0.654 0.782 0.844 0.884 0.888
Generation: 29
fullpopTest 1.000000 0.888000 29 100 500 10 0 0 0.072 0.17 0.37 0.516 0.63 0.734 0.798 0.85 0.888
Generation: 30
fullpopTest 1.000000 0.900000 30 100 500 10 0 0.004 0.084 0.198 0.39 0.536 0.668 0.758 0.826 0.87 0.9
Generation: 31
fullpopTest 1.000000 0.912000 31 100 500 10 0 0.004 0.068 0.18 0.348 0.478 0.626 0.716 0.796 0.854 0.912
Generation: 32
fullpopTest 1.000000 0.924000 32 100 500 10 0 0 0.088 0.212 0.364 0.536 0.68 0.764 0.842 0.882 0.924
Generation: 33
fullpopTest 1.000000 0.940000 33 100 500 10 0 0.002 0.1 0.236 0.426 0.586 0.736 0.81 0.876 0.91 0.94
Generation: 34
fullpopTest 1.000000 0.940000 34 100 500 10 0 0.004 0.098 0.21 0.408 0.59 0.734 0.846 0.918 0.936 0.94
Generation: 35
fullpopTest 1.000000 0.944000 35 100 500 10 0 0.002 0.086 0.208 0.398 0.55 0.712 0.84 0.89 0.924 0.944
Generation: 36
fullpopTest 1.000000 0.950000 36 100 500 10 0 0.002 0.088 0.184 0.398 0.548 0.706 0.824 0.892 0.932 0.95
Generation: 37
fullpopTest 1.000000 0.962000 37 100 500 10 0 0.002 0.086 0.248 0.47 0.656 0.794 0.882 0.922 0.946 0.962
Generation: 38
fullpopTest 1.000000 0.970000 38 100 500 10 0 0.002 0.066 0.2 0.38 0.592 0.764 0.888 0.924 0.952 0.97
Generation: 39
fullpopTest 1.000000 0.980000 39 100 500 10 0 0.002 0.104 0.244 0.422 0.596 0.772 0.872 0.94 0.962 0.98
Generation: 40
fullpopTest 1.000000 0.980000 40 100 500 10 0 0.002 0.098 0.23 0.438 0.62 0.784 0.87 0.934 0.966 0.98
Generation: 41
fullpopTest 1.000000 0.992000 41 100 500 10 0 0 0.058 0.198 0.422 0.646 0.814 0.912 0.968 0.992 0.992
Generation: 42
fullpopTest 1.000000 0.992000 42 100 500 10 0 0 0.07 0.206 0.436 0.612 0.814 0.91 0.962 0.98 0.992
Generation: 43
fullpopTest 1.000000 0.992000 43 100 500 10 0 0.002 0.078 0.222 0.468 0.67 0.82 0.92 0.968 0.984 0.992
Generation: 44
fullpopTest 1.000000 0.992000 44 100 500 10 0 0.004 0.06 0.208 0.44 0.626 0.812 0.914 0.962 0.974 0.992
Generation: 45
fullpopTest 1.000000 0.994000 45 100 500 10 0 0.002 0.074 0.24 0.442 0.646 0.816 0.928 0.964 0.982 0.994
Generation: 46
fullpopTest 1.000000 0.996000 46 100 500 10 0 0.002 0.058 0.21 0.458 0.71 0.86 0.938 0.978 0.996 0.996
Generation: 47
fullpopTest 1.000000 0.996000 47 100 500 10 0 0.002 0.056 0.204 0.426 0.672 0.856 0.944 0.976 0.994 0.996
Generation: 48
fullpopTest 1.000000 1.000000 48 100 500 10 0 0.002 0.046 0.192 0.444 0.706 0.868 0.946 0.978 0.994 1
fullpopTest 1.000000 1.000000 49 100 500 10 0 0.004 0.08 0.232 0.476 0.706 0.882 0.952 0.978 0.988 1
Generation: 0
fullpopTest 1.000000 0.206000 0 100 500 10 0 0 0.004 0.018 0.032 0.054 0.076 0.112 0.13 0.148 0.206
Generation: 1
fullpopTest 1.000000 0.228000 1 100 500 10 0 0 0.004 0.022 0.038 0.058 0.11 0.15 0.186 0.228 0.228
Generation: 2
fullpopTest 1.000000 0.234000 2 100 500 10 0 0.002 0.006 0.018 0.034 0.074 0.13 0.164 0.196 0.24 0.234
Generation: 3
fullpopTest 1.000000 0.254000 3 100 500 10 0 0 0.008 0.024 0.066 0.106 0.148 0.184 0.21 0.246 0.254
Generation: 4
fullpopTest 1.000000 0.286000 4 100 500 10 0 0 0.008 0.024 0.048 0.094 0.138 0.186 0.228 0.27 0.286
Generation: 5
fullpopTest 1.000000 0.330000 5 100 500 10 0 0 0.008 0.032 0.054 0.084 0.122 0.168 0.202 0.246 0.33
Generation: 6
fullpopTest 1.000000 0.356000 6 100 500 10 0 0 0.006 0.028 0.058 0.114 0.158 0.204 0.28 0.332 0.356
Generation: 7
fullpopTest 1.000000 0.386000 7 100 500 10 0 0 0.018 0.052 0.106 0.144 0.188 0.24 0.31 0.366 0.386
Generation: 8
fullpopTest 1.000000 0.400000 8 100 500 10 0 0 0.012 0.056 0.1 0.152 0.216 0.276 0.342 0.386 0.4
Generation: 9
fullpopTest 1.000000 0.434000 9 100 500 10 0 0 0.022 0.052 0.106 0.16 0.226 0.304 0.352 0.412 0.434
Generation: 10
fullpopTest 1.000000 0.482000 10 100 500 10 0 0 0.014 0.072 0.142 0.22 0.304 0.36 0.406 0.47 0.482
Generation: 11
fullpopTest 1.000000 0.520000 11 100 500 10 0 0 0.016 0.062 0.118 0.174 0.228 0.302 0.376 0.46 0.52
Generation: 12
fullpopTest 1.000000 0.560000 12 100 500 10 0 0 0.03 0.088 0.168 0.238 0.318 0.404 0.472 0.56 0.56
Generation: 13
fullpopTest 1.000000 0.562000 13 100 500 10 0 0.002 0.032 0.094 0.154 0.238 0.324 0.418 0.468 0.542 0.562
Generation: 14
fullpopTest 1.000000 0.626000 14 100 500 10 0 0 0.034 0.086 0.186 0.258 0.332 0.412 0.482 0.544 0.626
Generation: 15
fullpopTest 1.000000 0.626000 15 100 500 10 0 0.002 0.022 0.074 0.184 0.264 0.344 0.434 0.51 0.572 0.626
Generation: 16
fullpopTest 1.000000 0.642000 16 100 500 10 0 0 0.026 0.082 0.168 0.26 0.37 0.484 0.568 0.638 0.642
Generation: 17
fullpopTest 1.000000 0.656000 17 100 500 10 0 0.002 0.042 0.114 0.222 0.334 0.448 0.524 0.6 0.662 0.656
Generation: 18
fullpopTest 1.000000 0.676000 18 100 500 10 0 0 0.026 0.104 0.19 0.264 0.388 0.496 0.58 0.668 0.676
Generation: 19
fullpopTest 1.000000 0.690000 19 100 500 10 0 0.004 0.03 0.114 0.23 0.338 0.43 0.5 0.584 0.652 0.69
Generation: 20
fullpopTest 1.000000 0.738000 20 100 500 10 0 0.002 0.024 0.116 0.228 0.328 0.434 0.522 0.616 0.7 0.738
Generation: 21
fullpopTest 1.000000 0.738000 21 100 500 10 0 0.002 0.04 0.126 0.234 0.344 0.458 0.544 0.604 0.682 0.738
Generation: 22
fullpopTest 1.000000 0.738000 22 100 500 10 0 0.002 0.03 0.09 0.204 0.308 0.436 0.548 0.63 0.692 0.738
Generation: 23
fullpopTest 1.000000 0.776000 23 100 500 10 0 0.002 0.05 0.156 0.258 0.382 0.496 0.592 0.688 0.752 0.776
Generation: 24
fullpopTest 1.000000 0.824000 24 100 500 10 0 0.002 0.058 0.138 0.26 0.394 0.528 0.648 0.728 0.798 0.824
Generation: 25
fullpopTest 1.000000 0.826000 25 100 500 10 0 0 0.056 0.14 0.288 0.39 0.518 0.626 0.728 0.796 0.826
Generation: 26
fullpopTest 1.000000 0.828000 26 100 500 10 0 0.002 0.06 0.142 0.254 0.39 0.52 0.638 0.728 0.8 0.828
Generation: 27
fullpopTest 1.000000 0.846000 27 100 500 10 0 0.002 0.08 0.178 0.33 0.47 0.584 0.702 0.78 0.856 0.846
Generation: 28
fullpopTest 1.000000 0.894000 28 100 500 10 0 0 0.06 0.162 0.318 0.458 0.63 0.738 0.822 0.886 0.894
Generation: 29
fullpopTest 1.000000 0.926000 29 100 500 10 0 0.002 0.076 0.198 0.378 0.538 0.682 0.8 0.864 0.904 0.926
Generation: 30
fullpopTest 1.000000 0.926000 30 100 500 10 0 0.002 0.058 0.174 0.35 0.506 0.648 0.776 0.874 0.918 0.926
Generation: 31
fullpopTest 1.000000 0.936000 31 100 500 10 0 0 0.072 0.194 0.338 0.512 0.666 0.78 0.864 0.914 0.936
Generation: 32
fullpopTest 1.000000 0.956000 32 100 500 10 0 0 0.082 0.218 0.378 0.522 0.676 0.802 0.894 0.94 0.956
Generation: 33
fullpopTest 1.000000 0.956000 33 100 500 10 0 0.002 0.052 0.186 0.328 0.514 0.676 0.82 0.884 0.922 0.956
Generation: 34
fullpopTest 1.000000 0.956000 34 100 500 10 0 0 0.046 0.188 0.35 0.522 0.696 0.802 0.892 0.934 0.956
Generation: 35
fullpopTest 1.000000 0.968000 35 100 500 10 0 0 0.054 0.184 0.354 0.516 0.71 0.82 0.892 0.944 0.968
Generation: 36
fullpopTest 1.000000 0.970000 36 100 500 10 0 0.004 0.05 0.188 0.404 0.604 0.778 0.886 0.94 0.962 0.97
Generation: 37
fullpopTest 1.000000 0.978000 37 100 500 10 0 0 0.08 0.25 0.442 0.59 0.744 0.856 0.92 0.958 0.978
Generation: 38
fullpopTest 1.000000 0.978000 38 100 500 10 0 0.002 0.08 0.254 0.43 0.616 0.766 0.874 0.946 0.968 0.978
Generation: 39
fullpopTest 1.000000 0.988000 39 100 500 10 0 0 0.084 0.252 0.414 0.624 0.79 0.876 0.93 0.968 0.988
Generation: 40
fullpopTest 1.000000 0.992000 40 100 500 10 0 0.002 0.086 0.25 0.432 0.634 0.792 0.908 0.952 0.974 0.992
Generation: 41
fullpopTest 1.000000 0.996000 41 100 500 10 0 0.002 0.07 0.212 0.414 0.63 0.776 0.87 0.938 0.966 0.996
Generation: 42
fullpopTest 1.000000 0.996000 42 100 500 10 0 0.002 0.076 0.242 0.444 0.646 0.8 0.91 0.952 0.988 0.996
Generation: 43
fullpopTest 1.000000 0.996000 43 100 500 10 0 0.002 0.084 0.232 0.414 0.604 0.752 0.86 0.932 0.982 0.996
Generation: 44
fullpopTest 1.000000 0.998000 44 100 500 10 0 0.002 0.09 0.25 0.43 0.61 0.772 0.894 0.956 0.972 0.998
Generation: 45
fullpopTest 1.000000 0.998000 45 100 500 10 0 0 0.086 0.254 0.454 0.618 0.78 0.88 0.932 0.972 0.998
Generation: 46
fullpopTest 1.000000 1.000000 46 100 500 10 0 0.002 0.09 0.276 0.48 0.736 0.868 0.954 0.986 1 1
fullpopTest 1.000000 1.000000 47 100 500 10 0 0.002 0.098 0.284 0.518 0.712 0.86 0.938 0.974 0.992 1
Generation: 0
fullpopTest 1.000000 0.174000 0 100 500 10 0 0 0.012 0.016 0.018 0.038 0.062 0.086 0.102 0.13 0.174
Generation: 1
fullpopTest 1.000000 0.190000 1 100 500 10 0 0 0.006 0.016 0.03 0.044 0.06 0.084 0.112 0.142 0.19
Generation: 2
fullpopTest 1.000000 0.210000 2 100 500 10 0 0.002 0.01 0.018 0.03 0.054 0.07 0.1 0.148 0.178 0.21
Generation: 3
fullpopTest 1.000000 0.256000 3 100 500 10 0 0.002 0.008 0.024 0.05 0.066 0.104 0.156 0.206 0.238 0.256
Generation: 4
fullpopTest 1.000000 0.258000 4 100 500 10 0 0 0.006 0.026 0.05 0.088 0.124 0.152 0.198 0.238 0.258
Generation: 5
fullpopTest 1.000000 0.294000 5 100 500 10 0 0 0.01 0.036 0.06 0.086 0.138 0.194 0.226 0.276 0.294
Generation: 6
fullpopTest 1.000000 0.330000 6 100 500 10 0 0 0.012 0.04 0.07 0.108 0.138 0.198 0.236 0.272 0.33
Generation: 7
fullpopTest 1.000000 0.348000 7 100 500 10 0 0 0.012 0.036 0.058 0.092 0.138 0.182 0.232 0.266 0.348
Generation: 8
fullpopTest 1.000000 0.378000 8 100 500 10 0 0 0.016 0.038 0.072 0.118 0.166 0.228 0.28 0.336 0.378
Generation: 9
fullpopTest 1.000000 0.410000 9 100 500 10 0 0 0.012 0.044 0.074 0.13 0.196 0.258 0.312 0.384 0.41
Generation: 10
fullpopTest 1.000000 0.434000 10 100 500 10 0 0 0.018 0.058 0.1 0.154 0.214 0.264 0.314 0.372 0.434
Generation: 11
fullpopTest 1.000000 0.434000 11 100 500 10 0 0 0.012 0.058 0.106 0.16 0.232 0.284 0.334 0.386 0.434
Generation: 12
fullpopTest 1.000000 0.506000 12 100 500 10 0 0 0.03 0.08 0.132 0.188 0.264 0.334 0.412 0.468 0.506
Generation: 13
fullpopTest 1.000000 0.518000 13 100 500 10 0 0 0.018 0.064 0.118 0.206 0.286 0.352 0.434 0.494 0.518
Generation: 14
fullpopTest 1.000000 0.576000 14 100 500 10 0 0 0.042 0.08 0.162 0.242 0.336 0.408 0.514 0.6 0.576
Generation: 15
fullpopTest 1.000000 0.624000 15 100 500 10 0 0 0.014 0.058 0.142 0.21 0.31 0.398 0.474 0.566 0.624
Generation: 16
fullpopTest 1.000000 0.624000 16 100 500 10 0 0 0.03 0.072 0.138 0.214 0.324 0.408 0.496 0.57 0.624
Generation: 17
fullpopTest 1.000000 0.664000 17 100 500 10 0 0.002 0.038 0.096 0.218 0.306 0.418 0.484 0.57 0.63 0.664
Generation: 18
fullpopTest 1.000000 0.666000 18 100 500 10 0 0 0.044 0.096 0.218 0.336 0.456 0.538 0.602 0.662 0.666
Generation: 19
fullpopTest 1.000000 0.732000 19 100 500 10 0 0.002 0.056 0.124 0.232 0.37 0.46 0.572 0.664 0.726 0.732
Generation: 20
fullpopTest 1.000000 0.746000 20 100 500 10 0 0.002 0.044 0.098 0.214 0.324 0.424 0.552 0.638 0.728 0.746
Generation: 21
fullpopTest 1.000000 0.772000 21 100 500 10 0 0.002 0.062 0.138 0.254 0.408 0.52 0.628 0.714 0.776 0.772
Generation: 22
fullpopTest 1.000000 0.796000 22 100 500 10 0 0 0.058 0.134 0.262 0.44 0.544 0.668 0.764 0.822 0.796
Generation: 23
fullpopTest 1.000000 0.828000 23 100 500 10 0 0.002 0.048 0.12 0.244 0.416 0.536 0.65 0.72 0.786 0.828
Generation: 24
fullpopTest 1.000000 0.828000 24 100 500 10 0 0 0.056 0.14 0.282 0.442 0.532 0.628 0.71 0.786 0.828
Generation: 25
fullpopTest 1.000000 0.856000 25 100 500 10 0 0.002 0.072 0.154 0.284 0.458 0.574 0.702 0.78 0.824 0.856
Generation: 26
fullpopTest 1.000000 0.874000 26 100 500 10 0 0.002 0.068 0.148 0.292 0.47 0.59 0.714 0.79 0.84 0.874
Generation: 27
fullpopTest 1.000000 0.928000 27 100 500 10 0 0.002 0.088 0.194 0.37 0.578 0.698 0.808 0.876 0.912 0.928
Generation: 28
fullpopTest 1.000000 0.930000 28 100 500 10 0 0 0.058 0.14 0.282 0.494 0.646 0.778 0.882 0.924 0.93
Generation: 29
fullpopTest 1.000000 0.952000 29 100 500 10 0 0.002 0.098 0.202 0.356 0.562 0.69 0.794 0.866 0.916 0.952
Generation: 30
fullpopTest 1.000000 0.952000 30 100 500 10 0 0.002 0.082 0.186 0.334 0.524 0.654 0.78 0.86 0.928 0.952
Generation: 31
fullpopTest 1.000000 0.952000 31 100 500 10 0 0.002 0.082 0.176 0.316 0.514 0.642 0.788 0.882 0.938 0.952
Generation: 32
fullpopTest 1.000000 0.960000 32 100 500 10 0 0.002 0.086 0.184 0.33 0.502 0.654 0.796 0.884 0.942 0.96
Generation: 33
fullpopTest 1.000000 0.966000 33 100 500 10 0 0.002 0.076 0.174 0.328 0.506 0.666 0.792 0.87 0.924 0.966
Generation: 34
fullpopTest 1.000000 0.970000 34 100 500 10 0 0 0.08 0.178 0.346 0.532 0.654 0.786 0.864 0.92 0.97
Generation: 35
fullpopTest 1.000000 0.982000 35 100 500 10 0 0 0.098 0.218 0.37 0.556 0.736 0.872 0.946 0.972 0.982
Generation: 36
fullpopTest 1.000000 0.986000 36 100 500 10 0 0.002 0.088 0.204 0.37 0.556 0.714 0.87 0.962 0.988 0.986
Generation: 37
fullpopTest 1.000000 0.988000 37 100 500 10 0 0.002 0.074 0.172 0.322 0.522 0.71 0.862 0.952 0.98 0.988
Generation: 38
fullpopTest 1.000000 0.992000 38 100 500 10 0 0.002 0.078 0.188 0.38 0.596 0.792 0.918 0.962 0.974 0.992
Generation: 39
fullpopTest 1.000000 0.992000 39 100 500 10 0 0.002 0.108 0.234 0.4 0.604 0.802 0.914 0.972 0.98 0.992
Generation: 40
fullpopTest 1.000000 0.994000 40 100 500 10 0 0.002 0.094 0.216 0.408 0.624 0.8 0.91 0.972 0.99 0.994
Generation: 41
fullpopTest 1.000000 0.996000 41 100 500 10 0 0.002 0.104 0.214 0.398 0.604 0.806 0.936 0.986 0.99 0.996
Generation: 42
fullpopTest 1.000000 0.996000 42 100 500 10 0 0.002 0.108 0.212 0.394 0.608 0.806 0.926 0.972 0.99 0.996
Generation: 43
fullpopTest 1.000000 0.996000 43 100 500 10 0 0.002 0.106 0.238 0.422 0.644 0.824 0.932 0.974 0.982 0.996
Generation: 44
fullpopTest 1.000000 1.000000 44 100 500 10 0 0.002 0.082 0.21 0.386 0.594 0.8 0.942 0.968 0.99 1
fullpopTest 1.000000 1.000000 45 100 500 10 0 0.002 0.094 0.222 0.406 0.61 0.79 0.91 0.97 0.99 1
Generation: 0
fullpopTest 1.000000 0.148000 0 100 500 10 0 0 0.004 0.012 0.02 0.034 0.048 0.076 0.096 0.132 0.148
Generation: 1
fullpopTest 1.000000 0.170000 1 100 500 10 0 0 0.008 0.026 0.056 0.074 0.088 0.104 0.136 0.156 0.17
Generation: 2
fullpopTest 1.000000 0.216000 2 100 500 10 0 0 0.006 0.03 0.044 0.064 0.09 0.118 0.148 0.162 0.216
Generation: 3
fullpopTest 1.000000 0.240000 3 100 500 10 0 0 0.008 0.022 0.038 0.056 0.084 0.104 0.144 0.184 0.24
Generation: 4
fullpopTest 1.000000 0.250000 4 100 500 10 0 0 0.012 0.03 0.056 0.08 0.106 0.146 0.192 0.226 0.25
Generation: 5
fullpopTest 1.000000 0.280000 5 100 500 10 0 0 0.01 0.024 0.052 0.092 0.126 0.166 0.186 0.234 0.28
Generation: 6
fullpopTest 1.000000 0.296000 6 100 500 10 0 0 0.012 0.028 0.064 0.098 0.144 0.184 0.232 0.272 0.296
Generation: 7
fullpopTest 1.000000 0.324000 7 100 500 10 0 0 0.014 0.064 0.1 0.142 0.2 0.242 0.298 0.34 0.324
Generation: 8
fullpopTest 1.000000 0.362000 8 100 500 10 0 0 0.012 0.028 0.058 0.088 0.112 0.16 0.208 0.264 0.362
Generation: 9
fullpopTest 1.000000 0.370000 9 100 500 10 0 0 0.022 0.064 0.106 0.144 0.186 0.234 0.288 0.326 0.37
Generation: 10
fullpopTest 1.000000 0.392000 10 100 500 10 0 0 0.022 0.058 0.108 0.178 0.224 0.256 0.32 0.386 0.392
Generation: 11
fullpopTest 1.000000 0.432000 11 100 500 10 0 0.002 0.026 0.066 0.11 0.154 0.222 0.304 0.366 0.45 0.432
Generation: 12
fullpopTest 1.000000 0.458000 12 100 500 10 0 0 0.024 0.06 0.114 0.17 0.244 0.304 0.386 0.444 0.458
Generation: 13
fullpopTest 1.000000 0.480000 13 100 500 10 0 0 0.012 0.06 0.106 0.162 0.236 0.3 0.378 0.458 0.48
Generation: 14
fullpopTest 1.000000 0.498000 14 100 500 10 0 0.002 0.02 0.064 0.12 0.208 0.268 0.334 0.402 0.45 0.498
Generation: 15
fullpopTest 1.000000 0.534000 15 100 500 10 0 0 0.016 0.066 0.114 0.192 0.268 0.364 0.424 0.49 0.534
Generation: 16
fullpopTest 1.000000 0.574000 16 100 500 10 0 0.002 0.024 0.088 0.172 0.27 0.362 0.454 0.52 0.588 0.574
Generation: 17
fullpopTest 1.000000 0.618000 17 100 500 10 0 0 0.02 0.096 0.144 0.244 0.358 0.446 0.528 0.614 0.618
Generation: 18
fullpopTest 1.000000 0.686000 18 100 500 10 0 0 0.024 0.09 0.18 0.258 0.36 0.458 0.574 0.658 0.686
Generation: 19
fullpopTest 1.000000 0.692000 19 100 500 10 0 0 0.032 0.112 0.186 0.286 0.396 0.502 0.588 0.674 0.692
Generation: 20
fullpopTest 1.000000 0.692000 20 100 500 10 0 0.002 0.034 0.116 0.206 0.304 0.43 0.538 0.63 0.686 0.692
Generation: 21
fullpopTest 1.000000 0.712000 21 100 500 10 0 0.002 0.032 0.11 0.186 0.286 0.42 0.544 0.616 0.704 0.712
Generation: 22
fullpopTest 1.000000 0.762000 22 100 500 10 0 0 0.026 0.096 0.214 0.32 0.42 0.52 0.634 0.71 0.762
Generation: 23
fullpopTest 1.000000 0.796000 23 100 500 10 0 0 0.036 0.114 0.25 0.372 0.518 0.644 0.748 0.81 0.796
Generation: 24
fullpopTest 1.000000 0.802000 24 100 500 10 0 0.002 0.036 0.126 0.246 0.402 0.526 0.622 0.714 0.77 0.802
Generation: 25
fullpopTest 1.000000 0.866000 25 100 500 10 0 0 0.048 0.154 0.308 0.44 0.59 0.67 0.768 0.84 0.866
Generation: 26
fullpopTest 1.000000 0.866000 26 100 500 10 0 0 0.044 0.156 0.298 0.454 0.586 0.706 0.764 0.83 0.866
Generation: 27
fullpopTest 1.000000 0.876000 27 100 500 10 0 0.002 0.044 0.18 0.328 0.468 0.568 0.68 0.764 0.83 0.876
Generation: 28
fullpopTest 1.000000 0.890000 28 100 500 10 0 0.002 0.046 0.176 0.33 0.472 0.592 0.694 0.794 0.872 0.89
Generation: 29
fullpopTest 1.000000 0.890000 29 100 500 10 0 0.002 0.062 0.18 0.324 0.474 0.616 0.738 0.812 0.876 0.89
Generation: 30
fullpopTest 1.000000 0.910000 30 100 500 10 0 0 0.06 0.186 0.316 0.484 0.632 0.768 0.854 0.886 0.91
Generation: 31
fullpopTest 1.000000 0.910000 31 100 500 10 0 0.004 0.042 0.152 0.298 0.47 0.612 0.704 0.816 0.886 0.91
Generation: 32
fullpopTest 1.000000 0.922000 32 100 500 10 0 0 0.048 0.172 0.344 0.502 0.658 0.78 0.86 0.916 0.922
Generation: 33
fullpopTest 1.000000 0.936000 33 100 500 10 0 0 0.066 0.212 0.372 0.564 0.71 0.804 0.892 0.934 0.936
Generation: 34
fullpopTest 1.000000 0.944000 34 100 500 10 0 0 0.088 0.246 0.434 0.592 0.712 0.812 0.872 0.916 0.944
Generation: 35
fullpopTest 1.000000 0.948000 35 100 500 10 0 0 0.052 0.2 0.38 0.566 0.728 0.822 0.888 0.928 0.948
Generation: 36
fullpopTest 1.000000 0.958000 36 100 500 10 0 0 0.09 0.242 0.444 0.608 0.748 0.842 0.91 0.958 0.958
Generation: 37
fullpopTest 1.000000 0.972000 37 100 500 10 0 0.002 0.096 0.274 0.464 0.634 0.766 0.874 0.918 0.948 0.972
Generation: 38
fullpopTest 1.000000 0.976000 38 100 500 10 0 0.002 0.094 0.252 0.422 0.616 0.742 0.852 0.918 0.938 0.976
Generation: 39
fullpopTest 1.000000 0.986000 39 100 500 10 0 0 0.068 0.24 0.432 0.678 0.812 0.91 0.96 0.972 0.986
Generation: 40
fullpopTest 1.000000 0.986000 40 100 500 10 0 0.002 0.096 0.266 0.452 0.65 0.798 0.906 0.962 0.982 0.986
Generation: 41
fullpopTest 1.000000 0.986000 41 100 500 10 0 0 0.072 0.26 0.456 0.686 0.82 0.904 0.956 0.978 0.986
Generation: 42
fullpopTest 1.000000 0.988000 42 100 500 10 0 0.002 0.078 0.272 0.474 0.688 0.828 0.884 0.928 0.966 0.988
Generation: 43
fullpopTest 1.000000 0.988000 43 100 500 10 0 0.002 0.088 0.276 0.444 0.656 0.816 0.94 0.972 0.988 0.988
Generation: 44
fullpopTest 1.000000 0.990000 44 100 500 10 0 0.002 0.046 0.224 0.44 0.642 0.782 0.902 0.96 0.976 0.99
Generation: 45
fullpopTest 1.000000 0.994000 45 100 500 10 0 0.002 0.056 0.206 0.4 0.626 0.794 0.912 0.954 0.976 0.994
Generation: 46
fullpopTest 1.000000 0.994000 46 100 500 10 0 0.002 0.072 0.226 0.4 0.618 0.784 0.896 0.948 0.976 0.994
Generation: 47
fullpopTest 1.000000 0.994000 47 100 500 10 0 0.002 0.078 0.244 0.434 0.634 0.798 0.91 0.96 0.984 0.994
Generation: 48
fullpopTest 1.000000 0.996000 48 100 500 10 0 0.002 0.084 0.268 0.492 0.704 0.844 0.926 0.954 0.984 0.996
Generation: 49
fullpopTest 1.000000 0.996000 49 100 500 10 0 0 0.09 0.274 0.474 0.706 0.876 0.93 0.97 0.984 0.996
Generation: 50
fullpopTest 1.000000 0.998000 50 100 500 10 0 0.002 0.116 0.284 0.452 0.66 0.816 0.912 0.976 0.99 0.998
Generation: 51
fullpopTest 1.000000 0.998000 51 100 500 10 0 0.004 0.1 0.268 0.432 0.634 0.828 0.936 0.978 0.988 0.998
Generation: 52
fullpopTest 1.000000 1.000000 52 100 500 10 0 0.002 0.1 0.314 0.508 0.746 0.916 0.97 0.998 0.998 1
fullpopTest 1.000000 1.000000 53 100 500 10 0 0.004 0.108 0.344 0.552 0.776 0.932 0.98 0.996 0.998 1
Generation: 0
fullpopTest 1.000000 0.188000 0 100 500 10 0 0 0.008 0.026 0.046 0.066 0.09 0.114 0.148 0.164 0.188
Generation: 1
fullpopTest 1.000000 0.206000 1 100 500 10 0 0 0.012 0.034 0.06 0.072 0.1 0.126 0.136 0.172 0.206
Generation: 2
fullpopTest 1.000000 0.214000 2 100 500 10 0 0 0.008 0.014 0.036 0.058 0.094 0.13 0.158 0.19 0.214
Generation: 3
fullpopTest 1.000000 0.220000 3 100 500 10 0 0.002 0.016 0.034 0.056 0.086 0.128 0.17 0.202 0.23 0.22
Generation: 4
fullpopTest 1.000000 0.254000 4 100 500 10 0 0 0.006 0.026 0.05 0.078 0.11 0.15 0.196 0.226 0.254
Generation: 5
fullpopTest 1.000000 0.276000 5 100 500 10 0 0 0.008 0.022 0.054 0.078 0.128 0.162 0.202 0.242 0.276
Generation: 6
fullpopTest 1.000000 0.288000 6 100 500 10 0 0 0.02 0.038 0.072 0.09 0.132 0.164 0.186 0.228 0.288
Generation: 7
fullpopTest 1.000000 0.328000 7 100 500 10 0 0.002 0.02 0.064 0.104 0.146 0.194 0.228 0.272 0.318 0.328
Generation: 8
fullpopTest 1.000000 0.334000 8 100 500 10 0 0.002 0.014 0.036 0.08 0.126 0.16 0.224 0.27 0.308 0.334
Generation: 9
fullpopTest 1.000000 0.400000 9 100 500 10 0 0 0.012 0.062 0.11 0.162 0.226 0.266 0.328 0.38 0.4
Generation: 10
fullpopTest 1.000000 0.410000 10 100 500 10 0 0 0.018 0.052 0.096 0.16 0.214 0.264 0.308 0.342 0.41
Generation: 11
fullpopTest 1.000000 0.468000 11 100 500 10 0 0.002 0.036 0.092 0.164 0.23 0.29 0.348 0.388 0.436 0.468
Generation: 12
fullpopTest 1.000000 0.486000 12 100 500 10 0 0 0.034 0.074 0.13 0.21 0.294 0.35 0.402 0.448 0.486
Generation: 13
fullpopTest 1.000000 0.534000 13 100 500 10 0 0.002 0.042 0.112 0.184 0.242 0.31 0.382 0.44 0.48 0.534
Generation: 14
fullpopTest 1.000000 0.534000 14 100 500 10 0 0.002 0.026 0.074 0.134 0.214 0.296 0.368 0.426 0.474 0.534
Generation: 15
fullpopTest 1.000000 0.586000 15 100 500 10 0 0 0.048 0.122 0.206 0.288 0.38 0.462 0.516 0.566 0.586
Generation: 16
fullpopTest 1.000000 0.614000 16 100 500 10 0 0 0.048 0.112 0.208 0.272 0.358 0.438 0.522 0.598 0.614
Generation: 17
fullpopTest 1.000000 0.616000 17 100 500 10 0 0 0.042 0.104 0.198 0.26 0.338 0.428 0.504 0.562 0.616
Generation: 18
fullpopTest 1.000000 0.626000 18 100 500 10 0 0.002 0.058 0.126 0.236 0.32 0.404 0.478 0.532 0.596 0.626
Generation: 19
fullpopTest 1.000000 0.692000 19 100 500 10 0 0.002 0.028 0.094 0.198 0.284 0.402 0.474 0.568 0.636 0.692
Generation: 20
fullpopTest 1.000000 0.748000 20 100 500 10 0 0 0.05 0.122 0.242 0.366 0.484 0.578 0.66 0.716 0.748
Generation: 21
fullpopTest 1.000000 0.748000 21 100 500 10 0 0 0.052 0.132 0.272 0.408 0.512 0.604 0.694 0.744 0.748
Generation: 22
fullpopTest 1.000000 0.748000 22 100 500 10 0 0.002 0.052 0.122 0.25 0.36 0.484 0.564 0.628 0.706 0.748
Generation: 23
fullpopTest 1.000000 0.762000 23 100 500 10 0 0 0.052 0.134 0.274 0.394 0.528 0.612 0.698 0.754 0.762
Generation: 24
fullpopTest 1.000000 0.784000 24 100 500 10 0 0 0.042 0.15 0.272 0.41 0.506 0.59 0.672 0.736 0.784
Generation: 25
fullpopTest 1.000000 0.830000 25 100 500 10 0 0 0.072 0.192 0.342 0.482 0.59 0.684 0.738 0.774 0.83
Generation: 26
fullpopTest 1.000000 0.836000 26 100 500 10 0 0 0.06 0.144 0.286 0.43 0.57 0.676 0.768 0.84 0.836
Generation: 27
fullpopTest 1.000000 0.836000 27 100 500 10 0 0.002 0.064 0.17 0.328 0.444 0.578 0.668 0.742 0.816 0.836
Generation: 28
fullpopTest 1.000000 0.842000 28 100 500 10 0 0.002 0.054 0.178 0.334 0.474 0.594 0.71 0.768 0.818 0.842
Generation: 29
fullpopTest 1.000000 0.884000 29 100 500 10 0 0.002 0.064 0.182 0.38 0.536 0.67 0.756 0.824 0.878 0.884
Generation: 30
fullpopTest 1.000000 0.884000 30 100 500 10 0 0.002 0.058 0.18 0.39 0.54 0.666 0.762 0.824 0.868 0.884
Generation: 31
fullpopTest 1.000000 0.888000 31 100 500 10 0 0 0.054 0.18 0.364 0.506 0.632 0.746 0.816 0.876 0.888
Generation: 32
fullpopTest 1.000000 0.896000 32 100 500 10 0 0.002 0.06 0.182 0.384 0.52 0.684 0.78 0.844 0.898 0.896
Generation: 33
fullpopTest 1.000000 0.914000 33 100 500 10 0 0 0.07 0.182 0.376 0.546 0.702 0.8 0.856 0.902 0.914
Generation: 34
fullpopTest 1.000000 0.922000 34 100 500 10 0 0.002 0.06 0.192 0.378 0.546 0.688 0.794 0.854 0.9 0.922
Generation: 35
fullpopTest 1.000000 0.932000 35 100 500 10 0 0.004 0.066 0.192 0.364 0.55 0.706 0.802 0.87 0.906 0.932
Generation: 36
fullpopTest 1.000000 0.940000 36 100 500 10 0 0.002 0.066 0.176 0.35 0.522 0.716 0.84 0.89 0.926 0.94
Generation: 37
fullpopTest 1.000000 0.950000 37 100 500 10 0 0 0.05 0.186 0.37 0.534 0.706 0.808 0.89 0.926 0.95
Generation: 38
fullpopTest 1.000000 0.952000 38 100 500 10 0 0.002 0.036 0.154 0.358 0.548 0.692 0.82 0.902 0.95 0.952
Generation: 39
fullpopTest 1.000000 0.964000 39 100 500 10 0 0 0.05 0.176 0.392 0.544 0.7 0.804 0.886 0.934 0.964
Generation: 40
fullpopTest 1.000000 0.970000 40 100 500 10 0 0 0.054 0.162 0.368 0.526 0.69 0.828 0.908 0.954 0.97
Generation: 41
fullpopTest 1.000000 0.972000 41 100 500 10 0 0.002 0.084 0.198 0.434 0.604 0.74 0.842 0.882 0.928 0.972
Generation: 42
fullpopTest 1.000000 0.976000 42 100 500 10 0 0.004 0.066 0.204 0.418 0.65 0.794 0.87 0.91 0.94 0.976
Generation: 43
fullpopTest 1.000000 0.978000 43 100 500 10 0 0.002 0.086 0.24 0.466 0.682 0.82 0.92 0.954 0.978 0.978
Generation: 44
fullpopTest 1.000000 0.978000 44 100 500 10 0 0.002 0.078 0.262 0.474 0.656 0.83 0.916 0.952 0.982 0.978
Generation: 45
fullpopTest 1.000000 0.992000 45 100 500 10 0 0 0.08 0.236 0.472 0.676 0.822 0.922 0.958 0.974 0.992
Generation: 46
fullpopTest 1.000000 0.992000 46 100 500 10 0 0.002 0.07 0.212 0.436 0.636 0.8 0.894 0.94 0.956 0.992
Generation: 47
fullpopTest 1.000000 0.992000 47 100 500 10 0 0.002 0.076 0.236 0.456 0.648 0.832 0.936 0.964 0.982 0.992
Generation: 48
fullpopTest 1.000000 0.992000 48 100 500 10 0 0.002 0.074 0.23 0.442 0.658 0.836 0.908 0.954 0.964 0.992
Generation: 49
fullpopTest 1.000000 0.992000 49 100 500 10 0 0 0.074 0.244 0.49 0.66 0.82 0.92 0.958 0.976 0.992
Generation: 50
fullpopTest 1.000000 0.992000 50 100 500 10 0 0.002 0.082 0.228 0.458 0.664 0.808 0.902 0.946 0.974 0.992
Generation: 51
fullpopTest 1.000000 0.992000 51 100 500 10 0 0 0.082 0.22 0.428 0.65 0.818 0.916 0.96 0.976 0.992
Generation: 52
fullpopTest 1.000000 0.992000 52 100 500 10 0 0 0.084 0.234 0.47 0.67 0.812 0.888 0.926 0.964 0.992
Generation: 53
fullpopTest 1.000000 0.996000 53 100 500 10 0 0.002 0.074 0.28 0.51 0.716 0.886 0.942 0.962 0.978 0.996
Generation: 54
fullpopTest 1.000000 0.998000 54 100 500 10 0 0.002 0.088 0.266 0.538 0.79 0.922 0.97 0.994 0.996 0.998
Generation: 55
fullpopTest 1.000000 0.998000 55 100 500 10 0 0.002 0.082 0.284 0.496 0.764 0.906 0.97 0.998 0.998 0.998
Generation: 56
fullpopTest 1.000000 1.000000 56 100 500 10 0 0.002 0.088 0.258 0.504 0.762 0.896 0.962 0.988 0.99 1
fullpopTest 1.000000 1.000000 57 100 500 10 0 0.002 0.092 0.264 0.506 0.756 0.882 0.956 0.982 0.988 1
Generation: 0
fullpopTest 1.000000 0.182000 0 100 500 10 0 0 0.006 0.02 0.04 0.078 0.102 0.134 0.16 0.18 0.182
Generation: 1
fullpopTest 1.000000 0.246000 1 100 500 10 0 0 0.004 0.018 0.034 0.06 0.09 0.112 0.14 0.17 0.246
Generation: 2
fullpopTest 1.000000 0.246000 2 100 500 10 0 0 0.004 0.024 0.038 0.064 0.098 0.122 0.152 0.17 0.246
Generation: 3
fullpopTest 1.000000 0.266000 3 100 500 10 0 0 0.006 0.02 0.046 0.068 0.1 0.144 0.178 0.224 0.266
Generation: 4
fullpopTest 1.000000 0.290000 4 100 500 10 0 0 0.006 0.012 0.032 0.076 0.114 0.146 0.216 0.266 0.29
Generation: 5
fullpopTest 1.000000 0.320000 5 100 500 10 0 0.002 0.006 0.032 0.074 0.126 0.198 0.258 0.306 0.354 0.32
Generation: 6
fullpopTest 1.000000 0.366000 6 100 500 10 0 0.002 0.012 0.038 0.058 0.104 0.148 0.198 0.262 0.3 0.366
Generation: 7
fullpopTest 1.000000 0.430000 7 100 500 10 0 0 0.006 0.046 0.094 0.148 0.222 0.294 0.368 0.426 0.43
Generation: 8
fullpopTest 1.000000 0.436000 8 100 500 10 0 0.002 0.012 0.04 0.074 0.14 0.218 0.284 0.36 0.422 0.436
Generation: 9
fullpopTest 1.000000 0.448000 9 100 500 10 0 0.002 0.018 0.05 0.1 0.156 0.23 0.296 0.366 0.436 0.448
Generation: 10
fullpopTest 1.000000 0.536000 10 100 500 10 0 0 0.018 0.048 0.114 0.168 0.258 0.328 0.422 0.5 0.536
Generation: 11
fullpopTest 1.000000 0.550000 11 100 500 10 0 0 0.03 0.086 0.156 0.234 0.34 0.428 0.502 0.576 0.55
Generation: 12
fullpopTest 1.000000 0.574000 12 100 500 10 0 0.002 0.008 0.07 0.138 0.214 0.296 0.392 0.466 0.542 0.574
Generation: 13
fullpopTest 1.000000 0.634000 13 100 500 10 0 0 0.024 0.072 0.152 0.228 0.328 0.414 0.544 0.622 0.634
Generation: 14
fullpopTest 1.000000 0.688000 14 100 500 10 0 0 0.032 0.088 0.188 0.286 0.39 0.488 0.576 0.654 0.688
Generation: 15
fullpopTest 1.000000 0.688000 15 100 500 10 0 0 0.038 0.082 0.206 0.304 0.398 0.5 0.58 0.658 0.688
Generation: 16
fullpopTest 1.000000 0.704000 16 100 500 10 0 0.002 0.038 0.12 0.216 0.352 0.474 0.574 0.66 0.714 0.704
Generation: 17
fullpopTest 1.000000 0.718000 17 100 500 10 0 0 0.04 0.112 0.214 0.34 0.454 0.54 0.636 0.724 0.718
Generation: 18
fullpopTest 1.000000 0.740000 18 100 500 10 0 0 0.048 0.13 0.222 0.322 0.448 0.568 0.66 0.724 0.74
Generation: 19
fullpopTest 1.000000 0.792000 19 100 500 10 0 0 0.04 0.098 0.22 0.352 0.514 0.63 0.724 0.776 0.792
Generation: 20
fullpopTest 1.000000 0.794000 20 100 500 10 0 0.002 0.066 0.144 0.262 0.396 0.546 0.644 0.716 0.776 0.794
Generation: 21
fullpopTest 1.000000 0.826000 21 100 500 10 0 0.002 0.056 0.136 0.266 0.434 0.544 0.654 0.754 0.794 0.826
Generation: 22
fullpopTest 1.000000 0.842000 22 100 500 10 0 0 0.05 0.134 0.27 0.41 0.55 0.664 0.738 0.798 0.842
Generation: 23
fullpopTest 1.000000 0.856000 23 100 500 10 0 0 0.076 0.156 0.278 0.436 0.56 0.682 0.764 0.828 0.856
Generation: 24
fullpopTest 1.000000 0.878000 24 100 500 10 0 0.004 0.076 0.168 0.316 0.492 0.644 0.764 0.85 0.89 0.878
Generation: 25
fullpopTest 1.000000 0.910000 25 100 500 10 0 0.002 0.064 0.158 0.278 0.444 0.592 0.702 0.79 0.866 0.91
Generation: 26
fullpopTest 1.000000 0.910000 26 100 500 10 0 0 0.064 0.146 0.26 0.424 0.572 0.7 0.79 0.848 0.91
Generation: 27
fullpopTest 1.000000 0.916000 27 100 500 10 0 0 0.076 0.19 0.34 0.516 0.668 0.782 0.854 0.902 0.916
Generation: 28
fullpopTest 1.000000 0.946000 28 100 500 10 0 0 0.064 0.164 0.324 0.548 0.722 0.832 0.908 0.942 0.946
Generation: 29
fullpopTest 1.000000 0.946000 29 100 500 10 0 0.002 0.072 0.186 0.326 0.52 0.696 0.818 0.892 0.934 0.946
Generation: 30
fullpopTest 1.000000 0.954000 30 100 500 10 0 0.002 0.084 0.208 0.342 0.502 0.69 0.802 0.886 0.92 0.954
Generation: 31
fullpopTest 1.000000 0.958000 31 100 500 10 0 0.002 0.088 0.26 0.402 0.618 0.774 0.884 0.926 0.95 0.958
Generation: 32
fullpopTest 1.000000 0.974000 32 100 500 10 0 0.002 0.092 0.234 0.386 0.558 0.732 0.838 0.916 0.948 0.974
Generation: 33
fullpopTest 1.000000 0.984000 33 100 500 10 0 0.004 0.092 0.254 0.418 0.618 0.826 0.928 0.972 0.986 0.984
Generation: 34
fullpopTest 1.000000 0.986000 34 100 500 10 0 0.002 0.092 0.266 0.458 0.674 0.862 0.944 0.978 0.986 0.986
Generation: 35
fullpopTest 1.000000 0.990000 35 100 500 10 0 0.002 0.098 0.292 0.466 0.678 0.846 0.93 0.964 0.98 0.99
Generation: 36
fullpopTest 1.000000 0.996000 36 100 500 10 0 0.002 0.1 0.294 0.486 0.724 0.892 0.968 0.98 0.99 0.996
Generation: 37
fullpopTest 1.000000 0.998000 37 100 500 10 0 0 0.102 0.298 0.492 0.716 0.904 0.958 0.976 0.982 0.998
Generation: 38
fullpopTest 1.000000 0.998000 38 100 500 10 0 0.002 0.098 0.29 0.466 0.696 0.878 0.962 0.988 0.996 0.998
Generation: 39
fullpopTest 1.000000 0.998000 39 100 500 10 0 0.002 0.104 0.296 0.464 0.706 0.858 0.934 0.97 0.984 0.998
Generation: 40
fullpopTest 1.000000 0.998000 40 100 500 10 0 0 0.096 0.298 0.456 0.684 0.85 0.942 0.98 0.992 0.998
Generation: 41
fullpopTest 1.000000 0.998000 41 100 500 10 0 0.002 0.114 0.314 0.492 0.71 0.886 0.972 0.986 0.99 0.998
Generation: 42
fullpopTest 1.000000 0.998000 42 100 500 10 0 0.002 0.102 0.316 0.488 0.7 0.868 0.956 0.99 0.996 0.998
Generation: 43
fullpopTest 1.000000 1.000000 43 100 500 10 0 0.002 0.102 0.3 0.486 0.682 0.868 0.948 0.974 0.988 1
fullpopTest 1.000000 1.000000 44 100 500 10 0 0.002 0.098 0.298 0.478 0.666 0.856 0.952 0.984 0.996 1
Generation: 0
fullpopTest 1.000000 0.192000 0 100 500 10 0 0 0.006 0.028 0.064 0.086 0.1 0.12 0.146 0.168 0.192
Generation: 1
fullpopTest 1.000000 0.212000 1 100 500 10 0 0 0.008 0.04 0.078 0.11 0.146 0.186 0.226 0.242 0.212
Generation: 2
fullpopTest 1.000000 0.266000 2 100 500 10 0 0 0.014 0.038 0.056 0.084 0.13 0.164 0.208 0.238 0.266
Generation: 3
fullpopTest 1.000000 0.282000 3 100 500 10 0 0.002 0.016 0.052 0.076 0.104 0.14 0.186 0.23 0.258 0.282
Generation: 4
fullpopTest 1.000000 0.314000 4 100 500 10 0 0 0.016 0.048 0.076 0.114 0.138 0.178 0.222 0.256 0.314
Generation: 5
fullpopTest 1.000000 0.326000 5 100 500 10 0 0 0.02 0.05 0.094 0.15 0.192 0.218 0.276 0.3 0.326
Generation: 6
fullpopTest 1.000000 0.340000 6 100 500 10 0 0 0.026 0.052 0.094 0.144 0.19 0.228 0.276 0.32 0.34
Generation: 7
fullpopTest 1.000000 0.374000 7 100 500 10 0 0 0.028 0.048 0.088 0.138 0.194 0.252 0.286 0.318 0.374
Generation: 8
fullpopTest 1.000000 0.380000 8 100 500 10 0 0 0.014 0.052 0.082 0.124 0.184 0.246 0.296 0.356 0.38
Generation: 9
fullpopTest 1.000000 0.402000 9 100 500 10 0 0 0.036 0.072 0.128 0.184 0.228 0.282 0.352 0.402 0.402
Generation: 10
fullpopTest 1.000000 0.434000 10 100 500 10 0 0 0.034 0.088 0.14 0.2 0.24 0.294 0.34 0.388 0.434
Generation: 11
fullpopTest 1.000000 0.468000 11 100 500 10 0 0.002 0.028 0.08 0.114 0.196 0.26 0.324 0.402 0.472 0.468
Generation: 12
fullpopTest 1.000000 0.520000 12 100 500 10 0 0.002 0.036 0.104 0.172 0.244 0.32 0.376 0.426 0.486 0.52
Generation: 13
fullpopTest 1.000000 0.560000 13 100 500 10 0 0.002 0.06 0.118 0.196 0.292 0.374 0.45 0.514 0.554 0.56
Generation: 14
fullpopTest 1.000000 0.586000 14 100 500 10 0 0.002 0.054 0.128 0.21 0.302 0.374 0.436 0.49 0.546 0.586
Generation: 15
fullpopTest 1.000000 0.620000 15 100 500 10 0 0 0.06 0.13 0.236 0.316 0.39 0.464 0.532 0.588 0.62
Generation: 16
fullpopTest 1.000000 0.638000 16 100 500 10 0 0.002 0.04 0.104 0.206 0.294 0.376 0.448 0.516 0.592 0.638
Generation: 17
fullpopTest 1.000000 0.660000 17 100 500 10 0 0.002 0.058 0.114 0.23 0.312 0.412 0.49 0.574 0.622 0.66
Generation: 18
fullpopTest 1.000000 0.694000 18 100 500 10 0 0.002 0.054 0.126 0.23 0.318 0.43 0.53 0.612 0.67 0.694
Generation: 19
fullpopTest 1.000000 0.712000 19 100 500 10 0 0.002 0.054 0.13 0.23 0.32 0.456 0.542 0.622 0.692 0.712
Generation: 20
fullpopTest 1.000000 0.774000 20 100 500 10 0 0.002 0.052 0.124 0.24 0.366 0.49 0.588 0.676 0.73 0.774
Generation: 21
fullpopTest 1.000000 0.774000 21 100 500 10 0 0.002 0.048 0.11 0.242 0.358 0.472 0.576 0.652 0.744 0.774
Generation: 22
fullpopTest 1.000000 0.774000 22 100 500 10 0 0 0.066 0.144 0.286 0.398 0.52 0.598 0.672 0.748 0.774
Generation: 23
fullpopTest 1.000000 0.820000 23 100 500 10 0 0.002 0.056 0.14 0.282 0.43 0.556 0.66 0.744 0.816 0.82
Generation: 24
fullpopTest 1.000000 0.838000 24 100 500 10 0 0.002 0.062 0.148 0.292 0.416 0.536 0.646 0.72 0.788 0.838
Generation: 25
fullpopTest 1.000000 0.862000 25 100 500 10 0 0.002 0.074 0.194 0.35 0.494 0.608 0.704 0.774 0.822 0.862
Generation: 26
fullpopTest 1.000000 0.868000 26 100 500 10 0 0 0.054 0.136 0.29 0.426 0.55 0.664 0.782 0.856 0.868
Generation: 27
fullpopTest 1.000000 0.896000 27 100 500 10 0 0.002 0.068 0.158 0.312 0.476 0.622 0.742 0.828 0.882 0.896
Generation: 28
fullpopTest 1.000000 0.906000 28 100 500 10 0 0.002 0.096 0.234 0.414 0.604 0.74 0.822 0.864 0.896 0.906
Generation: 29
fullpopTest 1.000000 0.906000 29 100 500 10 0 0.002 0.08 0.228 0.396 0.57 0.692 0.776 0.818 0.85 0.906
Generation: 30
fullpopTest 1.000000 0.922000 30 100 500 10 0 0.002 0.076 0.204 0.414 0.614 0.74 0.836 0.892 0.922 0.922
Generation: 31
fullpopTest 1.000000 0.936000 31 100 500 10 0 0.002 0.072 0.216 0.408 0.594 0.716 0.816 0.866 0.91 0.936
Generation: 32
fullpopTest 1.000000 0.944000 32 100 500 10 0 0.002 0.07 0.2 0.402 0.62 0.736 0.826 0.874 0.922 0.944
Generation: 33
fullpopTest 1.000000 0.952000 33 100 500 10 0 0.002 0.086 0.278 0.466 0.658 0.78 0.858 0.912 0.94 0.952
Generation: 34
fullpopTest 1.000000 0.964000 34 100 500 10 0 0.002 0.09 0.214 0.384 0.638 0.79 0.892 0.938 0.958 0.964
Generation: 35
fullpopTest 1.000000 0.970000 35 100 500 10 0 0.002 0.076 0.174 0.368 0.588 0.762 0.864 0.934 0.966 0.97
Generation: 36
fullpopTest 1.000000 0.980000 36 100 500 10 0 0.002 0.092 0.258 0.476 0.69 0.83 0.912 0.956 0.972 0.98
Generation: 37
fullpopTest 1.000000 0.982000 37 100 500 10 0 0.002 0.09 0.214 0.394 0.606 0.744 0.842 0.916 0.944 0.982
Generation: 38
fullpopTest 1.000000 0.982000 38 100 500 10 0 0.002 0.094 0.226 0.424 0.632 0.784 0.87 0.932 0.964 0.982
Generation: 39
fullpopTest 1.000000 0.984000 39 100 500 10 0 0.002 0.094 0.244 0.416 0.642 0.786 0.888 0.952 0.974 0.984
Generation: 40
fullpopTest 1.000000 0.990000 40 100 500 10 0 0.002 0.078 0.21 0.384 0.622 0.788 0.896 0.958 0.982 0.99
Generation: 41
fullpopTest 1.000000 0.990000 41 100 500 10 0 0 0.05 0.192 0.384 0.604 0.794 0.896 0.95 0.97 0.99
Generation: 42
fullpopTest 1.000000 0.990000 42 100 500 10 0 0.002 0.084 0.224 0.45 0.656 0.818 0.906 0.954 0.978 0.99
Generation: 43
fullpopTest 1.000000 0.994000 43 100 500 10 0 0.002 0.108 0.246 0.42 0.638 0.806 0.908 0.962 0.982 0.994
Generation: 44
fullpopTest 1.000000 0.994000 44 100 500 10 0 0.002 0.096 0.25 0.44 0.68 0.832 0.93 0.976 0.992 0.994
Generation: 45
fullpopTest 1.000000 0.998000 45 100 500 10 0 0.002 0.082 0.234 0.45 0.702 0.856 0.936 0.974 0.988 0.998
Generation: 46
fullpopTest 1.000000 0.998000 46 100 500 10 0 0.002 0.074 0.212 0.444 0.68 0.836 0.944 0.974 0.988 0.998
Generation: 47
fullpopTest 1.000000 0.998000 47 100 500 10 0 0.002 0.106 0.254 0.442 0.692 0.854 0.936 0.974 0.982 0.998
Generation: 48
fullpopTest 1.000000 1.000000 48 100 500 10 0 0.002 0.112 0.254 0.49 0.718 0.866 0.948 0.98 0.986 1
fullpopTest 1.000000 1.000000 49 100 500 10 0 0.002 0.1 0.246 0.478 0.712 0.872 0.954 0.986 0.996 1
Generation: 0
fullpopTest 1.000000 0.194000 0 100 500 10 0 0 0.01 0.026 0.036 0.056 0.086 0.112 0.13 0.172 0.194
Generation: 1
fullpopTest 1.000000 0.210000 1 100 500 10 0 0 0.01 0.03 0.054 0.078 0.118 0.15 0.178 0.21 0.21
Generation: 2
fullpopTest 1.000000 0.260000 2 100 500 10 0 0.002 0.01 0.032 0.046 0.08 0.132 0.168 0.21 0.264 0.26
Generation: 3
fullpopTest 1.000000 0.272000 3 100 500 10 0 0 0.006 0.02 0.05 0.09 0.126 0.162 0.204 0.24 0.272
Generation: 4
fullpopTest 1.000000 0.300000 4 100 500 10 0 0 0.006 0.036 0.07 0.112 0.15 0.178 0.226 0.276 0.3
Generation: 5
fullpopTest 1.000000 0.338000 5 100 500 10 0 0.002 0.016 0.05 0.084 0.134 0.178 0.222 0.27 0.312 0.338
Generation: 6
fullpopTest 1.000000 0.360000 6 100 500 10 0 0.002 0.014 0.042 0.074 0.114 0.152 0.206 0.256 0.306 0.36
Generation: 7
fullpopTest 1.000000 0.394000 7 100 500 10 0 0 0.01 0.034 0.08 0.14 0.184 0.228 0.294 0.348 0.394
Generation: 8
fullpopTest 1.000000 0.436000 8 100 500 10 0 0 0.014 0.06 0.104 0.144 0.224 0.28 0.326 0.38 0.436
Generation: 9
fullpopTest 1.000000 0.442000 9 100 500 10 0 0 0.018 0.05 0.104 0.17 0.236 0.314 0.386 0.446 0.442
Generation: 10
fullpopTest 1.000000 0.492000 10 100 500 10 0 0.002 0.02 0.062 0.13 0.19 0.274 0.354 0.416 0.488 0.492
Generation: 11
fullpopTest 1.000000 0.552000 11 100 500 10 0 0.002 0.02 0.072 0.142 0.216 0.318 0.394 0.464 0.53 0.552
Generation: 12
fullpopTest 1.000000 0.558000 12 100 500 10 0 0.002 0.026 0.072 0.14 0.21 0.302 0.39 0.49 0.56 0.558
Generation: 13
fullpopTest 1.000000 0.590000 13 100 500 10 0 0 0.03 0.09 0.162 0.252 0.332 0.402 0.474 0.534 0.59
Generation: 14
fullpopTest 1.000000 0.612000 14 100 500 10 0 0.002 0.03 0.088 0.15 0.236 0.328 0.404 0.498 0.572 0.612
Generation: 15
fullpopTest 1.000000 0.664000 15 100 500 10 0 0 0.022 0.088 0.176 0.266 0.344 0.45 0.538 0.6 0.664
Generation: 16
fullpopTest 1.000000 0.710000 16 100 500 10 0 0 0.03 0.082 0.182 0.272 0.354 0.47 0.576 0.686 0.71
Generation: 17
fullpopTest 1.000000 0.710000 17 100 500 10 0 0.002 0.026 0.082 0.184 0.284 0.402 0.524 0.632 0.71 0.71
Generation: 18
fullpopTest 1.000000 0.760000 18 100 500 10 0 0.002 0.04 0.114 0.214 0.336 0.44 0.544 0.648 0.744 0.76
Generation: 19
fullpopTest 1.000000 0.780000 19 100 500 10 0 0.002 0.034 0.116 0.232 0.324 0.454 0.568 0.668 0.782 0.78
Generation: 20
fullpopTest 1.000000 0.796000 20 100 500 10 0 0.002 0.034 0.108 0.234 0.332 0.482 0.584 0.672 0.762 0.796
Generation: 21
fullpopTest 1.000000 0.824000 21 100 500 10 0 0.002 0.03 0.094 0.226 0.346 0.494 0.612 0.726 0.826 0.824
Generation: 22
fullpopTest 1.000000 0.854000 22 100 500 10 0 0.002 0.046 0.096 0.266 0.408 0.566 0.698 0.782 0.85 0.854
Generation: 23
fullpopTest 1.000000 0.906000 23 100 500 10 0 0.002 0.046 0.13 0.292 0.428 0.58 0.71 0.81 0.88 0.906
Generation: 24
fullpopTest 1.000000 0.912000 24 100 500 10 0 0 0.036 0.126 0.294 0.472 0.62 0.762 0.848 0.912 0.912
Generation: 25
fullpopTest 1.000000 0.912000 25 100 500 10 0 0.002 0.04 0.144 0.302 0.49 0.642 0.77 0.85 0.904 0.912
Generation: 26
fullpopTest 1.000000 0.934000 26 100 500 10 0 0.002 0.036 0.136 0.288 0.474 0.612 0.738 0.834 0.9 0.934
Generation: 27
fullpopTest 1.000000 0.944000 27 100 500 10 0 0.002 0.054 0.166 0.318 0.478 0.616 0.72 0.85 0.922 0.944
Generation: 28
fullpopTest 1.000000 0.950000 28 100 500 10 0 0.002 0.07 0.194 0.364 0.546 0.686 0.816 0.89 0.93 0.95
Generation: 29
fullpopTest 1.000000 0.976000 29 100 500 10 0 0.002 0.044 0.152 0.322 0.52 0.676 0.832 0.9 0.938 0.976
Generation: 30
fullpopTest 1.000000 0.976000 30 100 500 10 0 0.002 0.05 0.162 0.342 0.52 0.678 0.798 0.912 0.954 0.976
Generation: 31
fullpopTest 1.000000 0.976000 31 100 500 10 0 0.002 0.066 0.168 0.338 0.54 0.676 0.824 0.906 0.96 0.976
Generation: 32
fullpopTest 1.000000 0.976000 32 100 500 10 0 0.002 0.054 0.174 0.334 0.526 0.674 0.804 0.888 0.944 0.976
Generation: 33
fullpopTest 1.000000 0.976000 33 100 500 10 0 0 0.056 0.148 0.322 0.508 0.65 0.802 0.906 0.952 0.976
Generation: 34
fullpopTest 1.000000 0.980000 34 100 500 10 0 0.002 0.038 0.152 0.334 0.528 0.678 0.842 0.92 0.966 0.98
Generation: 35
fullpopTest 1.000000 0.988000 35 100 500 10 0 0.002 0.086 0.234 0.432 0.646 0.794 0.902 0.964 0.984 0.988
Generation: 36
fullpopTest 1.000000 0.992000 36 100 500 10 0 0.002 0.096 0.226 0.422 0.634 0.79 0.91 0.958 0.982 0.992
Generation: 37
fullpopTest 1.000000 0.992000 37 100 500 10 0 0.002 0.106 0.238 0.434 0.618 0.752 0.854 0.936 0.98 0.992
Generation: 38
fullpopTest 1.000000 0.996000 38 100 500 10 0 0.002 0.114 0.254 0.448 0.666 0.812 0.92 0.966 0.99 0.996
Generation: 39
fullpopTest 1.000000 0.998000 39 100 500 10 0 0.002 0.082 0.228 0.434 0.698 0.852 0.95 0.99 0.998 0.998
Generation: 40
fullpopTest 1.000000 0.998000 40 100 500 10 0 0.002 0.114 0.238 0.44 0.686 0.832 0.928 0.968 0.988 0.998
Generation: 41
fullpopTest 1.000000 1.000000 41 100 500 10 0 0.002 0.106 0.26 0.452 0.702 0.858 0.95 0.988 0.992 1
fullpopTest 1.000000 1.000000 42 100 500 10 0 0.002 0.1 0.266 0.462 0.698 0.86 0.95 0.98 0.99 1
Generation: 0
fullpopTest 1.000000 0.170000 0 100 500 10 0 0 0.01 0.022 0.036 0.05 0.068 0.088 0.1 0.118 0.17
Generation: 1
fullpopTest 1.000000 0.202000 1 100 500 10 0 0 0.014 0.024 0.044 0.074 0.096 0.128 0.146 0.174 0.202
Generation: 2
fullpopTest 1.000000 0.228000 2 100 500 10 0 0 0.022 0.042 0.062 0.088 0.118 0.15 0.182 0.218 0.228
Generation: 3
fullpopTest 1.000000 0.268000 3 100 500 10 0 0 0.01 0.03 0.058 0.092 0.122 0.148 0.186 0.222 0.268
Generation: 4
fullpopTest 1.000000 0.306000 4 100 500 10 0 0 0.014 0.04 0.068 0.094 0.118 0.142 0.178 0.218 0.306
Generation: 5
fullpopTest 1.000000 0.322000 5 100 500 10 0 0 0.03 0.062 0.1 0.138 0.184 0.212 0.246 0.304 0.322
Generation: 6
fullpopTest 1.000000 0.358000 6 100 500 10 0 0.002 0.018 0.042 0.076 0.104 0.168 0.226 0.282 0.342 0.358
Generation: 7
fullpopTest 1.000000 0.374000 7 100 500 10 0 0 0.02 0.044 0.076 0.132 0.184 0.234 0.296 0.364 0.374
Generation: 8
fullpopTest 1.000000 0.398000 8 100 500 10 0 0 0.014 0.046 0.088 0.122 0.192 0.258 0.31 0.366 0.398
Generation: 9
fullpopTest 1.000000 0.442000 9 100 500 10 0 0.002 0.036 0.064 0.126 0.176 0.258 0.324 0.372 0.43 0.442
Generation: 10
fullpopTest 1.000000 0.476000 10 100 500 10 0 0 0.04 0.074 0.14 0.206 0.274 0.338 0.402 0.474 0.476
Generation: 11
fullpopTest 1.000000 0.476000 11 100 500 10 0 0 0.032 0.07 0.144 0.214 0.286 0.34 0.408 0.476 0.476
Generation: 12
fullpopTest 1.000000 0.514000 12 100 500 10 0 0.002 0.024 0.058 0.134 0.212 0.284 0.382 0.45 0.5 0.514
Generation: 13
fullpopTest 1.000000 0.530000 13 100 500 10 0 0.002 0.054 0.106 0.18 0.25 0.318 0.384 0.456 0.504 0.53
Generation: 14
fullpopTest 1.000000 0.604000 14 100 500 10 0 0 0.038 0.064 0.148 0.252 0.33 0.406 0.482 0.566 0.604
Generation: 15
fullpopTest 1.000000 0.604000 15 100 500 10 0 0 0.05 0.1 0.164 0.262 0.328 0.422 0.522 0.618 0.604
Generation: 16
fullpopTest 1.000000 0.652000 16 100 500 10 0 0 0.06 0.098 0.172 0.276 0.358 0.468 0.554 0.646 0.652
Generation: 17
fullpopTest 1.000000 0.670000 17 100 500 10 0 0.002 0.042 0.084 0.168 0.256 0.364 0.464 0.538 0.616 0.67
Generation: 18
fullpopTest 1.000000 0.706000 18 100 500 10 0 0.002 0.06 0.098 0.182 0.302 0.426 0.538 0.654 0.718 0.706
Generation: 19
fullpopTest 1.000000 0.730000 19 100 500 10 0 0 0.054 0.118 0.206 0.332 0.416 0.546 0.642 0.714 0.73
Generation: 20
fullpopTest 1.000000 0.746000 20 100 500 10 0 0 0.044 0.086 0.166 0.284 0.416 0.526 0.628 0.702 0.746
Generation: 21
fullpopTest 1.000000 0.792000 21 100 500 10 0 0.002 0.082 0.152 0.242 0.364 0.474 0.602 0.694 0.778 0.792
Generation: 22
fullpopTest 1.000000 0.800000 22 100 500 10 0 0.002 0.06 0.122 0.216 0.34 0.452 0.578 0.704 0.788 0.8
Generation: 23
fullpopTest 1.000000 0.866000 23 100 500 10 0 0.002 0.07 0.136 0.248 0.378 0.524 0.654 0.788 0.858 0.866
Generation: 24
fullpopTest 1.000000 0.866000 24 100 500 10 0 0 0.054 0.112 0.216 0.368 0.506 0.642 0.77 0.846 0.866
Generation: 25
fullpopTest 1.000000 0.890000 25 100 500 10 0 0 0.068 0.15 0.258 0.402 0.53 0.676 0.788 0.858 0.89
Generation: 26
fullpopTest 1.000000 0.896000 26 100 500 10 0 0.002 0.054 0.148 0.242 0.37 0.544 0.654 0.794 0.874 0.896
Generation: 27
fullpopTest 1.000000 0.898000 27 100 500 10 0 0.002 0.076 0.15 0.276 0.438 0.578 0.71 0.806 0.886 0.898
Generation: 28
fullpopTest 1.000000 0.932000 28 100 500 10 0 0.002 0.066 0.162 0.288 0.454 0.622 0.748 0.864 0.92 0.932
Generation: 29
fullpopTest 1.000000 0.932000 29 100 500 10 0 0 0.074 0.178 0.29 0.444 0.588 0.72 0.814 0.876 0.932
Generation: 30
fullpopTest 1.000000 0.950000 30 100 500 10 0 0.002 0.096 0.19 0.312 0.486 0.658 0.806 0.882 0.926 0.95
Generation: 31
fullpopTest 1.000000 0.954000 31 100 500 10 0 0.002 0.094 0.218 0.354 0.544 0.7 0.81 0.894 0.938 0.954
Generation: 32
fullpopTest 1.000000 0.964000 32 100 500 10 0 0.002 0.086 0.222 0.368 0.534 0.708 0.824 0.914 0.958 0.964
Generation: 33
fullpopTest 1.000000 0.972000 33 100 500 10 0 0.002 0.078 0.182 0.33 0.496 0.688 0.822 0.912 0.964 0.972
Generation: 34
fullpopTest 1.000000 0.976000 34 100 500 10 0 0.002 0.084 0.212 0.326 0.508 0.672 0.792 0.886 0.942 0.976
Generation: 35
fullpopTest 1.000000 0.980000 35 100 500 10 0 0 0.092 0.214 0.362 0.55 0.714 0.868 0.95 0.986 0.98
Generation: 36
fullpopTest 1.000000 0.980000 36 100 500 10 0 0.002 0.092 0.208 0.348 0.528 0.714 0.836 0.934 0.974 0.98
Generation: 37
fullpopTest 1.000000 0.992000 37 100 500 10 0 0.002 0.088 0.24 0.38 0.548 0.73 0.862 0.932 0.97 0.992
Generation: 38
fullpopTest 1.000000 0.992000 38 100 500 10 0 0 0.086 0.23 0.366 0.53 0.716 0.846 0.936 0.974 0.992
Generation: 39
fullpopTest 1.000000 0.994000 39 100 500 10 0 0.002 0.104 0.248 0.394 0.566 0.766 0.886 0.956 0.992 0.994
Generation: 40
fullpopTest 1.000000 0.996000 40 100 500 10 0 0.002 0.104 0.272 0.424 0.612 0.8 0.906 0.956 0.98 0.996
Generation: 41
fullpopTest 1.000000 0.996000 41 100 500 10 0 0.002 0.102 0.282 0.444 0.61 0.8 0.928 0.968 0.98 0.996
Generation: 42
fullpopTest 1.000000 0.998000 42 100 500 10 0 0.002 0.104 0.244 0.404 0.582 0.794 0.924 0.986 0.998 0.998
Generation: 43
fullpopTest 1.000000 1.000000 43 100 500 10 0 0.002 0.108 0.308 0.476 0.634 0.812 0.934 0.99 1 1
fullpopTest 1.000000 1.000000 44 100 500 10 0 0.002 0.108 0.308 0.478 0.64 0.822 0.944 0.99 0.998 1
Generation: 0
fullpopTest 1.000000 0.204000 0 100 500 10 0 0 0.012 0.026 0.048 0.08 0.106 0.138 0.176 0.198 0.204
Generation: 1
fullpopTest 1.000000 0.240000 1 100 500 10 0 0 0.008 0.03 0.046 0.078 0.106 0.146 0.192 0.246 0.24
Generation: 2
fullpopTest 1.000000 0.274000 2 100 500 10 0 0 0.01 0.018 0.042 0.076 0.102 0.15 0.194 0.248 0.274
Generation: 3
fullpopTest 1.000000 0.292000 3 100 500 10 0 0.002 0.01 0.032 0.05 0.09 0.128 0.17 0.236 0.278 0.292
Generation: 4
fullpopTest 1.000000 0.328000 4 100 500 10 0 0 0.01 0.032 0.068 0.11 0.152 0.228 0.274 0.328 0.328
Generation: 5
fullpopTest 1.000000 0.328000 5 100 500 10 0 0 0.016 0.042 0.07 0.114 0.148 0.212 0.26 0.312 0.328
Generation: 6
fullpopTest 1.000000 0.356000 6 100 500 10 0 0 0.014 0.032 0.082 0.114 0.152 0.202 0.244 0.298 0.356
Generation: 7
fullpopTest 1.000000 0.384000 7 100 500 10 0 0.002 0.024 0.066 0.102 0.148 0.194 0.266 0.32 0.376 0.384
Generation: 8
fullpopTest 1.000000 0.396000 8 100 500 10 0 0 0.006 0.032 0.072 0.108 0.154 0.212 0.276 0.344 0.396
Generation: 9
fullpopTest 1.000000 0.430000 9 100 500 10 0 0 0.01 0.058 0.102 0.154 0.194 0.254 0.316 0.378 0.43
Generation: 10
fullpopTest 1.000000 0.476000 10 100 500 10 0 0.002 0.02 0.064 0.11 0.15 0.214 0.28 0.386 0.456 0.476
Generation: 11
fullpopTest 1.000000 0.476000 11 100 500 10 0 0.002 0.014 0.048 0.106 0.178 0.22 0.3 0.384 0.438 0.476
Generation: 12
fullpopTest 1.000000 0.514000 12 100 500 10 0 0 0.024 0.056 0.114 0.178 0.248 0.34 0.416 0.468 0.514
Generation: 13
fullpopTest 1.000000 0.548000 13 100 500 10 0 0.002 0.016 0.06 0.132 0.194 0.268 0.34 0.384 0.44 0.548
Generation: 14
fullpopTest 1.000000 0.574000 14 100 500 10 0 0.002 0.024 0.088 0.166 0.262 0.354 0.424 0.502 0.578 0.574
Generation: 15
fullpopTest 1.000000 0.598000 15 100 500 10 0 0 0.026 0.09 0.146 0.246 0.338 0.394 0.476 0.532 0.598
Generation: 16
fullpopTest 1.000000 0.612000 16 100 500 10 0 0 0.022 0.094 0.168 0.24 0.342 0.442 0.516 0.584 0.612
Generation: 17
fullpopTest 1.000000 0.652000 17 100 500 10 0 0.002 0.03 0.098 0.17 0.278 0.382 0.492 0.584 0.678 0.652
Generation: 18
fullpopTest 1.000000 0.654000 18 100 500 10 0 0.002 0.034 0.12 0.224 0.332 0.442 0.524 0.598 0.658 0.654
Generation: 19
fullpopTest 1.000000 0.704000 19 100 500 10 0 0 0.032 0.12 0.228 0.318 0.424 0.53 0.636 0.714 0.704
Generation: 20
fullpopTest 1.000000 0.710000 20 100 500 10 0 0 0.04 0.11 0.196 0.296 0.412 0.524 0.608 0.668 0.71
Generation: 21
fullpopTest 1.000000 0.732000 21 100 500 10 0 0.002 0.04 0.134 0.244 0.384 0.478 0.554 0.642 0.72 0.732
Generation: 22
fullpopTest 1.000000 0.770000 22 100 500 10 0 0.002 0.046 0.134 0.25 0.362 0.482 0.576 0.672 0.744 0.77
Generation: 23
fullpopTest 1.000000 0.822000 23 100 500 10 0 0 0.058 0.15 0.26 0.396 0.51 0.63 0.702 0.772 0.822
Generation: 24
fullpopTest 1.000000 0.822000 24 100 500 10 0 0.002 0.046 0.158 0.268 0.358 0.51 0.628 0.714 0.8 0.822
Generation: 25
fullpopTest 1.000000 0.846000 25 100 500 10 0 0.002 0.068 0.172 0.31 0.418 0.562 0.674 0.786 0.852 0.846
Generation: 26
fullpopTest 1.000000 0.868000 26 100 500 10 0 0 0.06 0.154 0.27 0.398 0.556 0.664 0.756 0.85 0.868
Generation: 27
fullpopTest 1.000000 0.868000 27 100 500 10 0 0.002 0.06 0.16 0.292 0.42 0.558 0.71 0.806 0.862 0.868
Generation: 28
fullpopTest 1.000000 0.894000 28 100 500 10 0 0 0.054 0.154 0.288 0.428 0.566 0.672 0.77 0.846 0.894
Generation: 29
fullpopTest 1.000000 0.924000 29 100 500 10 0 0 0.044 0.16 0.322 0.478 0.628 0.72 0.836 0.894 0.924
Generation: 30
fullpopTest 1.000000 0.936000 30 100 500 10 0 0.002 0.092 0.234 0.382 0.524 0.66 0.788 0.86 0.914 0.936
Generation: 31
fullpopTest 1.000000 0.936000 31 100 500 10 0 0 0.074 0.216 0.364 0.552 0.712 0.798 0.876 0.926 0.936
Generation: 32
fullpopTest 1.000000 0.950000 32 100 500 10 0 0.002 0.066 0.22 0.392 0.57 0.704 0.83 0.892 0.93 0.95
Generation: 33
fullpopTest 1.000000 0.958000 33 100 500 10 0 0 0.076 0.216 0.394 0.546 0.74 0.848 0.906 0.952 0.958
Generation: 34
fullpopTest 1.000000 0.968000 34 100 500 10 0 0.004 0.068 0.24 0.426 0.616 0.752 0.846 0.902 0.938 0.968
Generation: 35
fullpopTest 1.000000 0.968000 35 100 500 10 0 0 0.084 0.246 0.406 0.594 0.756 0.85 0.912 0.946 0.968
Generation: 36
fullpopTest 1.000000 0.982000 36 100 500 10 0 0.002 0.114 0.298 0.446 0.63 0.776 0.88 0.934 0.966 0.982
Generation: 37
fullpopTest 1.000000 0.982000 37 100 500 10 0 0.002 0.098 0.262 0.462 0.668 0.798 0.898 0.956 0.978 0.982
Generation: 38
fullpopTest 1.000000 0.982000 38 100 500 10 0 0.002 0.102 0.284 0.462 0.658 0.816 0.91 0.95 0.968 0.982
Generation: 39
fullpopTest 1.000000 0.990000 39 100 500 10 0 0.002 0.086 0.274 0.456 0.672 0.816 0.912 0.958 0.988 0.99
Generation: 40
fullpopTest 1.000000 0.994000 40 100 500 10 0 0.002 0.108 0.278 0.494 0.682 0.838 0.926 0.966 0.988 0.994
Generation: 41
fullpopTest 1.000000 0.994000 41 100 500 10 0 0.002 0.096 0.274 0.482 0.71 0.842 0.916 0.954 0.984 0.994
Generation: 42
fullpopTest 1.000000 0.996000 42 100 500 10 0 0.002 0.096 0.298 0.482 0.716 0.854 0.948 0.978 0.988 0.996
Generation: 43
fullpopTest 1.000000 0.996000 43 100 500 10 0 0 0.106 0.306 0.52 0.702 0.838 0.924 0.97 0.98 0.996
Generation: 44
fullpopTest 1.000000 0.998000 44 100 500 10 0 0 0.09 0.3 0.516 0.716 0.87 0.944 0.98 0.994 0.998
Generation: 45
fullpopTest 1.000000 1.000000 45 100 500 10 0 0.002 0.096 0.294 0.49 0.72 0.88 0.96 0.986 0.994 1
fullpopTest 1.000000 1.000000 46 100 500 10 0 0.004 0.104 0.316 0.518 0.756 0.898 0.958 0.98 0.996 1
Generation: 0
fullpopTest 1.000000 0.262000 0 100 500 10 0 0 0.008 0.024 0.052 0.088 0.118 0.154 0.192 0.228 0.262
Generation: 1
fullpopTest 1.000000 0.282000 1 100 500 10 0 0 0.014 0.046 0.076 0.106 0.13 0.17 0.208 0.24 0.282
Generation: 2
fullpopTest 1.000000 0.326000 2 100 500 10 0 0.002 0.02 0.044 0.076 0.14 0.184 0.238 0.288 0.342 0.326
Generation: 3
fullpopTest 1.000000 0.348000 3 100 500 10 0 0 0.02 0.064 0.118 0.184 0.23 0.284 0.342 0.37 0.348
Generation: 4
fullpopTest 1.000000 0.356000 4 100 500 10 0 0 0.016 0.044 0.084 0.13 0.174 0.236 0.302 0.348 0.356
Generation: 5
fullpopTest 1.000000 0.444000 5 100 500 10 0 0 0.016 0.052 0.092 0.178 0.238 0.302 0.374 0.434 0.444
Generation: 6
fullpopTest 1.000000 0.444000 6 100 500 10 0 0 0.02 0.06 0.11 0.162 0.22 0.292 0.358 0.412 0.444
Generation: 7
fullpopTest 1.000000 0.496000 7 100 500 10 0 0 0.02 0.064 0.118 0.182 0.248 0.33 0.38 0.452 0.496
Generation: 8
fullpopTest 1.000000 0.540000 8 100 500 10 0 0 0.02 0.068 0.128 0.204 0.316 0.434 0.51 0.568 0.54
Generation: 9
fullpopTest 1.000000 0.604000 9 100 500 10 0 0.002 0.028 0.07 0.164 0.256 0.362 0.454 0.538 0.618 0.604
Generation: 10
fullpopTest 1.000000 0.604000 10 100 500 10 0 0.002 0.034 0.106 0.212 0.298 0.404 0.488 0.544 0.602 0.604
Generation: 11
fullpopTest 1.000000 0.638000 11 100 500 10 0 0.002 0.03 0.084 0.188 0.28 0.358 0.47 0.542 0.616 0.638
Generation: 12
fullpopTest 1.000000 0.668000 12 100 500 10 0 0.002 0.076 0.13 0.21 0.292 0.41 0.508 0.602 0.678 0.668
Generation: 13
fullpopTest 1.000000 0.690000 13 100 500 10 0 0 0.072 0.13 0.21 0.318 0.43 0.51 0.602 0.672 0.69
Generation: 14
fullpopTest 1.000000 0.718000 14 100 500 10 0 0 0.036 0.1 0.218 0.312 0.452 0.538 0.628 0.726 0.718
Generation: 15
fullpopTest 1.000000 0.752000 15 100 500 10 0 0.002 0.044 0.128 0.232 0.322 0.474 0.59 0.674 0.764 0.752
Generation: 16
fullpopTest 1.000000 0.796000 16 100 500 10 0 0.002 0.026 0.108 0.22 0.326 0.464 0.576 0.674 0.762 0.796
Generation: 17
fullpopTest 1.000000 0.796000 17 100 500 10 0 0.002 0.042 0.096 0.198 0.344 0.488 0.594 0.678 0.732 0.796
Generation: 18
fullpopTest 1.000000 0.826000 18 100 500 10 0 0.002 0.052 0.16 0.306 0.444 0.562 0.66 0.754 0.81 0.826
Generation: 19
fullpopTest 1.000000 0.836000 19 100 500 10 0 0.002 0.04 0.116 0.238 0.394 0.536 0.648 0.738 0.812 0.836
Generation: 20
fullpopTest 1.000000 0.844000 20 100 500 10 0 0.002 0.058 0.162 0.304 0.454 0.576 0.66 0.738 0.782 0.844
Generation: 21
fullpopTest 1.000000 0.870000 21 100 500 10 0 0 0.044 0.152 0.292 0.432 0.592 0.704 0.798 0.864 0.87
Generation: 22
fullpopTest 1.000000 0.872000 22 100 500 10 0 0.002 0.05 0.15 0.29 0.438 0.596 0.722 0.788 0.85 0.872
Generation: 23
fullpopTest 1.000000 0.898000 23 100 500 10 0 0 0.054 0.148 0.294 0.46 0.622 0.738 0.834 0.878 0.898
Generation: 24
fullpopTest 1.000000 0.904000 24 100 500 10 0 0.002 0.042 0.142 0.296 0.458 0.58 0.708 0.812 0.886 0.904
Generation: 25
fullpopTest 1.000000 0.932000 25 100 500 10 0 0.002 0.05 0.178 0.344 0.52 0.658 0.764 0.858 0.906 0.932
Generation: 26
fullpopTest 1.000000 0.932000 26 100 500 10 0 0.002 0.062 0.162 0.326 0.464 0.6 0.726 0.824 0.89 0.932
Generation: 27
fullpopTest 1.000000 0.938000 27 100 500 10 0 0.002 0.076 0.168 0.332 0.514 0.69 0.8 0.88 0.94 0.938
Generation: 28
fullpopTest 1.000000 0.942000 28 100 500 10 0 0.002 0.044 0.16 0.342 0.502 0.646 0.778 0.86 0.904 0.942
Generation: 29
fullpopTest 1.000000 0.962000 29 100 500 10 0 0.004 0.074 0.194 0.408 0.594 0.748 0.834 0.9 0.94 0.962
Generation: 30
fullpopTest 1.000000 0.962000 30 100 500 10 0 0.002 0.062 0.194 0.392 0.584 0.752 0.866 0.936 0.962 0.962
Generation: 31
fullpopTest 1.000000 0.968000 31 100 500 10 0 0.002 0.066 0.18 0.368 0.566 0.736 0.84 0.914 0.948 0.968
Generation: 32
fullpopTest 1.000000 0.970000 32 100 500 10 0 0.002 0.062 0.186 0.39 0.61 0.774 0.894 0.954 0.974 0.97
Generation: 33
fullpopTest 1.000000 0.978000 33 100 500 10 0 0 0.056 0.192 0.418 0.604 0.77 0.866 0.926 0.952 0.978
Generation: 34
fullpopTest 1.000000 0.982000 34 100 500 10 0 0.002 0.078 0.21 0.416 0.604 0.78 0.874 0.936 0.962 0.982
Generation: 35
fullpopTest 1.000000 0.982000 35 100 500 10 0 0.002 0.074 0.212 0.418 0.62 0.784 0.884 0.942 0.97 0.982
Generation: 36
fullpopTest 1.000000 0.984000 36 100 500 10 0 0 0.068 0.198 0.412 0.62 0.766 0.878 0.944 0.962 0.984
Generation: 37
fullpopTest 1.000000 0.992000 37 100 500 10 0 0.002 0.074 0.19 0.41 0.604 0.778 0.878 0.94 0.974 0.992
Generation: 38
fullpopTest 1.000000 0.996000 38 100 500 10 0 0.002 0.056 0.166 0.378 0.594 0.762 0.882 0.95 0.986 0.996
Generation: 39
fullpopTest 1.000000 1.000000 39 100 500 10 0 0.002 0.06 0.186 0.412 0.66 0.83 0.944 0.99 0.996 1
fullpopTest 1.000000 1.000000 40 100 500 10 0 0.002 0.066 0.188 0.414 0.67 0.846 0.95 0.99 1 1
Generation: 0
fullpopTest 1.000000 0.162000 0 100 500 10 0 0 0.002 0.018 0.034 0.05 0.062 0.09 0.116 0.138 0.162
Generation: 1
fullpopTest 1.000000 0.186000 1 100 500 10 0 0 0.004 0.02 0.042 0.062 0.104 0.12 0.158 0.188 0.186
Generation: 2
fullpopTest 1.000000 0.214000 2 100 500 10 0 0 0.008 0.024 0.044 0.068 0.11 0.144 0.166 0.196 0.214
Generation: 3
fullpopTest 1.000000 0.228000 3 100 500 10 0 0 0.01 0.03 0.048 0.078 0.086 0.104 0.126 0.146 0.228
Generation: 4
fullpopTest 1.000000 0.246000 4 100 500 10 0 0.002 0.008 0.028 0.056 0.08 0.102 0.138 0.17 0.208 0.246
Generation: 5
fullpopTest 1.000000 0.246000 5 100 500 10 0 0 0.008 0.03 0.052 0.072 0.096 0.132 0.18 0.214 0.246
Generation: 6
fullpopTest 1.000000 0.300000 6 100 500 10 0 0 0.01 0.028 0.058 0.102 0.138 0.18 0.23 0.268 0.3
Generation: 7
fullpopTest 1.000000 0.306000 7 100 500 10 0 0 0.004 0.032 0.05 0.076 0.12 0.162 0.206 0.236 0.306
Generation: 8
fullpopTest 1.000000 0.346000 8 100 500 10 0 0 0.014 0.042 0.084 0.132 0.184 0.222 0.276 0.322 0.346
Generation: 9
fullpopTest 1.000000 0.348000 9 100 500 10 0 0 0.008 0.036 0.074 0.142 0.186 0.254 0.308 0.36 0.348
Generation: 10
fullpopTest 1.000000 0.396000 10 100 500 10 0 0 0.016 0.076 0.122 0.162 0.222 0.29 0.332 0.398 0.396
Generation: 11
fullpopTest 1.000000 0.422000 11 100 500 10 0 0 0.016 0.044 0.088 0.156 0.212 0.266 0.342 0.4 0.422
Generation: 12
fullpopTest 1.000000 0.468000 12 100 500 10 0 0 0.012 0.062 0.114 0.174 0.23 0.278 0.356 0.438 0.468
Generation: 13
fullpopTest 1.000000 0.488000 13 100 500 10 0 0 0.024 0.066 0.104 0.194 0.28 0.338 0.398 0.468 0.488
Generation: 14
fullpopTest 1.000000 0.502000 14 100 500 10 0 0.002 0.022 0.068 0.128 0.186 0.278 0.34 0.416 0.498 0.502
Generation: 15
fullpopTest 1.000000 0.534000 15 100 500 10 0 0.002 0.024 0.064 0.154 0.234 0.298 0.36 0.44 0.5 0.534
Generation: 16
fullpopTest 1.000000 0.558000 16 100 500 10 0 0.002 0.024 0.088 0.16 0.248 0.324 0.434 0.498 0.572 0.558
Generation: 17
fullpopTest 1.000000 0.588000 17 100 500 10 0 0.002 0.014 0.06 0.142 0.226 0.302 0.374 0.45 0.496 0.588
Generation: 18
fullpopTest 1.000000 0.602000 18 100 500 10 0 0.002 0.022 0.078 0.134 0.232 0.292 0.37 0.438 0.526 0.602
Generation: 19
fullpopTest 1.000000 0.642000 19 100 500 10 0 0.004 0.034 0.11 0.196 0.308 0.406 0.49 0.576 0.626 0.642
Generation: 20
fullpopTest 1.000000 0.650000 20 100 500 10 0 0.002 0.04 0.12 0.22 0.346 0.442 0.546 0.608 0.668 0.65
Generation: 21
fullpopTest 1.000000 0.674000 21 100 500 10 0 0.002 0.042 0.112 0.226 0.316 0.434 0.53 0.606 0.668 0.674
Generation: 22
fullpopTest 1.000000 0.774000 22 100 500 10 0 0.002 0.034 0.118 0.228 0.354 0.452 0.548 0.622 0.708 0.774
Generation: 23
fullpopTest 1.000000 0.774000 23 100 500 10 0 0 0.05 0.128 0.232 0.346 0.464 0.58 0.648 0.714 0.774
Generation: 24
fullpopTest 1.000000 0.774000 24 100 500 10 0 0.002 0.056 0.128 0.232 0.36 0.472 0.552 0.64 0.694 0.774
Generation: 25
fullpopTest 1.000000 0.826000 25 100 500 10 0 0 0.042 0.13 0.264 0.378 0.504 0.612 0.704 0.772 0.826
Generation: 26
fullpopTest 1.000000 0.826000 26 100 500 10 0 0.002 0.064 0.126 0.244 0.364 0.482 0.596 0.708 0.774 0.826
Generation: 27
fullpopTest 1.000000 0.852000 27 100 500 10 0 0 0.07 0.174 0.318 0.488 0.614 0.71 0.792 0.852 0.852
Generation: 28
fullpopTest 1.000000 0.882000 28 100 500 10 0 0.002 0.07 0.192 0.344 0.486 0.616 0.72 0.792 0.852 0.882
Generation: 29
fullpopTest 1.000000 0.884000 29 100 500 10 0 0 0.058 0.166 0.336 0.468 0.598 0.726 0.804 0.854 0.884
Generation: 30
fullpopTest 1.000000 0.906000 30 100 500 10 0 0.002 0.048 0.176 0.338 0.476 0.606 0.716 0.79 0.862 0.906
Generation: 31
fullpopTest 1.000000 0.908000 31 100 500 10 0 0.002 0.064 0.166 0.314 0.494 0.638 0.752 0.83 0.896 0.908
Generation: 32
fullpopTest 1.000000 0.924000 32 100 500 10 0 0.002 0.068 0.182 0.322 0.506 0.666 0.772 0.834 0.886 0.924
Generation: 33
fullpopTest 1.000000 0.924000 33 100 500 10 0 0 0.072 0.182 0.326 0.494 0.65 0.762 0.818 0.874 0.924
Generation: 34
fullpopTest 1.000000 0.946000 34 100 500 10 0 0.002 0.064 0.194 0.364 0.536 0.69 0.81 0.896 0.946 0.946
Generation: 35
fullpopTest 1.000000 0.946000 35 100 500 10 0 0 0.058 0.172 0.35 0.538 0.68 0.8 0.878 0.922 0.946
Generation: 36
fullpopTest 1.000000 0.946000 36 100 500 10 0 0.004 0.058 0.196 0.35 0.518 0.67 0.786 0.868 0.928 0.946
Generation: 37
fullpopTest 1.000000 0.958000 37 100 500 10 0 0 0.07 0.19 0.328 0.544 0.696 0.826 0.92 0.964 0.958
Generation: 38
fullpopTest 1.000000 0.958000 38 100 500 10 0 0.002 0.088 0.198 0.412 0.614 0.758 0.84 0.906 0.95 0.958
Generation: 39
fullpopTest 1.000000 0.966000 39 100 500 10 0 0.002 0.068 0.172 0.346 0.526 0.684 0.804 0.894 0.938 0.966
Generation: 40
fullpopTest 1.000000 0.970000 40 100 500 10 0 0 0.05 0.186 0.38 0.572 0.746 0.852 0.908 0.946 0.97
Generation: 41
fullpopTest 1.000000 0.970000 41 100 500 10 0 0.002 0.064 0.182 0.374 0.578 0.738 0.858 0.924 0.962 0.97
Generation: 42
fullpopTest 1.000000 0.970000 42 100 500 10 0 0.002 0.068 0.176 0.37 0.56 0.716 0.828 0.896 0.938 0.97
Generation: 43
fullpopTest 1.000000 0.974000 43 100 500 10 0 0.004 0.072 0.204 0.416 0.608 0.77 0.878 0.938 0.964 0.974
Generation: 44
fullpopTest 1.000000 0.980000 44 100 500 10 0 0.002 0.076 0.204 0.46 0.616 0.8 0.892 0.958 0.982 0.98
Generation: 45
fullpopTest 1.000000 0.984000 45 100 500 10 0 0.002 0.082 0.234 0.484 0.646 0.788 0.874 0.948 0.97 0.984
Generation: 46
fullpopTest 1.000000 0.986000 46 100 500 10 0 0.002 0.06 0.186 0.448 0.664 0.838 0.904 0.958 0.98 0.986
Generation: 47
fullpopTest 1.000000 0.994000 47 100 500 10 0 0.002 0.09 0.254 0.5 0.7 0.85 0.94 0.972 0.99 0.994
Generation: 48
fullpopTest 1.000000 0.994000 48 100 500 10 0 0.002 0.096 0.248 0.504 0.688 0.862 0.944 0.978 0.986 0.994
Generation: 49
fullpopTest 1.000000 0.996000 49 100 500 10 0 0.002 0.102 0.27 0.488 0.704 0.856 0.926 0.964 0.984 0.996
Generation: 50
fullpopTest 1.000000 1.000000 50 100 500 10 0 0.002 0.092 0.246 0.498 0.676 0.836 0.93 0.978 0.994 1
fullpopTest 1.000000 1.000000 51 100 500 10 0 0.004 0.112 0.246 0.462 0.67 0.842 0.914 0.958 0.992 1
Generation: 0
fullpopTest 1.000000 0.292000 0 100 500 10 0 0 0.01 0.042 0.07 0.098 0.138 0.176 0.214 0.256 0.292
Generation: 1
fullpopTest 1.000000 0.292000 1 100 500 10 0 0 0.008 0.036 0.066 0.11 0.15 0.21 0.244 0.29 0.292
Generation: 2
fullpopTest 1.000000 0.342000 2 100 500 10 0 0 0.012 0.026 0.064 0.114 0.148 0.204 0.266 0.312 0.342
Generation: 3
fullpopTest 1.000000 0.372000 3 100 500 10 0 0.002 0.01 0.04 0.08 0.138 0.194 0.244 0.28 0.342 0.372
Generation: 4
fullpopTest 1.000000 0.418000 4 100 500 10 0 0 0.008 0.038 0.074 0.122 0.186 0.238 0.298 0.362 0.418
Generation: 5
fullpopTest 1.000000 0.430000 5 100 500 10 0 0 0.01 0.032 0.082 0.12 0.174 0.25 0.312 0.386 0.43
Generation: 6
fullpopTest 1.000000 0.484000 6 100 500 10 0 0 0.012 0.05 0.102 0.174 0.252 0.322 0.39 0.444 0.484
Generation: 7
fullpopTest 1.000000 0.518000 7 100 500 10 0 0 0.012 0.038 0.094 0.18 0.248 0.312 0.378 0.442 0.518
Generation: 8
fullpopTest 1.000000 0.518000 8 100 500 10 0 0 0.016 0.06 0.114 0.17 0.222 0.294 0.362 0.426 0.518
Generation: 9
fullpopTest 1.000000 0.556000 9 100 500 10 0 0 0.018 0.06 0.106 0.188 0.268 0.338 0.42 0.496 0.556
Generation: 10
fullpopTest 1.000000 0.590000 10 100 500 10 0 0 0.038 0.108 0.188 0.286 0.404 0.48 0.544 0.602 0.59
Generation: 11
fullpopTest 1.000000 0.624000 11 100 500 10 0 0 0.038 0.1 0.162 0.25 0.318 0.416 0.498 0.56 0.624
Generation: 12
fullpopTest 1.000000 0.624000 12 100 500 10 0 0 0.032 0.096 0.188 0.286 0.38 0.478 0.55 0.64 0.624
Generation: 13
fullpopTest 1.000000 0.672000 13 100 500 10 0 0.002 0.044 0.116 0.216 0.338 0.438 0.528 0.616 0.688 0.672
Generation: 14
fullpopTest 1.000000 0.710000 14 100 500 10 0 0.002 0.032 0.11 0.228 0.338 0.448 0.548 0.624 0.724 0.71
Generation: 15
fullpopTest 1.000000 0.736000 15 100 500 10 0 0.002 0.048 0.112 0.202 0.322 0.446 0.548 0.648 0.724 0.736
Generation: 16
fullpopTest 1.000000 0.768000 16 100 500 10 0 0.002 0.04 0.092 0.178 0.282 0.406 0.508 0.592 0.686 0.768
Generation: 17
fullpopTest 1.000000 0.798000 17 100 500 10 0 0.002 0.062 0.126 0.234 0.358 0.484 0.588 0.688 0.774 0.798
Generation: 18
fullpopTest 1.000000 0.800000 18 100 500 10 0 0 0.046 0.124 0.242 0.364 0.482 0.584 0.678 0.752 0.8
Generation: 19
fullpopTest 1.000000 0.858000 19 100 500 10 0 0 0.09 0.198 0.332 0.472 0.618 0.728 0.818 0.87 0.858
Generation: 20
fullpopTest 1.000000 0.880000 20 100 500 10 0 0 0.088 0.194 0.34 0.482 0.618 0.72 0.794 0.856 0.88
Generation: 21
fullpopTest 1.000000 0.908000 21 100 500 10 0 0 0.086 0.178 0.32 0.524 0.674 0.788 0.87 0.922 0.908
Generation: 22
fullpopTest 1.000000 0.930000 22 100 500 10 0 0 0.09 0.196 0.34 0.51 0.68 0.786 0.876 0.916 0.93
Generation: 23
fullpopTest 1.000000 0.954000 23 100 500 10 0 0.002 0.096 0.194 0.362 0.544 0.696 0.794 0.866 0.914 0.954
Generation: 24
fullpopTest 1.000000 0.954000 24 100 500 10 0 0 0.092 0.206 0.372 0.56 0.704 0.816 0.866 0.902 0.954
Generation: 25
fullpopTest 1.000000 0.972000 25 100 500 10 0 0.002 0.086 0.186 0.388 0.586 0.742 0.846 0.912 0.948 0.972
Generation: 26
fullpopTest 1.000000 0.972000 26 100 500 10 0 0.002 0.102 0.224 0.42 0.624 0.764 0.858 0.91 0.944 0.972
Generation: 27
fullpopTest 1.000000 0.982000 27 100 500 10 0 0 0.104 0.222 0.398 0.62 0.778 0.876 0.928 0.956 0.982
Generation: 28
fullpopTest 1.000000 0.982000 28 100 500 10 0 0.002 0.098 0.252 0.426 0.644 0.768 0.866 0.928 0.966 0.982
Generation: 29
fullpopTest 1.000000 0.982000 29 100 500 10 0 0.002 0.088 0.234 0.384 0.616 0.736 0.856 0.924 0.958 0.982
Generation: 30
fullpopTest 1.000000 0.982000 30 100 500 10 0 0.002 0.098 0.238 0.406 0.586 0.734 0.844 0.924 0.954 0.982
Generation: 31
fullpopTest 1.000000 0.990000 31 100 500 10 0 0.002 0.1 0.266 0.46 0.682 0.814 0.896 0.946 0.97 0.99
Generation: 32
fullpopTest 1.000000 0.990000 32 100 500 10 0 0.002 0.098 0.226 0.396 0.616 0.772 0.87 0.936 0.96 0.99
Generation: 33
fullpopTest 1.000000 0.994000 33 100 500 10 0 0.002 0.094 0.24 0.456 0.674 0.842 0.928 0.972 0.984 0.994
Generation: 34
fullpopTest 1.000000 0.994000 34 100 500 10 0 0.004 0.09 0.224 0.402 0.634 0.784 0.888 0.952 0.984 0.994
Generation: 35
fullpopTest 1.000000 0.994000 35 100 500 10 0 0.002 0.104 0.25 0.438 0.662 0.812 0.902 0.958 0.986 0.994
Generation: 36
fullpopTest 1.000000 0.996000 36 100 500 10 0 0.002 0.096 0.23 0.386 0.614 0.792 0.902 0.962 0.986 0.996
Generation: 37
fullpopTest 1.000000 0.998000 37 100 500 10 0 0.002 0.1 0.294 0.486 0.712 0.878 0.96 0.992 0.998 0.998
Generation: 38
fullpopTest 1.000000 0.998000 38 100 500 10 0 0.002 0.098 0.276 0.484 0.698 0.86 0.95 0.976 0.99 0.998
Generation: 39
fullpopTest 1.000000 0.998000 39 100 500 10 0 0.002 0.1 0.282 0.472 0.692 0.846 0.936 0.968 0.986 0.998
Generation: 40
fullpopTest 1.000000 0.998000 40 100 500 10 0 0 0.11 0.306 0.522 0.74 0.89 0.952 0.982 0.99 0.998
Generation: 41
fullpopTest 1.000000 0.998000 41 100 500 10 0 0.002 0.094 0.294 0.502 0.726 0.872 0.952 0.978 0.986 0.998
Generation: 42
fullpopTest 1.000000 1.000000 42 100 500 10 0 0.002 0.106 0.242 0.422 0.672 0.842 0.956 0.982 0.988 1
fullpopTest 1.000000 1.000000 43 100 500 10 0 0.002 0.104 0.26 0.448 0.686 0.848 0.936 0.978 0.988 1
Generation: 0
fullpopTest 1.000000 0.290000 0 100 500 10 0 0 0.014 0.032 0.066 0.104 0.146 0.182 0.234 0.262 0.29
Generation: 1
fullpopTest 1.000000 0.310000 1 100 500 10 0 0 0.024 0.036 0.062 0.106 0.142 0.184 0.25 0.304 0.31
Generation: 2
fullpopTest 1.000000 0.378000 2 100 500 10 0 0 0.022 0.056 0.108 0.146 0.204 0.266 0.314 0.362 0.378
Generation: 3
fullpopTest 1.000000 0.388000 3 100 500 10 0 0 0.014 0.046 0.09 0.142 0.18 0.224 0.284 0.338 0.388
Generation: 4
fullpopTest 1.000000 0.430000 4 100 500 10 0 0 0.038 0.074 0.136 0.206 0.274 0.344 0.388 0.44 0.43
Generation: 5
fullpopTest 1.000000 0.450000 5 100 500 10 0 0 0.036 0.084 0.128 0.17 0.254 0.318 0.386 0.452 0.45
Generation: 6
fullpopTest 1.000000 0.488000 6 100 500 10 0 0 0.02 0.066 0.138 0.218 0.286 0.344 0.404 0.466 0.488
Generation: 7
fullpopTest 1.000000 0.522000 7 100 500 10 0 0 0.052 0.08 0.162 0.228 0.312 0.388 0.466 0.518 0.522
Generation: 8
fullpopTest 1.000000 0.560000 8 100 500 10 0 0 0.036 0.086 0.142 0.23 0.292 0.388 0.464 0.55 0.56
Generation: 9
fullpopTest 1.000000 0.600000 9 100 500 10 0 0 0.042 0.106 0.198 0.258 0.32 0.39 0.44 0.498 0.6
Generation: 10
fullpopTest 1.000000 0.606000 10 100 500 10 0 0 0.05 0.102 0.174 0.292 0.36 0.43 0.51 0.58 0.606
Generation: 11
fullpopTest 1.000000 0.628000 11 100 500 10 0 0 0.064 0.146 0.236 0.33 0.392 0.462 0.526 0.588 0.628
Generation: 12
fullpopTest 1.000000 0.660000 12 100 500 10 0 0 0.062 0.124 0.208 0.308 0.408 0.506 0.568 0.644 0.66
Generation: 13
fullpopTest 1.000000 0.726000 13 100 500 10 0 0 0.068 0.124 0.218 0.35 0.424 0.53 0.628 0.698 0.726
Generation: 14
fullpopTest 1.000000 0.740000 14 100 500 10 0 0.002 0.068 0.148 0.25 0.406 0.502 0.604 0.688 0.756 0.74
Generation: 15
fullpopTest 1.000000 0.766000 15 100 500 10 0 0 0.06 0.118 0.23 0.368 0.462 0.57 0.658 0.712 0.766
Generation: 16
fullpopTest 1.000000 0.814000 16 100 500 10 0 0.002 0.098 0.196 0.324 0.476 0.598 0.686 0.766 0.828 0.814
Generation: 17
fullpopTest 1.000000 0.824000 17 100 500 10 0 0.002 0.102 0.224 0.346 0.462 0.584 0.686 0.758 0.804 0.824
Generation: 18
fullpopTest 1.000000 0.840000 18 100 500 10 0 0.002 0.096 0.198 0.316 0.468 0.586 0.686 0.776 0.838 0.84
Generation: 19
fullpopTest 1.000000 0.860000 19 100 500 10 0 0.002 0.108 0.236 0.348 0.468 0.588 0.692 0.762 0.826 0.86
Generation: 20
fullpopTest 1.000000 0.862000 20 100 500 10 0 0.002 0.102 0.216 0.354 0.504 0.636 0.762 0.836 0.886 0.862
Generation: 21
fullpopTest 1.000000 0.876000 21 100 500 10 0 0.002 0.104 0.198 0.326 0.482 0.608 0.71 0.794 0.844 0.876
Generation: 22
fullpopTest 1.000000 0.882000 22 100 500 10 0 0.002 0.106 0.19 0.332 0.514 0.628 0.736 0.81 0.856 0.882
Generation: 23
fullpopTest 1.000000 0.920000 23 100 500 10 0 0.002 0.106 0.252 0.37 0.52 0.66 0.778 0.856 0.894 0.92
Generation: 24
fullpopTest 1.000000 0.932000 24 100 500 10 0 0.002 0.104 0.234 0.372 0.55 0.682 0.784 0.854 0.902 0.932
Generation: 25
fullpopTest 1.000000 0.944000 25 100 500 10 0 0.002 0.104 0.232 0.364 0.504 0.64 0.76 0.834 0.892 0.944
Generation: 26
fullpopTest 1.000000 0.958000 26 100 500 10 0 0.002 0.104 0.244 0.4 0.584 0.73 0.838 0.898 0.936 0.958
Generation: 27
fullpopTest 1.000000 0.958000 27 100 500 10 0 0.002 0.106 0.24 0.36 0.538 0.688 0.816 0.884 0.926 0.958
Generation: 28
fullpopTest 1.000000 0.964000 28 100 500 10 0 0.002 0.108 0.214 0.384 0.56 0.694 0.81 0.89 0.94 0.964
Generation: 29
fullpopTest 1.000000 0.970000 29 100 500 10 0 0.002 0.102 0.272 0.428 0.616 0.758 0.834 0.888 0.934 0.97
Generation: 30
fullpopTest 1.000000 0.970000 30 100 500 10 0 0.002 0.1 0.264 0.426 0.646 0.772 0.858 0.916 0.952 0.97
Generation: 31
fullpopTest 1.000000 0.976000 31 100 500 10 0 0.002 0.108 0.278 0.432 0.622 0.76 0.874 0.94 0.974 0.976
Generation: 32
fullpopTest 1.000000 0.980000 32 100 500 10 0 0.002 0.104 0.26 0.42 0.62 0.754 0.864 0.932 0.954 0.98
Generation: 33
fullpopTest 1.000000 0.980000 33 100 500 10 0 0.002 0.102 0.248 0.412 0.602 0.768 0.868 0.928 0.948 0.98
Generation: 34
fullpopTest 1.000000 0.990000 34 100 500 10 0 0.002 0.112 0.308 0.478 0.686 0.828 0.916 0.974 0.986 0.99
Generation: 35
fullpopTest 1.000000 0.992000 35 100 500 10 0 0.002 0.11 0.318 0.472 0.68 0.834 0.93 0.972 0.986 0.992
Generation: 36
fullpopTest 1.000000 0.992000 36 100 500 10 0 0.002 0.116 0.318 0.466 0.674 0.836 0.926 0.964 0.976 0.992
Generation: 37
fullpopTest 1.000000 0.994000 37 100 500 10 0 0.002 0.11 0.312 0.486 0.7 0.872 0.964 0.988 0.996 0.994
Generation: 38
fullpopTest 1.000000 0.998000 38 100 500 10 0 0.002 0.112 0.314 0.49 0.722 0.874 0.95 0.982 0.996 0.998
Generation: 39
fullpopTest 1.000000 1.000000 39 100 500 10 0 0.002 0.114 0.304 0.478 0.69 0.834 0.938 0.978 0.99 1
fullpopTest 1.000000 1.000000 40 100 500 10 0 0.002 0.112 0.286 0.452 0.668 0.82 0.942 0.986 0.992 1
Generation: 0
fullpopTest 1.000000 0.166000 0 100 500 10 0 0 0.01 0.03 0.046 0.072 0.1 0.128 0.148 0.19 0.166
Generation: 1
fullpopTest 1.000000 0.200000 1 100 500 10 0 0 0.006 0.02 0.046 0.076 0.1 0.128 0.168 0.2 0.2
Generation: 2
fullpopTest 1.000000 0.224000 2 100 500 10 0 0 0.002 0.026 0.044 0.078 0.112 0.14 0.154 0.198 0.224
Generation: 3
fullpopTest 1.000000 0.272000 3 100 500 10 0 0 0.012 0.024 0.042 0.076 0.116 0.15 0.164 0.186 0.272
Generation: 4
fullpopTest 1.000000 0.288000 4 100 500 10 0 0 0.012 0.024 0.056 0.092 0.132 0.19 0.242 0.29 0.288
Generation: 5
fullpopTest 1.000000 0.316000 5 100 500 10 0 0 0.002 0.022 0.056 0.098 0.138 0.184 0.24 0.276 0.316
Generation: 6
fullpopTest 1.000000 0.354000 6 100 500 10 0 0.002 0.01 0.048 0.098 0.146 0.192 0.238 0.308 0.374 0.354
Generation: 7
fullpopTest 1.000000 0.382000 7 100 500 10 0 0.002 0.008 0.034 0.068 0.12 0.178 0.242 0.302 0.372 0.382
Generation: 8
fullpopTest 1.000000 0.428000 8 100 500 10 0 0 0.006 0.022 0.056 0.112 0.188 0.244 0.324 0.398 0.428
Generation: 9
fullpopTest 1.000000 0.450000 9 100 500 10 0 0 0.01 0.034 0.088 0.146 0.214 0.276 0.328 0.388 0.45
Generation: 10
fullpopTest 1.000000 0.486000 10 100 500 10 0 0 0.008 0.032 0.074 0.128 0.2 0.284 0.352 0.43 0.486
Generation: 11
fullpopTest 1.000000 0.498000 11 100 500 10 0 0 0.014 0.058 0.126 0.206 0.276 0.37 0.446 0.516 0.498
Generation: 12
fullpopTest 1.000000 0.562000 12 100 500 10 0 0 0.024 0.068 0.12 0.228 0.308 0.366 0.44 0.528 0.562
Generation: 13
fullpopTest 1.000000 0.566000 13 100 500 10 0 0.002 0.018 0.08 0.13 0.204 0.288 0.38 0.464 0.548 0.566
Generation: 14
fullpopTest 1.000000 0.586000 14 100 500 10 0 0.002 0.016 0.046 0.108 0.19 0.268 0.34 0.436 0.516 0.586
Generation: 15
fullpopTest 1.000000 0.640000 15 100 500 10 0 0 0.02 0.088 0.192 0.292 0.398 0.498 0.598 0.686 0.64
Generation: 16
fullpopTest 1.000000 0.692000 16 100 500 10 0 0 0.028 0.098 0.17 0.276 0.386 0.47 0.554 0.628 0.692
Generation: 17
fullpopTest 1.000000 0.732000 17 100 500 10 0 0 0.032 0.1 0.182 0.312 0.432 0.55 0.652 0.728 0.732
Generation: 18
fullpopTest 1.000000 0.732000 18 100 500 10 0 0.002 0.028 0.102 0.198 0.306 0.422 0.534 0.618 0.726 0.732
Generation: 19
fullpopTest 1.000000 0.782000 19 100 500 10 0 0.002 0.04 0.116 0.232 0.382 0.512 0.616 0.702 0.768 0.782
Generation: 20
fullpopTest 1.000000 0.782000 20 100 500 10 0 0 0.036 0.108 0.232 0.352 0.462 0.558 0.642 0.714 0.782
Generation: 21
fullpopTest 1.000000 0.804000 21 100 500 10 0 0 0.03 0.098 0.22 0.356 0.502 0.638 0.726 0.808 0.804
Generation: 22
fullpopTest 1.000000 0.826000 22 100 500 10 0 0 0.036 0.124 0.262 0.402 0.542 0.65 0.76 0.846 0.826
Generation: 23
fullpopTest 1.000000 0.852000 23 100 500 10 0 0.002 0.018 0.11 0.264 0.406 0.54 0.638 0.74 0.826 0.852
Generation: 24
fullpopTest 1.000000 0.884000 24 100 500 10 0 0.002 0.046 0.156 0.308 0.48 0.612 0.73 0.816 0.864 0.884
Generation: 25
fullpopTest 1.000000 0.904000 25 100 500 10 0 0 0.04 0.134 0.29 0.44 0.59 0.734 0.832 0.904 0.904
Generation: 26
fullpopTest 1.000000 0.920000 26 100 500 10 0 0 0.036 0.132 0.316 0.494 0.632 0.764 0.856 0.902 0.92
Generation: 27
fullpopTest 1.000000 0.924000 27 100 500 10 0 0.002 0.038 0.126 0.304 0.498 0.64 0.76 0.84 0.912 0.924
Generation: 28
fullpopTest 1.000000 0.940000 28 100 500 10 0 0 0.044 0.132 0.334 0.514 0.642 0.758 0.844 0.912 0.94
Generation: 29
fullpopTest 1.000000 0.952000 29 100 500 10 0 0 0.052 0.142 0.312 0.474 0.63 0.77 0.862 0.926 0.952
Generation: 30
fullpopTest 1.000000 0.962000 30 100 500 10 0 0.002 0.036 0.154 0.34 0.524 0.674 0.814 0.89 0.954 0.962
Generation: 31
fullpopTest 1.000000 0.968000 31 100 500 10 0 0.002 0.038 0.142 0.308 0.502 0.67 0.808 0.908 0.952 0.968
Generation: 32
fullpopTest 1.000000 0.976000 32 100 500 10 0 0.002 0.056 0.17 0.38 0.594 0.734 0.854 0.936 0.972 0.976
Generation: 33
fullpopTest 1.000000 0.992000 33 100 500 10 0 0.002 0.042 0.16 0.374 0.616 0.786 0.892 0.956 0.98 0.992
Generation: 34
fullpopTest 1.000000 0.992000 34 100 500 10 0 0 0.042 0.156 0.364 0.578 0.74 0.85 0.932 0.966 0.992
Generation: 35
fullpopTest 1.000000 0.992000 35 100 500 10 0 0.002 0.036 0.16 0.364 0.568 0.726 0.864 0.922 0.952 0.992
Generation: 36
fullpopTest 1.000000 0.992000 36 100 500 10 0 0.002 0.046 0.174 0.384 0.562 0.738 0.872 0.928 0.968 0.992
Generation: 37
fullpopTest 1.000000 0.992000 37 100 500 10 0 0.002 0.05 0.17 0.362 0.594 0.772 0.89 0.958 0.98 0.992
Generation: 38
fullpopTest 1.000000 0.996000 38 100 500 10 0 0 0.042 0.166 0.372 0.612 0.788 0.904 0.962 0.988 0.996
Generation: 39
fullpopTest 1.000000 0.998000 39 100 500 10 0 0 0.044 0.182 0.386 0.618 0.794 0.92 0.974 0.99 0.998
Generation: 40
fullpopTest 1.000000 1.000000 40 100 500 10 0 0.002 0.048 0.174 0.406 0.65 0.816 0.926 0.978 0.994 1
fullpopTest 1.000000 1.000000 41 100 500 10 0 0.002 0.042 0.194 0.45 0.702 0.87 0.968 0.986 0.998 1
Generation: 0
fullpopTest 1.000000 0.266000 0 100 500 10 0 0 0.004 0.016 0.042 0.074 0.104 0.14 0.184 0.228 0.266
Generation: 1
fullpopTest 1.000000 0.266000 1 100 500 10 0 0 0.008 0.034 0.056 0.092 0.138 0.174 0.204 0.248 0.266
Generation: 2
fullpopTest 1.000000 0.322000 2 100 500 10 0 0 0.01 0.032 0.062 0.102 0.154 0.212 0.274 0.342 0.322
Generation: 3
fullpopTest 1.000000 0.354000 3 100 500 10 0 0 0.006 0.026 0.068 0.102 0.132 0.182 0.222 0.304 0.354
Generation: 4
fullpopTest 1.000000 0.368000 4 100 500 10 0 0 0.002 0.034 0.068 0.116 0.172 0.208 0.276 0.334 0.368
Generation: 5
fullpopTest 1.000000 0.416000 5 100 500 10 0 0 0.01 0.036 0.068 0.136 0.184 0.244 0.29 0.356 0.416
Generation: 6
fullpopTest 1.000000 0.428000 6 100 500 10 0 0.004 0.016 0.04 0.082 0.136 0.19 0.254 0.304 0.36 0.428
Generation: 7
fullpopTest 1.000000 0.458000 7 100 500 10 0 0 0.014 0.032 0.08 0.13 0.196 0.254 0.322 0.376 0.458
Generation: 8
fullpopTest 1.000000 0.478000 8 100 500 10 0 0 0.02 0.066 0.116 0.18 0.254 0.326 0.388 0.45 0.478
Generation: 9
fullpopTest 1.000000 0.526000 9 100 500 10 0 0 0.012 0.056 0.118 0.188 0.268 0.366 0.454 0.516 0.526
Generation: 10
fullpopTest 1.000000 0.550000 10 100 500 10 0 0 0.012 0.066 0.122 0.212 0.314 0.386 0.464 0.542 0.55
Generation: 11
fullpopTest 1.000000 0.568000 11 100 500 10 0 0.002 0.014 0.054 0.124 0.204 0.29 0.386 0.482 0.556 0.568
Generation: 12
fullpopTest 1.000000 0.606000 12 100 500 10 0 0.002 0.026 0.068 0.146 0.218 0.302 0.414 0.494 0.564 0.606
Generation: 13
fullpopTest 1.000000 0.646000 13 100 500 10 0 0 0.02 0.076 0.142 0.25 0.342 0.444 0.544 0.632 0.646
Generation: 14
fullpopTest 1.000000 0.646000 14 100 500 10 0 0.002 0.022 0.074 0.14 0.23 0.314 0.426 0.524 0.6 0.646
Generation: 15
fullpopTest 1.000000 0.696000 15 100 500 10 0 0 0.036 0.108 0.178 0.272 0.388 0.504 0.6 0.664 0.696
Generation: 16
fullpopTest 1.000000 0.726000 16 100 500 10 0 0 0.03 0.102 0.21 0.336 0.452 0.546 0.638 0.706 0.726
Generation: 17
fullpopTest 1.000000 0.764000 17 100 500 10 0 0 0.02 0.078 0.194 0.32 0.43 0.552 0.622 0.708 0.764
Generation: 18
fullpopTest 1.000000 0.786000 18 100 500 10 0 0 0.044 0.13 0.244 0.382 0.518 0.616 0.686 0.75 0.786
Generation: 19
fullpopTest 1.000000 0.798000 19 100 500 10 0 0.002 0.034 0.116 0.254 0.388 0.508 0.636 0.726 0.794 0.798
Generation: 20
fullpopTest 1.000000 0.830000 20 100 500 10 0 0.002 0.036 0.126 0.252 0.394 0.52 0.648 0.73 0.798 0.83
Generation: 21
fullpopTest 1.000000 0.864000 21 100 500 10 0 0.002 0.046 0.154 0.298 0.444 0.598 0.708 0.798 0.862 0.864
Generation: 22
fullpopTest 1.000000 0.896000 22 100 500 10 0 0 0.034 0.128 0.28 0.462 0.618 0.732 0.818 0.868 0.896
Generation: 23
fullpopTest 1.000000 0.910000 23 100 500 10 0 0 0.046 0.152 0.33 0.494 0.624 0.738 0.822 0.884 0.91
Generation: 24
fullpopTest 1.000000 0.912000 24 100 500 10 0 0.002 0.05 0.144 0.288 0.464 0.612 0.732 0.834 0.888 0.912
Generation: 25
fullpopTest 1.000000 0.920000 25 100 500 10 0 0 0.042 0.154 0.32 0.488 0.64 0.742 0.822 0.894 0.92
Generation: 26
fullpopTest 1.000000 0.946000 26 100 500 10 0 0.002 0.044 0.152 0.314 0.486 0.648 0.778 0.852 0.92 0.946
Generation: 27
fullpopTest 1.000000 0.946000 27 100 500 10 0 0.002 0.054 0.162 0.342 0.53 0.694 0.83 0.922 0.948 0.946
Generation: 28
fullpopTest 1.000000 0.982000 28 100 500 10 0 0.002 0.046 0.186 0.398 0.628 0.786 0.878 0.942 0.964 0.982
Generation: 29
fullpopTest 1.000000 0.982000 29 100 500 10 0 0 0.064 0.212 0.394 0.604 0.77 0.884 0.944 0.968 0.982
Generation: 30
fullpopTest 1.000000 0.986000 30 100 500 10 0 0.002 0.05 0.202 0.366 0.63 0.784 0.894 0.952 0.982 0.986
Generation: 31
fullpopTest 1.000000 0.986000 31 100 500 10 0 0 0.054 0.202 0.43 0.666 0.818 0.902 0.958 0.986 0.986
Generation: 32
fullpopTest 1.000000 0.986000 32 100 500 10 0 0.002 0.06 0.246 0.424 0.66 0.806 0.9 0.95 0.976 0.986
Generation: 33
fullpopTest 1.000000 0.992000 33 100 500 10 0 0.002 0.076 0.262 0.476 0.714 0.86 0.938 0.978 0.984 0.992
Generation: 34
fullpopTest 1.000000 0.994000 34 100 500 10 0 0.002 0.08 0.29 0.508 0.736 0.882 0.958 0.982 0.992 0.994
Generation: 35
fullpopTest 1.000000 0.996000 35 100 500 10 0 0.002 0.058 0.23 0.44 0.696 0.836 0.938 0.978 0.99 0.996
Generation: 36
fullpopTest 1.000000 0.996000 36 100 500 10 0 0.002 0.068 0.244 0.446 0.702 0.852 0.946 0.976 0.99 0.996
Generation: 37
fullpopTest 1.000000 0.998000 37 100 500 10 0 0.002 0.086 0.29 0.516 0.748 0.892 0.964 0.99 0.994 0.998
Generation: 38
fullpopTest 1.000000 0.998000 38 100 500 10 0 0.002 0.076 0.262 0.462 0.706 0.878 0.956 0.98 0.994 0.998
Generation: 39
fullpopTest 1.000000 1.000000 39 100 500 10 0 0.002 0.066 0.24 0.456 0.726 0.862 0.954 0.988 0.998 1
fullpopTest 1.000000 1.000000 40 100 500 10 0 0.002 0.082 0.272 0.458 0.71 0.874 0.95 0.984 0.992 1
Generation: 0
fullpopTest 1.000000 0.216000 0 100 500 10 0 0 0.006 0.022 0.04 0.064 0.114 0.13 0.148 0.182 0.216
Generation: 1
fullpopTest 1.000000 0.232000 1 100 500 10 0 0 0.004 0.02 0.04 0.056 0.086 0.112 0.146 0.188 0.232
Generation: 2
fullpopTest 1.000000 0.254000 2 100 500 10 0 0 0.006 0.024 0.046 0.08 0.102 0.136 0.172 0.214 0.254
Generation: 3
fullpopTest 1.000000 0.288000 3 100 500 10 0 0 0.008 0.024 0.046 0.068 0.1 0.14 0.188 0.24 0.288
Generation: 4
fullpopTest 1.000000 0.288000 4 100 500 10 0 0.002 0.014 0.036 0.064 0.1 0.138 0.17 0.21 0.262 0.288
Generation: 5
fullpopTest 1.000000 0.302000 5 100 500 10 0 0 0.006 0.022 0.056 0.096 0.142 0.18 0.21 0.246 0.302
Generation: 6
fullpopTest 1.000000 0.396000 6 100 500 10 0 0.002 0.014 0.052 0.092 0.138 0.192 0.244 0.294 0.344 0.396
Generation: 7
fullpopTest 1.000000 0.396000 7 100 500 10 0 0 0.016 0.042 0.074 0.124 0.168 0.22 0.282 0.356 0.396
Generation: 8
fullpopTest 1.000000 0.404000 8 100 500 10 0 0.002 0.016 0.042 0.088 0.152 0.188 0.248 0.312 0.372 0.404
Generation: 9
fullpopTest 1.000000 0.420000 9 100 500 10 0 0 0.022 0.044 0.094 0.162 0.228 0.304 0.366 0.418 0.42
Generation: 10
fullpopTest 1.000000 0.462000 10 100 500 10 0 0.002 0.014 0.038 0.08 0.148 0.218 0.296 0.36 0.418 0.462
Generation: 11
fullpopTest 1.000000 0.480000 11 100 500 10 0 0 0.018 0.064 0.11 0.176 0.244 0.31 0.388 0.45 0.48
Generation: 12
fullpopTest 1.000000 0.536000 12 100 500 10 0 0.002 0.028 0.072 0.138 0.218 0.296 0.376 0.444 0.51 0.536
Generation: 13
fullpopTest 1.000000 0.542000 13 100 500 10 0 0 0.018 0.052 0.098 0.174 0.26 0.37 0.432 0.51 0.542
Generation: 14
fullpopTest 1.000000 0.554000 14 100 500 10 0 0.002 0.022 0.074 0.124 0.22 0.298 0.38 0.468 0.546 0.554
Generation: 15
fullpopTest 1.000000 0.618000 15 100 500 10 0 0 0.024 0.062 0.144 0.218 0.306 0.402 0.48 0.548 0.618
Generation: 16
fullpopTest 1.000000 0.618000 16 100 500 10 0 0 0.018 0.08 0.168 0.256 0.338 0.422 0.506 0.58 0.618
Generation: 17
fullpopTest 1.000000 0.656000 17 100 500 10 0 0.002 0.024 0.092 0.166 0.262 0.382 0.474 0.546 0.592 0.656
Generation: 18
fullpopTest 1.000000 0.704000 18 100 500 10 0 0.002 0.032 0.094 0.198 0.3 0.434 0.558 0.654 0.718 0.704
Generation: 19
fullpopTest 1.000000 0.724000 19 100 500 10 0 0.004 0.032 0.106 0.226 0.332 0.45 0.57 0.644 0.726 0.724
Generation: 20
fullpopTest 1.000000 0.728000 20 100 500 10 0 0 0.02 0.088 0.2 0.32 0.436 0.532 0.628 0.696 0.728
Generation: 21
fullpopTest 1.000000 0.792000 21 100 500 10 0 0 0.022 0.072 0.176 0.3 0.422 0.554 0.64 0.722 0.792
Generation: 22
fullpopTest 1.000000 0.800000 22 100 500 10 0 0 0.018 0.08 0.212 0.332 0.45 0.556 0.656 0.748 0.8
Generation: 23
fullpopTest 1.000000 0.800000 23 100 500 10 0 0 0.024 0.092 0.204 0.33 0.452 0.566 0.678 0.776 0.8
Generation: 24
fullpopTest 1.000000 0.826000 24 100 500 10 0 0.002 0.03 0.102 0.27 0.39 0.528 0.646 0.728 0.806 0.826
Generation: 25
fullpopTest 1.000000 0.832000 25 100 500 10 0 0 0.034 0.118 0.24 0.34 0.466 0.588 0.69 0.792 0.832
Generation: 26
fullpopTest 1.000000 0.852000 26 100 500 10 0 0.002 0.032 0.126 0.286 0.418 0.574 0.682 0.78 0.844 0.852
Generation: 27
fullpopTest 1.000000 0.864000 27 100 500 10 0 0 0.038 0.124 0.258 0.402 0.52 0.65 0.752 0.836 0.864
Generation: 28
fullpopTest 1.000000 0.882000 28 100 500 10 0 0.002 0.03 0.138 0.29 0.436 0.574 0.706 0.794 0.864 0.882
Generation: 29
fullpopTest 1.000000 0.882000 29 100 500 10 0 0.002 0.032 0.136 0.28 0.432 0.564 0.69 0.786 0.87 0.882
Generation: 30
fullpopTest 1.000000 0.894000 30 100 500 10 0 0.002 0.028 0.138 0.328 0.472 0.618 0.726 0.814 0.874 0.894
Generation: 31
fullpopTest 1.000000 0.922000 31 100 500 10 0 0.004 0.056 0.174 0.362 0.52 0.668 0.788 0.868 0.93 0.922
Generation: 32
fullpopTest 1.000000 0.940000 32 100 500 10 0 0.004 0.052 0.184 0.354 0.514 0.654 0.78 0.87 0.926 0.94
Generation: 33
fullpopTest 1.000000 0.940000 33 100 500 10 0 0.002 0.052 0.186 0.366 0.504 0.642 0.756 0.846 0.888 0.94
Generation: 34
fullpopTest 1.000000 0.946000 34 100 500 10 0 0 0.034 0.136 0.312 0.476 0.628 0.732 0.824 0.886 0.946
Generation: 35
fullpopTest 1.000000 0.946000 35 100 500 10 0 0.002 0.048 0.16 0.324 0.478 0.596 0.73 0.816 0.886 0.946
Generation: 36
fullpopTest 1.000000 0.960000 36 100 500 10 0 0.002 0.052 0.194 0.386 0.552 0.682 0.812 0.898 0.936 0.96
Generation: 37
fullpopTest 1.000000 0.960000 37 100 500 10 0 0 0.054 0.19 0.406 0.58 0.72 0.818 0.896 0.946 0.96
Generation: 38
fullpopTest 1.000000 0.972000 38 100 500 10 0 0.004 0.058 0.19 0.396 0.58 0.754 0.884 0.94 0.958 0.972
Generation: 39
fullpopTest 1.000000 0.982000 39 100 500 10 0 0.002 0.056 0.218 0.452 0.62 0.804 0.882 0.938 0.966 0.982
Generation: 40
fullpopTest 1.000000 0.982000 40 100 500 10 0 0.002 0.05 0.208 0.426 0.628 0.764 0.848 0.924 0.956 0.982
Generation: 41
fullpopTest 1.000000 0.982000 41 100 500 10 0 0 0.04 0.174 0.396 0.584 0.766 0.868 0.926 0.962 0.982
Generation: 42
fullpopTest 1.000000 0.982000 42 100 500 10 0 0.002 0.046 0.2 0.416 0.614 0.768 0.878 0.944 0.966 0.982
Generation: 43
fullpopTest 1.000000 0.988000 43 100 500 10 0 0.004 0.07 0.214 0.446 0.642 0.8 0.906 0.954 0.978 0.988
Generation: 44
fullpopTest 1.000000 0.988000 44 100 500 10 0 0.002 0.052 0.222 0.456 0.658 0.826 0.904 0.956 0.982 0.988
Generation: 45
fullpopTest 1.000000 0.988000 45 100 500 10 0 0.002 0.058 0.2 0.442 0.622 0.792 0.898 0.948 0.978 0.988
Generation: 46
fullpopTest 1.000000 0.990000 46 100 500 10 0 0.002 0.052 0.232 0.472 0.68 0.826 0.924 0.958 0.976 0.99
Generation: 47
fullpopTest 1.000000 0.992000 47 100 500 10 0 0.002 0.072 0.24 0.464 0.648 0.8 0.886 0.936 0.964 0.992
Generation: 48
fullpopTest 1.000000 0.996000 48 100 500 10 0 0.004 0.056 0.22 0.462 0.688 0.84 0.934 0.972 0.986 0.996
Generation: 49
fullpopTest 1.000000 0.996000 49 100 500 10 0 0.002 0.056 0.242 0.51 0.688 0.848 0.922 0.962 0.99 0.996
Generation: 50
fullpopTest 1.000000 0.996000 50 100 500 10 0 0.002 0.06 0.238 0.476 0.702 0.864 0.946 0.988 0.998 0.996
Generation: 51
fullpopTest 1.000000 1.000000 51 100 500 10 0 0.002 0.076 0.244 0.49 0.694 0.848 0.944 0.974 0.992 1
fullpopTest 1.000000 1.000000 52 100 500 10 0 0.004 0.052 0.222 0.46 0.638 0.822 0.932 0.972 0.99 1
Generation: 0
fullpopTest 1.000000 0.250000 0 100 500 10 0 0.002 0.018 0.04 0.07 0.098 0.13 0.166 0.212 0.246 0.25
Generation: 1
fullpopTest 1.000000 0.250000 1 100 500 10 0 0 0.01 0.032 0.058 0.108 0.13 0.168 0.192 0.212 0.25
Generation: 2
fullpopTest 1.000000 0.292000 2 100 500 10 0 0.002 0.01 0.032 0.064 0.112 0.144 0.19 0.22 0.268 0.292
Generation: 3
fullpopTest 1.000000 0.306000 3 100 500 10 0 0 0.002 0.038 0.084 0.122 0.148 0.17 0.206 0.256 0.306
Generation: 4
fullpopTest 1.000000 0.322000 4 100 500 10 0 0 0.016 0.04 0.072 0.122 0.162 0.208 0.25 0.29 0.322
Generation: 5
fullpopTest 1.000000 0.356000 5 100 500 10 0 0 0.01 0.05 0.092 0.162 0.202 0.244 0.288 0.338 0.356
Generation: 6
fullpopTest 1.000000 0.362000 6 100 500 10 0 0 0.022 0.056 0.082 0.14 0.18 0.252 0.3 0.35 0.362
Generation: 7
fullpopTest 1.000000 0.406000 7 100 500 10 0 0.002 0.018 0.074 0.122 0.172 0.242 0.312 0.366 0.416 0.406
Generation: 8
fullpopTest 1.000000 0.492000 8 100 500 10 0 0 0.026 0.072 0.126 0.188 0.268 0.332 0.382 0.45 0.492
Generation: 9
fullpopTest 1.000000 0.492000 9 100 500 10 0 0.002 0.02 0.074 0.118 0.18 0.256 0.32 0.394 0.474 0.492
Generation: 10
fullpopTest 1.000000 0.492000 10 100 500 10 0 0 0.022 0.064 0.124 0.19 0.258 0.328 0.39 0.426 0.492
Generation: 11
fullpopTest 1.000000 0.550000 11 100 500 10 0 0 0.036 0.09 0.168 0.246 0.32 0.392 0.472 0.552 0.55
Generation: 12
fullpopTest 1.000000 0.580000 12 100 500 10 0 0 0.044 0.098 0.164 0.252 0.354 0.436 0.498 0.554 0.58
Generation: 13
fullpopTest 1.000000 0.612000 13 100 500 10 0 0 0.02 0.072 0.152 0.248 0.35 0.448 0.526 0.606 0.612
Generation: 14
fullpopTest 1.000000 0.612000 14 100 500 10 0 0 0.024 0.092 0.17 0.248 0.322 0.404 0.486 0.56 0.612
Generation: 15
fullpopTest 1.000000 0.662000 15 100 500 10 0 0 0.042 0.098 0.176 0.296 0.392 0.506 0.588 0.662 0.662
Generation: 16
fullpopTest 1.000000 0.688000 16 100 500 10 0 0 0.024 0.08 0.184 0.3 0.392 0.49 0.582 0.662 0.688
Generation: 17
fullpopTest 1.000000 0.718000 17 100 500 10 0 0 0.026 0.106 0.214 0.328 0.452 0.546 0.612 0.698 0.718
Generation: 18
fullpopTest 1.000000 0.736000 18 100 500 10 0 0.002 0.038 0.132 0.224 0.314 0.424 0.512 0.632 0.702 0.736
Generation: 19
fullpopTest 1.000000 0.804000 19 100 500 10 0 0 0.048 0.15 0.256 0.39 0.502 0.602 0.7 0.792 0.804
Generation: 20
fullpopTest 1.000000 0.804000 20 100 500 10 0 0.002 0.046 0.168 0.296 0.46 0.572 0.656 0.726 0.796 0.804
Generation: 21
fullpopTest 1.000000 0.832000 21 100 500 10 0 0.002 0.052 0.152 0.282 0.442 0.568 0.656 0.75 0.822 0.832
Generation: 22
fullpopTest 1.000000 0.838000 22 100 500 10 0 0 0.05 0.168 0.3 0.418 0.562 0.684 0.76 0.816 0.838
Generation: 23
fullpopTest 1.000000 0.860000 23 100 500 10 0 0 0.064 0.164 0.304 0.44 0.556 0.664 0.754 0.824 0.86
Generation: 24
fullpopTest 1.000000 0.868000 24 100 500 10 0 0 0.072 0.186 0.324 0.452 0.588 0.688 0.786 0.858 0.868
Generation: 25
fullpopTest 1.000000 0.890000 25 100 500 10 0 0 0.072 0.19 0.346 0.506 0.632 0.708 0.786 0.852 0.89
Generation: 26
fullpopTest 1.000000 0.900000 26 100 500 10 0 0 0.06 0.166 0.324 0.494 0.612 0.734 0.81 0.86 0.9
Generation: 27
fullpopTest 1.000000 0.916000 27 100 500 10 0 0.002 0.074 0.21 0.396 0.54 0.668 0.772 0.842 0.894 0.916
Generation: 28
fullpopTest 1.000000 0.916000 28 100 500 10 0 0 0.08 0.2 0.356 0.512 0.642 0.754 0.834 0.896 0.916
Generation: 29
fullpopTest 1.000000 0.930000 29 100 500 10 0 0 0.054 0.17 0.334 0.504 0.638 0.752 0.83 0.89 0.93
Generation: 30
fullpopTest 1.000000 0.932000 30 100 500 10 0 0.002 0.064 0.182 0.36 0.532 0.694 0.802 0.852 0.912 0.932
Generation: 31
fullpopTest 1.000000 0.952000 31 100 500 10 0 0.002 0.072 0.232 0.418 0.56 0.708 0.826 0.89 0.934 0.952
Generation: 32
fullpopTest 1.000000 0.960000 32 100 500 10 0 0.002 0.074 0.236 0.422 0.576 0.716 0.84 0.904 0.95 0.96
Generation: 33
fullpopTest 1.000000 0.960000 33 100 500 10 0 0.002 0.088 0.258 0.438 0.616 0.78 0.866 0.916 0.944 0.96
Generation: 34
fullpopTest 1.000000 0.966000 34 100 500 10 0 0.002 0.084 0.266 0.45 0.63 0.778 0.86 0.904 0.946 0.966
Generation: 35
fullpopTest 1.000000 0.968000 35 100 500 10 0 0.002 0.114 0.3 0.498 0.674 0.77 0.848 0.902 0.936 0.968
Generation: 36
fullpopTest 1.000000 0.978000 36 100 500 10 0 0.002 0.11 0.304 0.52 0.692 0.828 0.906 0.952 0.98 0.978
Generation: 37
fullpopTest 1.000000 0.978000 37 100 500 10 0 0 0.108 0.288 0.52 0.688 0.834 0.91 0.95 0.968 0.978
Generation: 38
fullpopTest 1.000000 0.978000 38 100 500 10 0 0.002 0.104 0.282 0.502 0.66 0.806 0.912 0.958 0.97 0.978
Generation: 39
fullpopTest 1.000000 0.982000 39 100 500 10 0 0 0.052 0.204 0.382 0.59 0.76 0.886 0.962 0.988 0.982
Generation: 40
fullpopTest 1.000000 0.984000 40 100 500 10 0 0 0.054 0.186 0.338 0.544 0.736 0.87 0.944 0.986 0.984
Generation: 41
fullpopTest 1.000000 0.986000 41 100 500 10 0 0.004 0.15 0.32 0.532 0.702 0.822 0.91 0.958 0.98 0.986
Generation: 42
fullpopTest 1.000000 0.988000 42 100 500 10 0 0 0.056 0.194 0.35 0.562 0.734 0.86 0.928 0.974 0.988
Generation: 43
fullpopTest 1.000000 0.992000 43 100 500 10 0 0.002 0.072 0.188 0.342 0.552 0.74 0.878 0.95 0.99 0.992
Generation: 44
fullpopTest 1.000000 0.994000 44 100 500 10 0 0.002 0.068 0.214 0.376 0.586 0.772 0.9 0.974 0.998 0.994
Generation: 45
fullpopTest 1.000000 0.994000 45 100 500 10 0 0 0.082 0.23 0.362 0.592 0.744 0.888 0.962 0.984 0.994
Generation: 46
fullpopTest 1.000000 0.994000 46 100 500 10 0 0.002 0.06 0.196 0.352 0.574 0.762 0.876 0.95 0.982 0.994
Generation: 47
fullpopTest 1.000000 0.994000 47 100 500 10 0 0 0.068 0.212 0.356 0.568 0.748 0.884 0.96 0.986 0.994
Generation: 48
fullpopTest 1.000000 0.996000 48 100 500 10 0 0.004 0.088 0.266 0.444 0.652 0.83 0.936 0.976 0.99 0.996
Generation: 49
fullpopTest 1.000000 0.998000 49 100 500 10 0 0.002 0.07 0.218 0.376 0.586 0.776 0.904 0.978 0.994 0.998
Generation: 50
fullpopTest 1.000000 1.000000 50 100 500 10 0 0.002 0.078 0.23 0.384 0.602 0.8 0.93 0.984 0.994 1
fullpopTest 1.000000 1.000000 51 100 500 10 0 0 0.086 0.26 0.422 0.62 0.806 0.932 0.994 1 1
Generation: 0
fullpopTest 1.000000 0.204000 0 100 500 10 0 0 0.012 0.028 0.042 0.062 0.092 0.12 0.14 0.176 0.204
Generation: 1
fullpopTest 1.000000 0.216000 1 100 500 10 0 0.002 0.016 0.044 0.072 0.088 0.108 0.134 0.158 0.182 0.216
Generation: 2
fullpopTest 1.000000 0.226000 2 100 500 10 0 0 0.006 0.028 0.05 0.074 0.104 0.142 0.182 0.236 0.226
Generation: 3
fullpopTest 1.000000 0.262000 3 100 500 10 0 0 0.012 0.04 0.062 0.102 0.138 0.166 0.188 0.216 0.262
Generation: 4
fullpopTest 1.000000 0.286000 4 100 500 10 0 0.002 0.02 0.052 0.068 0.104 0.136 0.168 0.19 0.23 0.286
Generation: 5
fullpopTest 1.000000 0.316000 5 100 500 10 0 0.002 0.018 0.052 0.078 0.11 0.154 0.188 0.242 0.286 0.316
Generation: 6
fullpopTest 1.000000 0.360000 6 100 500 10 0 0 0.024 0.058 0.092 0.128 0.198 0.246 0.292 0.34 0.36
Generation: 7
fullpopTest 1.000000 0.374000 7 100 500 10 0 0.002 0.024 0.044 0.088 0.13 0.162 0.196 0.23 0.286 0.374
Generation: 8
fullpopTest 1.000000 0.412000 8 100 500 10 0 0 0.036 0.076 0.122 0.174 0.214 0.266 0.312 0.36 0.412
Generation: 9
fullpopTest 1.000000 0.460000 9 100 500 10 0 0.002 0.022 0.064 0.112 0.178 0.222 0.28 0.322 0.364 0.46
Generation: 10
fullpopTest 1.000000 0.514000 10 100 500 10 0 0.002 0.044 0.092 0.164 0.234 0.294 0.362 0.432 0.478 0.514
Generation: 11
fullpopTest 1.000000 0.514000 11 100 500 10 0 0 0.046 0.096 0.166 0.226 0.298 0.36 0.416 0.462 0.514
Generation: 12
fullpopTest 1.000000 0.514000 12 100 500 10 0 0 0.048 0.092 0.178 0.232 0.3 0.368 0.43 0.486 0.514
Generation: 13
fullpopTest 1.000000 0.516000 13 100 500 10 0 0.002 0.032 0.084 0.154 0.234 0.316 0.378 0.464 0.518 0.516
Generation: 14
fullpopTest 1.000000 0.582000 14 100 500 10 0 0.002 0.054 0.124 0.212 0.282 0.368 0.434 0.492 0.548 0.582
Generation: 15
fullpopTest 1.000000 0.582000 15 100 500 10 0 0 0.052 0.11 0.2 0.266 0.364 0.436 0.494 0.556 0.582
Generation: 16
fullpopTest 1.000000 0.628000 16 100 500 10 0 0 0.062 0.13 0.228 0.302 0.362 0.446 0.526 0.59 0.628
Generation: 17
fullpopTest 1.000000 0.646000 17 100 500 10 0 0.002 0.046 0.11 0.218 0.314 0.398 0.478 0.56 0.622 0.646
Generation: 18
fullpopTest 1.000000 0.680000 18 100 500 10 0 0.002 0.046 0.108 0.204 0.292 0.378 0.476 0.55 0.624 0.68
Generation: 19
fullpopTest 1.000000 0.688000 19 100 500 10 0 0 0.068 0.136 0.268 0.346 0.436 0.544 0.616 0.67 0.688
Generation: 20
fullpopTest 1.000000 0.728000 20 100 500 10 0 0 0.094 0.204 0.306 0.416 0.502 0.56 0.642 0.71 0.728
Generation: 21
fullpopTest 1.000000 0.728000 21 100 500 10 0 0.002 0.088 0.154 0.268 0.376 0.486 0.56 0.622 0.674 0.728
Generation: 22
fullpopTest 1.000000 0.752000 22 100 500 10 0 0 0.084 0.206 0.318 0.43 0.528 0.62 0.67 0.734 0.752
Generation: 23
fullpopTest 1.000000 0.762000 23 100 500 10 0 0 0.062 0.146 0.274 0.358 0.484 0.574 0.65 0.724 0.762
Generation: 24
fullpopTest 1.000000 0.792000 24 100 500 10 0 0.002 0.076 0.172 0.296 0.412 0.53 0.626 0.73 0.78 0.792
Generation: 25
fullpopTest 1.000000 0.798000 25 100 500 10 0 0.002 0.078 0.156 0.292 0.396 0.514 0.636 0.72 0.794 0.798
Generation: 26
fullpopTest 1.000000 0.802000 26 100 500 10 0 0.002 0.078 0.186 0.318 0.424 0.54 0.616 0.702 0.788 0.802
Generation: 27
fullpopTest 1.000000 0.852000 27 100 500 10 0 0.002 0.078 0.176 0.3 0.386 0.5 0.61 0.726 0.796 0.852
Generation: 28
fullpopTest 1.000000 0.852000 28 100 500 10 0 0.002 0.088 0.196 0.32 0.416 0.532 0.644 0.732 0.8 0.852
Generation: 29
fullpopTest 1.000000 0.890000 29 100 500 10 0 0 0.072 0.174 0.3 0.41 0.544 0.676 0.792 0.848 0.89
Generation: 30
fullpopTest 1.000000 0.890000 30 100 500 10 0 0 0.088 0.174 0.31 0.45 0.57 0.67 0.786 0.838 0.89
Generation: 31
fullpopTest 1.000000 0.890000 31 100 500 10 0 0.002 0.072 0.16 0.3 0.442 0.558 0.688 0.79 0.86 0.89
Generation: 32
fullpopTest 1.000000 0.890000 32 100 500 10 0 0.002 0.082 0.182 0.328 0.426 0.554 0.668 0.756 0.812 0.89
Generation: 33
fullpopTest 1.000000 0.910000 33 100 500 10 0 0 0.068 0.206 0.35 0.486 0.626 0.728 0.816 0.882 0.91
Generation: 34
fullpopTest 1.000000 0.918000 34 100 500 10 0 0.002 0.088 0.182 0.346 0.484 0.646 0.732 0.82 0.876 0.918
Generation: 35
fullpopTest 1.000000 0.918000 35 100 500 10 0 0 0.08 0.196 0.346 0.504 0.624 0.702 0.792 0.848 0.918
Generation: 36
fullpopTest 1.000000 0.924000 36 100 500 10 0 0.002 0.088 0.26 0.432 0.558 0.724 0.816 0.882 0.912 0.924
Generation: 37
fullpopTest 1.000000 0.932000 37 100 500 10 0 0.002 0.106 0.244 0.398 0.544 0.684 0.786 0.842 0.894 0.932
Generation: 38
fullpopTest 1.000000 0.942000 38 100 500 10 0 0.002 0.084 0.234 0.356 0.5 0.628 0.762 0.862 0.912 0.942
Generation: 39
fullpopTest 1.000000 0.946000 39 100 500 10 0 0.002 0.1 0.234 0.408 0.58 0.716 0.82 0.888 0.922 0.946
Generation: 40
fullpopTest 1.000000 0.960000 40 100 500 10 0 0.002 0.106 0.224 0.38 0.532 0.668 0.804 0.894 0.93 0.96
Generation: 41
fullpopTest 1.000000 0.972000 41 100 500 10 0 0.002 0.104 0.242 0.398 0.57 0.702 0.84 0.924 0.968 0.972
Generation: 42
fullpopTest 1.000000 0.972000 42 100 500 10 0 0.002 0.112 0.258 0.408 0.592 0.734 0.854 0.94 0.974 0.972
Generation: 43
fullpopTest 1.000000 0.972000 43 100 500 10 0 0.002 0.106 0.238 0.388 0.56 0.712 0.85 0.93 0.968 0.972
Generation: 44
fullpopTest 1.000000 0.978000 44 100 500 10 0 0.002 0.108 0.26 0.426 0.62 0.75 0.862 0.918 0.956 0.978
Generation: 45
fullpopTest 1.000000 0.984000 45 100 500 10 0 0.002 0.102 0.232 0.392 0.562 0.7 0.852 0.932 0.966 0.984
Generation: 46
fullpopTest 1.000000 0.984000 46 100 500 10 0 0.002 0.104 0.254 0.408 0.572 0.72 0.866 0.952 0.98 0.984
Generation: 47
fullpopTest 1.000000 0.984000 47 100 500 10 0 0.002 0.1 0.246 0.41 0.606 0.73 0.868 0.94 0.984 0.984
Generation: 48
fullpopTest 1.000000 0.992000 48 100 500 10 0 0.002 0.11 0.254 0.41 0.6 0.734 0.876 0.936 0.968 0.992
Generation: 49
fullpopTest 1.000000 0.992000 49 100 500 10 0 0.002 0.104 0.252 0.388 0.592 0.73 0.894 0.956 0.978 0.992
Generation: 50
fullpopTest 1.000000 0.996000 50 100 500 10 0 0.002 0.106 0.272 0.414 0.624 0.764 0.912 0.956 0.982 0.996
Generation: 51
fullpopTest 1.000000 0.996000 51 100 500 10 0 0.002 0.094 0.258 0.402 0.608 0.744 0.894 0.94 0.982 0.996
Generation: 52
fullpopTest 1.000000 0.996000 52 100 500 10 0 0.002 0.1 0.254 0.412 0.636 0.774 0.904 0.968 0.988 0.996
Generation: 53
fullpopTest 1.000000 0.998000 53 100 500 10 0 0 0.104 0.294 0.438 0.642 0.782 0.92 0.972 0.99 0.998
Generation: 54
fullpopTest 1.000000 0.998000 54 100 500 10 0 0.002 0.102 0.26 0.42 0.636 0.8 0.92 0.964 0.994 0.998
Generation: 55
fullpopTest 1.000000 0.998000 55 100 500 10 0 0.002 0.106 0.26 0.418 0.65 0.772 0.93 0.982 0.998 0.998
Generation: 56
fullpopTest 1.000000 1.000000 56 100 500 10 0 0.002 0.098 0.278 0.426 0.628 0.756 0.864 0.944 0.974 1
fullpopTest 1.000000 1.000000 57 100 500 10 0 0.002 0.104 0.29 0.434 0.598 0.742 0.874 0.958 0.976 1
Generation: 0
fullpopTest 1.000000 0.228000 0 100 500 10 0 0 0.012 0.022 0.036 0.066 0.1 0.124 0.158 0.184 0.228
Generation: 1
fullpopTest 1.000000 0.260000 1 100 500 10 0 0 0.008 0.014 0.046 0.088 0.128 0.168 0.216 0.27 0.26
Generation: 2
fullpopTest 1.000000 0.266000 2 100 500 10 0 0 0.006 0.028 0.05 0.076 0.1 0.14 0.16 0.202 0.266
Generation: 3
fullpopTest 1.000000 0.286000 3 100 500 10 0 0 0.01 0.042 0.072 0.102 0.15 0.2 0.238 0.276 0.286
Generation: 4
fullpopTest 1.000000 0.330000 4 100 500 10 0 0 0.008 0.044 0.078 0.116 0.164 0.212 0.258 0.3 0.33
Generation: 5
fullpopTest 1.000000 0.362000 5 100 500 10 0 0 0.014 0.04 0.086 0.122 0.182 0.248 0.292 0.346 0.362
Generation: 6
fullpopTest 1.000000 0.366000 6 100 500 10 0 0 0.008 0.04 0.084 0.132 0.186 0.242 0.294 0.338 0.366
Generation: 7
fullpopTest 1.000000 0.396000 7 100 500 10 0 0 0.024 0.056 0.11 0.182 0.234 0.294 0.344 0.414 0.396
Generation: 8
fullpopTest 1.000000 0.430000 8 100 500 10 0 0.002 0.024 0.056 0.094 0.17 0.228 0.286 0.336 0.396 0.43
Generation: 9
fullpopTest 1.000000 0.440000 9 100 500 10 0 0 0.016 0.044 0.098 0.148 0.22 0.294 0.352 0.426 0.44
Generation: 10
fullpopTest 1.000000 0.488000 10 100 500 10 0 0 0.016 0.04 0.094 0.148 0.22 0.288 0.364 0.422 0.488
Generation: 11
fullpopTest 1.000000 0.488000 11 100 500 10 0 0.002 0.01 0.052 0.112 0.184 0.244 0.32 0.362 0.414 0.488
Generation: 12
fullpopTest 1.000000 0.498000 12 100 500 10 0 0.002 0.02 0.064 0.136 0.188 0.246 0.328 0.406 0.464 0.498
Generation: 13
fullpopTest 1.000000 0.512000 13 100 500 10 0 0 0.02 0.062 0.124 0.19 0.252 0.338 0.406 0.476 0.512
Generation: 14
fullpopTest 1.000000 0.550000 14 100 500 10 0 0 0.014 0.056 0.14 0.21 0.274 0.356 0.416 0.484 0.55
Generation: 15
fullpopTest 1.000000 0.560000 15 100 500 10 0 0.002 0.026 0.064 0.134 0.214 0.298 0.382 0.47 0.528 0.56
Generation: 16
fullpopTest 1.000000 0.608000 16 100 500 10 0 0 0.024 0.076 0.164 0.256 0.35 0.446 0.538 0.59 0.608
Generation: 17
fullpopTest 1.000000 0.648000 17 100 500 10 0 0 0.024 0.082 0.176 0.26 0.36 0.464 0.538 0.628 0.648
Generation: 18
fullpopTest 1.000000 0.662000 18 100 500 10 0 0.002 0.028 0.1 0.196 0.3 0.386 0.472 0.552 0.626 0.662
Generation: 19
fullpopTest 1.000000 0.674000 19 100 500 10 0 0.002 0.026 0.078 0.172 0.272 0.372 0.462 0.538 0.604 0.674
Generation: 20
fullpopTest 1.000000 0.720000 20 100 500 10 0 0.002 0.026 0.086 0.168 0.296 0.424 0.512 0.608 0.682 0.72
Generation: 21
fullpopTest 1.000000 0.722000 21 100 500 10 0 0 0.032 0.106 0.226 0.346 0.474 0.552 0.63 0.702 0.722
Generation: 22
fullpopTest 1.000000 0.798000 22 100 500 10 0 0 0.022 0.092 0.196 0.308 0.428 0.544 0.68 0.756 0.798
Generation: 23
fullpopTest 1.000000 0.798000 23 100 500 10 0 0 0.042 0.116 0.208 0.342 0.46 0.562 0.688 0.774 0.798
Generation: 24
fullpopTest 1.000000 0.802000 24 100 500 10 0 0.002 0.02 0.09 0.176 0.288 0.432 0.56 0.662 0.758 0.802
Generation: 25
fullpopTest 1.000000 0.816000 25 100 500 10 0 0 0.028 0.098 0.186 0.324 0.474 0.594 0.698 0.782 0.816
Generation: 26
fullpopTest 1.000000 0.836000 26 100 500 10 0 0.004 0.042 0.112 0.244 0.398 0.548 0.692 0.794 0.852 0.836
Generation: 27
fullpopTest 1.000000 0.858000 27 100 500 10 0 0.002 0.04 0.124 0.242 0.382 0.532 0.662 0.792 0.872 0.858
Generation: 28
fullpopTest 1.000000 0.902000 28 100 500 10 0 0.004 0.048 0.152 0.286 0.444 0.572 0.694 0.806 0.876 0.902
Generation: 29
fullpopTest 1.000000 0.902000 29 100 500 10 0 0 0.05 0.162 0.302 0.44 0.588 0.726 0.816 0.892 0.902
Generation: 30
fullpopTest 1.000000 0.940000 30 100 500 10 0 0.002 0.062 0.202 0.332 0.55 0.706 0.824 0.902 0.948 0.94
Generation: 31
fullpopTest 1.000000 0.960000 31 100 500 10 0 0 0.096 0.242 0.4 0.588 0.714 0.826 0.912 0.952 0.96
Generation: 32
fullpopTest 1.000000 0.962000 32 100 500 10 0 0.004 0.078 0.226 0.366 0.556 0.718 0.858 0.946 0.984 0.962
Generation: 33
fullpopTest 1.000000 0.974000 33 100 500 10 0 0.002 0.076 0.218 0.356 0.526 0.696 0.822 0.914 0.966 0.974
Generation: 34
fullpopTest 1.000000 0.984000 34 100 500 10 0 0.002 0.082 0.256 0.428 0.624 0.766 0.876 0.936 0.966 0.984
Generation: 35
fullpopTest 1.000000 0.998000 35 100 500 10 0 0.002 0.102 0.27 0.414 0.632 0.788 0.908 0.964 0.994 0.998
Generation: 36
fullpopTest 1.000000 0.998000 36 100 500 10 0 0.002 0.088 0.266 0.422 0.634 0.818 0.916 0.958 0.982 0.998
Generation: 37
fullpopTest 1.000000 0.998000 37 100 500 10 0 0.002 0.09 0.24 0.422 0.634 0.806 0.918 0.956 0.984 0.998
Generation: 38
fullpopTest 1.000000 1.000000 38 100 500 10 0 0.002 0.09 0.224 0.404 0.638 0.81 0.928 0.976 0.994 1
fullpopTest 1.000000 1.000000 39 100 500 10 0 0.002 0.094 0.268 0.426 0.64 0.806 0.906 0.962 0.984 1
Generation: 0
fullpopTest 1.000000 0.136000 0 100 500 10 0 0 0.006 0.012 0.032 0.04 0.056 0.082 0.094 0.11 0.136
Generation: 1
fullpopTest 1.000000 0.154000 1 100 500 10 0 0 0.002 0.012 0.03 0.06 0.078 0.104 0.132 0.152 0.154
Generation: 2
fullpopTest 1.000000 0.198000 2 100 500 10 0 0 0.004 0.014 0.036 0.058 0.088 0.108 0.13 0.174 0.198
Generation: 3
fullpopTest 1.000000 0.198000 3 100 500 10 0 0 0.01 0.02 0.028 0.038 0.076 0.094 0.11 0.142 0.198
Generation: 4
fullpopTest 1.000000 0.230000 4 100 500 10 0 0.002 0.018 0.028 0.054 0.1 0.142 0.17 0.198 0.234 0.23
Generation: 5
fullpopTest 1.000000 0.258000 5 100 500 10 0 0 0.014 0.032 0.048 0.08 0.12 0.164 0.198 0.23 0.258
Generation: 6
fullpopTest 1.000000 0.284000 6 100 500 10 0 0 0.008 0.038 0.064 0.098 0.136 0.176 0.22 0.254 0.284
Generation: 7
fullpopTest 1.000000 0.300000 7 100 500 10 0 0.004 0.018 0.04 0.076 0.12 0.162 0.216 0.254 0.304 0.3
Generation: 8
fullpopTest 1.000000 0.326000 8 100 500 10 0 0 0.012 0.042 0.052 0.084 0.116 0.154 0.206 0.242 0.326
Generation: 9
fullpopTest 1.000000 0.378000 9 100 500 10 0 0 0.02 0.048 0.092 0.14 0.172 0.196 0.246 0.306 0.378
Generation: 10
fullpopTest 1.000000 0.384000 10 100 500 10 0 0.002 0.026 0.048 0.084 0.132 0.192 0.248 0.3 0.336 0.384
Generation: 11
fullpopTest 1.000000 0.418000 11 100 500 10 0 0 0.006 0.03 0.058 0.13 0.186 0.254 0.326 0.382 0.418
Generation: 12
fullpopTest 1.000000 0.418000 12 100 500 10 0 0 0.006 0.028 0.066 0.128 0.188 0.234 0.31 0.374 0.418
Generation: 13
fullpopTest 1.000000 0.448000 13 100 500 10 0 0 0.016 0.038 0.07 0.106 0.192 0.252 0.314 0.388 0.448
Generation: 14
fullpopTest 1.000000 0.466000 14 100 500 10 0 0 0.024 0.06 0.114 0.192 0.26 0.326 0.394 0.46 0.466
Generation: 15
fullpopTest 1.000000 0.480000 15 100 500 10 0 0.002 0.024 0.058 0.096 0.144 0.206 0.272 0.34 0.416 0.48
Generation: 16
fullpopTest 1.000000 0.540000 16 100 500 10 0 0 0.022 0.05 0.12 0.172 0.25 0.34 0.428 0.5 0.54
Generation: 17
fullpopTest 1.000000 0.580000 17 100 500 10 0 0.002 0.026 0.076 0.16 0.256 0.372 0.458 0.538 0.612 0.58
Generation: 18
fullpopTest 1.000000 0.604000 18 100 500 10 0 0 0.022 0.056 0.122 0.206 0.29 0.39 0.476 0.568 0.604
Generation: 19
fullpopTest 1.000000 0.642000 19 100 500 10 0 0 0.02 0.076 0.17 0.25 0.334 0.434 0.532 0.604 0.642
Generation: 20
fullpopTest 1.000000 0.672000 20 100 500 10 0 0 0.034 0.096 0.176 0.292 0.4 0.498 0.576 0.654 0.672
Generation: 21
fullpopTest 1.000000 0.728000 21 100 500 10 0 0 0.04 0.116 0.224 0.324 0.42 0.522 0.626 0.702 0.728
Generation: 22
fullpopTest 1.000000 0.728000 22 100 500 10 0 0.002 0.036 0.092 0.19 0.316 0.446 0.546 0.644 0.72 0.728
Generation: 23
fullpopTest 1.000000 0.756000 23 100 500 10 0 0 0.05 0.118 0.228 0.362 0.488 0.586 0.666 0.75 0.756
Generation: 24
fullpopTest 1.000000 0.768000 24 100 500 10 0 0 0.044 0.124 0.256 0.366 0.502 0.614 0.678 0.76 0.768
Generation: 25
fullpopTest 1.000000 0.802000 25 100 500 10 0 0.002 0.044 0.11 0.218 0.336 0.47 0.576 0.688 0.788 0.802
Generation: 26
fullpopTest 1.000000 0.812000 26 100 500 10 0 0 0.054 0.154 0.274 0.384 0.516 0.638 0.71 0.786 0.812
Generation: 27
fullpopTest 1.000000 0.860000 27 100 500 10 0 0.002 0.054 0.162 0.3 0.468 0.592 0.702 0.796 0.858 0.86
Generation: 28
fullpopTest 1.000000 0.860000 28 100 500 10 0 0 0.072 0.17 0.296 0.436 0.582 0.69 0.786 0.856 0.86
Generation: 29
fullpopTest 1.000000 0.902000 29 100 500 10 0 0.002 0.082 0.214 0.372 0.532 0.654 0.738 0.828 0.906 0.902
Generation: 30
fullpopTest 1.000000 0.902000 30 100 500 10 0 0 0.09 0.216 0.344 0.476 0.616 0.73 0.808 0.878 0.902
Generation: 31
fullpopTest 1.000000 0.930000 31 100 500 10 0 0.002 0.08 0.26 0.378 0.53 0.654 0.75 0.86 0.92 0.93
Generation: 32
fullpopTest 1.000000 0.940000 32 100 500 10 0 0.002 0.106 0.262 0.416 0.594 0.71 0.8 0.886 0.924 0.94
Generation: 33
fullpopTest 1.000000 0.940000 33 100 500 10 0 0.002 0.086 0.244 0.412 0.564 0.69 0.79 0.87 0.922 0.94
Generation: 34
fullpopTest 1.000000 0.954000 34 100 500 10 0 0.002 0.086 0.234 0.372 0.564 0.696 0.808 0.886 0.928 0.954
Generation: 35
fullpopTest 1.000000 0.954000 35 100 500 10 0 0.002 0.09 0.29 0.424 0.58 0.734 0.836 0.894 0.952 0.954
Generation: 36
fullpopTest 1.000000 0.968000 36 100 500 10 0 0.002 0.072 0.238 0.404 0.586 0.724 0.83 0.896 0.944 0.968
Generation: 37
fullpopTest 1.000000 0.968000 37 100 500 10 0 0.002 0.086 0.246 0.424 0.578 0.702 0.818 0.896 0.936 0.968
Generation: 38
fullpopTest 1.000000 0.976000 38 100 500 10 0 0.002 0.1 0.274 0.426 0.608 0.742 0.858 0.934 0.972 0.976
Generation: 39
fullpopTest 1.000000 0.976000 39 100 500 10 0 0.002 0.09 0.256 0.424 0.588 0.74 0.852 0.926 0.966 0.976
Generation: 40
fullpopTest 1.000000 0.984000 40 100 500 10 0 0.002 0.088 0.274 0.396 0.556 0.724 0.822 0.904 0.954 0.984
Generation: 41
fullpopTest 1.000000 0.984000 41 100 500 10 0 0.002 0.084 0.256 0.424 0.618 0.774 0.878 0.936 0.972 0.984
Generation: 42
fullpopTest 1.000000 0.984000 42 100 500 10 0 0 0.094 0.274 0.434 0.638 0.794 0.878 0.948 0.972 0.984
Generation: 43
fullpopTest 1.000000 0.990000 43 100 500 10 0 0.002 0.078 0.222 0.416 0.626 0.778 0.88 0.954 0.98 0.99
Generation: 44
fullpopTest 1.000000 0.990000 44 100 500 10 0 0 0.08 0.218 0.368 0.588 0.746 0.844 0.914 0.966 0.99
Generation: 45
fullpopTest 1.000000 0.990000 45 100 500 10 0 0.002 0.084 0.218 0.374 0.578 0.728 0.846 0.92 0.964 0.99
Generation: 46
fullpopTest 1.000000 0.992000 46 100 500 10 0 0.002 0.104 0.306 0.528 0.706 0.852 0.934 0.968 0.982 0.992
Generation: 47
fullpopTest 1.000000 0.994000 47 100 500 10 0 0.002 0.112 0.302 0.484 0.696 0.826 0.914 0.966 0.988 0.994
Generation: 48
fullpopTest 1.000000 0.994000 48 100 500 10 0 0.002 0.124 0.298 0.454 0.676 0.818 0.904 0.954 0.976 0.994
Generation: 49
fullpopTest 1.000000 0.994000 49 100 500 10 0 0.004 0.114 0.34 0.506 0.716 0.834 0.914 0.96 0.984 0.994
Generation: 50
fullpopTest 1.000000 0.998000 50 100 500 10 0 0.002 0.112 0.28 0.446 0.618 0.782 0.91 0.968 0.988 0.998
Generation: 51
fullpopTest 1.000000 0.998000 51 100 500 10 0 0.002 0.102 0.272 0.44 0.652 0.816 0.9 0.962 0.99 0.998
Generation: 52
fullpopTest 1.000000 0.998000 52 100 500 10 0 0.002 0.112 0.29 0.478 0.666 0.828 0.918 0.968 0.984 0.998
Generation: 53
fullpopTest 1.000000 1.000000 53 100 500 10 0 0.002 0.104 0.35 0.514 0.694 0.832 0.92 0.976 0.986 1
fullpopTest 1.000000 1.000000 54 100 500 10 0 0.002 0.104 0.296 0.452 0.656 0.814 0.908 0.956 0.98 1
Generation: 0
fullpopTest 1.000000 0.140000 0 100 500 10 0 0 0.002 0.01 0.024 0.028 0.046 0.064 0.072 0.102 0.14
Generation: 1
fullpopTest 1.000000 0.162000 1 100 500 10 0 0 0.002 0.004 0.016 0.038 0.048 0.072 0.088 0.108 0.162
Generation: 2
fullpopTest 1.000000 0.202000 2 100 500 10 0 0 0.004 0.016 0.034 0.06 0.094 0.124 0.156 0.176 0.202
Generation: 3
fullpopTest 1.000000 0.232000 3 100 500 10 0 0 0.008 0.024 0.056 0.086 0.12 0.15 0.184 0.23 0.232
Generation: 4
fullpopTest 1.000000 0.272000 4 100 500 10 0 0 0.006 0.022 0.05 0.084 0.124 0.172 0.208 0.244 0.272
Generation: 5
fullpopTest 1.000000 0.300000 5 100 500 10 0 0 0.012 0.042 0.068 0.116 0.142 0.176 0.222 0.268 0.3
Generation: 6
fullpopTest 1.000000 0.300000 6 100 500 10 0 0 0.012 0.038 0.08 0.124 0.158 0.212 0.252 0.296 0.3
Generation: 7
fullpopTest 1.000000 0.300000 7 100 500 10 0 0 0.004 0.024 0.064 0.102 0.142 0.176 0.214 0.258 0.3
Generation: 8
fullpopTest 1.000000 0.354000 8 100 500 10 0 0 0.012 0.03 0.06 0.112 0.15 0.174 0.238 0.286 0.354
Generation: 9
fullpopTest 1.000000 0.360000 9 100 500 10 0 0 0.006 0.048 0.08 0.124 0.162 0.21 0.256 0.304 0.36
Generation: 10
fullpopTest 1.000000 0.384000 10 100 500 10 0 0.002 0.01 0.046 0.104 0.16 0.214 0.282 0.332 0.39 0.384
Generation: 11
fullpopTest 1.000000 0.466000 11 100 500 10 0 0.002 0.026 0.078 0.144 0.214 0.282 0.34 0.408 0.458 0.466
Generation: 12
fullpopTest 1.000000 0.474000 12 100 500 10 0 0 0.028 0.082 0.146 0.232 0.3 0.358 0.424 0.466 0.474
Generation: 13
fullpopTest 1.000000 0.508000 13 100 500 10 0 0 0.028 0.106 0.182 0.252 0.3 0.36 0.406 0.474 0.508
Generation: 14
fullpopTest 1.000000 0.534000 14 100 500 10 0 0 0.012 0.064 0.152 0.24 0.312 0.39 0.464 0.522 0.534
Generation: 15
fullpopTest 1.000000 0.560000 15 100 500 10 0 0 0.014 0.076 0.138 0.206 0.284 0.376 0.444 0.52 0.56
Generation: 16
fullpopTest 1.000000 0.616000 16 100 500 10 0 0.002 0.018 0.088 0.176 0.252 0.358 0.418 0.498 0.566 0.616
Generation: 17
fullpopTest 1.000000 0.662000 17 100 500 10 0 0 0.026 0.094 0.196 0.304 0.428 0.53 0.624 0.69 0.662
Generation: 18
fullpopTest 1.000000 0.666000 18 100 500 10 0 0.002 0.034 0.112 0.218 0.33 0.426 0.498 0.576 0.638 0.666
Generation: 19
fullpopTest 1.000000 0.748000 19 100 500 10 0 0 0.032 0.128 0.236 0.348 0.448 0.562 0.652 0.714 0.748
Generation: 20
fullpopTest 1.000000 0.770000 20 100 500 10 0 0 0.04 0.15 0.248 0.366 0.496 0.588 0.686 0.754 0.77
Generation: 21
fullpopTest 1.000000 0.804000 21 100 500 10 0 0 0.048 0.124 0.262 0.39 0.51 0.618 0.694 0.76 0.804
Generation: 22
fullpopTest 1.000000 0.812000 22 100 500 10 0 0 0.038 0.118 0.258 0.366 0.494 0.608 0.692 0.772 0.812
Generation: 23
fullpopTest 1.000000 0.834000 23 100 500 10 0 0 0.04 0.112 0.254 0.35 0.49 0.604 0.71 0.792 0.834
Generation: 24
fullpopTest 1.000000 0.842000 24 100 500 10 0 0.002 0.038 0.152 0.282 0.406 0.546 0.684 0.752 0.824 0.842
Generation: 25
fullpopTest 1.000000 0.890000 25 100 500 10 0 0.004 0.056 0.156 0.316 0.49 0.66 0.778 0.84 0.916 0.89
Generation: 26
fullpopTest 1.000000 0.932000 26 100 500 10 0 0 0.056 0.178 0.318 0.478 0.644 0.754 0.844 0.914 0.932
Generation: 27
fullpopTest 1.000000 0.948000 27 100 500 10 0 0 0.052 0.184 0.346 0.52 0.682 0.808 0.892 0.928 0.948
Generation: 28
fullpopTest 1.000000 0.948000 28 100 500 10 0 0 0.078 0.2 0.386 0.542 0.694 0.832 0.902 0.944 0.948
Generation: 29
fullpopTest 1.000000 0.968000 29 100 500 10 0 0.002 0.078 0.204 0.388 0.546 0.748 0.858 0.928 0.958 0.968
Generation: 30
fullpopTest 1.000000 0.972000 30 100 500 10 0 0 0.076 0.186 0.36 0.53 0.698 0.83 0.914 0.956 0.972
Generation: 31
fullpopTest 1.000000 0.972000 31 100 500 10 0 0 0.08 0.214 0.388 0.566 0.75 0.852 0.928 0.97 0.972
Generation: 32
fullpopTest 1.000000 0.980000 32 100 500 10 0 0.002 0.09 0.226 0.422 0.586 0.746 0.866 0.95 0.972 0.98
Generation: 33
fullpopTest 1.000000 0.984000 33 100 500 10 0 0 0.068 0.226 0.408 0.618 0.772 0.878 0.948 0.98 0.984
Generation: 34
fullpopTest 1.000000 0.986000 34 100 500 10 0 0.004 0.07 0.222 0.426 0.608 0.77 0.864 0.932 0.972 0.986
Generation: 35
fullpopTest 1.000000 0.990000 35 100 500 10 0 0.002 0.064 0.23 0.408 0.612 0.776 0.884 0.944 0.974 0.99
Generation: 36
fullpopTest 1.000000 0.996000 36 100 500 10 0 0.004 0.078 0.18 0.398 0.62 0.782 0.902 0.952 0.988 0.996
Generation: 37
fullpopTest 1.000000 0.996000 37 100 500 10 0 0.002 0.07 0.222 0.418 0.614 0.786 0.894 0.962 0.982 0.996
Generation: 38
fullpopTest 1.000000 0.996000 38 100 500 10 0 0.002 0.09 0.244 0.442 0.63 0.8 0.896 0.95 0.984 0.996
Generation: 39
fullpopTest 1.000000 0.998000 39 100 500 10 0 0 0.094 0.25 0.5 0.738 0.91 0.984 0.994 0.996 0.998
Generation: 40
fullpopTest 1.000000 1.000000 40 100 500 10 0 0 0.096 0.266 0.456 0.664 0.836 0.91 0.962 0.988 1
fullpopTest 1.000000 1.000000 41 100 500 10 0 0.004 0.096 0.284 0.482 0.688 0.856 0.944 0.972 0.992 1
Generation: 0
fullpopTest 1.000000 0.210000 0 100 500 10 0 0 0.008 0.02 0.04 0.068 0.102 0.136 0.154 0.188 0.21
Generation: 1
fullpopTest 1.000000 0.278000 1 100 500 10 0 0 0.008 0.03 0.054 0.112 0.142 0.17 0.208 0.238 0.278
Generation: 2
fullpopTest 1.000000 0.278000 2 100 500 10 0 0 0.002 0.024 0.038 0.072 0.108 0.144 0.18 0.216 0.278
Generation: 3
fullpopTest 1.000000 0.292000 3 100 500 10 0 0 0.012 0.022 0.052 0.102 0.14 0.176 0.218 0.278 0.292
Generation: 4
fullpopTest 1.000000 0.318000 4 100 500 10 0 0 0.014 0.036 0.064 0.094 0.148 0.186 0.222 0.26 0.318
Generation: 5
fullpopTest 1.000000 0.338000 5 100 500 10 0 0 0.008 0.038 0.058 0.088 0.138 0.184 0.212 0.26 0.338
Generation: 6
fullpopTest 1.000000 0.372000 6 100 500 10 0 0 0.012 0.048 0.078 0.122 0.16 0.218 0.27 0.314 0.372
Generation: 7
fullpopTest 1.000000 0.378000 7 100 500 10 0 0 0.006 0.03 0.068 0.114 0.156 0.206 0.256 0.328 0.378
Generation: 8
fullpopTest 1.000000 0.410000 8 100 500 10 0 0 0.012 0.042 0.084 0.156 0.208 0.272 0.326 0.376 0.41
Generation: 9
fullpopTest 1.000000 0.446000 9 100 500 10 0 0.004 0.022 0.048 0.088 0.16 0.23 0.288 0.362 0.428 0.446
Generation: 10
fullpopTest 1.000000 0.454000 10 100 500 10 0 0 0.006 0.044 0.086 0.142 0.226 0.296 0.358 0.434 0.454
Generation: 11
fullpopTest 1.000000 0.484000 11 100 500 10 0 0 0.02 0.05 0.102 0.158 0.24 0.334 0.41 0.496 0.484
Generation: 12
fullpopTest 1.000000 0.536000 12 100 500 10 0 0.002 0.022 0.072 0.132 0.218 0.3 0.362 0.44 0.526 0.536
Generation: 13
fullpopTest 1.000000 0.558000 13 100 500 10 0 0 0.008 0.07 0.146 0.234 0.298 0.39 0.456 0.544 0.558
Generation: 14
fullpopTest 1.000000 0.610000 14 100 500 10 0 0.002 0.022 0.06 0.126 0.204 0.304 0.378 0.498 0.582 0.61
Generation: 15
fullpopTest 1.000000 0.676000 15 100 500 10 0 0.002 0.014 0.088 0.174 0.266 0.374 0.498 0.608 0.69 0.676
Generation: 16
fullpopTest 1.000000 0.686000 16 100 500 10 0 0.002 0.02 0.09 0.174 0.278 0.388 0.5 0.6 0.664 0.686
Generation: 17
fullpopTest 1.000000 0.716000 17 100 500 10 0 0 0.022 0.092 0.182 0.278 0.39 0.48 0.59 0.676 0.716
Generation: 18
fullpopTest 1.000000 0.764000 18 100 500 10 0 0 0.018 0.078 0.184 0.294 0.402 0.532 0.64 0.74 0.764
Generation: 19
fullpopTest 1.000000 0.764000 19 100 500 10 0 0.002 0.02 0.096 0.162 0.284 0.398 0.546 0.654 0.748 0.764
Generation: 20
fullpopTest 1.000000 0.792000 20 100 500 10 0 0 0.022 0.09 0.194 0.288 0.426 0.558 0.692 0.776 0.792
Generation: 21
fullpopTest 1.000000 0.800000 21 100 500 10 0 0.002 0.022 0.098 0.23 0.374 0.504 0.626 0.722 0.782 0.8
Generation: 22
fullpopTest 1.000000 0.824000 22 100 500 10 0 0.002 0.03 0.102 0.218 0.328 0.49 0.636 0.74 0.826 0.824
Generation: 23
fullpopTest 1.000000 0.866000 23 100 500 10 0 0.002 0.024 0.104 0.232 0.338 0.502 0.616 0.736 0.808 0.866
Generation: 24
fullpopTest 1.000000 0.876000 24 100 500 10 0 0 0.03 0.126 0.282 0.416 0.582 0.692 0.794 0.846 0.876
Generation: 25
fullpopTest 1.000000 0.892000 25 100 500 10 0 0 0.054 0.148 0.29 0.412 0.578 0.694 0.82 0.884 0.892
Generation: 26
fullpopTest 1.000000 0.912000 26 100 500 10 0 0 0.032 0.128 0.268 0.412 0.608 0.732 0.812 0.888 0.912
Generation: 27
fullpopTest 1.000000 0.918000 27 100 500 10 0 0 0.036 0.134 0.284 0.424 0.57 0.694 0.802 0.88 0.918
Generation: 28
fullpopTest 1.000000 0.932000 28 100 500 10 0 0.004 0.056 0.162 0.322 0.454 0.628 0.75 0.862 0.926 0.932
Generation: 29
fullpopTest 1.000000 0.932000 29 100 500 10 0 0 0.042 0.152 0.326 0.478 0.64 0.746 0.85 0.922 0.932
Generation: 30
fullpopTest 1.000000 0.940000 30 100 500 10 0 0.004 0.044 0.122 0.282 0.432 0.626 0.786 0.876 0.946 0.94
Generation: 31
fullpopTest 1.000000 0.952000 31 100 500 10 0 0 0.032 0.132 0.306 0.444 0.628 0.764 0.858 0.916 0.952
Generation: 32
fullpopTest 1.000000 0.960000 32 100 500 10 0 0.002 0.044 0.146 0.27 0.442 0.6 0.73 0.84 0.92 0.96
Generation: 33
fullpopTest 1.000000 0.968000 33 100 500 10 0 0 0.042 0.136 0.31 0.5 0.674 0.814 0.9 0.96 0.968
Generation: 34
fullpopTest 1.000000 0.968000 34 100 500 10 0 0.002 0.028 0.12 0.278 0.452 0.62 0.778 0.88 0.964 0.968
Generation: 35
fullpopTest 1.000000 0.980000 35 100 500 10 0 0.002 0.052 0.19 0.384 0.57 0.732 0.846 0.922 0.974 0.98
Generation: 36
fullpopTest 1.000000 0.980000 36 100 500 10 0 0 0.054 0.158 0.348 0.508 0.682 0.834 0.93 0.972 0.98
Generation: 37
fullpopTest 1.000000 0.990000 37 100 500 10 0 0 0.05 0.152 0.36 0.554 0.728 0.846 0.924 0.968 0.99
Generation: 38
fullpopTest 1.000000 0.990000 38 100 500 10 0 0.002 0.056 0.172 0.344 0.534 0.726 0.866 0.932 0.962 0.99
Generation: 39
fullpopTest 1.000000 0.990000 39 100 500 10 0 0 0.038 0.178 0.376 0.574 0.748 0.864 0.948 0.978 0.99
Generation: 40
fullpopTest 1.000000 0.990000 40 100 500 10 0 0 0.07 0.198 0.376 0.584 0.746 0.852 0.924 0.962 0.99
Generation: 41
fullpopTest 1.000000 0.994000 41 100 500 10 0 0 0.064 0.182 0.37 0.596 0.772 0.888 0.956 0.986 0.994
Generation: 42
fullpopTest 1.000000 0.994000 42 100 500 10 0 0.002 0.05 0.158 0.332 0.574 0.762 0.894 0.954 0.982 0.994
Generation: 43
fullpopTest 1.000000 0.996000 43 100 500 10 0 0 0.058 0.196 0.404 0.614 0.764 0.88 0.97 0.986 0.996
Generation: 44
fullpopTest 1.000000 0.998000 44 100 500 10 0 0.002 0.058 0.202 0.396 0.614 0.786 0.914 0.964 0.988 0.998
Generation: 45
fullpopTest 1.000000 0.998000 45 100 500 10 0 0.002 0.042 0.164 0.402 0.652 0.824 0.94 0.984 0.998 0.998
Generation: 46
fullpopTest 1.000000 0.998000 46 100 500 10 0 0 0.062 0.196 0.422 0.634 0.804 0.926 0.974 0.996 0.998
Generation: 47
fullpopTest 1.000000 1.000000 47 100 500 10 0 0.002 0.064 0.188 0.43 0.672 0.848 0.958 0.992 0.998 1
fullpopTest 1.000000 1.000000 48 100 500 10 0 0 0.058 0.202 0.442 0.696 0.87 0.95 0.988 0.996 1
Generation: 0
fullpopTest 1.000000 0.170000 0 100 500 10 0 0 0.004 0.022 0.03 0.054 0.078 0.092 0.122 0.146 0.17
Generation: 1
fullpopTest 1.000000 0.174000 1 100 500 10 0 0 0.004 0.02 0.038 0.064 0.094 0.13 0.164 0.19 0.174
Generation: 2
fullpopTest 1.000000 0.220000 2 100 500 10 0 0 0.01 0.02 0.036 0.056 0.082 0.102 0.132 0.17 0.22
Generation: 3
fullpopTest 1.000000 0.226000 3 100 500 10 0 0.002 0.012 0.024 0.046 0.084 0.128 0.156 0.188 0.212 0.226
Generation: 4
fullpopTest 1.000000 0.246000 4 100 500 10 0 0 0.006 0.026 0.046 0.072 0.112 0.152 0.176 0.224 0.246
Generation: 5
fullpopTest 1.000000 0.278000 5 100 500 10 0 0 0.01 0.04 0.068 0.094 0.124 0.158 0.188 0.22 0.278
Generation: 6
fullpopTest 1.000000 0.286000 6 100 500 10 0 0 0.006 0.042 0.08 0.114 0.164 0.2 0.224 0.266 0.286
Generation: 7
fullpopTest 1.000000 0.334000 7 100 500 10 0 0 0.01 0.02 0.066 0.122 0.184 0.238 0.286 0.332 0.334
Generation: 8
fullpopTest 1.000000 0.334000 8 100 500 10 0 0 0.014 0.038 0.082 0.144 0.202 0.246 0.278 0.316 0.334
Generation: 9
fullpopTest 1.000000 0.370000 9 100 500 10 0 0.002 0.02 0.038 0.066 0.098 0.154 0.208 0.26 0.322 0.37
Generation: 10
fullpopTest 1.000000 0.408000 10 100 500 10 0 0 0.016 0.046 0.094 0.142 0.2 0.256 0.308 0.366 0.408
Generation: 11
fullpopTest 1.000000 0.412000 11 100 500 10 0 0 0.024 0.058 0.106 0.16 0.216 0.276 0.312 0.378 0.412
Generation: 12
fullpopTest 1.000000 0.432000 12 100 500 10 0 0 0.022 0.07 0.128 0.19 0.244 0.314 0.372 0.424 0.432
Generation: 13
fullpopTest 1.000000 0.460000 13 100 500 10 0 0 0.022 0.058 0.112 0.182 0.274 0.338 0.39 0.444 0.46
Generation: 14
fullpopTest 1.000000 0.460000 14 100 500 10 0 0 0.012 0.044 0.096 0.166 0.22 0.28 0.344 0.404 0.46
Generation: 15
fullpopTest 1.000000 0.524000 15 100 500 10 0 0 0.014 0.072 0.124 0.196 0.266 0.338 0.414 0.484 0.524
Generation: 16
fullpopTest 1.000000 0.524000 16 100 500 10 0 0 0.022 0.06 0.13 0.206 0.306 0.372 0.44 0.508 0.524
Generation: 17
fullpopTest 1.000000 0.558000 17 100 500 10 0 0.002 0.022 0.062 0.116 0.188 0.282 0.368 0.464 0.522 0.558
Generation: 18
fullpopTest 1.000000 0.586000 18 100 500 10 0 0 0.016 0.06 0.13 0.226 0.31 0.404 0.468 0.516 0.586
Generation: 19
fullpopTest 1.000000 0.630000 19 100 500 10 0 0 0.026 0.084 0.166 0.286 0.376 0.466 0.538 0.608 0.63
Generation: 20
fullpopTest 1.000000 0.630000 20 100 500 10 0 0 0.026 0.088 0.17 0.256 0.358 0.418 0.504 0.592 0.63
Generation: 21
fullpopTest 1.000000 0.660000 21 100 500 10 0 0 0.028 0.084 0.162 0.256 0.352 0.436 0.556 0.632 0.66
Generation: 22
fullpopTest 1.000000 0.660000 22 100 500 10 0 0 0.02 0.074 0.168 0.262 0.368 0.45 0.538 0.634 0.66
Generation: 23
fullpopTest 1.000000 0.686000 23 100 500 10 0 0.002 0.02 0.1 0.186 0.296 0.388 0.506 0.63 0.698 0.686
Generation: 24
fullpopTest 1.000000 0.694000 24 100 500 10 0 0.002 0.024 0.108 0.19 0.298 0.408 0.496 0.57 0.648 0.694
Generation: 25
fullpopTest 1.000000 0.750000 25 100 500 10 0 0.002 0.032 0.148 0.268 0.388 0.488 0.584 0.682 0.734 0.75
Generation: 26
fullpopTest 1.000000 0.758000 26 100 500 10 0 0 0.016 0.098 0.224 0.35 0.454 0.572 0.682 0.748 0.758
Generation: 27
fullpopTest 1.000000 0.798000 27 100 500 10 0 0 0.03 0.132 0.22 0.38 0.512 0.626 0.706 0.778 0.798
Generation: 28
fullpopTest 1.000000 0.808000 28 100 500 10 0 0 0.032 0.102 0.234 0.354 0.486 0.598 0.694 0.774 0.808
Generation: 29
fullpopTest 1.000000 0.822000 29 100 500 10 0 0.002 0.032 0.142 0.266 0.388 0.544 0.67 0.774 0.836 0.822
Generation: 30
fullpopTest 1.000000 0.858000 30 100 500 10 0 0.002 0.038 0.122 0.26 0.406 0.544 0.682 0.796 0.848 0.858
Generation: 31
fullpopTest 1.000000 0.872000 31 100 500 10 0 0 0.038 0.158 0.282 0.416 0.572 0.676 0.77 0.838 0.872
Generation: 32
fullpopTest 1.000000 0.886000 32 100 500 10 0 0 0.052 0.15 0.28 0.446 0.59 0.728 0.816 0.876 0.886
Generation: 33
fullpopTest 1.000000 0.902000 33 100 500 10 0 0.002 0.034 0.144 0.294 0.442 0.616 0.738 0.83 0.878 0.902
Generation: 34
fullpopTest 1.000000 0.902000 34 100 500 10 0 0 0.04 0.144 0.284 0.468 0.62 0.724 0.806 0.868 0.902
Generation: 35
fullpopTest 1.000000 0.920000 35 100 500 10 0 0 0.036 0.148 0.264 0.426 0.58 0.702 0.798 0.856 0.92
Generation: 36
fullpopTest 1.000000 0.926000 36 100 500 10 0 0 0.044 0.164 0.316 0.478 0.614 0.744 0.812 0.878 0.926
Generation: 37
fullpopTest 1.000000 0.948000 37 100 500 10 0 0 0.046 0.186 0.342 0.524 0.654 0.758 0.854 0.902 0.948
Generation: 38
fullpopTest 1.000000 0.948000 38 100 500 10 0 0.002 0.064 0.192 0.368 0.534 0.686 0.79 0.868 0.932 0.948
Generation: 39
fullpopTest 1.000000 0.966000 39 100 500 10 0 0.002 0.034 0.168 0.344 0.524 0.694 0.82 0.896 0.926 0.966
Generation: 40
fullpopTest 1.000000 0.972000 40 100 500 10 0 0 0.054 0.196 0.374 0.55 0.706 0.83 0.896 0.942 0.972
Generation: 41
fullpopTest 1.000000 0.972000 41 100 500 10 0 0.002 0.058 0.196 0.38 0.56 0.736 0.842 0.91 0.958 0.972
Generation: 42
fullpopTest 1.000000 0.972000 42 100 500 10 0 0.002 0.056 0.202 0.356 0.56 0.734 0.834 0.906 0.954 0.972
Generation: 43
fullpopTest 1.000000 0.972000 43 100 500 10 0 0.002 0.068 0.192 0.354 0.552 0.702 0.818 0.904 0.958 0.972
Generation: 44
fullpopTest 1.000000 0.974000 44 100 500 10 0 0.002 0.054 0.18 0.408 0.598 0.766 0.868 0.916 0.954 0.974
Generation: 45
fullpopTest 1.000000 0.978000 45 100 500 10 0 0.002 0.072 0.22 0.42 0.608 0.76 0.876 0.948 0.982 0.978
Generation: 46
fullpopTest 1.000000 0.978000 46 100 500 10 0 0 0.058 0.188 0.418 0.63 0.752 0.88 0.942 0.966 0.978
Generation: 47
fullpopTest 1.000000 0.978000 47 100 500 10 0 0 0.052 0.208 0.41 0.6 0.756 0.868 0.944 0.968 0.978
Generation: 48
fullpopTest 1.000000 0.990000 48 100 500 10 0 0.002 0.084 0.24 0.448 0.64 0.784 0.878 0.94 0.964 0.99
Generation: 49
fullpopTest 1.000000 0.992000 49 100 500 10 0 0.004 0.076 0.238 0.456 0.658 0.84 0.928 0.966 0.986 0.992
Generation: 50
fullpopTest 1.000000 0.996000 50 100 500 10 0 0 0.074 0.264 0.442 0.642 0.81 0.914 0.964 0.994 0.996
Generation: 51
fullpopTest 1.000000 0.996000 51 100 500 10 0 0.004 0.098 0.276 0.486 0.68 0.822 0.92 0.958 0.98 0.996
Generation: 52
fullpopTest 1.000000 0.996000 52 100 500 10 0 0.002 0.086 0.246 0.478 0.672 0.824 0.912 0.95 0.976 0.996
Generation: 53
fullpopTest 1.000000 0.998000 53 100 500 10 0 0.002 0.056 0.212 0.418 0.608 0.786 0.91 0.96 0.988 0.998
Generation: 54
fullpopTest 1.000000 0.998000 54 100 500 10 0 0.004 0.054 0.2 0.408 0.606 0.754 0.872 0.948 0.982 0.998
Generation: 55
fullpopTest 1.000000 0.998000 55 100 500 10 0 0.002 0.06 0.224 0.442 0.614 0.768 0.894 0.962 0.986 0.998
Generation: 56
fullpopTest 1.000000 0.998000 56 100 500 10 0 0 0.052 0.2 0.39 0.596 0.77 0.872 0.954 0.986 0.998
Generation: 57
fullpopTest 1.000000 0.998000 57 100 500 10 0 0.002 0.062 0.208 0.418 0.598 0.772 0.87 0.952 0.982 0.998
Generation: 58
fullpopTest 1.000000 1.000000 58 100 500 10 0 0 0.052 0.22 0.446 0.688 0.84 0.938 0.976 0.988 1
fullpopTest 1.000000 1.000000 59 100 500 10 0 0.004 0.068 0.224 0.448 0.62 0.84 0.934 0.982 0.994 1
Generation: 0
fullpopTest 1.000000 0.160000 0 100 500 10 0 0 0.006 0.02 0.04 0.062 0.082 0.116 0.144 0.178 0.16
Generation: 1
fullpopTest 1.000000 0.178000 1 100 500 10 0 0 0.006 0.01 0.022 0.044 0.062 0.08 0.114 0.136 0.178
Generation: 2
fullpopTest 1.000000 0.178000 2 100 500 10 0 0 0.006 0.014 0.034 0.05 0.068 0.09 0.114 0.144 0.178
Generation: 3
fullpopTest 1.000000 0.202000 3 100 500 10 0 0 0.012 0.026 0.044 0.068 0.098 0.126 0.144 0.172 0.202
Generation: 4
fullpopTest 1.000000 0.208000 4 100 500 10 0 0 0.01 0.022 0.052 0.082 0.104 0.124 0.156 0.192 0.208
Generation: 5
fullpopTest 1.000000 0.294000 5 100 500 10 0 0 0.01 0.042 0.072 0.116 0.156 0.204 0.242 0.274 0.294
Generation: 6
fullpopTest 1.000000 0.320000 6 100 500 10 0 0 0.008 0.048 0.084 0.118 0.16 0.196 0.24 0.282 0.32
Generation: 7
fullpopTest 1.000000 0.362000 7 100 500 10 0 0 0.016 0.046 0.078 0.128 0.188 0.228 0.28 0.332 0.362
Generation: 8
fullpopTest 1.000000 0.362000 8 100 500 10 0 0.002 0.022 0.048 0.082 0.12 0.172 0.23 0.286 0.342 0.362
Generation: 9
fullpopTest 1.000000 0.434000 9 100 500 10 0 0 0.022 0.056 0.094 0.136 0.202 0.266 0.354 0.43 0.434
Generation: 10
fullpopTest 1.000000 0.454000 10 100 500 10 0 0 0.02 0.058 0.138 0.206 0.274 0.334 0.396 0.454 0.454
Generation: 11
fullpopTest 1.000000 0.500000 11 100 500 10 0 0 0.03 0.07 0.132 0.2 0.264 0.342 0.4 0.464 0.5
Generation: 12
fullpopTest 1.000000 0.524000 12 100 500 10 0 0 0.058 0.108 0.166 0.254 0.33 0.408 0.484 0.536 0.524
Generation: 13
fullpopTest 1.000000 0.538000 13 100 500 10 0 0.002 0.04 0.09 0.154 0.228 0.298 0.368 0.432 0.514 0.538
Generation: 14
fullpopTest 1.000000 0.622000 14 100 500 10 0 0 0.03 0.084 0.16 0.216 0.304 0.404 0.484 0.566 0.622
Generation: 15
fullpopTest 1.000000 0.640000 15 100 500 10 0 0 0.04 0.1 0.17 0.252 0.35 0.448 0.53 0.612 0.64
Generation: 16
fullpopTest 1.000000 0.686000 16 100 500 10 0 0.002 0.05 0.114 0.202 0.304 0.4 0.504 0.59 0.65 0.686
Generation: 17
fullpopTest 1.000000 0.706000 17 100 500 10 0 0.002 0.038 0.108 0.2 0.29 0.4 0.498 0.606 0.682 0.706
Generation: 18
fullpopTest 1.000000 0.708000 18 100 500 10 0 0.002 0.05 0.108 0.218 0.314 0.438 0.538 0.616 0.704 0.708
Generation: 19
fullpopTest 1.000000 0.760000 19 100 500 10 0 0.002 0.032 0.088 0.206 0.308 0.406 0.504 0.592 0.674 0.76
Generation: 20
fullpopTest 1.000000 0.760000 20 100 500 10 0 0 0.044 0.102 0.216 0.334 0.468 0.562 0.638 0.722 0.76
Generation: 21
fullpopTest 1.000000 0.794000 21 100 500 10 0 0.002 0.064 0.126 0.27 0.394 0.524 0.616 0.724 0.812 0.794
Generation: 22
fullpopTest 1.000000 0.828000 22 100 500 10 0 0.002 0.048 0.13 0.248 0.39 0.534 0.638 0.718 0.79 0.828
Generation: 23
fullpopTest 1.000000 0.828000 23 100 500 10 0 0.002 0.06 0.164 0.278 0.378 0.508 0.64 0.714 0.78 0.828
Generation: 24
fullpopTest 1.000000 0.844000 24 100 500 10 0 0 0.058 0.12 0.258 0.41 0.544 0.668 0.74 0.8 0.844
Generation: 25
fullpopTest 1.000000 0.874000 25 100 500 10 0 0.002 0.054 0.144 0.328 0.48 0.614 0.736 0.824 0.886 0.874
Generation: 26
fullpopTest 1.000000 0.900000 26 100 500 10 0 0.002 0.062 0.18 0.336 0.514 0.646 0.756 0.834 0.882 0.9
Generation: 27
fullpopTest 1.000000 0.912000 27 100 500 10 0 0 0.066 0.178 0.354 0.534 0.702 0.8 0.878 0.926 0.912
Generation: 28
fullpopTest 1.000000 0.946000 28 100 500 10 0 0 0.074 0.186 0.378 0.512 0.658 0.774 0.854 0.912 0.946
Generation: 29
fullpopTest 1.000000 0.946000 29 100 500 10 0 0.002 0.07 0.2 0.36 0.534 0.656 0.776 0.862 0.902 0.946
Generation: 30
fullpopTest 1.000000 0.946000 30 100 500 10 0 0.002 0.07 0.186 0.388 0.578 0.704 0.82 0.892 0.928 0.946
Generation: 31
fullpopTest 1.000000 0.966000 31 100 500 10 0 0 0.078 0.18 0.356 0.564 0.71 0.826 0.91 0.95 0.966
Generation: 32
fullpopTest 1.000000 0.966000 32 100 500 10 0 0 0.08 0.192 0.378 0.562 0.706 0.836 0.926 0.968 0.966
Generation: 33
fullpopTest 1.000000 0.966000 33 100 500 10 0 0.004 0.062 0.182 0.348 0.538 0.686 0.816 0.91 0.968 0.966
Generation: 34
fullpopTest 1.000000 0.972000 34 100 500 10 0 0.002 0.092 0.238 0.406 0.628 0.796 0.896 0.942 0.956 0.972
Generation: 35
fullpopTest 1.000000 0.976000 35 100 500 10 0 0 0.068 0.182 0.344 0.554 0.724 0.844 0.924 0.952 0.976
Generation: 36
fullpopTest 1.000000 0.986000 36 100 500 10 0 0.002 0.08 0.208 0.384 0.61 0.772 0.872 0.942 0.97 0.986
Generation: 37
fullpopTest 1.000000 0.990000 37 100 500 10 0 0.004 0.05 0.188 0.394 0.608 0.772 0.898 0.966 0.98 0.99
Generation: 38
fullpopTest 1.000000 0.990000 38 100 500 10 0 0 0.068 0.18 0.358 0.578 0.764 0.894 0.94 0.966 0.99
Generation: 39
fullpopTest 1.000000 0.990000 39 100 500 10 0 0.002 0.074 0.202 0.396 0.624 0.772 0.898 0.954 0.98 0.99
Generation: 40
fullpopTest 1.000000 0.998000 40 100 500 10 0 0.002 0.058 0.196 0.364 0.578 0.776 0.906 0.97 0.984 0.998
Generation: 41
fullpopTest 1.000000 0.998000 41 100 500 10 0 0 0.06 0.17 0.37 0.568 0.77 0.9 0.964 0.978 0.998
Generation: 42
fullpopTest 1.000000 0.998000 42 100 500 10 0 0 0.062 0.186 0.384 0.612 0.794 0.908 0.96 0.984 0.998
Generation: 43
fullpopTest 1.000000 0.998000 43 100 500 10 0 0.004 0.066 0.188 0.378 0.616 0.802 0.92 0.97 0.984 0.998
Generation: 44
fullpopTest 1.000000 0.998000 44 100 500 10 0 0 0.048 0.184 0.38 0.594 0.776 0.898 0.962 0.988 0.998
Generation: 45
fullpopTest 1.000000 1.000000 45 100 500 10 0 0.002 0.078 0.228 0.41 0.642 0.82 0.924 0.986 0.998 1
fullpopTest 1.000000 1.000000 46 100 500 10 0 0.002 0.076 0.234 0.43 0.67 0.83 0.928 0.978 0.996 1
Generation: 0
fullpopTest 1.000000 0.208000 0 100 500 10 0 0 0.008 0.016 0.034 0.058 0.076 0.1 0.14 0.17 0.208
Generation: 1
fullpopTest 1.000000 0.248000 1 100 500 10 0 0 0.008 0.02 0.036 0.064 0.094 0.118 0.13 0.158 0.248
Generation: 2
fullpopTest 1.000000 0.248000 2 100 500 10 0 0 0.006 0.016 0.034 0.056 0.072 0.094 0.124 0.172 0.248
Generation: 3
fullpopTest 1.000000 0.248000 3 100 500 10 0 0 0.008 0.016 0.034 0.056 0.076 0.1 0.134 0.152 0.248
Generation: 4
fullpopTest 1.000000 0.280000 4 100 500 10 0 0.002 0.006 0.01 0.034 0.064 0.1 0.136 0.178 0.224 0.28
Generation: 5
fullpopTest 1.000000 0.302000 5 100 500 10 0 0.002 0.012 0.024 0.058 0.094 0.138 0.18 0.224 0.278 0.302
Generation: 6
fullpopTest 1.000000 0.326000 6 100 500 10 0 0.002 0.016 0.042 0.082 0.138 0.182 0.232 0.308 0.388 0.326
Generation: 7
fullpopTest 1.000000 0.354000 7 100 500 10 0 0 0.012 0.028 0.068 0.116 0.162 0.21 0.276 0.33 0.354
Generation: 8
fullpopTest 1.000000 0.376000 8 100 500 10 0 0 0.008 0.038 0.082 0.12 0.16 0.204 0.262 0.316 0.376
Generation: 9
fullpopTest 1.000000 0.402000 9 100 500 10 0 0 0.012 0.03 0.058 0.098 0.148 0.228 0.292 0.398 0.402
Generation: 10
fullpopTest 1.000000 0.464000 10 100 500 10 0 0.002 0.012 0.044 0.094 0.148 0.218 0.302 0.362 0.422 0.464
Generation: 11
fullpopTest 1.000000 0.488000 11 100 500 10 0 0.002 0.012 0.06 0.106 0.176 0.236 0.306 0.378 0.43 0.488
Generation: 12
fullpopTest 1.000000 0.540000 12 100 500 10 0 0 0.008 0.044 0.1 0.162 0.248 0.352 0.432 0.524 0.54
Generation: 13
fullpopTest 1.000000 0.540000 13 100 500 10 0 0 0.022 0.07 0.126 0.208 0.28 0.358 0.42 0.486 0.54
Generation: 14
fullpopTest 1.000000 0.540000 14 100 500 10 0 0 0.026 0.068 0.11 0.176 0.274 0.382 0.464 0.54 0.54
Generation: 15
fullpopTest 1.000000 0.570000 15 100 500 10 0 0.002 0.026 0.07 0.142 0.222 0.294 0.374 0.462 0.536 0.57
Generation: 16
fullpopTest 1.000000 0.606000 16 100 500 10 0 0.002 0.018 0.066 0.144 0.228 0.314 0.408 0.486 0.568 0.606
Generation: 17
fullpopTest 1.000000 0.618000 17 100 500 10 0 0 0.018 0.056 0.128 0.222 0.318 0.436 0.52 0.6 0.618
Generation: 18
fullpopTest 1.000000 0.666000 18 100 500 10 0 0 0.018 0.052 0.134 0.232 0.326 0.434 0.536 0.65 0.666
Generation: 19
fullpopTest 1.000000 0.688000 19 100 500 10 0 0 0.028 0.082 0.152 0.254 0.344 0.44 0.534 0.622 0.688
Generation: 20
fullpopTest 1.000000 0.738000 20 100 500 10 0 0.002 0.03 0.112 0.212 0.312 0.416 0.528 0.634 0.714 0.738
Generation: 21
fullpopTest 1.000000 0.768000 21 100 500 10 0 0.002 0.018 0.108 0.224 0.334 0.446 0.554 0.654 0.754 0.768
Generation: 22
fullpopTest 1.000000 0.772000 22 100 500 10 0 0 0.024 0.092 0.198 0.328 0.464 0.558 0.668 0.75 0.772
Generation: 23
fullpopTest 1.000000 0.792000 23 100 500 10 0 0.002 0.032 0.076 0.172 0.286 0.418 0.556 0.674 0.754 0.792
Generation: 24
fullpopTest 1.000000 0.804000 24 100 500 10 0 0.002 0.03 0.1 0.198 0.324 0.458 0.598 0.716 0.808 0.804
Generation: 25
fullpopTest 1.000000 0.864000 25 100 500 10 0 0.004 0.038 0.13 0.254 0.398 0.548 0.664 0.758 0.85 0.864
Generation: 26
fullpopTest 1.000000 0.888000 26 100 500 10 0 0.002 0.034 0.128 0.22 0.366 0.51 0.628 0.72 0.786 0.888
Generation: 27
fullpopTest 1.000000 0.902000 27 100 500 10 0 0.002 0.034 0.128 0.244 0.366 0.518 0.646 0.762 0.846 0.902
Generation: 28
fullpopTest 1.000000 0.908000 28 100 500 10 0 0.002 0.038 0.172 0.312 0.45 0.588 0.712 0.814 0.89 0.908
Generation: 29
fullpopTest 1.000000 0.908000 29 100 500 10 0 0.004 0.046 0.16 0.3 0.438 0.582 0.704 0.804 0.868 0.908
Generation: 30
fullpopTest 1.000000 0.920000 30 100 500 10 0 0 0.054 0.156 0.306 0.466 0.622 0.748 0.846 0.898 0.92
Generation: 31
fullpopTest 1.000000 0.922000 31 100 500 10 0 0 0.036 0.166 0.332 0.514 0.672 0.804 0.88 0.938 0.922
Generation: 32
fullpopTest 1.000000 0.938000 32 100 500 10 0 0 0.062 0.2 0.386 0.536 0.666 0.764 0.846 0.908 0.938
Generation: 33
fullpopTest 1.000000 0.952000 33 100 500 10 0 0 0.046 0.18 0.338 0.476 0.628 0.75 0.85 0.9 0.952
Generation: 34
fullpopTest 1.000000 0.952000 34 100 500 10 0 0 0.042 0.15 0.326 0.51 0.648 0.776 0.862 0.92 0.952
Generation: 35
fullpopTest 1.000000 0.956000 35 100 500 10 0 0.002 0.05 0.184 0.342 0.49 0.638 0.778 0.878 0.92 0.956
Generation: 36
fullpopTest 1.000000 0.964000 36 100 500 10 0 0.002 0.052 0.162 0.32 0.482 0.652 0.792 0.87 0.93 0.964
Generation: 37
fullpopTest 1.000000 0.974000 37 100 500 10 0 0.002 0.052 0.2 0.394 0.558 0.734 0.864 0.934 0.966 0.974
Generation: 38
fullpopTest 1.000000 0.974000 38 100 500 10 0 0.002 0.058 0.202 0.388 0.596 0.752 0.868 0.932 0.966 0.974
Generation: 39
fullpopTest 1.000000 0.980000 39 100 500 10 0 0.002 0.058 0.182 0.372 0.562 0.728 0.848 0.93 0.968 0.98
Generation: 40
fullpopTest 1.000000 0.980000 40 100 500 10 0 0 0.062 0.228 0.428 0.586 0.766 0.858 0.932 0.972 0.98
Generation: 41
fullpopTest 1.000000 0.982000 41 100 500 10 0 0 0.064 0.222 0.428 0.62 0.772 0.886 0.934 0.968 0.982
Generation: 42
fullpopTest 1.000000 0.982000 42 100 500 10 0 0.002 0.07 0.222 0.426 0.586 0.756 0.852 0.91 0.962 0.982
Generation: 43
fullpopTest 1.000000 0.992000 43 100 500 10 0 0.002 0.042 0.176 0.376 0.588 0.732 0.858 0.926 0.978 0.992
Generation: 44
fullpopTest 1.000000 0.992000 44 100 500 10 0 0.004 0.04 0.132 0.366 0.566 0.742 0.88 0.942 0.974 0.992
Generation: 45
fullpopTest 1.000000 0.992000 45 100 500 10 0 0 0.054 0.182 0.36 0.54 0.732 0.88 0.952 0.98 0.992
Generation: 46
fullpopTest 1.000000 0.994000 46 100 500 10 0 0.002 0.07 0.226 0.426 0.61 0.786 0.91 0.97 0.988 0.994
Generation: 47
fullpopTest 1.000000 0.994000 47 100 500 10 0 0.002 0.068 0.232 0.426 0.67 0.798 0.9 0.952 0.968 0.994
Generation: 48
fullpopTest 1.000000 0.994000 48 100 500 10 0 0 0.064 0.222 0.428 0.642 0.814 0.926 0.97 0.982 0.994
Generation: 49
fullpopTest 1.000000 0.994000 49 100 500 10 0 0.004 0.066 0.224 0.426 0.634 0.776 0.9 0.97 0.988 0.994
Generation: 50
fullpopTest 1.000000 0.998000 50 100 500 10 0 0.004 0.068 0.23 0.41 0.656 0.81 0.922 0.974 0.988 0.998
Generation: 51
fullpopTest 1.000000 0.998000 51 100 500 10 0 0.002 0.058 0.22 0.45 0.652 0.806 0.904 0.962 0.992 0.998
Generation: 52
fullpopTest 1.000000 0.998000 52 100 500 10 0 0 0.08 0.234 0.454 0.66 0.828 0.924 0.976 0.986 0.998
Generation: 53
fullpopTest 1.000000 1.000000 53 100 500 10 0 0.002 0.082 0.284 0.508 0.706 0.866 0.952 0.99 0.996 1
fullpopTest 1.000000 1.000000 54 100 500 10 0 0.002 0.082 0.306 0.526 0.694 0.866 0.938 0.986 0.996 1
Generation: 0
fullpopTest 1.000000 0.184000 0 100 500 10 0 0 0.012 0.022 0.034 0.052 0.088 0.126 0.154 0.176 0.184
Generation: 1
fullpopTest 1.000000 0.216000 1 100 500 10 0 0 0.004 0.034 0.064 0.104 0.132 0.166 0.196 0.218 0.216
Generation: 2
fullpopTest 1.000000 0.240000 2 100 500 10 0 0 0.01 0.024 0.042 0.07 0.108 0.152 0.196 0.248 0.24
Generation: 3
fullpopTest 1.000000 0.288000 3 100 500 10 0 0 0.01 0.03 0.062 0.092 0.134 0.17 0.222 0.268 0.288
Generation: 4
fullpopTest 1.000000 0.312000 4 100 500 10 0 0 0.004 0.026 0.074 0.118 0.166 0.216 0.26 0.326 0.312
Generation: 5
fullpopTest 1.000000 0.342000 5 100 500 10 0 0 0.01 0.042 0.086 0.116 0.16 0.198 0.25 0.298 0.342
Generation: 6
fullpopTest 1.000000 0.372000 6 100 500 10 0 0 0.01 0.044 0.078 0.12 0.166 0.214 0.266 0.318 0.372
Generation: 7
fullpopTest 1.000000 0.386000 7 100 500 10 0 0 0.008 0.028 0.07 0.138 0.194 0.268 0.346 0.394 0.386
Generation: 8
fullpopTest 1.000000 0.440000 8 100 500 10 0 0 0.014 0.05 0.094 0.154 0.206 0.276 0.35 0.398 0.44
Generation: 9
fullpopTest 1.000000 0.466000 9 100 500 10 0 0 0.018 0.054 0.11 0.156 0.22 0.292 0.366 0.44 0.466
Generation: 10
fullpopTest 1.000000 0.490000 10 100 500 10 0 0 0.02 0.064 0.108 0.18 0.25 0.304 0.356 0.434 0.49
Generation: 11
fullpopTest 1.000000 0.504000 11 100 500 10 0 0 0.022 0.062 0.122 0.2 0.27 0.332 0.412 0.488 0.504
Generation: 12
fullpopTest 1.000000 0.552000 12 100 500 10 0 0 0.016 0.074 0.146 0.216 0.302 0.392 0.446 0.5 0.552
Generation: 13
fullpopTest 1.000000 0.570000 13 100 500 10 0 0 0.034 0.08 0.166 0.256 0.332 0.418 0.502 0.58 0.57
Generation: 14
fullpopTest 1.000000 0.606000 14 100 500 10 0 0 0.028 0.07 0.158 0.224 0.322 0.424 0.514 0.568 0.606
Generation: 15
fullpopTest 1.000000 0.650000 15 100 500 10 0 0 0.03 0.108 0.214 0.294 0.388 0.47 0.544 0.604 0.65
Generation: 16
fullpopTest 1.000000 0.672000 16 100 500 10 0 0.002 0.054 0.114 0.188 0.284 0.364 0.452 0.518 0.582 0.672
Generation: 17
fullpopTest 1.000000 0.696000 17 100 500 10 0 0 0.04 0.124 0.236 0.328 0.43 0.524 0.62 0.686 0.696
Generation: 18
fullpopTest 1.000000 0.706000 18 100 500 10 0 0.002 0.062 0.132 0.208 0.308 0.422 0.508 0.59 0.67 0.706
Generation: 19
fullpopTest 1.000000 0.750000 19 100 500 10 0 0 0.048 0.126 0.21 0.338 0.442 0.546 0.626 0.712 0.75
Generation: 20
fullpopTest 1.000000 0.792000 20 100 500 10 0 0 0.03 0.11 0.246 0.374 0.484 0.59 0.678 0.746 0.792
Generation: 21
fullpopTest 1.000000 0.828000 21 100 500 10 0 0 0.048 0.154 0.302 0.456 0.608 0.724 0.786 0.844 0.828
Generation: 22
fullpopTest 1.000000 0.856000 22 100 500 10 0 0 0.064 0.166 0.286 0.456 0.59 0.692 0.762 0.838 0.856
Generation: 23
fullpopTest 1.000000 0.864000 23 100 500 10 0 0.004 0.046 0.172 0.336 0.478 0.612 0.71 0.82 0.882 0.864
Generation: 24
fullpopTest 1.000000 0.882000 24 100 500 10 0 0.002 0.058 0.172 0.328 0.47 0.628 0.726 0.826 0.868 0.882
Generation: 25
fullpopTest 1.000000 0.906000 25 100 500 10 0 0.002 0.038 0.154 0.29 0.444 0.592 0.72 0.814 0.878 0.906
Generation: 26
fullpopTest 1.000000 0.910000 26 100 500 10 0 0 0.088 0.252 0.406 0.57 0.698 0.794 0.872 0.922 0.91
Generation: 27
fullpopTest 1.000000 0.954000 27 100 500 10 0 0.002 0.054 0.218 0.394 0.566 0.708 0.816 0.888 0.922 0.954
Generation: 28
fullpopTest 1.000000 0.954000 28 100 500 10 0 0 0.076 0.248 0.436 0.622 0.734 0.832 0.904 0.938 0.954
Generation: 29
fullpopTest 1.000000 0.954000 29 100 500 10 0 0 0.09 0.234 0.406 0.582 0.716 0.83 0.882 0.928 0.954
Generation: 30
fullpopTest 1.000000 0.964000 30 100 500 10 0 0 0.082 0.248 0.414 0.602 0.752 0.856 0.912 0.934 0.964
Generation: 31
fullpopTest 1.000000 0.964000 31 100 500 10 0 0.002 0.078 0.234 0.41 0.602 0.762 0.836 0.91 0.94 0.964
Generation: 32
fullpopTest 1.000000 0.972000 32 100 500 10 0 0 0.046 0.17 0.344 0.544 0.728 0.86 0.924 0.97 0.972
Generation: 33
fullpopTest 1.000000 0.982000 33 100 500 10 0 0 0.072 0.19 0.362 0.58 0.748 0.84 0.906 0.96 0.982
Generation: 34
fullpopTest 1.000000 0.986000 34 100 500 10 0 0.002 0.072 0.202 0.382 0.596 0.75 0.868 0.946 0.972 0.986
Generation: 35
fullpopTest 1.000000 0.990000 35 100 500 10 0 0 0.076 0.226 0.446 0.668 0.81 0.924 0.964 0.986 0.99
Generation: 36
fullpopTest 1.000000 0.990000 36 100 500 10 0 0 0.086 0.236 0.43 0.628 0.81 0.924 0.974 0.986 0.99
Generation: 37
fullpopTest 1.000000 0.996000 37 100 500 10 0 0.002 0.074 0.212 0.41 0.642 0.812 0.91 0.956 0.976 0.996
Generation: 38
fullpopTest 1.000000 0.996000 38 100 500 10 0 0 0.076 0.224 0.424 0.67 0.828 0.918 0.958 0.98 0.996
Generation: 39
fullpopTest 1.000000 0.996000 39 100 500 10 0 0 0.072 0.254 0.446 0.672 0.83 0.914 0.976 0.988 0.996
Generation: 40
fullpopTest 1.000000 0.996000 40 100 500 10 0 0.002 0.078 0.234 0.46 0.66 0.822 0.914 0.964 0.988 0.996
Generation: 41
fullpopTest 1.000000 0.996000 41 100 500 10 0 0.002 0.068 0.256 0.428 0.656 0.832 0.92 0.962 0.984 0.996
Generation: 42
fullpopTest 1.000000 0.996000 42 100 500 10 0 0 0.084 0.246 0.428 0.66 0.816 0.918 0.966 0.986 0.996
Generation: 43
fullpopTest 1.000000 0.998000 43 100 500 10 0 0.004 0.058 0.27 0.476 0.68 0.832 0.932 0.974 0.988 0.998
Generation: 44
fullpopTest 1.000000 0.998000 44 100 500 10 0 0.002 0.074 0.278 0.458 0.674 0.832 0.92 0.978 0.994 0.998
Generation: 45
fullpopTest 1.000000 0.998000 45 100 500 10 0 0.002 0.068 0.238 0.442 0.654 0.856 0.93 0.972 0.986 0.998
Generation: 46
fullpopTest 1.000000 0.998000 46 100 500 10 0 0.004 0.096 0.292 0.512 0.71 0.872 0.956 0.98 0.992 0.998
Generation: 47
fullpopTest 1.000000 0.998000 47 100 500 10 0 0.004 0.08 0.278 0.476 0.69 0.866 0.946 0.982 0.992 0.998
Generation: 48
fullpopTest 1.000000 1.000000 48 100 500 10 0 0.004 0.094 0.326 0.536 0.754 0.908 0.978 0.996 1 1
fullpopTest 1.000000 1.000000 49 100 500 10 0 0.002 0.1 0.28 0.496 0.756 0.896 0.962 0.988 0.996 1
Generation: 0
fullpopTest 1.000000 0.234000 0 100 500 10 0 0 0.002 0.016 0.03 0.046 0.08 0.1 0.134 0.198 0.234
Generation: 1
fullpopTest 1.000000 0.288000 1 100 500 10 0 0 0.01 0.03 0.054 0.088 0.118 0.154 0.202 0.236 0.288
Generation: 2
fullpopTest 1.000000 0.288000 2 100 500 10 0 0 0.01 0.02 0.046 0.066 0.1 0.13 0.178 0.226 0.288
Generation: 3
fullpopTest 1.000000 0.288000 3 100 500 10 0 0 0.004 0.026 0.042 0.07 0.112 0.146 0.19 0.232 0.288
Generation: 4
fullpopTest 1.000000 0.338000 4 100 500 10 0 0 0.006 0.028 0.062 0.102 0.15 0.208 0.262 0.308 0.338
Generation: 5
fullpopTest 1.000000 0.338000 5 100 500 10 0 0 0.008 0.036 0.084 0.128 0.18 0.23 0.282 0.336 0.338
Generation: 6
fullpopTest 1.000000 0.394000 6 100 500 10 0 0 0.012 0.04 0.074 0.134 0.202 0.26 0.314 0.37 0.394
Generation: 7
fullpopTest 1.000000 0.444000 7 100 500 10 0 0 0.016 0.038 0.076 0.128 0.192 0.264 0.334 0.41 0.444
Generation: 8
fullpopTest 1.000000 0.446000 8 100 500 10 0 0 0.01 0.046 0.096 0.148 0.226 0.314 0.376 0.456 0.446
Generation: 9
fullpopTest 1.000000 0.500000 9 100 500 10 0 0 0.014 0.058 0.108 0.174 0.234 0.334 0.412 0.482 0.5
Generation: 10
fullpopTest 1.000000 0.526000 10 100 500 10 0 0.002 0.012 0.064 0.118 0.2 0.272 0.35 0.418 0.476 0.526
Generation: 11
fullpopTest 1.000000 0.538000 11 100 500 10 0 0.002 0.018 0.062 0.108 0.176 0.244 0.338 0.414 0.494 0.538
Generation: 12
fullpopTest 1.000000 0.570000 12 100 500 10 0 0 0.014 0.07 0.134 0.214 0.316 0.406 0.504 0.574 0.57
Generation: 13
fullpopTest 1.000000 0.626000 13 100 500 10 0 0 0.024 0.08 0.158 0.28 0.382 0.484 0.552 0.614 0.626
Generation: 14
fullpopTest 1.000000 0.626000 14 100 500 10 0 0 0.02 0.088 0.162 0.268 0.366 0.452 0.546 0.638 0.626
Generation: 15
fullpopTest 1.000000 0.646000 15 100 500 10 0 0.004 0.016 0.096 0.188 0.31 0.42 0.518 0.604 0.684 0.646
Generation: 16
fullpopTest 1.000000 0.692000 16 100 500 10 0 0 0.022 0.092 0.178 0.298 0.396 0.494 0.604 0.7 0.692
Generation: 17
fullpopTest 1.000000 0.716000 17 100 500 10 0 0 0.024 0.082 0.188 0.33 0.424 0.518 0.608 0.682 0.716
Generation: 18
fullpopTest 1.000000 0.760000 18 100 500 10 0 0 0.03 0.094 0.202 0.316 0.43 0.548 0.664 0.75 0.76
Generation: 19
fullpopTest 1.000000 0.792000 19 100 500 10 0 0 0.024 0.102 0.212 0.344 0.454 0.578 0.702 0.778 0.792
Generation: 20
fullpopTest 1.000000 0.814000 20 100 500 10 0 0 0.034 0.122 0.26 0.392 0.522 0.63 0.724 0.798 0.814
Generation: 21
fullpopTest 1.000000 0.834000 21 100 500 10 0 0.002 0.044 0.11 0.244 0.386 0.52 0.65 0.728 0.806 0.834
Generation: 22
fullpopTest 1.000000 0.858000 22 100 500 10 0 0 0.02 0.102 0.208 0.358 0.514 0.658 0.744 0.836 0.858
Generation: 23
fullpopTest 1.000000 0.876000 23 100 500 10 0 0.002 0.034 0.124 0.22 0.348 0.5 0.634 0.74 0.832 0.876
Generation: 24
fullpopTest 1.000000 0.894000 24 100 500 10 0 0.004 0.034 0.124 0.234 0.4 0.562 0.698 0.812 0.878 0.894
Generation: 25
fullpopTest 1.000000 0.928000 25 100 500 10 0 0.002 0.032 0.138 0.236 0.422 0.604 0.758 0.862 0.932 0.928
Generation: 26
fullpopTest 1.000000 0.928000 26 100 500 10 0 0 0.03 0.118 0.254 0.4 0.57 0.72 0.818 0.898 0.928
Generation: 27
fullpopTest 1.000000 0.936000 27 100 500 10 0 0.002 0.034 0.142 0.282 0.452 0.596 0.728 0.828 0.91 0.936
Generation: 28
fullpopTest 1.000000 0.960000 28 100 500 10 0 0.002 0.032 0.122 0.272 0.464 0.632 0.768 0.86 0.916 0.96
Generation: 29
fullpopTest 1.000000 0.960000 29 100 500 10 0 0 0.044 0.134 0.316 0.496 0.658 0.798 0.9 0.946 0.96
Generation: 30
fullpopTest 1.000000 0.964000 30 100 500 10 0 0.002 0.032 0.134 0.31 0.51 0.71 0.82 0.904 0.95 0.964
Generation: 31
fullpopTest 1.000000 0.976000 31 100 500 10 0 0 0.038 0.136 0.288 0.478 0.654 0.81 0.886 0.946 0.976
Generation: 32
fullpopTest 1.000000 0.978000 32 100 500 10 0 0 0.068 0.152 0.318 0.5 0.664 0.802 0.904 0.956 0.978
Generation: 33
fullpopTest 1.000000 0.980000 33 100 500 10 0 0.002 0.044 0.152 0.318 0.53 0.688 0.856 0.946 0.968 0.98
Generation: 34
fullpopTest 1.000000 0.990000 34 100 500 10 0 0 0.07 0.158 0.358 0.602 0.786 0.894 0.958 0.982 0.99
Generation: 35
fullpopTest 1.000000 0.990000 35 100 500 10 0 0.002 0.058 0.184 0.384 0.598 0.76 0.868 0.94 0.96 0.99
Generation: 36
fullpopTest 1.000000 0.992000 36 100 500 10 0 0 0.058 0.198 0.404 0.63 0.806 0.92 0.962 0.99 0.992
Generation: 37
fullpopTest 1.000000 0.996000 37 100 500 10 0 0.002 0.05 0.186 0.392 0.62 0.804 0.898 0.962 0.982 0.996
Generation: 38
fullpopTest 1.000000 0.996000 38 100 500 10 0 0.004 0.068 0.172 0.416 0.648 0.81 0.902 0.962 0.99 0.996
Generation: 39
fullpopTest 1.000000 0.996000 39 100 500 10 0 0 0.062 0.2 0.406 0.634 0.822 0.924 0.972 0.988 0.996
Generation: 40
fullpopTest 1.000000 0.998000 40 100 500 10 0 0 0.048 0.188 0.398 0.62 0.774 0.906 0.974 0.992 0.998
Generation: 41
fullpopTest 1.000000 0.998000 41 100 500 10 0 0.002 0.088 0.214 0.41 0.632 0.782 0.89 0.954 0.98 0.998
Generation: 42
fullpopTest 1.000000 1.000000 42 100 500 10 0 0 0.062 0.186 0.446 0.668 0.836 0.928 0.98 0.992 1
fullpopTest 1.000000 1.000000 43 100 500 10 0 0.002 0.062 0.206 0.434 0.666 0.822 0.926 0.974 0.988 1
Generation: 0
fullpopTest 1.000000 0.204000 0 100 500 10 0 0 0 0.012 0.028 0.05 0.064 0.102 0.122 0.168 0.204
Generation: 1
fullpopTest 1.000000 0.220000 1 100 500 10 0 0 0.012 0.032 0.056 0.088 0.106 0.152 0.188 0.214 0.22
Generation: 2
fullpopTest 1.000000 0.274000 2 100 500 10 0 0 0.014 0.038 0.07 0.114 0.142 0.182 0.214 0.258 0.274
Generation: 3
fullpopTest 1.000000 0.310000 3 100 500 10 0 0 0.014 0.052 0.08 0.12 0.164 0.21 0.27 0.32 0.31
Generation: 4
fullpopTest 1.000000 0.334000 4 100 500 10 0 0 0.012 0.034 0.074 0.11 0.148 0.19 0.226 0.268 0.334
Generation: 5
fullpopTest 1.000000 0.336000 5 100 500 10 0 0 0.016 0.048 0.102 0.142 0.192 0.23 0.282 0.334 0.336
Generation: 6
fullpopTest 1.000000 0.364000 6 100 500 10 0 0 0.01 0.042 0.088 0.15 0.208 0.262 0.312 0.352 0.364
Generation: 7
fullpopTest 1.000000 0.418000 7 100 500 10 0 0 0.01 0.044 0.082 0.138 0.204 0.282 0.342 0.38 0.418
Generation: 8
fullpopTest 1.000000 0.418000 8 100 500 10 0 0 0.024 0.05 0.088 0.14 0.204 0.256 0.308 0.38 0.418
Generation: 9
fullpopTest 1.000000 0.438000 9 100 500 10 0 0 0.028 0.076 0.122 0.164 0.232 0.296 0.346 0.384 0.438
Generation: 10
fullpopTest 1.000000 0.476000 10 100 500 10 0 0.002 0.026 0.066 0.114 0.178 0.242 0.306 0.386 0.432 0.476
Generation: 11
fullpopTest 1.000000 0.482000 11 100 500 10 0 0 0.044 0.092 0.16 0.234 0.316 0.394 0.462 0.522 0.482
Generation: 12
fullpopTest 1.000000 0.518000 12 100 500 10 0 0 0.016 0.066 0.136 0.204 0.288 0.358 0.44 0.498 0.518
Generation: 13
fullpopTest 1.000000 0.572000 13 100 500 10 0 0 0.03 0.1 0.164 0.24 0.304 0.37 0.448 0.512 0.572
Generation: 14
fullpopTest 1.000000 0.594000 14 100 500 10 0 0 0.022 0.08 0.168 0.248 0.34 0.438 0.514 0.58 0.594
Generation: 15
fullpopTest 1.000000 0.612000 15 100 500 10 0 0 0.03 0.094 0.176 0.262 0.35 0.428 0.512 0.582 0.612
Generation: 16
fullpopTest 1.000000 0.650000 16 100 500 10 0 0 0.052 0.11 0.198 0.288 0.38 0.436 0.492 0.556 0.65
Generation: 17
fullpopTest 1.000000 0.650000 17 100 500 10 0 0 0.032 0.112 0.204 0.294 0.372 0.448 0.53 0.592 0.65
Generation: 18
fullpopTest 1.000000 0.668000 18 100 500 10 0 0.002 0.034 0.09 0.17 0.276 0.37 0.454 0.524 0.606 0.668
Generation: 19
fullpopTest 1.000000 0.702000 19 100 500 10 0 0 0.022 0.106 0.194 0.31 0.43 0.532 0.618 0.686 0.702
Generation: 20
fullpopTest 1.000000 0.748000 20 100 500 10 0 0 0.03 0.102 0.232 0.35 0.47 0.556 0.676 0.752 0.748
Generation: 21
fullpopTest 1.000000 0.808000 21 100 500 10 0 0 0.05 0.13 0.23 0.34 0.464 0.57 0.668 0.754 0.808
Generation: 22
fullpopTest 1.000000 0.808000 22 100 500 10 0 0.002 0.07 0.13 0.246 0.364 0.492 0.59 0.67 0.75 0.808
Generation: 23
fullpopTest 1.000000 0.834000 23 100 500 10 0 0 0.056 0.136 0.268 0.414 0.558 0.688 0.772 0.85 0.834
Generation: 24
fullpopTest 1.000000 0.862000 24 100 500 10 0 0 0.056 0.156 0.32 0.45 0.568 0.672 0.76 0.834 0.862
Generation: 25
fullpopTest 1.000000 0.886000 25 100 500 10 0 0 0.074 0.164 0.314 0.448 0.6 0.704 0.808 0.868 0.886
Generation: 26
fullpopTest 1.000000 0.908000 26 100 500 10 0 0 0.084 0.184 0.308 0.46 0.618 0.74 0.812 0.882 0.908
Generation: 27
fullpopTest 1.000000 0.916000 27 100 500 10 0 0 0.062 0.188 0.356 0.528 0.64 0.748 0.826 0.88 0.916
Generation: 28
fullpopTest 1.000000 0.916000 28 100 500 10 0 0 0.076 0.194 0.35 0.47 0.616 0.734 0.818 0.878 0.916
Generation: 29
fullpopTest 1.000000 0.948000 29 100 500 10 0 0.002 0.064 0.174 0.314 0.49 0.644 0.766 0.844 0.908 0.948
Generation: 30
fullpopTest 1.000000 0.948000 30 100 500 10 0 0.002 0.066 0.2 0.372 0.5 0.65 0.778 0.872 0.912 0.948
Generation: 31
fullpopTest 1.000000 0.948000 31 100 500 10 0 0 0.054 0.162 0.34 0.5 0.63 0.75 0.834 0.896 0.948
Generation: 32
fullpopTest 1.000000 0.980000 32 100 500 10 0 0.002 0.09 0.246 0.436 0.604 0.754 0.842 0.906 0.938 0.98
Generation: 33
fullpopTest 1.000000 0.980000 33 100 500 10 0 0.002 0.074 0.228 0.408 0.584 0.772 0.866 0.92 0.962 0.98
Generation: 34
fullpopTest 1.000000 0.980000 34 100 500 10 0 0 0.08 0.246 0.414 0.602 0.738 0.842 0.926 0.964 0.98
Generation: 35
fullpopTest 1.000000 0.982000 35 100 500 10 0 0.002 0.08 0.206 0.388 0.596 0.764 0.86 0.944 0.974 0.982
Generation: 36
fullpopTest 1.000000 0.984000 36 100 500 10 0 0.002 0.064 0.216 0.412 0.616 0.77 0.852 0.934 0.976 0.984
Generation: 37
fullpopTest 1.000000 0.992000 37 100 500 10 0 0.002 0.074 0.24 0.442 0.616 0.76 0.866 0.954 0.988 0.992
Generation: 38
fullpopTest 1.000000 0.994000 38 100 500 10 0 0 0.09 0.222 0.458 0.634 0.808 0.904 0.954 0.968 0.994
Generation: 39
fullpopTest 1.000000 0.996000 39 100 500 10 0 0.004 0.088 0.264 0.474 0.68 0.822 0.916 0.96 0.98 0.996
Generation: 40
fullpopTest 1.000000 0.996000 40 100 500 10 0 0.002 0.076 0.244 0.446 0.652 0.82 0.928 0.974 0.99 0.996
Generation: 41
fullpopTest 1.000000 0.996000 41 100 500 10 0 0.002 0.082 0.246 0.448 0.676 0.828 0.93 0.966 0.988 0.996
Generation: 42
fullpopTest 1.000000 1.000000 42 100 500 10 0 0 0.082 0.26 0.466 0.656 0.838 0.942 0.986 0.994 1
fullpopTest 1.000000 1.000000 43 100 500 10 0 0 0.072 0.232 0.454 0.672 0.844 0.942 0.98 0.992 1
Generation: 0
fullpopTest 1.000000 0.214000 0 100 500 10 0 0 0.002 0.014 0.028 0.058 0.082 0.11 0.138 0.182 0.214
Generation: 1
fullpopTest 1.000000 0.214000 1 100 500 10 0 0 0.004 0.022 0.036 0.058 0.08 0.11 0.156 0.2 0.214
Generation: 2
fullpopTest 1.000000 0.240000 2 100 500 10 0 0 0.002 0.026 0.062 0.102 0.126 0.168 0.21 0.24 0.24
Generation: 3
fullpopTest 1.000000 0.260000 3 100 500 10 0 0 0.006 0.032 0.074 0.096 0.116 0.134 0.156 0.198 0.26
Generation: 4
fullpopTest 1.000000 0.276000 4 100 500 10 0 0 0.008 0.028 0.054 0.094 0.124 0.162 0.2 0.24 0.276
Generation: 5
fullpopTest 1.000000 0.308000 5 100 500 10 0 0 0.01 0.034 0.078 0.12 0.156 0.218 0.27 0.304 0.308
Generation: 6
fullpopTest 1.000000 0.352000 6 100 500 10 0 0.002 0.02 0.06 0.092 0.126 0.15 0.196 0.248 0.304 0.352
Generation: 7
fullpopTest 1.000000 0.376000 7 100 500 10 0 0 0.006 0.022 0.054 0.082 0.116 0.168 0.214 0.258 0.376
Generation: 8
fullpopTest 1.000000 0.380000 8 100 500 10 0 0 0.006 0.022 0.064 0.124 0.19 0.26 0.312 0.376 0.38
Generation: 9
fullpopTest 1.000000 0.398000 9 100 500 10 0 0 0.01 0.044 0.088 0.148 0.2 0.25 0.324 0.37 0.398
Generation: 10
fullpopTest 1.000000 0.456000 10 100 500 10 0 0 0.014 0.058 0.118 0.178 0.234 0.294 0.354 0.4 0.456
Generation: 11
fullpopTest 1.000000 0.492000 11 100 500 10 0 0 0.03 0.092 0.164 0.244 0.326 0.386 0.454 0.516 0.492
Generation: 12
fullpopTest 1.000000 0.522000 12 100 500 10 0 0 0.032 0.088 0.166 0.23 0.302 0.372 0.428 0.502 0.522
Generation: 13
fullpopTest 1.000000 0.548000 13 100 500 10 0 0.002 0.026 0.06 0.142 0.224 0.306 0.388 0.468 0.542 0.548
Generation: 14
fullpopTest 1.000000 0.584000 14 100 500 10 0 0.002 0.038 0.11 0.2 0.286 0.374 0.452 0.516 0.564 0.584
Generation: 15
fullpopTest 1.000000 0.650000 15 100 500 10 0 0.002 0.028 0.092 0.22 0.324 0.416 0.504 0.586 0.648 0.65
Generation: 16
fullpopTest 1.000000 0.676000 16 100 500 10 0 0 0.03 0.106 0.218 0.31 0.408 0.49 0.58 0.648 0.676
Generation: 17
fullpopTest 1.000000 0.726000 17 100 500 10 0 0 0.04 0.12 0.242 0.354 0.472 0.546 0.624 0.696 0.726
Generation: 18
fullpopTest 1.000000 0.762000 18 100 500 10 0 0.002 0.044 0.158 0.264 0.408 0.506 0.616 0.684 0.748 0.762
Generation: 19
fullpopTest 1.000000 0.762000 19 100 500 10 0 0.002 0.062 0.176 0.282 0.392 0.488 0.584 0.686 0.744 0.762
Generation: 20
fullpopTest 1.000000 0.806000 20 100 500 10 0 0 0.066 0.188 0.308 0.452 0.586 0.678 0.738 0.79 0.806
Generation: 21
fullpopTest 1.000000 0.810000 21 100 500 10 0 0.002 0.046 0.142 0.26 0.406 0.528 0.644 0.718 0.772 0.81
Generation: 22
fullpopTest 1.000000 0.816000 22 100 500 10 0 0 0.05 0.156 0.28 0.412 0.536 0.62 0.698 0.774 0.816
Generation: 23
fullpopTest 1.000000 0.864000 23 100 500 10 0 0.002 0.042 0.168 0.298 0.462 0.584 0.674 0.77 0.836 0.864
Generation: 24
fullpopTest 1.000000 0.872000 24 100 500 10 0 0.002 0.076 0.236 0.374 0.512 0.616 0.748 0.82 0.874 0.872
Generation: 25
fullpopTest 1.000000 0.894000 25 100 500 10 0 0.002 0.05 0.184 0.316 0.478 0.62 0.732 0.814 0.884 0.894
Generation: 26
fullpopTest 1.000000 0.908000 26 100 500 10 0 0.002 0.084 0.206 0.342 0.51 0.634 0.726 0.802 0.864 0.908
Generation: 27
fullpopTest 1.000000 0.918000 27 100 500 10 0 0.002 0.056 0.198 0.342 0.5 0.634 0.75 0.838 0.888 0.918
Generation: 28
fullpopTest 1.000000 0.918000 28 100 500 10 0 0.002 0.068 0.2 0.332 0.5 0.648 0.758 0.842 0.896 0.918
Generation: 29
fullpopTest 1.000000 0.938000 29 100 500 10 0 0.002 0.06 0.19 0.334 0.538 0.65 0.766 0.844 0.904 0.938
Generation: 30
fullpopTest 1.000000 0.954000 30 100 500 10 0 0.002 0.082 0.238 0.392 0.568 0.698 0.816 0.89 0.94 0.954
Generation: 31
fullpopTest 1.000000 0.968000 31 100 500 10 0 0.002 0.1 0.264 0.414 0.586 0.746 0.868 0.92 0.952 0.968
Generation: 32
fullpopTest 1.000000 0.968000 32 100 500 10 0 0.002 0.096 0.258 0.408 0.612 0.756 0.854 0.914 0.948 0.968
Generation: 33
fullpopTest 1.000000 0.968000 33 100 500 10 0 0.002 0.082 0.256 0.41 0.602 0.764 0.866 0.924 0.952 0.968
Generation: 34
fullpopTest 1.000000 0.968000 34 100 500 10 0 0.002 0.08 0.234 0.382 0.588 0.742 0.862 0.912 0.95 0.968
Generation: 35
fullpopTest 1.000000 0.976000 35 100 500 10 0 0.002 0.07 0.226 0.39 0.558 0.734 0.844 0.93 0.97 0.976
Generation: 36
fullpopTest 1.000000 0.980000 36 100 500 10 0 0 0.084 0.248 0.414 0.608 0.74 0.85 0.916 0.95 0.98
Generation: 37
fullpopTest 1.000000 0.980000 37 100 500 10 0 0 0.084 0.24 0.382 0.584 0.708 0.828 0.916 0.95 0.98
Generation: 38
fullpopTest 1.000000 0.980000 38 100 500 10 0 0 0.09 0.246 0.402 0.612 0.746 0.854 0.916 0.954 0.98
Generation: 39
fullpopTest 1.000000 0.988000 39 100 500 10 0 0.002 0.094 0.246 0.408 0.59 0.758 0.874 0.932 0.97 0.988
Generation: 40
fullpopTest 1.000000 0.994000 40 100 500 10 0 0.002 0.1 0.266 0.424 0.644 0.802 0.906 0.954 0.974 0.994
Generation: 41
fullpopTest 1.000000 0.994000 41 100 500 10 0 0.002 0.09 0.282 0.46 0.672 0.824 0.94 0.978 0.988 0.994
Generation: 42
fullpopTest 1.000000 0.996000 42 100 500 10 0 0.002 0.092 0.29 0.472 0.696 0.866 0.948 0.984 0.996 0.996
Generation: 43
fullpopTest 1.000000 1.000000 43 100 500 10 0 0.002 0.09 0.286 0.446 0.658 0.852 0.948 0.984 0.992 1
fullpopTest 1.000000 1.000000 44 100 500 10 0 0.002 0.1 0.288 0.448 0.664 0.846 0.95 0.988 0.998 1
Generation: 0
fullpopTest 1.000000 0.164000 0 100 500 10 0 0 0.008 0.018 0.048 0.066 0.08 0.094 0.128 0.152 0.164
Generation: 1
fullpopTest 1.000000 0.232000 1 100 500 10 0 0 0.006 0.018 0.046 0.074 0.126 0.148 0.194 0.224 0.232
Generation: 2
fullpopTest 1.000000 0.234000 2 100 500 10 0 0 0.008 0.022 0.052 0.076 0.11 0.148 0.178 0.208 0.234
Generation: 3
fullpopTest 1.000000 0.298000 3 100 500 10 0 0 0.004 0.024 0.04 0.072 0.1 0.14 0.18 0.242 0.298
Generation: 4
fullpopTest 1.000000 0.300000 4 100 500 10 0 0 0.01 0.026 0.058 0.104 0.152 0.184 0.236 0.274 0.3
Generation: 5
fullpopTest 1.000000 0.334000 5 100 500 10 0 0 0.008 0.042 0.086 0.142 0.194 0.24 0.266 0.312 0.334
Generation: 6
fullpopTest 1.000000 0.392000 6 100 500 10 0 0 0.018 0.048 0.104 0.166 0.222 0.282 0.32 0.362 0.392
Generation: 7
fullpopTest 1.000000 0.426000 7 100 500 10 0 0 0.016 0.056 0.1 0.148 0.226 0.292 0.344 0.406 0.426
Generation: 8
fullpopTest 1.000000 0.438000 8 100 500 10 0 0 0.01 0.05 0.114 0.176 0.256 0.328 0.368 0.414 0.438
Generation: 9
fullpopTest 1.000000 0.474000 9 100 500 10 0 0.002 0.018 0.06 0.112 0.176 0.226 0.284 0.36 0.404 0.474
Generation: 10
fullpopTest 1.000000 0.498000 10 100 500 10 0 0.002 0.02 0.056 0.112 0.176 0.26 0.33 0.404 0.478 0.498
Generation: 11
fullpopTest 1.000000 0.508000 11 100 500 10 0 0.002 0.018 0.07 0.132 0.198 0.266 0.316 0.384 0.444 0.508
Generation: 12
fullpopTest 1.000000 0.558000 12 100 500 10 0 0 0.024 0.082 0.15 0.202 0.296 0.392 0.478 0.544 0.558
Generation: 13
fullpopTest 1.000000 0.588000 13 100 500 10 0 0.002 0.026 0.07 0.148 0.22 0.322 0.404 0.506 0.576 0.588
Generation: 14
fullpopTest 1.000000 0.624000 14 100 500 10 0 0.002 0.036 0.094 0.196 0.28 0.374 0.466 0.556 0.646 0.624
Generation: 15
fullpopTest 1.000000 0.660000 15 100 500 10 0 0 0.028 0.074 0.16 0.248 0.358 0.48 0.59 0.674 0.66
Generation: 16
fullpopTest 1.000000 0.664000 16 100 500 10 0 0.002 0.026 0.092 0.168 0.25 0.336 0.41 0.51 0.582 0.664
Generation: 17
fullpopTest 1.000000 0.686000 17 100 500 10 0 0.002 0.032 0.114 0.208 0.316 0.442 0.548 0.636 0.72 0.686
Generation: 18
fullpopTest 1.000000 0.700000 18 100 500 10 0 0 0.034 0.098 0.198 0.304 0.43 0.528 0.604 0.704 0.7
Generation: 19
fullpopTest 1.000000 0.720000 19 100 500 10 0 0 0.022 0.1 0.204 0.31 0.426 0.528 0.634 0.706 0.72
Generation: 20
fullpopTest 1.000000 0.760000 20 100 500 10 0 0 0.044 0.136 0.24 0.382 0.512 0.614 0.71 0.792 0.76
Generation: 21
fullpopTest 1.000000 0.782000 21 100 500 10 0 0 0.036 0.09 0.212 0.328 0.446 0.57 0.654 0.738 0.782
Generation: 22
fullpopTest 1.000000 0.810000 22 100 500 10 0 0.002 0.034 0.12 0.246 0.348 0.5 0.618 0.726 0.798 0.81
Generation: 23
fullpopTest 1.000000 0.858000 23 100 500 10 0 0.002 0.044 0.128 0.276 0.402 0.538 0.66 0.774 0.844 0.858
Generation: 24
fullpopTest 1.000000 0.870000 24 100 500 10 0 0.002 0.042 0.134 0.288 0.426 0.562 0.668 0.77 0.832 0.87
Generation: 25
fullpopTest 1.000000 0.870000 25 100 500 10 0 0 0.048 0.142 0.284 0.434 0.574 0.68 0.77 0.838 0.87
Generation: 26
fullpopTest 1.000000 0.878000 26 100 500 10 0 0 0.052 0.136 0.294 0.446 0.578 0.692 0.794 0.858 0.878
Generation: 27
fullpopTest 1.000000 0.900000 27 100 500 10 0 0 0.048 0.128 0.29 0.42 0.564 0.69 0.812 0.874 0.9
Generation: 28
fullpopTest 1.000000 0.918000 28 100 500 10 0 0 0.05 0.17 0.35 0.494 0.648 0.76 0.866 0.924 0.918
Generation: 29
fullpopTest 1.000000 0.918000 29 100 500 10 0 0 0.058 0.18 0.33 0.482 0.648 0.762 0.86 0.918 0.918
Generation: 30
fullpopTest 1.000000 0.924000 30 100 500 10 0 0 0.054 0.188 0.342 0.466 0.632 0.732 0.804 0.888 0.924
Generation: 31
fullpopTest 1.000000 0.924000 31 100 500 10 0 0 0.042 0.184 0.364 0.486 0.63 0.742 0.838 0.898 0.924
Generation: 32
fullpopTest 1.000000 0.936000 32 100 500 10 0 0 0.05 0.168 0.324 0.47 0.62 0.746 0.836 0.892 0.936
Generation: 33
fullpopTest 1.000000 0.946000 33 100 500 10 0 0 0.06 0.176 0.312 0.452 0.596 0.728 0.832 0.892 0.946
Generation: 34
fullpopTest 1.000000 0.948000 34 100 500 10 0 0 0.056 0.202 0.396 0.53 0.692 0.792 0.894 0.946 0.948
Generation: 35
fullpopTest 1.000000 0.956000 35 100 500 10 0 0 0.044 0.202 0.358 0.514 0.676 0.778 0.868 0.922 0.956
Generation: 36
fullpopTest 1.000000 0.960000 36 100 500 10 0 0 0.056 0.178 0.34 0.51 0.678 0.796 0.878 0.938 0.96
Generation: 37
fullpopTest 1.000000 0.970000 37 100 500 10 0 0.002 0.076 0.176 0.356 0.534 0.724 0.836 0.916 0.954 0.97
Generation: 38
fullpopTest 1.000000 0.970000 38 100 500 10 0 0 0.068 0.196 0.362 0.532 0.712 0.82 0.89 0.93 0.97
Generation: 39
fullpopTest 1.000000 0.970000 39 100 500 10 0 0.002 0.072 0.186 0.358 0.526 0.708 0.826 0.882 0.926 0.97
Generation: 40
fullpopTest 1.000000 0.984000 40 100 500 10 0 0 0.06 0.166 0.328 0.536 0.712 0.856 0.93 0.962 0.984
Generation: 41
fullpopTest 1.000000 0.984000 41 100 500 10 0 0.002 0.072 0.202 0.358 0.548 0.714 0.826 0.918 0.962 0.984
Generation: 42
fullpopTest 1.000000 0.984000 42 100 500 10 0 0 0.046 0.162 0.336 0.526 0.702 0.854 0.938 0.974 0.984
Generation: 43
fullpopTest 1.000000 0.984000 43 100 500 10 0 0 0.06 0.172 0.336 0.514 0.692 0.824 0.918 0.97 0.984
Generation: 44
fullpopTest 1.000000 0.988000 44 100 500 10 0 0.002 0.08 0.192 0.38 0.566 0.746 0.878 0.95 0.978 0.988
Generation: 45
fullpopTest 1.000000 0.988000 45 100 500 10 0 0.002 0.068 0.208 0.38 0.584 0.74 0.87 0.958 0.99 0.988
Generation: 46
fullpopTest 1.000000 0.988000 46 100 500 10 0 0 0.07 0.186 0.366 0.566 0.758 0.882 0.956 0.984 0.988
Generation: 47
fullpopTest 1.000000 0.996000 47 100 500 10 0 0 0.068 0.232 0.444 0.64 0.788 0.9 0.954 0.988 0.996
Generation: 48
fullpopTest 1.000000 0.996000 48 100 500 10 0 0 0.056 0.234 0.446 0.602 0.788 0.914 0.964 0.992 0.996
Generation: 49
fullpopTest 1.000000 0.996000 49 100 500 10 0 0 0.07 0.238 0.426 0.612 0.77 0.896 0.956 0.988 0.996
Generation: 50
fullpopTest 1.000000 0.998000 50 100 500 10 0 0.002 0.072 0.17 0.39 0.582 0.76 0.904 0.952 0.976 0.998
Generation: 51
fullpopTest 1.000000 1.000000 51 100 500 10 0 0 0.082 0.228 0.41 0.674 0.846 0.956 0.988 0.996 1
fullpopTest 1.000000 1.000000 52 100 500 10 0 0.002 0.054 0.204 0.408 0.656 0.828 0.95 0.988 0.994 1
Generation: 0
fullpopTest 1.000000 0.200000 0 100 500 10 0 0 0.008 0.024 0.04 0.062 0.092 0.134 0.164 0.2 0.2
Generation: 1
fullpopTest 1.000000 0.236000 1 100 500 10 0 0.002 0.006 0.026 0.044 0.082 0.122 0.164 0.208 0.238 0.236
Generation: 2
fullpopTest 1.000000 0.280000 2 100 500 10 0 0 0.006 0.022 0.05 0.08 0.114 0.134 0.172 0.222 0.28
Generation: 3
fullpopTest 1.000000 0.290000 3 100 500 10 0 0.002 0.01 0.042 0.08 0.118 0.158 0.202 0.232 0.288 0.29
Generation: 4
fullpopTest 1.000000 0.330000 4 100 500 10 0 0 0.016 0.034 0.066 0.11 0.148 0.192 0.246 0.3 0.33
Generation: 5
fullpopTest 1.000000 0.332000 5 100 500 10 0 0.002 0.008 0.046 0.074 0.11 0.152 0.196 0.244 0.298 0.332
Generation: 6
fullpopTest 1.000000 0.370000 6 100 500 10 0 0.002 0.004 0.032 0.056 0.096 0.152 0.2 0.246 0.282 0.37
Generation: 7
fullpopTest 1.000000 0.380000 7 100 500 10 0 0 0.018 0.058 0.084 0.134 0.176 0.234 0.3 0.342 0.38
Generation: 8
fullpopTest 1.000000 0.400000 8 100 500 10 0 0 0.016 0.046 0.108 0.15 0.204 0.262 0.328 0.378 0.4
Generation: 9
fullpopTest 1.000000 0.460000 9 100 500 10 0 0 0.02 0.066 0.13 0.198 0.256 0.328 0.382 0.434 0.46
Generation: 10
fullpopTest 1.000000 0.460000 10 100 500 10 0 0 0.022 0.052 0.104 0.172 0.24 0.298 0.346 0.41 0.46
Generation: 11
fullpopTest 1.000000 0.498000 11 100 500 10 0 0 0.02 0.056 0.112 0.188 0.26 0.324 0.394 0.472 0.498
Generation: 12
fullpopTest 1.000000 0.554000 12 100 500 10 0 0 0.02 0.074 0.13 0.18 0.268 0.344 0.408 0.5 0.554
Generation: 13
fullpopTest 1.000000 0.576000 13 100 500 10 0 0 0.028 0.066 0.132 0.212 0.294 0.37 0.458 0.536 0.576
Generation: 14
fullpopTest 1.000000 0.592000 14 100 500 10 0 0 0.024 0.082 0.16 0.242 0.328 0.406 0.482 0.566 0.592
Generation: 15
fullpopTest 1.000000 0.596000 15 100 500 10 0 0 0.02 0.068 0.134 0.228 0.318 0.406 0.514 0.566 0.596
Generation: 16
fullpopTest 1.000000 0.670000 16 100 500 10 0 0 0.024 0.092 0.18 0.278 0.388 0.508 0.61 0.664 0.67
Generation: 17
fullpopTest 1.000000 0.670000 17 100 500 10 0 0.002 0.03 0.084 0.16 0.248 0.372 0.446 0.532 0.592 0.67
Generation: 18
fullpopTest 1.000000 0.714000 18 100 500 10 0 0 0.036 0.114 0.208 0.324 0.448 0.526 0.616 0.708 0.714
Generation: 19
fullpopTest 1.000000 0.732000 19 100 500 10 0 0 0.046 0.118 0.266 0.372 0.504 0.598 0.672 0.724 0.732
Generation: 20
fullpopTest 1.000000 0.756000 20 100 500 10 0 0 0.062 0.124 0.242 0.374 0.508 0.618 0.722 0.788 0.756
Generation: 21
fullpopTest 1.000000 0.778000 21 100 500 10 0 0.002 0.058 0.13 0.252 0.374 0.498 0.614 0.698 0.77 0.778
Generation: 22
fullpopTest 1.000000 0.778000 22 100 500 10 0 0.002 0.07 0.146 0.276 0.394 0.514 0.618 0.714 0.774 0.778
Generation: 23
fullpopTest 1.000000 0.826000 23 100 500 10 0 0 0.048 0.15 0.284 0.432 0.526 0.624 0.724 0.792 0.826
Generation: 24
fullpopTest 1.000000 0.878000 24 100 500 10 0 0 0.064 0.176 0.338 0.466 0.628 0.74 0.814 0.866 0.878
Generation: 25
fullpopTest 1.000000 0.890000 25 100 500 10 0 0 0.076 0.194 0.352 0.472 0.622 0.73 0.8 0.85 0.89
Generation: 26
fullpopTest 1.000000 0.890000 26 100 500 10 0 0.002 0.092 0.186 0.358 0.462 0.652 0.76 0.828 0.878 0.89
Generation: 27
fullpopTest 1.000000 0.912000 27 100 500 10 0 0 0.052 0.166 0.34 0.47 0.62 0.726 0.82 0.884 0.912
Generation: 28
fullpopTest 1.000000 0.912000 28 100 500 10 0 0 0.054 0.15 0.304 0.44 0.57 0.7 0.778 0.862 0.912
Generation: 29
fullpopTest 1.000000 0.918000 29 100 500 10 0 0 0.058 0.166 0.354 0.5 0.65 0.758 0.836 0.906 0.918
Generation: 30
fullpopTest 1.000000 0.936000 30 100 500 10 0 0.004 0.094 0.222 0.396 0.564 0.712 0.82 0.892 0.928 0.936
Generation: 31
fullpopTest 1.000000 0.936000 31 100 500 10 0 0 0.08 0.194 0.352 0.518 0.696 0.818 0.876 0.91 0.936
Generation: 32
fullpopTest 1.000000 0.946000 32 100 500 10 0 0 0.06 0.152 0.324 0.504 0.672 0.78 0.85 0.91 0.946
Generation: 33
fullpopTest 1.000000 0.948000 33 100 500 10 0 0.002 0.068 0.178 0.372 0.56 0.708 0.85 0.908 0.938 0.948
Generation: 34
fullpopTest 1.000000 0.970000 34 100 500 10 0 0.004 0.08 0.194 0.412 0.6 0.76 0.866 0.924 0.956 0.97
Generation: 35
fullpopTest 1.000000 0.970000 35 100 500 10 0 0 0.068 0.222 0.412 0.612 0.77 0.868 0.928 0.954 0.97
Generation: 36
fullpopTest 1.000000 0.974000 36 100 500 10 0 0 0.086 0.198 0.378 0.61 0.76 0.878 0.936 0.966 0.974
Generation: 37
fullpopTest 1.000000 0.976000 37 100 500 10 0 0.002 0.068 0.19 0.358 0.548 0.716 0.846 0.92 0.956 0.976
Generation: 38
fullpopTest 1.000000 0.978000 38 100 500 10 0 0 0.082 0.2 0.386 0.576 0.754 0.882 0.93 0.964 0.978
Generation: 39
fullpopTest 1.000000 0.984000 39 100 500 10 0 0.002 0.096 0.242 0.416 0.604 0.766 0.862 0.926 0.96 0.984
Generation: 40
fullpopTest 1.000000 0.996000 40 100 500 10 0 0 0.086 0.21 0.39 0.608 0.78 0.88 0.944 0.976 0.996
Generation: 41
fullpopTest 1.000000 0.996000 41 100 500 10 0 0.002 0.092 0.216 0.404 0.65 0.796 0.9 0.94 0.972 0.996
Generation: 42
fullpopTest 1.000000 0.996000 42 100 500 10 0 0 0.094 0.238 0.41 0.616 0.772 0.884 0.958 0.976 0.996
Generation: 43
fullpopTest 1.000000 0.998000 43 100 500 10 0 0.002 0.088 0.218 0.396 0.616 0.784 0.88 0.96 0.986 0.998
Generation: 44
fullpopTest 1.000000 0.998000 44 100 500 10 0 0.002 0.088 0.204 0.386 0.638 0.79 0.906 0.96 0.986 0.998
Generation: 45
fullpopTest 1.000000 0.998000 45 100 500 10 0 0.002 0.086 0.176 0.394 0.62 0.782 0.904 0.96 0.988 0.998
Generation: 46
fullpopTest 1.000000 0.998000 46 100 500 10 0 0.002 0.084 0.188 0.376 0.63 0.79 0.918 0.956 0.976 0.998
Generation: 47
fullpopTest 1.000000 0.998000 47 100 500 10 0 0.002 0.08 0.206 0.406 0.642 0.764 0.868 0.942 0.98 0.998
Generation: 48
fullpopTest 1.000000 0.998000 48 100 500 10 0 0.002 0.08 0.22 0.41 0.6 0.758 0.884 0.944 0.974 0.998
Generation: 49
fullpopTest 1.000000 0.998000 49 100 500 10 0 0 0.084 0.212 0.414 0.626 0.788 0.904 0.954 0.986 0.998
Generation: 50
fullpopTest 1.000000 1.000000 50 100 500 10 0 0.002 0.084 0.232 0.442 0.658 0.828 0.94 0.986 0.998 1
fullpopTest 1.000000 1.000000 51 100 500 10 0 0 0.078 0.21 0.398 0.648 0.818 0.942 0.978 0.996 1
Generation: 0
fullpopTest 1.000000 0.186000 0 100 500 10 0 0 0.012 0.024 0.038 0.062 0.078 0.104 0.132 0.168 0.186
Generation: 1
fullpopTest 1.000000 0.210000 1 100 500 10 0 0 0.002 0.014 0.038 0.058 0.094 0.122 0.158 0.206 0.21
Generation: 2
fullpopTest 1.000000 0.210000 2 100 500 10 0 0 0.002 0.012 0.03 0.06 0.094 0.114 0.152 0.186 0.21
Generation: 3
fullpopTest 1.000000 0.224000 3 100 500 10 0 0 0.008 0.028 0.038 0.06 0.082 0.116 0.156 0.188 0.224
Generation: 4
fullpopTest 1.000000 0.246000 4 100 500 10 0 0.002 0.006 0.012 0.036 0.056 0.086 0.122 0.168 0.214 0.246
Generation: 5
fullpopTest 1.000000 0.334000 5 100 500 10 0 0 0.006 0.024 0.06 0.106 0.142 0.192 0.24 0.278 0.334
Generation: 6
fullpopTest 1.000000 0.334000 6 100 500 10 0 0 0.008 0.036 0.058 0.088 0.12 0.15 0.212 0.252 0.334
Generation: 7
fullpopTest 1.000000 0.366000 7 100 500 10 0 0 0.012 0.034 0.086 0.142 0.192 0.238 0.29 0.338 0.366
Generation: 8
fullpopTest 1.000000 0.366000 8 100 500 10 0 0 0.008 0.034 0.06 0.102 0.174 0.228 0.28 0.336 0.366
Generation: 9
fullpopTest 1.000000 0.396000 9 100 500 10 0 0 0.014 0.034 0.07 0.124 0.176 0.226 0.284 0.34 0.396
Generation: 10
fullpopTest 1.000000 0.430000 10 100 500 10 0 0 0.014 0.048 0.082 0.136 0.188 0.256 0.326 0.406 0.43
Generation: 11
fullpopTest 1.000000 0.438000 11 100 500 10 0 0 0.016 0.04 0.066 0.122 0.186 0.276 0.338 0.412 0.438
Generation: 12
fullpopTest 1.000000 0.506000 12 100 500 10 0 0 0.02 0.052 0.102 0.182 0.248 0.314 0.386 0.468 0.506
Generation: 13
fullpopTest 1.000000 0.512000 13 100 500 10 0 0 0.028 0.072 0.118 0.182 0.26 0.338 0.41 0.482 0.512
Generation: 14
fullpopTest 1.000000 0.526000 14 100 500 10 0 0 0.004 0.042 0.088 0.152 0.218 0.292 0.376 0.484 0.526
Generation: 15
fullpopTest 1.000000 0.530000 15 100 500 10 0 0 0.014 0.048 0.102 0.176 0.28 0.366 0.434 0.496 0.53
Generation: 16
fullpopTest 1.000000 0.598000 16 100 500 10 0 0.002 0.026 0.078 0.144 0.23 0.306 0.398 0.476 0.576 0.598
Generation: 17
fullpopTest 1.000000 0.646000 17 100 500 10 0 0 0.028 0.05 0.152 0.228 0.322 0.44 0.516 0.588 0.646
Generation: 18
fullpopTest 1.000000 0.646000 18 100 500 10 0 0 0.022 0.078 0.128 0.212 0.298 0.382 0.478 0.542 0.646
Generation: 19
fullpopTest 1.000000 0.674000 19 100 500 10 0 0.002 0.03 0.072 0.172 0.282 0.384 0.496 0.592 0.668 0.674
Generation: 20
fullpopTest 1.000000 0.674000 20 100 500 10 0 0.002 0.034 0.1 0.166 0.274 0.396 0.5 0.598 0.67 0.674
Generation: 21
fullpopTest 1.000000 0.698000 21 100 500 10 0 0.002 0.03 0.122 0.206 0.332 0.46 0.568 0.658 0.734 0.698
Generation: 22
fullpopTest 1.000000 0.734000 22 100 500 10 0 0 0.028 0.126 0.208 0.342 0.46 0.548 0.638 0.722 0.734
Generation: 23
fullpopTest 1.000000 0.746000 23 100 500 10 0 0.002 0.04 0.116 0.228 0.328 0.448 0.544 0.624 0.69 0.746
Generation: 24
fullpopTest 1.000000 0.746000 24 100 500 10 0 0.002 0.032 0.11 0.2 0.32 0.42 0.516 0.614 0.706 0.746
Generation: 25
fullpopTest 1.000000 0.782000 25 100 500 10 0 0 0.028 0.102 0.22 0.36 0.456 0.576 0.674 0.76 0.782
Generation: 26
fullpopTest 1.000000 0.812000 26 100 500 10 0 0 0.032 0.102 0.21 0.338 0.484 0.6 0.704 0.79 0.812
Generation: 27
fullpopTest 1.000000 0.836000 27 100 500 10 0 0 0.03 0.11 0.228 0.348 0.494 0.618 0.73 0.826 0.836
Generation: 28
fullpopTest 1.000000 0.878000 28 100 500 10 0 0.002 0.064 0.142 0.28 0.428 0.556 0.688 0.772 0.846 0.878
Generation: 29
fullpopTest 1.000000 0.894000 29 100 500 10 0 0 0.072 0.174 0.344 0.488 0.626 0.742 0.83 0.878 0.894
Generation: 30
fullpopTest 1.000000 0.894000 30 100 500 10 0 0.002 0.066 0.164 0.322 0.478 0.618 0.738 0.838 0.894 0.894
Generation: 31
fullpopTest 1.000000 0.912000 31 100 500 10 0 0.002 0.078 0.196 0.358 0.514 0.674 0.764 0.852 0.894 0.912
Generation: 32
fullpopTest 1.000000 0.942000 32 100 500 10 0 0.002 0.08 0.202 0.362 0.55 0.718 0.836 0.914 0.958 0.942
Generation: 33
fullpopTest 1.000000 0.942000 33 100 500 10 0 0 0.074 0.194 0.37 0.532 0.666 0.796 0.88 0.92 0.942
Generation: 34
fullpopTest 1.000000 0.942000 34 100 500 10 0 0.002 0.084 0.184 0.334 0.496 0.654 0.78 0.844 0.912 0.942
Generation: 35
fullpopTest 1.000000 0.962000 35 100 500 10 0 0.002 0.088 0.208 0.394 0.566 0.714 0.802 0.864 0.926 0.962
Generation: 36
fullpopTest 1.000000 0.964000 36 100 500 10 0 0.004 0.086 0.204 0.36 0.542 0.694 0.814 0.878 0.934 0.964
Generation: 37
fullpopTest 1.000000 0.978000 37 100 500 10 0 0.002 0.09 0.234 0.42 0.6 0.728 0.85 0.914 0.948 0.978
Generation: 38
fullpopTest 1.000000 0.978000 38 100 500 10 0 0 0.094 0.226 0.412 0.644 0.788 0.866 0.93 0.96 0.978
Generation: 39
fullpopTest 1.000000 0.982000 39 100 500 10 0 0.002 0.116 0.296 0.48 0.682 0.806 0.884 0.93 0.966 0.982
Generation: 40
fullpopTest 1.000000 0.986000 40 100 500 10 0 0.002 0.106 0.282 0.466 0.682 0.83 0.914 0.968 0.996 0.986
Generation: 41
fullpopTest 1.000000 0.986000 41 100 500 10 0 0 0.106 0.264 0.482 0.686 0.836 0.9 0.948 0.974 0.986
Generation: 42
fullpopTest 1.000000 0.990000 42 100 500 10 0 0 0.104 0.276 0.466 0.666 0.834 0.912 0.964 0.982 0.99
Generation: 43
fullpopTest 1.000000 0.992000 43 100 500 10 0 0.002 0.114 0.302 0.492 0.696 0.858 0.928 0.966 0.988 0.992
Generation: 44
fullpopTest 1.000000 0.992000 44 100 500 10 0 0.002 0.112 0.338 0.524 0.73 0.872 0.95 0.976 0.986 0.992
Generation: 45
fullpopTest 1.000000 0.994000 45 100 500 10 0 0.002 0.1 0.298 0.508 0.698 0.86 0.944 0.984 0.996 0.994
Generation: 46
fullpopTest 1.000000 0.996000 46 100 500 10 0 0.002 0.112 0.322 0.504 0.702 0.84 0.918 0.952 0.978 0.996
Generation: 47
fullpopTest 1.000000 0.996000 47 100 500 10 0 0.002 0.112 0.284 0.482 0.684 0.828 0.936 0.97 0.984 0.996
Generation: 48
fullpopTest 1.000000 0.996000 48 100 500 10 0 0.002 0.116 0.324 0.526 0.706 0.84 0.924 0.966 0.982 0.996
Generation: 49
fullpopTest 1.000000 0.998000 49 100 500 10 0 0.002 0.116 0.332 0.57 0.762 0.868 0.948 0.978 0.994 0.998
Generation: 50
fullpopTest 1.000000 0.998000 50 100 500 10 0 0.002 0.114 0.314 0.542 0.746 0.87 0.95 0.98 0.99 0.998
Generation: 51
fullpopTest 1.000000 1.000000 51 100 500 10 0 0.002 0.116 0.296 0.538 0.768 0.914 0.972 0.984 0.998 1
fullpopTest 1.000000 1.000000 52 100 500 10 0 0.002 0.122 0.318 0.536 0.756 0.902 0.958 0.988 0.998 1
Generation: 0
fullpopTest 1.000000 0.152000 0 100 500 10 0 0 0.01 0.016 0.036 0.058 0.076 0.094 0.11 0.124 0.152
Generation: 1
fullpopTest 1.000000 0.154000 1 100 500 10 0 0.002 0.006 0.024 0.036 0.056 0.082 0.11 0.134 0.162 0.154
Generation: 2
fullpopTest 1.000000 0.184000 2 100 500 10 0 0 0.004 0.024 0.046 0.068 0.1 0.12 0.134 0.15 0.184
Generation: 3
fullpopTest 1.000000 0.208000 3 100 500 10 0 0 0.012 0.04 0.048 0.072 0.106 0.138 0.186 0.204 0.208
Generation: 4
fullpopTest 1.000000 0.214000 4 100 500 10 0 0.002 0.014 0.03 0.058 0.086 0.126 0.15 0.178 0.226 0.214
Generation: 5
fullpopTest 1.000000 0.222000 5 100 500 10 0 0.002 0.006 0.022 0.054 0.082 0.116 0.138 0.168 0.194 0.222
Generation: 6
fullpopTest 1.000000 0.284000 6 100 500 10 0 0.002 0.012 0.034 0.054 0.08 0.118 0.158 0.198 0.226 0.284
Generation: 7
fullpopTest 1.000000 0.284000 7 100 500 10 0 0 0.008 0.026 0.064 0.102 0.134 0.168 0.188 0.228 0.284
Generation: 8
fullpopTest 1.000000 0.332000 8 100 500 10 0 0 0.014 0.044 0.106 0.16 0.216 0.262 0.298 0.334 0.332
Generation: 9
fullpopTest 1.000000 0.332000 9 100 500 10 0 0 0.022 0.056 0.094 0.15 0.194 0.25 0.292 0.334 0.332
Generation: 10
fullpopTest 1.000000 0.360000 10 100 500 10 0 0 0.016 0.04 0.072 0.132 0.184 0.248 0.28 0.326 0.36
Generation: 11
fullpopTest 1.000000 0.406000 11 100 500 10 0 0.004 0.012 0.05 0.094 0.146 0.206 0.278 0.338 0.39 0.406
Generation: 12
fullpopTest 1.000000 0.422000 12 100 500 10 0 0 0.022 0.072 0.142 0.206 0.276 0.342 0.414 0.456 0.422
Generation: 13
fullpopTest 1.000000 0.468000 13 100 500 10 0 0 0.02 0.068 0.108 0.184 0.242 0.316 0.346 0.398 0.468
Generation: 14
fullpopTest 1.000000 0.478000 14 100 500 10 0 0 0.02 0.076 0.142 0.222 0.276 0.346 0.394 0.46 0.478
Generation: 15
fullpopTest 1.000000 0.526000 15 100 500 10 0 0 0.012 0.06 0.14 0.216 0.28 0.36 0.426 0.49 0.526
Generation: 16
fullpopTest 1.000000 0.556000 16 100 500 10 0 0.002 0.032 0.09 0.2 0.292 0.358 0.43 0.488 0.55 0.556
Generation: 17
fullpopTest 1.000000 0.572000 17 100 500 10 0 0 0.032 0.088 0.172 0.246 0.332 0.398 0.472 0.524 0.572
Generation: 18
fullpopTest 1.000000 0.588000 18 100 500 10 0 0 0.024 0.106 0.214 0.32 0.394 0.45 0.51 0.552 0.588
Generation: 19
fullpopTest 1.000000 0.616000 19 100 500 10 0 0.002 0.042 0.134 0.246 0.328 0.442 0.524 0.602 0.648 0.616
Generation: 20
fullpopTest 1.000000 0.674000 20 100 500 10 0 0 0.034 0.114 0.23 0.338 0.448 0.532 0.59 0.64 0.674
Generation: 21
fullpopTest 1.000000 0.686000 21 100 500 10 0 0 0.034 0.112 0.212 0.306 0.408 0.482 0.564 0.608 0.686
Generation: 22
fullpopTest 1.000000 0.696000 22 100 500 10 0 0.002 0.03 0.116 0.23 0.324 0.432 0.512 0.592 0.658 0.696
Generation: 23
fullpopTest 1.000000 0.722000 23 100 500 10 0 0.002 0.05 0.152 0.248 0.346 0.444 0.52 0.602 0.684 0.722
Generation: 24
fullpopTest 1.000000 0.742000 24 100 500 10 0 0.002 0.044 0.138 0.258 0.378 0.508 0.61 0.69 0.762 0.742
Generation: 25
fullpopTest 1.000000 0.792000 25 100 500 10 0 0.002 0.058 0.168 0.302 0.418 0.522 0.612 0.71 0.774 0.792
Generation: 26
fullpopTest 1.000000 0.810000 26 100 500 10 0 0.002 0.042 0.146 0.282 0.424 0.556 0.646 0.73 0.8 0.81
Generation: 27
fullpopTest 1.000000 0.824000 27 100 500 10 0 0.002 0.076 0.238 0.37 0.514 0.626 0.696 0.756 0.804 0.824
Generation: 28
fullpopTest 1.000000 0.850000 28 100 500 10 0 0 0.054 0.172 0.318 0.456 0.582 0.68 0.77 0.818 0.85
Generation: 29
fullpopTest 1.000000 0.880000 29 100 500 10 0 0.002 0.088 0.244 0.386 0.536 0.65 0.758 0.84 0.886 0.88
Generation: 30
fullpopTest 1.000000 0.880000 30 100 500 10 0 0.002 0.092 0.244 0.386 0.528 0.67 0.79 0.85 0.898 0.88
Generation: 31
fullpopTest 1.000000 0.912000 31 100 500 10 0 0.002 0.094 0.244 0.39 0.552 0.676 0.77 0.84 0.904 0.912
Generation: 32
fullpopTest 1.000000 0.926000 32 100 500 10 0 0.002 0.092 0.286 0.456 0.622 0.74 0.828 0.88 0.918 0.926
Generation: 33
fullpopTest 1.000000 0.932000 33 100 500 10 0 0.002 0.092 0.244 0.402 0.574 0.706 0.788 0.862 0.902 0.932
Generation: 34
fullpopTest 1.000000 0.948000 34 100 500 10 0 0.002 0.092 0.258 0.412 0.584 0.712 0.818 0.898 0.934 0.948
Generation: 35
fullpopTest 1.000000 0.950000 35 100 500 10 0 0.002 0.096 0.306 0.488 0.664 0.786 0.854 0.892 0.934 0.95
Generation: 36
fullpopTest 1.000000 0.980000 36 100 500 10 0 0.002 0.1 0.258 0.416 0.618 0.778 0.866 0.926 0.962 0.98
Generation: 37
fullpopTest 1.000000 0.980000 37 100 500 10 0 0.002 0.094 0.254 0.412 0.588 0.758 0.856 0.92 0.95 0.98
Generation: 38
fullpopTest 1.000000 0.980000 38 100 500 10 0 0.002 0.098 0.244 0.416 0.636 0.786 0.882 0.936 0.964 0.98
Generation: 39
fullpopTest 1.000000 0.984000 39 100 500 10 0 0.002 0.096 0.24 0.406 0.632 0.778 0.88 0.93 0.97 0.984
Generation: 40
fullpopTest 1.000000 0.984000 40 100 500 10 0 0.002 0.092 0.244 0.424 0.6 0.724 0.854 0.91 0.952 0.984
Generation: 41
fullpopTest 1.000000 0.988000 41 100 500 10 0 0.002 0.084 0.26 0.424 0.642 0.8 0.902 0.946 0.978 0.988
Generation: 42
fullpopTest 1.000000 0.988000 42 100 500 10 0 0 0.078 0.27 0.426 0.652 0.786 0.88 0.924 0.962 0.988
Generation: 43
fullpopTest 1.000000 0.992000 43 100 500 10 0 0.002 0.112 0.284 0.488 0.696 0.854 0.94 0.968 0.982 0.992
Generation: 44
fullpopTest 1.000000 0.994000 44 100 500 10 0 0.002 0.114 0.326 0.524 0.714 0.88 0.95 0.976 0.988 0.994
Generation: 45
fullpopTest 1.000000 0.994000 45 100 500 10 0 0.004 0.112 0.342 0.512 0.72 0.858 0.944 0.972 0.982 0.994
Generation: 46
fullpopTest 1.000000 0.998000 46 100 500 10 0 0.002 0.11 0.296 0.522 0.724 0.882 0.948 0.974 0.984 0.998
Generation: 47
fullpopTest 1.000000 0.998000 47 100 500 10 0 0.002 0.102 0.31 0.504 0.728 0.886 0.942 0.97 0.984 0.998
Generation: 48
fullpopTest 1.000000 0.998000 48 100 500 10 0 0.002 0.11 0.334 0.494 0.702 0.846 0.942 0.978 0.986 0.998
Generation: 49
fullpopTest 1.000000 1.000000 49 100 500 10 0 0.002 0.11 0.352 0.502 0.732 0.894 0.972 0.992 0.994 1
fullpopTest 1.000000 1.000000 50 100 500 10 0 0.002 0.112 0.37 0.562 0.764 0.898 0.96 0.988 0.996 1
Generation: 0
fullpopTest 1.000000 0.192000 0 100 500 10 0 0 0.002 0.018 0.034 0.066 0.092 0.118 0.146 0.184 0.192
Generation: 1
fullpopTest 1.000000 0.236000 1 100 500 10 0 0 0.004 0.016 0.03 0.054 0.068 0.112 0.156 0.192 0.236
Generation: 2
fullpopTest 1.000000 0.252000 2 100 500 10 0 0 0.01 0.038 0.052 0.086 0.126 0.154 0.19 0.234 0.252
Generation: 3
fullpopTest 1.000000 0.268000 3 100 500 10 0 0 0.008 0.04 0.062 0.088 0.124 0.164 0.19 0.246 0.268
Generation: 4
fullpopTest 1.000000 0.296000 4 100 500 10 0 0 0.008 0.032 0.064 0.106 0.146 0.188 0.216 0.258 0.296
Generation: 5
fullpopTest 1.000000 0.322000 5 100 500 10 0 0.002 0.024 0.052 0.088 0.132 0.17 0.218 0.288 0.316 0.322
Generation: 6
fullpopTest 1.000000 0.372000 6 100 500 10 0 0 0.014 0.04 0.08 0.136 0.184 0.24 0.294 0.346 0.372
Generation: 7
fullpopTest 1.000000 0.400000 7 100 500 10 0 0.002 0.016 0.054 0.1 0.158 0.2 0.252 0.316 0.354 0.4
Generation: 8
fullpopTest 1.000000 0.410000 8 100 500 10 0 0 0.02 0.062 0.108 0.17 0.236 0.3 0.352 0.424 0.41
Generation: 9
fullpopTest 1.000000 0.426000 9 100 500 10 0 0.002 0.028 0.078 0.144 0.208 0.256 0.322 0.37 0.444 0.426
Generation: 10
fullpopTest 1.000000 0.492000 10 100 500 10 0 0 0.028 0.072 0.134 0.194 0.258 0.328 0.394 0.466 0.492
Generation: 11
fullpopTest 1.000000 0.518000 11 100 500 10 0 0 0.032 0.092 0.146 0.214 0.27 0.35 0.418 0.466 0.518
Generation: 12
fullpopTest 1.000000 0.572000 12 100 500 10 0 0.002 0.04 0.102 0.156 0.232 0.298 0.376 0.438 0.516 0.572
Generation: 13
fullpopTest 1.000000 0.572000 13 100 500 10 0 0.002 0.046 0.09 0.16 0.228 0.294 0.382 0.44 0.506 0.572
Generation: 14
fullpopTest 1.000000 0.614000 14 100 500 10 0 0 0.032 0.086 0.164 0.252 0.342 0.422 0.504 0.572 0.614
Generation: 15
fullpopTest 1.000000 0.648000 15 100 500 10 0 0.002 0.036 0.1 0.178 0.27 0.394 0.504 0.598 0.67 0.648
Generation: 16
fullpopTest 1.000000 0.724000 16 100 500 10 0 0.002 0.076 0.132 0.236 0.342 0.434 0.532 0.636 0.706 0.724
Generation: 17
fullpopTest 1.000000 0.736000 17 100 500 10 0 0.002 0.05 0.112 0.22 0.338 0.45 0.534 0.632 0.706 0.736
Generation: 18
fullpopTest 1.000000 0.752000 18 100 500 10 0 0 0.08 0.156 0.276 0.394 0.506 0.594 0.684 0.744 0.752
Generation: 19
fullpopTest 1.000000 0.776000 19 100 500 10 0 0 0.078 0.156 0.274 0.394 0.522 0.616 0.706 0.772 0.776
Generation: 20
fullpopTest 1.000000 0.804000 20 100 500 10 0 0 0.07 0.14 0.29 0.416 0.56 0.662 0.746 0.812 0.804
Generation: 21
fullpopTest 1.000000 0.812000 21 100 500 10 0 0 0.066 0.14 0.276 0.4 0.524 0.632 0.726 0.804 0.812
Generation: 22
fullpopTest 1.000000 0.838000 22 100 500 10 0 0.002 0.062 0.144 0.26 0.418 0.578 0.68 0.758 0.842 0.838
Generation: 23
fullpopTest 1.000000 0.838000 23 100 500 10 0 0.002 0.072 0.154 0.292 0.414 0.552 0.648 0.736 0.808 0.838
Generation: 24
fullpopTest 1.000000 0.852000 24 100 500 10 0 0.002 0.088 0.172 0.306 0.454 0.612 0.698 0.78 0.848 0.852
Generation: 25
fullpopTest 1.000000 0.876000 25 100 500 10 0 0.002 0.07 0.158 0.304 0.462 0.61 0.718 0.788 0.836 0.876
Generation: 26
fullpopTest 1.000000 0.900000 26 100 500 10 0 0.002 0.084 0.194 0.332 0.466 0.612 0.724 0.812 0.866 0.9
Generation: 27
fullpopTest 1.000000 0.900000 27 100 500 10 0 0.004 0.102 0.2 0.322 0.454 0.592 0.706 0.796 0.878 0.9
Generation: 28
fullpopTest 1.000000 0.918000 28 100 500 10 0 0.002 0.094 0.216 0.376 0.502 0.622 0.728 0.836 0.892 0.918
Generation: 29
fullpopTest 1.000000 0.918000 29 100 500 10 0 0.004 0.1 0.21 0.356 0.506 0.652 0.754 0.826 0.888 0.918
Generation: 30
fullpopTest 1.000000 0.942000 30 100 500 10 0 0.002 0.094 0.246 0.414 0.558 0.708 0.816 0.892 0.94 0.942
Generation: 31
fullpopTest 1.000000 0.942000 31 100 500 10 0 0.002 0.09 0.226 0.38 0.554 0.712 0.824 0.9 0.948 0.942
Generation: 32
fullpopTest 1.000000 0.962000 32 100 500 10 0 0.002 0.098 0.246 0.424 0.596 0.756 0.842 0.912 0.952 0.962
Generation: 33
fullpopTest 1.000000 0.962000 33 100 500 10 0 0.002 0.104 0.264 0.446 0.62 0.768 0.856 0.918 0.944 0.962
Generation: 34
fullpopTest 1.000000 0.968000 34 100 500 10 0 0.002 0.094 0.248 0.416 0.59 0.736 0.844 0.918 0.958 0.968
Generation: 35
fullpopTest 1.000000 0.970000 35 100 500 10 0 0.002 0.09 0.24 0.392 0.584 0.72 0.83 0.91 0.96 0.97
Generation: 36
fullpopTest 1.000000 0.974000 36 100 500 10 0 0.002 0.11 0.274 0.456 0.654 0.802 0.898 0.962 0.978 0.974
Generation: 37
fullpopTest 1.000000 0.978000 37 100 500 10 0 0.002 0.106 0.27 0.464 0.678 0.816 0.918 0.966 0.986 0.978
Generation: 38
fullpopTest 1.000000 0.982000 38 100 500 10 0 0.002 0.106 0.262 0.462 0.674 0.832 0.926 0.968 0.978 0.982
Generation: 39
fullpopTest 1.000000 0.990000 39 100 500 10 0 0.002 0.11 0.242 0.432 0.658 0.828 0.916 0.95 0.966 0.99
Generation: 40
fullpopTest 1.000000 0.994000 40 100 500 10 0 0.002 0.106 0.28 0.46 0.676 0.84 0.936 0.974 0.986 0.994
Generation: 41
fullpopTest 1.000000 0.998000 41 100 500 10 0 0.002 0.108 0.294 0.466 0.678 0.844 0.93 0.972 0.988 0.998
Generation: 42
fullpopTest 1.000000 0.998000 42 100 500 10 0 0.002 0.106 0.28 0.468 0.668 0.844 0.938 0.97 0.976 0.998
Generation: 43
fullpopTest 1.000000 0.998000 43 100 500 10 0 0.002 0.106 0.286 0.444 0.672 0.83 0.93 0.968 0.988 0.998
Generation: 44
fullpopTest 1.000000 0.998000 44 100 500 10 0 0.002 0.104 0.298 0.484 0.67 0.84 0.934 0.976 0.992 0.998
Generation: 45
fullpopTest 1.000000 0.998000 45 100 500 10 0 0.002 0.106 0.274 0.472 0.708 0.862 0.95 0.974 0.99 0.998
Generation: 46
fullpopTest 1.000000 1.000000 46 100 500 10 0 0.002 0.114 0.306 0.53 0.724 0.882 0.944 0.988 0.994 1
fullpopTest 1.000000 1.000000 47 100 500 10 0 0.002 0.114 0.31 0.536 0.722 0.868 0.944 0.972 0.986 1
Generation: 0
fullpopTest 1.000000 0.228000 0 100 500 10 0 0.002 0.006 0.024 0.054 0.086 0.112 0.146 0.19 0.226 0.228
Generation: 1
fullpopTest 1.000000 0.228000 1 100 500 10 0 0 0.006 0.018 0.048 0.064 0.086 0.122 0.15 0.172 0.228
Generation: 2
fullpopTest 1.000000 0.264000 2 100 500 10 0 0 0.012 0.024 0.054 0.084 0.11 0.148 0.19 0.236 0.264
Generation: 3
fullpopTest 1.000000 0.274000 3 100 500 10 0 0 0.002 0.02 0.054 0.09 0.128 0.164 0.212 0.262 0.274
Generation: 4
fullpopTest 1.000000 0.296000 4 100 500 10 0 0 0.01 0.024 0.05 0.084 0.138 0.2 0.248 0.302 0.296
Generation: 5
fullpopTest 1.000000 0.338000 5 100 500 10 0 0 0.01 0.032 0.064 0.122 0.162 0.224 0.272 0.338 0.338
Generation: 6
fullpopTest 1.000000 0.380000 6 100 500 10 0 0 0.01 0.04 0.064 0.122 0.188 0.27 0.32 0.384 0.38
Generation: 7
fullpopTest 1.000000 0.412000 7 100 500 10 0 0 0.006 0.044 0.088 0.154 0.218 0.28 0.36 0.43 0.412
Generation: 8
fullpopTest 1.000000 0.462000 8 100 500 10 0 0 0.008 0.05 0.092 0.158 0.222 0.294 0.334 0.396 0.462
Generation: 9
fullpopTest 1.000000 0.478000 9 100 500 10 0 0 0.014 0.034 0.084 0.156 0.224 0.296 0.378 0.444 0.478
Generation: 10
fullpopTest 1.000000 0.478000 10 100 500 10 0 0 0.018 0.052 0.096 0.136 0.206 0.28 0.354 0.416 0.478
Generation: 11
fullpopTest 1.000000 0.510000 11 100 500 10 0 0 0.01 0.06 0.118 0.188 0.254 0.306 0.378 0.436 0.51
Generation: 12
fullpopTest 1.000000 0.542000 12 100 500 10 0 0.002 0.02 0.054 0.094 0.154 0.24 0.32 0.398 0.474 0.542
Generation: 13
fullpopTest 1.000000 0.554000 13 100 500 10 0 0 0.02 0.08 0.152 0.222 0.302 0.4 0.462 0.532 0.554
Generation: 14
fullpopTest 1.000000 0.590000 14 100 500 10 0 0.002 0.016 0.08 0.148 0.232 0.328 0.412 0.478 0.548 0.59
Generation: 15
fullpopTest 1.000000 0.590000 15 100 500 10 0 0 0.026 0.068 0.154 0.216 0.332 0.416 0.472 0.56 0.59
Generation: 16
fullpopTest 1.000000 0.630000 16 100 500 10 0 0.002 0.032 0.102 0.196 0.306 0.4 0.47 0.544 0.626 0.63
Generation: 17
fullpopTest 1.000000 0.660000 17 100 500 10 0 0 0.036 0.106 0.194 0.284 0.402 0.496 0.592 0.684 0.66
Generation: 18
fullpopTest 1.000000 0.698000 18 100 500 10 0 0.002 0.032 0.1 0.212 0.3 0.392 0.508 0.58 0.646 0.698
Generation: 19
fullpopTest 1.000000 0.698000 19 100 500 10 0 0 0.042 0.124 0.24 0.318 0.406 0.484 0.57 0.642 0.698
Generation: 20
fullpopTest 1.000000 0.736000 20 100 500 10 0 0.002 0.056 0.122 0.22 0.338 0.44 0.55 0.652 0.71 0.736
Generation: 21
fullpopTest 1.000000 0.796000 21 100 500 10 0 0.004 0.048 0.122 0.252 0.39 0.492 0.584 0.69 0.77 0.796
Generation: 22
fullpopTest 1.000000 0.830000 22 100 500 10 0 0.002 0.046 0.138 0.268 0.386 0.532 0.628 0.72 0.782 0.83
Generation: 23
fullpopTest 1.000000 0.848000 23 100 500 10 0 0.002 0.068 0.186 0.322 0.44 0.56 0.678 0.758 0.816 0.848
Generation: 24
fullpopTest 1.000000 0.852000 24 100 500 10 0 0.002 0.06 0.168 0.324 0.48 0.592 0.698 0.764 0.822 0.852
Generation: 25
fullpopTest 1.000000 0.852000 25 100 500 10 0 0.004 0.068 0.188 0.328 0.444 0.572 0.692 0.756 0.822 0.852
Generation: 26
fullpopTest 1.000000 0.866000 26 100 500 10 0 0 0.074 0.19 0.338 0.47 0.64 0.752 0.826 0.878 0.866
Generation: 27
fullpopTest 1.000000 0.884000 27 100 500 10 0 0 0.046 0.158 0.29 0.428 0.558 0.68 0.77 0.85 0.884
Generation: 28
fullpopTest 1.000000 0.884000 28 100 500 10 0 0.004 0.072 0.178 0.34 0.48 0.63 0.738 0.818 0.872 0.884
Generation: 29
fullpopTest 1.000000 0.894000 29 100 500 10 0 0 0.066 0.18 0.366 0.516 0.674 0.776 0.856 0.9 0.894
Generation: 30
fullpopTest 1.000000 0.900000 30 100 500 10 0 0 0.058 0.202 0.382 0.552 0.656 0.752 0.816 0.864 0.9
Generation: 31
fullpopTest 1.000000 0.918000 31 100 500 10 0 0 0.112 0.234 0.37 0.51 0.652 0.754 0.836 0.894 0.918
Generation: 32
fullpopTest 1.000000 0.928000 32 100 500 10 0 0.002 0.052 0.178 0.348 0.474 0.632 0.758 0.826 0.89 0.928
Generation: 33
fullpopTest 1.000000 0.940000 33 100 500 10 0 0.002 0.114 0.224 0.408 0.584 0.694 0.778 0.844 0.892 0.94
Generation: 34
fullpopTest 1.000000 0.960000 34 100 500 10 0 0 0.064 0.182 0.422 0.596 0.726 0.84 0.904 0.948 0.96
Generation: 35
fullpopTest 1.000000 0.960000 35 100 500 10 0 0.002 0.064 0.226 0.448 0.614 0.752 0.828 0.898 0.944 0.96
Generation: 36
fullpopTest 1.000000 0.984000 36 100 500 10 0 0.002 0.114 0.25 0.436 0.596 0.734 0.838 0.892 0.938 0.984
Generation: 37
fullpopTest 1.000000 0.984000 37 100 500 10 0 0.002 0.1 0.228 0.424 0.586 0.7 0.792 0.874 0.92 0.984
Generation: 38
fullpopTest 1.000000 0.984000 38 100 500 10 0 0.004 0.104 0.23 0.408 0.566 0.71 0.808 0.88 0.92 0.984
Generation: 39
fullpopTest 1.000000 0.984000 39 100 500 10 0 0.004 0.118 0.242 0.426 0.59 0.726 0.834 0.894 0.932 0.984
Generation: 40
fullpopTest 1.000000 0.984000 40 100 500 10 0 0 0.11 0.248 0.446 0.616 0.74 0.838 0.902 0.938 0.984
Generation: 41
fullpopTest 1.000000 0.984000 41 100 500 10 0 0.004 0.11 0.228 0.414 0.568 0.704 0.812 0.894 0.938 0.984
Generation: 42
fullpopTest 1.000000 0.986000 42 100 500 10 0 0 0.1 0.262 0.488 0.638 0.756 0.854 0.922 0.956 0.986
Generation: 43
fullpopTest 1.000000 0.986000 43 100 500 10 0 0.002 0.106 0.266 0.48 0.63 0.782 0.886 0.944 0.962 0.986
Generation: 44
fullpopTest 1.000000 0.988000 44 100 500 10 0 0.002 0.092 0.23 0.446 0.654 0.822 0.92 0.952 0.978 0.988
Generation: 45
fullpopTest 1.000000 0.992000 45 100 500 10 0 0 0.096 0.282 0.502 0.7 0.85 0.944 0.986 0.996 0.992
Generation: 46
fullpopTest 1.000000 0.994000 46 100 500 10 0 0 0.078 0.226 0.428 0.662 0.848 0.942 0.978 0.99 0.994
Generation: 47
fullpopTest 1.000000 0.998000 47 100 500 10 0 0.002 0.096 0.294 0.52 0.724 0.882 0.95 0.988 0.996 0.998
Generation: 48
fullpopTest 1.000000 0.998000 48 100 500 10 0 0.002 0.082 0.282 0.524 0.752 0.904 0.956 0.982 0.994 0.998
Generation: 49
fullpopTest 1.000000 0.998000 49 100 500 10 0 0 0.106 0.28 0.484 0.728 0.882 0.942 0.98 0.994 0.998
Generation: 50
fullpopTest 1.000000 1.000000 50 100 500 10 0 0.002 0.12 0.266 0.526 0.744 0.892 0.962 0.99 0.996 1
fullpopTest 1.000000 1.000000 51 100 500 10 0 0.002 0.1 0.254 0.474 0.674 0.832 0.922 0.96 0.992 1
Generation: 0
fullpopTest 1.000000 0.186000 0 100 500 10 0 0 0.01 0.02 0.03 0.056 0.09 0.108 0.128 0.146 0.186
Generation: 1
fullpopTest 1.000000 0.216000 1 100 500 10 0 0 0.01 0.022 0.044 0.062 0.088 0.136 0.174 0.224 0.216
Generation: 2
fullpopTest 1.000000 0.240000 2 100 500 10 0 0.002 0.008 0.02 0.032 0.056 0.076 0.118 0.142 0.19 0.24
Generation: 3
fullpopTest 1.000000 0.260000 3 100 500 10 0 0 0.016 0.028 0.06 0.1 0.138 0.182 0.224 0.276 0.26
Generation: 4
fullpopTest 1.000000 0.298000 4 100 500 10 0 0 0.006 0.022 0.056 0.108 0.166 0.218 0.258 0.31 0.298
Generation: 5
fullpopTest 1.000000 0.340000 5 100 500 10 0 0 0.008 0.048 0.078 0.116 0.168 0.218 0.262 0.324 0.34
Generation: 6
fullpopTest 1.000000 0.340000 6 100 500 10 0 0 0.012 0.032 0.062 0.108 0.152 0.21 0.268 0.324 0.34
Generation: 7
fullpopTest 1.000000 0.434000 7 100 500 10 0 0 0.016 0.048 0.078 0.118 0.17 0.224 0.288 0.346 0.434
Generation: 8
fullpopTest 1.000000 0.434000 8 100 500 10 0 0.002 0.014 0.052 0.094 0.14 0.198 0.248 0.308 0.362 0.434
Generation: 9
fullpopTest 1.000000 0.480000 9 100 500 10 0 0 0.01 0.036 0.106 0.17 0.224 0.306 0.39 0.452 0.48
Generation: 10
fullpopTest 1.000000 0.488000 10 100 500 10 0 0 0.014 0.044 0.122 0.194 0.264 0.34 0.428 0.502 0.488
Generation: 11
fullpopTest 1.000000 0.526000 11 100 500 10 0 0 0.01 0.04 0.12 0.206 0.306 0.406 0.468 0.548 0.526
Generation: 12
fullpopTest 1.000000 0.586000 12 100 500 10 0 0.002 0.024 0.054 0.118 0.182 0.276 0.388 0.472 0.542 0.586
Generation: 13
fullpopTest 1.000000 0.608000 13 100 500 10 0 0 0.032 0.072 0.146 0.232 0.338 0.412 0.51 0.572 0.608
Generation: 14
fullpopTest 1.000000 0.644000 14 100 500 10 0 0 0.022 0.068 0.15 0.24 0.342 0.442 0.506 0.578 0.644
Generation: 15
fullpopTest 1.000000 0.646000 15 100 500 10 0 0 0.012 0.074 0.18 0.248 0.362 0.462 0.568 0.642 0.646
Generation: 16
fullpopTest 1.000000 0.680000 16 100 500 10 0 0 0.034 0.08 0.18 0.306 0.402 0.504 0.588 0.644 0.68
Generation: 17
fullpopTest 1.000000 0.756000 17 100 500 10 0 0.002 0.02 0.092 0.188 0.318 0.434 0.556 0.666 0.762 0.756
Generation: 18
fullpopTest 1.000000 0.756000 18 100 500 10 0 0 0.028 0.1 0.192 0.316 0.432 0.568 0.664 0.724 0.756
Generation: 19
fullpopTest 1.000000 0.798000 19 100 500 10 0 0.002 0.024 0.11 0.232 0.368 0.49 0.606 0.69 0.752 0.798
Generation: 20
fullpopTest 1.000000 0.830000 20 100 500 10 0 0.004 0.02 0.084 0.19 0.328 0.46 0.556 0.668 0.744 0.83
Generation: 21
fullpopTest 1.000000 0.830000 21 100 500 10 0 0 0.032 0.128 0.228 0.328 0.466 0.586 0.686 0.76 0.83
Generation: 22
fullpopTest 1.000000 0.830000 22 100 500 10 0 0 0.024 0.102 0.246 0.378 0.496 0.604 0.694 0.774 0.83
Generation: 23
fullpopTest 1.000000 0.838000 23 100 500 10 0 0 0.022 0.11 0.234 0.374 0.504 0.612 0.716 0.788 0.838
Generation: 24
fullpopTest 1.000000 0.868000 24 100 500 10 0 0 0.02 0.11 0.242 0.392 0.512 0.64 0.77 0.84 0.868
Generation: 25
fullpopTest 1.000000 0.872000 25 100 500 10 0 0.002 0.038 0.14 0.27 0.408 0.532 0.666 0.774 0.846 0.872
Generation: 26
fullpopTest 1.000000 0.886000 26 100 500 10 0 0 0.026 0.126 0.272 0.438 0.592 0.734 0.83 0.894 0.886
Generation: 27
fullpopTest 1.000000 0.900000 27 100 500 10 0 0 0.026 0.11 0.26 0.42 0.572 0.686 0.794 0.874 0.9
Generation: 28
fullpopTest 1.000000 0.908000 28 100 500 10 0 0.002 0.036 0.136 0.282 0.464 0.608 0.766 0.824 0.894 0.908
Generation: 29
fullpopTest 1.000000 0.924000 29 100 500 10 0 0.002 0.036 0.146 0.316 0.49 0.652 0.784 0.87 0.918 0.924
Generation: 30
fullpopTest 1.000000 0.928000 30 100 500 10 0 0 0.036 0.138 0.272 0.434 0.574 0.728 0.832 0.902 0.928
Generation: 31
fullpopTest 1.000000 0.942000 31 100 500 10 0 0.002 0.034 0.116 0.272 0.45 0.598 0.76 0.838 0.916 0.942
Generation: 32
fullpopTest 1.000000 0.944000 32 100 500 10 0 0.002 0.024 0.144 0.29 0.466 0.654 0.772 0.88 0.932 0.944
Generation: 33
fullpopTest 1.000000 0.968000 33 100 500 10 0 0.002 0.036 0.134 0.306 0.516 0.662 0.794 0.902 0.95 0.968
Generation: 34
fullpopTest 1.000000 0.968000 34 100 500 10 0 0.002 0.034 0.146 0.324 0.522 0.664 0.786 0.898 0.95 0.968
Generation: 35
fullpopTest 1.000000 0.978000 35 100 500 10 0 0.002 0.036 0.15 0.302 0.504 0.69 0.826 0.906 0.958 0.978
Generation: 36
fullpopTest 1.000000 0.978000 36 100 500 10 0 0 0.028 0.138 0.294 0.518 0.704 0.852 0.932 0.968 0.978
Generation: 37
fullpopTest 1.000000 0.980000 37 100 500 10 0 0.002 0.036 0.134 0.29 0.494 0.714 0.846 0.92 0.956 0.98
Generation: 38
fullpopTest 1.000000 0.990000 38 100 500 10 0 0.002 0.026 0.136 0.314 0.502 0.694 0.878 0.956 0.99 0.99
Generation: 39
fullpopTest 1.000000 0.990000 39 100 500 10 0 0.002 0.016 0.114 0.314 0.492 0.682 0.826 0.93 0.982 0.99
Generation: 40
fullpopTest 1.000000 0.990000 40 100 500 10 0 0 0.024 0.144 0.332 0.51 0.68 0.828 0.916 0.966 0.99
Generation: 41
fullpopTest 1.000000 0.998000 41 100 500 10 0 0 0.022 0.152 0.346 0.55 0.748 0.91 0.97 0.988 0.998
Generation: 42
fullpopTest 1.000000 0.998000 42 100 500 10 0 0.002 0.018 0.13 0.332 0.54 0.746 0.884 0.96 0.988 0.998
Generation: 43
fullpopTest 1.000000 0.998000 43 100 500 10 0 0.002 0.012 0.128 0.33 0.566 0.764 0.902 0.96 0.98 0.998
Generation: 44
fullpopTest 1.000000 0.998000 44 100 500 10 0 0 0.022 0.146 0.334 0.546 0.732 0.878 0.948 0.988 0.998
Generation: 45
fullpopTest 1.000000 0.998000 45 100 500 10 0 0 0.022 0.118 0.318 0.528 0.752 0.892 0.958 0.988 0.998
Generation: 46
fullpopTest 1.000000 0.998000 46 100 500 10 0 0.002 0.02 0.134 0.346 0.568 0.778 0.882 0.962 0.988 0.998
Generation: 47
fullpopTest 1.000000 0.998000 47 100 500 10 0 0 0.018 0.154 0.342 0.562 0.754 0.91 0.968 0.984 0.998
Generation: 48
fullpopTest 1.000000 0.998000 48 100 500 10 0 0 0.016 0.136 0.332 0.524 0.76 0.9 0.974 0.99 0.998
Generation: 49
fullpopTest 1.000000 1.000000 49 100 500 10 0 0.002 0.03 0.166 0.36 0.568 0.756 0.91 0.958 0.994 1
fullpopTest 1.000000 1.000000 50 100 500 10 0 0.002 0.03 0.142 0.332 0.546 0.744 0.89 0.97 0.994 1
Generation: 0
fullpopTest 1.000000 0.194000 0 100 500 10 0 0 0.002 0.012 0.034 0.05 0.076 0.106 0.138 0.176 0.194
Generation: 1
fullpopTest 1.000000 0.200000 1 100 500 10 0 0 0.006 0.016 0.034 0.066 0.1 0.14 0.168 0.198 0.2
Generation: 2
fullpopTest 1.000000 0.226000 2 100 500 10 0 0 0.016 0.056 0.078 0.11 0.132 0.164 0.202 0.23 0.226
Generation: 3
fullpopTest 1.000000 0.264000 3 100 500 10 0 0 0.01 0.04 0.068 0.1 0.138 0.184 0.222 0.256 0.264
Generation: 4
fullpopTest 1.000000 0.312000 4 100 500 10 0 0 0.01 0.046 0.08 0.124 0.172 0.23 0.268 0.32 0.312
Generation: 5
fullpopTest 1.000000 0.336000 5 100 500 10 0 0 0.01 0.042 0.084 0.14 0.178 0.222 0.266 0.33 0.336
Generation: 6
fullpopTest 1.000000 0.394000 6 100 500 10 0 0.002 0.022 0.062 0.11 0.146 0.2 0.26 0.296 0.33 0.394
Generation: 7
fullpopTest 1.000000 0.398000 7 100 500 10 0 0 0.014 0.048 0.094 0.144 0.212 0.27 0.334 0.386 0.398
Generation: 8
fullpopTest 1.000000 0.410000 8 100 500 10 0 0 0.016 0.054 0.094 0.168 0.25 0.306 0.372 0.454 0.41
Generation: 9
fullpopTest 1.000000 0.424000 9 100 500 10 0 0.002 0.022 0.058 0.116 0.176 0.236 0.292 0.356 0.418 0.424
Generation: 10
fullpopTest 1.000000 0.468000 10 100 500 10 0 0 0.014 0.078 0.132 0.194 0.262 0.338 0.396 0.468 0.468
Generation: 11
fullpopTest 1.000000 0.496000 11 100 500 10 0 0 0.028 0.066 0.13 0.19 0.276 0.342 0.404 0.47 0.496
Generation: 12
fullpopTest 1.000000 0.552000 12 100 500 10 0 0 0.026 0.076 0.152 0.23 0.34 0.434 0.508 0.576 0.552
Generation: 13
fullpopTest 1.000000 0.558000 13 100 500 10 0 0.004 0.03 0.086 0.148 0.228 0.332 0.412 0.512 0.576 0.558
Generation: 14
fullpopTest 1.000000 0.632000 14 100 500 10 0 0.002 0.024 0.082 0.158 0.248 0.348 0.43 0.526 0.586 0.632
Generation: 15
fullpopTest 1.000000 0.634000 15 100 500 10 0 0 0.026 0.09 0.178 0.272 0.384 0.458 0.524 0.58 0.634
Generation: 16
fullpopTest 1.000000 0.666000 16 100 500 10 0 0.002 0.05 0.094 0.164 0.28 0.39 0.49 0.558 0.624 0.666
Generation: 17
fullpopTest 1.000000 0.714000 17 100 500 10 0 0.002 0.04 0.108 0.2 0.306 0.444 0.538 0.634 0.7 0.714
Generation: 18
fullpopTest 1.000000 0.726000 18 100 500 10 0 0.002 0.034 0.096 0.166 0.292 0.408 0.514 0.604 0.678 0.726
Generation: 19
fullpopTest 1.000000 0.772000 19 100 500 10 0 0 0.036 0.106 0.208 0.326 0.452 0.574 0.676 0.754 0.772
Generation: 20
fullpopTest 1.000000 0.790000 20 100 500 10 0 0.002 0.038 0.112 0.24 0.358 0.476 0.56 0.668 0.74 0.79
Generation: 21
fullpopTest 1.000000 0.792000 21 100 500 10 0 0.002 0.028 0.09 0.184 0.314 0.45 0.568 0.66 0.73 0.792
Generation: 22
fullpopTest 1.000000 0.834000 22 100 500 10 0 0.002 0.038 0.11 0.27 0.394 0.522 0.624 0.724 0.79 0.834
Generation: 23
fullpopTest 1.000000 0.834000 23 100 500 10 0 0.002 0.044 0.12 0.246 0.366 0.494 0.594 0.666 0.754 0.834
Generation: 24
fullpopTest 1.000000 0.836000 24 100 500 10 0 0.002 0.044 0.118 0.288 0.42 0.562 0.664 0.746 0.822 0.836
Generation: 25
fullpopTest 1.000000 0.884000 25 100 500 10 0 0.002 0.038 0.108 0.276 0.404 0.552 0.642 0.724 0.82 0.884
Generation: 26
fullpopTest 1.000000 0.892000 26 100 500 10 0 0.002 0.064 0.144 0.324 0.454 0.598 0.702 0.804 0.884 0.892
Generation: 27
fullpopTest 1.000000 0.916000 27 100 500 10 0 0.002 0.064 0.132 0.316 0.48 0.632 0.738 0.83 0.904 0.916
Generation: 28
fullpopTest 1.000000 0.918000 28 100 500 10 0 0.002 0.094 0.18 0.332 0.474 0.62 0.74 0.828 0.898 0.918
Generation: 29
fullpopTest 1.000000 0.942000 29 100 500 10 0 0 0.06 0.152 0.314 0.488 0.644 0.776 0.842 0.904 0.942
Generation: 30
fullpopTest 1.000000 0.942000 30 100 500 10 0 0.002 0.074 0.162 0.328 0.48 0.634 0.756 0.87 0.932 0.942
Generation: 31
fullpopTest 1.000000 0.942000 31 100 500 10 0 0.002 0.062 0.152 0.324 0.474 0.608 0.722 0.816 0.894 0.942
Generation: 32
fullpopTest 1.000000 0.952000 32 100 500 10 0 0.002 0.078 0.166 0.332 0.492 0.668 0.808 0.9 0.946 0.952
Generation: 33
fullpopTest 1.000000 0.966000 33 100 500 10 0 0.002 0.088 0.178 0.364 0.556 0.724 0.836 0.912 0.948 0.966
Generation: 34
fullpopTest 1.000000 0.966000 34 100 500 10 0 0.002 0.09 0.192 0.354 0.552 0.728 0.836 0.908 0.932 0.966
Generation: 35
fullpopTest 1.000000 0.976000 35 100 500 10 0 0 0.098 0.182 0.364 0.546 0.714 0.838 0.926 0.966 0.976
Generation: 36
fullpopTest 1.000000 0.994000 36 100 500 10 0 0.002 0.086 0.19 0.36 0.568 0.734 0.866 0.942 0.976 0.994
Generation: 37
fullpopTest 1.000000 0.994000 37 100 500 10 0 0.002 0.086 0.18 0.37 0.582 0.746 0.862 0.942 0.97 0.994
Generation: 38
fullpopTest 1.000000 0.994000 38 100 500 10 0 0 0.09 0.19 0.35 0.544 0.728 0.858 0.932 0.968 0.994
Generation: 39
fullpopTest 1.000000 0.996000 39 100 500 10 0 0.002 0.11 0.214 0.398 0.636 0.802 0.918 0.972 0.982 0.996
Generation: 40
fullpopTest 1.000000 0.996000 40 100 500 10 0 0.002 0.11 0.222 0.418 0.638 0.81 0.918 0.97 0.988 0.996
Generation: 41
fullpopTest 1.000000 0.998000 41 100 500 10 0 0.002 0.108 0.212 0.406 0.62 0.798 0.928 0.984 0.996 0.998
Generation: 42
fullpopTest 1.000000 0.998000 42 100 500 10 0 0.002 0.104 0.244 0.438 0.688 0.854 0.958 0.988 0.998 0.998
Generation: 43
fullpopTest 1.000000 1.000000 43 100 500 10 0 0.002 0.11 0.222 0.43 0.678 0.854 0.958 0.992 1 1
fullpopTest 1.000000 1.000000 44 100 500 10 0 0.002 0.104 0.244 0.454 0.672 0.85 0.958 0.988 0.994 1
Generation: 0
fullpopTest 1.000000 0.214000 0 100 500 10 0 0 0.014 0.05 0.08 0.094 0.12 0.15 0.182 0.22 0.214
Generation: 1
fullpopTest 1.000000 0.246000 1 100 500 10 0 0 0.008 0.03 0.056 0.09 0.12 0.16 0.198 0.236 0.246
Generation: 2
fullpopTest 1.000000 0.250000 2 100 500 10 0 0 0.014 0.052 0.092 0.12 0.134 0.17 0.206 0.234 0.25
Generation: 3
fullpopTest 1.000000 0.266000 3 100 500 10 0 0 0.018 0.05 0.068 0.102 0.144 0.18 0.222 0.246 0.266
Generation: 4
fullpopTest 1.000000 0.288000 4 100 500 10 0 0.002 0.018 0.046 0.084 0.114 0.138 0.17 0.21 0.242 0.288
Generation: 5
fullpopTest 1.000000 0.314000 5 100 500 10 0 0 0.008 0.038 0.072 0.118 0.164 0.218 0.258 0.33 0.314
Generation: 6
fullpopTest 1.000000 0.346000 6 100 500 10 0 0 0.006 0.02 0.048 0.108 0.158 0.206 0.254 0.298 0.346
Generation: 7
fullpopTest 1.000000 0.374000 7 100 500 10 0 0.002 0.006 0.028 0.064 0.12 0.178 0.226 0.296 0.356 0.374
Generation: 8
fullpopTest 1.000000 0.388000 8 100 500 10 0 0 0.008 0.048 0.092 0.14 0.202 0.264 0.33 0.39 0.388
Generation: 9
fullpopTest 1.000000 0.430000 9 100 500 10 0 0 0.012 0.046 0.078 0.128 0.192 0.264 0.336 0.398 0.43
Generation: 10
fullpopTest 1.000000 0.460000 10 100 500 10 0 0 0.01 0.048 0.106 0.156 0.228 0.284 0.372 0.442 0.46
Generation: 11
fullpopTest 1.000000 0.548000 11 100 500 10 0 0 0.018 0.062 0.124 0.218 0.308 0.378 0.456 0.54 0.548
Generation: 12
fullpopTest 1.000000 0.576000 12 100 500 10 0 0 0.022 0.052 0.126 0.22 0.324 0.394 0.46 0.542 0.576
Generation: 13
fullpopTest 1.000000 0.576000 13 100 500 10 0 0 0.014 0.06 0.126 0.216 0.286 0.386 0.464 0.53 0.576
Generation: 14
fullpopTest 1.000000 0.602000 14 100 500 10 0 0 0.01 0.066 0.134 0.206 0.314 0.398 0.488 0.544 0.602
Generation: 15
fullpopTest 1.000000 0.612000 15 100 500 10 0 0 0.014 0.07 0.142 0.246 0.324 0.406 0.504 0.59 0.612
Generation: 16
fullpopTest 1.000000 0.652000 16 100 500 10 0 0 0.024 0.072 0.14 0.212 0.314 0.422 0.51 0.58 0.652
Generation: 17
fullpopTest 1.000000 0.660000 17 100 500 10 0 0.002 0.024 0.08 0.164 0.274 0.388 0.51 0.588 0.674 0.66
Generation: 18
fullpopTest 1.000000 0.684000 18 100 500 10 0 0 0.018 0.076 0.164 0.266 0.378 0.472 0.544 0.622 0.684
Generation: 19
fullpopTest 1.000000 0.696000 19 100 500 10 0 0.002 0.018 0.066 0.138 0.258 0.344 0.444 0.514 0.596 0.696
Generation: 20
fullpopTest 1.000000 0.714000 20 100 500 10 0 0 0.014 0.08 0.162 0.272 0.392 0.494 0.58 0.642 0.714
Generation: 21
fullpopTest 1.000000 0.720000 21 100 500 10 0 0.002 0.022 0.092 0.194 0.31 0.434 0.536 0.654 0.72 0.72
Generation: 22
fullpopTest 1.000000 0.724000 22 100 500 10 0 0 0.024 0.088 0.15 0.274 0.384 0.522 0.598 0.716 0.724
Generation: 23
fullpopTest 1.000000 0.750000 23 100 500 10 0 0 0.014 0.092 0.176 0.292 0.408 0.528 0.596 0.682 0.75
Generation: 24
fullpopTest 1.000000 0.766000 24 100 500 10 0 0 0.024 0.088 0.2 0.33 0.462 0.574 0.666 0.742 0.766
Generation: 25
fullpopTest 1.000000 0.794000 25 100 500 10 0 0 0.022 0.106 0.204 0.332 0.416 0.54 0.634 0.718 0.794
Generation: 26
fullpopTest 1.000000 0.800000 26 100 500 10 0 0.002 0.038 0.132 0.258 0.364 0.488 0.624 0.724 0.788 0.8
Generation: 27
fullpopTest 1.000000 0.820000 27 100 500 10 0 0.002 0.022 0.122 0.252 0.4 0.524 0.636 0.732 0.814 0.82
Generation: 28
fullpopTest 1.000000 0.842000 28 100 500 10 0 0 0.018 0.112 0.246 0.374 0.514 0.664 0.762 0.836 0.842
Generation: 29
fullpopTest 1.000000 0.852000 29 100 500 10 0 0.002 0.03 0.13 0.282 0.414 0.556 0.66 0.772 0.842 0.852
Generation: 30
fullpopTest 1.000000 0.880000 30 100 500 10 0 0 0.034 0.15 0.318 0.476 0.608 0.688 0.774 0.846 0.88
Generation: 31
fullpopTest 1.000000 0.884000 31 100 500 10 0 0 0.046 0.17 0.312 0.462 0.602 0.718 0.804 0.852 0.884
Generation: 32
fullpopTest 1.000000 0.888000 32 100 500 10 0 0 0.038 0.132 0.262 0.43 0.592 0.718 0.806 0.872 0.888
Generation: 33
fullpopTest 1.000000 0.896000 33 100 500 10 0 0 0.038 0.148 0.332 0.498 0.652 0.762 0.852 0.904 0.896
Generation: 34
fullpopTest 1.000000 0.900000 34 100 500 10 0 0 0.036 0.134 0.252 0.408 0.576 0.704 0.834 0.896 0.9
Generation: 35
fullpopTest 1.000000 0.926000 35 100 500 10 0 0 0.042 0.14 0.338 0.526 0.68 0.804 0.87 0.916 0.926
Generation: 36
fullpopTest 1.000000 0.940000 36 100 500 10 0 0 0.044 0.144 0.3 0.49 0.62 0.756 0.864 0.912 0.94
Generation: 37
fullpopTest 1.000000 0.944000 37 100 500 10 0 0.002 0.046 0.15 0.374 0.54 0.706 0.82 0.888 0.934 0.944
Generation: 38
fullpopTest 1.000000 0.956000 38 100 500 10 0 0 0.036 0.158 0.318 0.474 0.648 0.778 0.86 0.944 0.956
Generation: 39
fullpopTest 1.000000 0.962000 39 100 500 10 0 0 0.03 0.116 0.304 0.488 0.686 0.802 0.876 0.936 0.962
Generation: 40
fullpopTest 1.000000 0.972000 40 100 500 10 0 0.002 0.05 0.166 0.336 0.532 0.718 0.822 0.898 0.946 0.972
Generation: 41
fullpopTest 1.000000 0.986000 41 100 500 10 0 0.002 0.044 0.166 0.358 0.554 0.744 0.864 0.936 0.98 0.986
Generation: 42
fullpopTest 1.000000 0.986000 42 100 500 10 0 0 0.04 0.164 0.4 0.6 0.804 0.898 0.954 0.972 0.986
Generation: 43
fullpopTest 1.000000 0.986000 43 100 500 10 0 0.004 0.054 0.176 0.378 0.58 0.756 0.874 0.954 0.972 0.986
Generation: 44
fullpopTest 1.000000 0.994000 44 100 500 10 0 0.002 0.06 0.224 0.45 0.654 0.816 0.92 0.972 0.984 0.994
Generation: 45
fullpopTest 1.000000 0.994000 45 100 500 10 0 0.002 0.068 0.208 0.428 0.636 0.81 0.908 0.964 0.992 0.994
Generation: 46
fullpopTest 1.000000 0.994000 46 100 500 10 0 0.002 0.056 0.202 0.454 0.65 0.81 0.902 0.952 0.98 0.994
Generation: 47
fullpopTest 1.000000 0.994000 47 100 500 10 0 0.002 0.066 0.208 0.426 0.632 0.806 0.902 0.96 0.976 0.994
Generation: 48
fullpopTest 1.000000 1.000000 48 100 500 10 0 0 0.064 0.238 0.488 0.71 0.888 0.968 0.994 0.996 1
fullpopTest 1.000000 1.000000 49 100 500 10 0 0 0.076 0.24 0.52 0.708 0.882 0.958 0.988 0.996 1
Generation: 0
fullpopTest 1.000000 0.152000 0 100 500 10 0 0 0.004 0.018 0.038 0.07 0.098 0.114 0.138 0.16 0.152
Generation: 1
fullpopTest 1.000000 0.188000 1 100 500 10 0 0 0 0.01 0.028 0.054 0.082 0.114 0.146 0.188 0.188
Generation: 2
fullpopTest 1.000000 0.204000 2 100 500 10 0 0 0 0.008 0.032 0.048 0.082 0.11 0.128 0.156 0.204
Generation: 3
fullpopTest 1.000000 0.240000 3 100 500 10 0 0 0.006 0.026 0.046 0.058 0.098 0.132 0.16 0.19 0.24
Generation: 4
fullpopTest 1.000000 0.284000 4 100 500 10 0 0 0.006 0.032 0.05 0.076 0.132 0.18 0.216 0.254 0.284
Generation: 5
fullpopTest 1.000000 0.284000 5 100 500 10 0 0 0.002 0.016 0.054 0.096 0.132 0.176 0.212 0.258 0.284
Generation: 6
fullpopTest 1.000000 0.310000 6 100 500 10 0 0 0.016 0.038 0.062 0.114 0.138 0.166 0.208 0.274 0.31
Generation: 7
fullpopTest 1.000000 0.328000 7 100 500 10 0 0 0.014 0.034 0.06 0.112 0.142 0.18 0.218 0.272 0.328
Generation: 8
fullpopTest 1.000000 0.328000 8 100 500 10 0 0 0.016 0.042 0.08 0.122 0.174 0.232 0.288 0.334 0.328
Generation: 9
fullpopTest 1.000000 0.360000 9 100 500 10 0 0 0.008 0.022 0.064 0.11 0.174 0.23 0.284 0.322 0.36
Generation: 10
fullpopTest 1.000000 0.372000 10 100 500 10 0 0.002 0.014 0.026 0.074 0.114 0.172 0.222 0.272 0.312 0.372
Generation: 11
fullpopTest 1.000000 0.386000 11 100 500 10 0 0.002 0.018 0.044 0.072 0.13 0.19 0.248 0.308 0.362 0.386
Generation: 12
fullpopTest 1.000000 0.426000 12 100 500 10 0 0 0.016 0.05 0.086 0.134 0.194 0.252 0.3 0.378 0.426
Generation: 13
fullpopTest 1.000000 0.432000 13 100 500 10 0 0.002 0.02 0.04 0.088 0.136 0.2 0.266 0.322 0.366 0.432
Generation: 14
fullpopTest 1.000000 0.470000 14 100 500 10 0 0 0.026 0.054 0.102 0.174 0.244 0.312 0.392 0.474 0.47
Generation: 15
fullpopTest 1.000000 0.504000 15 100 500 10 0 0 0.016 0.066 0.114 0.182 0.24 0.306 0.386 0.472 0.504
Generation: 16
fullpopTest 1.000000 0.572000 16 100 500 10 0 0.002 0.03 0.064 0.12 0.196 0.288 0.384 0.47 0.544 0.572
Generation: 17
fullpopTest 1.000000 0.594000 17 100 500 10 0 0.002 0.044 0.096 0.168 0.256 0.33 0.412 0.51 0.58 0.594
Generation: 18
fullpopTest 1.000000 0.622000 18 100 500 10 0 0 0.036 0.076 0.174 0.252 0.358 0.472 0.556 0.626 0.622
Generation: 19
fullpopTest 1.000000 0.690000 19 100 500 10 0 0 0.036 0.1 0.208 0.302 0.41 0.5 0.6 0.668 0.69
Generation: 20
fullpopTest 1.000000 0.690000 20 100 500 10 0 0 0.038 0.1 0.182 0.276 0.37 0.464 0.562 0.652 0.69
Generation: 21
fullpopTest 1.000000 0.744000 21 100 500 10 0 0 0.038 0.096 0.198 0.324 0.436 0.538 0.648 0.734 0.744
Generation: 22
fullpopTest 1.000000 0.756000 22 100 500 10 0 0.002 0.028 0.1 0.198 0.316 0.438 0.542 0.644 0.714 0.756
Generation: 23
fullpopTest 1.000000 0.784000 23 100 500 10 0 0.002 0.07 0.13 0.248 0.338 0.464 0.57 0.664 0.742 0.784
Generation: 24
fullpopTest 1.000000 0.804000 24 100 500 10 0 0 0.056 0.134 0.258 0.382 0.51 0.622 0.73 0.82 0.804
Generation: 25
fullpopTest 1.000000 0.828000 25 100 500 10 0 0 0.078 0.152 0.282 0.396 0.514 0.618 0.698 0.78 0.828
Generation: 26
fullpopTest 1.000000 0.842000 26 100 500 10 0 0 0.082 0.2 0.336 0.458 0.564 0.67 0.74 0.816 0.842
Generation: 27
fullpopTest 1.000000 0.864000 27 100 500 10 0 0 0.076 0.178 0.33 0.466 0.594 0.712 0.81 0.864 0.864
Generation: 28
fullpopTest 1.000000 0.866000 28 100 500 10 0 0.002 0.064 0.136 0.272 0.396 0.554 0.67 0.752 0.82 0.866
Generation: 29
fullpopTest 1.000000 0.888000 29 100 500 10 0 0.002 0.064 0.144 0.312 0.472 0.61 0.718 0.81 0.886 0.888
Generation: 30
fullpopTest 1.000000 0.894000 30 100 500 10 0 0.002 0.096 0.192 0.354 0.512 0.642 0.736 0.81 0.874 0.894
Generation: 31
fullpopTest 1.000000 0.908000 31 100 500 10 0 0.002 0.08 0.176 0.346 0.51 0.644 0.762 0.848 0.896 0.908
Generation: 32
fullpopTest 1.000000 0.912000 32 100 500 10 0 0.002 0.084 0.196 0.356 0.49 0.638 0.744 0.824 0.872 0.912
Generation: 33
fullpopTest 1.000000 0.926000 33 100 500 10 0 0.002 0.098 0.196 0.374 0.506 0.656 0.784 0.854 0.908 0.926
Generation: 34
fullpopTest 1.000000 0.930000 34 100 500 10 0 0.002 0.076 0.202 0.37 0.546 0.688 0.814 0.896 0.948 0.93
Generation: 35
fullpopTest 1.000000 0.958000 35 100 500 10 0 0.002 0.076 0.188 0.358 0.51 0.7 0.81 0.904 0.956 0.958
Generation: 36
fullpopTest 1.000000 0.958000 36 100 500 10 0 0 0.048 0.17 0.344 0.528 0.714 0.822 0.888 0.944 0.958
Generation: 37
fullpopTest 1.000000 0.974000 37 100 500 10 0 0.002 0.084 0.214 0.438 0.598 0.766 0.85 0.92 0.964 0.974
Generation: 38
fullpopTest 1.000000 0.976000 38 100 500 10 0 0.002 0.098 0.228 0.414 0.574 0.718 0.848 0.924 0.962 0.976
Generation: 39
fullpopTest 1.000000 0.976000 39 100 500 10 0 0.002 0.096 0.23 0.408 0.568 0.708 0.842 0.926 0.972 0.976
Generation: 40
fullpopTest 1.000000 0.976000 40 100 500 10 0 0.002 0.092 0.214 0.408 0.586 0.74 0.844 0.918 0.952 0.976
Generation: 41
fullpopTest 1.000000 0.984000 41 100 500 10 0 0 0.098 0.23 0.428 0.586 0.756 0.87 0.942 0.974 0.984
Generation: 42
fullpopTest 1.000000 0.986000 42 100 500 10 0 0.002 0.094 0.25 0.446 0.604 0.758 0.878 0.938 0.972 0.986
Generation: 43
fullpopTest 1.000000 0.988000 43 100 500 10 0 0.002 0.114 0.264 0.472 0.686 0.842 0.922 0.962 0.976 0.988
Generation: 44
fullpopTest 1.000000 0.996000 44 100 500 10 0 0.004 0.114 0.264 0.496 0.72 0.864 0.942 0.972 0.984 0.996
Generation: 45
fullpopTest 1.000000 0.996000 45 100 500 10 0 0.002 0.116 0.278 0.536 0.74 0.89 0.956 0.99 0.992 0.996
Generation: 46
fullpopTest 1.000000 0.998000 46 100 500 10 0 0.002 0.112 0.26 0.516 0.724 0.878 0.96 0.98 0.988 0.998
Generation: 47
fullpopTest 1.000000 0.998000 47 100 500 10 0 0.002 0.106 0.27 0.548 0.742 0.876 0.942 0.98 0.992 0.998
Generation: 48
fullpopTest 1.000000 0.998000 48 100 500 10 0 0.002 0.106 0.246 0.506 0.71 0.876 0.95 0.974 0.982 0.998
Generation: 49
fullpopTest 1.000000 0.998000 49 100 500 10 0 0.002 0.11 0.27 0.512 0.716 0.882 0.948 0.974 0.984 0.998
Generation: 50
fullpopTest 1.000000 0.998000 50 100 500 10 0 0.002 0.118 0.306 0.542 0.754 0.896 0.946 0.982 0.99 0.998
Generation: 51
fullpopTest 1.000000 1.000000 51 100 500 10 0 0.002 0.118 0.29 0.554 0.772 0.908 0.964 0.988 0.992 1
fullpopTest 1.000000 1.000000 52 100 500 10 0 0.002 0.108 0.292 0.512 0.756 0.906 0.976 0.988 0.996 1
Generation: 0
fullpopTest 1.000000 0.172000 0 100 500 10 0 0 0.004 0.022 0.042 0.06 0.08 0.098 0.112 0.136 0.172
Generation: 1
fullpopTest 1.000000 0.194000 1 100 500 10 0 0 0.002 0.014 0.032 0.054 0.094 0.128 0.16 0.194 0.194
Generation: 2
fullpopTest 1.000000 0.208000 2 100 500 10 0 0 0.006 0.034 0.046 0.07 0.098 0.134 0.162 0.188 0.208
Generation: 3
fullpopTest 1.000000 0.242000 3 100 500 10 0 0 0.006 0.016 0.032 0.056 0.084 0.124 0.154 0.2 0.242
Generation: 4
fullpopTest 1.000000 0.250000 4 100 500 10 0 0.002 0.014 0.05 0.082 0.118 0.178 0.204 0.236 0.282 0.25
Generation: 5
fullpopTest 1.000000 0.336000 5 100 500 10 0 0 0.018 0.05 0.09 0.156 0.222 0.278 0.314 0.348 0.336
Generation: 6
fullpopTest 1.000000 0.380000 6 100 500 10 0 0.002 0.022 0.064 0.094 0.148 0.198 0.262 0.326 0.386 0.38
Generation: 7
fullpopTest 1.000000 0.394000 7 100 500 10 0 0 0.014 0.054 0.098 0.158 0.204 0.266 0.324 0.368 0.394
Generation: 8
fullpopTest 1.000000 0.410000 8 100 500 10 0 0.002 0.024 0.064 0.114 0.158 0.204 0.278 0.32 0.37 0.41
Generation: 9
fullpopTest 1.000000 0.442000 9 100 500 10 0 0.002 0.016 0.06 0.098 0.14 0.18 0.236 0.306 0.346 0.442
Generation: 10
fullpopTest 1.000000 0.464000 10 100 500 10 0 0 0.016 0.068 0.12 0.178 0.238 0.286 0.332 0.386 0.464
Generation: 11
fullpopTest 1.000000 0.518000 11 100 500 10 0 0 0.036 0.068 0.148 0.222 0.298 0.37 0.442 0.494 0.518
Generation: 12
fullpopTest 1.000000 0.520000 12 100 500 10 0 0 0.024 0.082 0.172 0.23 0.32 0.38 0.45 0.514 0.52
Generation: 13
fullpopTest 1.000000 0.552000 13 100 500 10 0 0 0.034 0.076 0.142 0.202 0.258 0.346 0.416 0.472 0.552
Generation: 14
fullpopTest 1.000000 0.592000 14 100 500 10 0 0.002 0.032 0.072 0.162 0.234 0.336 0.414 0.48 0.544 0.592
Generation: 15
fullpopTest 1.000000 0.614000 15 100 500 10 0 0 0.056 0.11 0.192 0.276 0.376 0.444 0.494 0.568 0.614
Generation: 16
fullpopTest 1.000000 0.664000 16 100 500 10 0 0 0.034 0.098 0.206 0.32 0.422 0.498 0.584 0.664 0.664
Generation: 17
fullpopTest 1.000000 0.688000 17 100 500 10 0 0.002 0.07 0.136 0.262 0.364 0.478 0.532 0.61 0.676 0.688
Generation: 18
fullpopTest 1.000000 0.744000 18 100 500 10 0 0.002 0.066 0.128 0.24 0.35 0.454 0.564 0.654 0.75 0.744
Generation: 19
fullpopTest 1.000000 0.744000 19 100 500 10 0 0.002 0.062 0.124 0.25 0.37 0.48 0.584 0.672 0.746 0.744
Generation: 20
fullpopTest 1.000000 0.774000 20 100 500 10 0 0.002 0.054 0.128 0.252 0.376 0.49 0.598 0.704 0.78 0.774
Generation: 21
fullpopTest 1.000000 0.804000 21 100 500 10 0 0.002 0.084 0.152 0.248 0.364 0.478 0.58 0.672 0.734 0.804
Generation: 22
fullpopTest 1.000000 0.806000 22 100 500 10 0 0 0.072 0.156 0.288 0.432 0.534 0.624 0.712 0.774 0.806
Generation: 23
fullpopTest 1.000000 0.836000 23 100 500 10 0 0 0.078 0.156 0.298 0.454 0.57 0.68 0.77 0.828 0.836
Generation: 24
fullpopTest 1.000000 0.874000 24 100 500 10 0 0.002 0.1 0.19 0.332 0.48 0.596 0.722 0.794 0.854 0.874
Generation: 25
fullpopTest 1.000000 0.874000 25 100 500 10 0 0.002 0.1 0.196 0.324 0.468 0.588 0.7 0.794 0.852 0.874
Generation: 26
fullpopTest 1.000000 0.878000 26 100 500 10 0 0.002 0.098 0.196 0.306 0.46 0.578 0.692 0.786 0.848 0.878
Generation: 27
fullpopTest 1.000000 0.904000 27 100 500 10 0 0.002 0.092 0.168 0.308 0.464 0.584 0.716 0.792 0.866 0.904
Generation: 28
fullpopTest 1.000000 0.908000 28 100 500 10 0 0 0.092 0.194 0.338 0.506 0.622 0.714 0.8 0.846 0.908
Generation: 29
fullpopTest 1.000000 0.914000 29 100 500 10 0 0.002 0.1 0.196 0.34 0.5 0.644 0.786 0.872 0.926 0.914
Generation: 30
fullpopTest 1.000000 0.930000 30 100 500 10 0 0.002 0.08 0.172 0.326 0.532 0.658 0.79 0.876 0.92 0.93
Generation: 31
fullpopTest 1.000000 0.932000 31 100 500 10 0 0.002 0.078 0.196 0.35 0.524 0.664 0.778 0.858 0.908 0.932
Generation: 32
fullpopTest 1.000000 0.936000 32 100 500 10 0 0 0.074 0.168 0.354 0.548 0.658 0.782 0.864 0.91 0.936
Generation: 33
fullpopTest 1.000000 0.966000 33 100 500 10 0 0.002 0.092 0.192 0.364 0.59 0.71 0.838 0.926 0.966 0.966
Generation: 34
fullpopTest 1.000000 0.976000 34 100 500 10 0 0.002 0.1 0.2 0.384 0.594 0.746 0.874 0.944 0.968 0.976
Generation: 35
fullpopTest 1.000000 0.986000 35 100 500 10 0 0.002 0.096 0.21 0.382 0.602 0.754 0.876 0.952 0.98 0.986
Generation: 36
fullpopTest 1.000000 0.986000 36 100 500 10 0 0.002 0.108 0.22 0.388 0.6 0.748 0.87 0.95 0.974 0.986
Generation: 37
fullpopTest 1.000000 0.988000 37 100 500 10 0 0.002 0.102 0.218 0.376 0.592 0.776 0.908 0.95 0.982 0.988
Generation: 38
fullpopTest 1.000000 0.994000 38 100 500 10 0 0.002 0.108 0.254 0.418 0.628 0.788 0.888 0.946 0.972 0.994
Generation: 39
fullpopTest 1.000000 0.996000 39 100 500 10 0 0.002 0.108 0.244 0.42 0.626 0.79 0.922 0.98 0.99 0.996
Generation: 40
fullpopTest 1.000000 0.996000 40 100 500 10 0 0.002 0.112 0.25 0.412 0.628 0.78 0.892 0.962 0.99 0.996
Generation: 41
fullpopTest 1.000000 0.996000 41 100 500 10 0 0.002 0.112 0.262 0.418 0.632 0.8 0.91 0.968 0.992 0.996
Generation: 42
fullpopTest 1.000000 0.996000 42 100 500 10 0 0.002 0.108 0.244 0.416 0.634 0.78 0.912 0.96 0.986 0.996
Generation: 43
fullpopTest 1.000000 0.996000 43 100 500 10 0 0.002 0.112 0.24 0.396 0.6 0.766 0.882 0.94 0.978 0.996
Generation: 44
fullpopTest 1.000000 0.996000 44 100 500 10 0 0.002 0.108 0.252 0.418 0.634 0.788 0.904 0.966 0.982 0.996
Generation: 45
fullpopTest 1.000000 0.998000 45 100 500 10 0 0.002 0.092 0.19 0.394 0.608 0.768 0.908 0.974 0.994 0.998
Generation: 46
fullpopTest 1.000000 0.998000 46 100 500 10 0 0.002 0.106 0.19 0.368 0.604 0.758 0.886 0.962 0.992 0.998
Generation: 47
fullpopTest 1.000000 0.998000 47 100 500 10 0 0.002 0.112 0.222 0.402 0.61 0.752 0.9 0.962 0.984 0.998
Generation: 48
fullpopTest 1.000000 0.998000 48 100 500 10 0 0.002 0.106 0.216 0.388 0.598 0.774 0.912 0.968 0.99 0.998
Generation: 49
fullpopTest 1.000000 1.000000 49 100 500 10 0 0.002 0.104 0.226 0.38 0.62 0.764 0.91 0.976 0.998 1
fullpopTest 1.000000 1.000000 50 100 500 10 0 0.002 0.106 0.226 0.384 0.616 0.774 0.898 0.96 0.984 1
Generation: 0
fullpopTest 1.000000 0.176000 0 100 500 10 0 0 0 0.014 0.032 0.058 0.078 0.098 0.122 0.14 0.176
Generation: 1
fullpopTest 1.000000 0.210000 1 100 500 10 0 0 0.006 0.012 0.024 0.052 0.086 0.122 0.158 0.216 0.21
Generation: 2
fullpopTest 1.000000 0.260000 2 100 500 10 0 0 0.004 0.018 0.054 0.096 0.134 0.192 0.248 0.304 0.26
Generation: 3
fullpopTest 1.000000 0.298000 3 100 500 10 0 0 0.006 0.032 0.058 0.098 0.144 0.204 0.248 0.314 0.298
Generation: 4
fullpopTest 1.000000 0.364000 4 100 500 10 0 0 0.012 0.024 0.05 0.096 0.148 0.198 0.264 0.326 0.364
Generation: 5
fullpopTest 1.000000 0.364000 5 100 500 10 0 0 0.004 0.026 0.054 0.118 0.168 0.23 0.292 0.36 0.364
Generation: 6
fullpopTest 1.000000 0.418000 6 100 500 10 0 0 0.014 0.036 0.082 0.126 0.182 0.252 0.33 0.39 0.418
Generation: 7
fullpopTest 1.000000 0.422000 7 100 500 10 0 0.002 0.004 0.032 0.066 0.122 0.184 0.232 0.288 0.34 0.422
Generation: 8
fullpopTest 1.000000 0.468000 8 100 500 10 0 0.002 0.024 0.046 0.1 0.174 0.248 0.312 0.388 0.454 0.468
Generation: 9
fullpopTest 1.000000 0.468000 9 100 500 10 0 0 0.008 0.042 0.096 0.17 0.234 0.31 0.398 0.46 0.468
Generation: 10
fullpopTest 1.000000 0.538000 10 100 500 10 0 0 0.014 0.05 0.088 0.166 0.256 0.332 0.436 0.526 0.538
Generation: 11
fullpopTest 1.000000 0.538000 11 100 500 10 0 0 0.014 0.04 0.11 0.208 0.274 0.362 0.426 0.512 0.538
Generation: 12
fullpopTest 1.000000 0.578000 12 100 500 10 0 0 0.004 0.026 0.09 0.168 0.246 0.344 0.438 0.534 0.578
Generation: 13
fullpopTest 1.000000 0.608000 13 100 500 10 0 0 0.018 0.064 0.146 0.238 0.326 0.41 0.506 0.574 0.608
Generation: 14
fullpopTest 1.000000 0.636000 14 100 500 10 0 0 0.012 0.048 0.114 0.216 0.324 0.454 0.554 0.658 0.636
Generation: 15
fullpopTest 1.000000 0.684000 15 100 500 10 0 0 0.022 0.046 0.116 0.204 0.304 0.384 0.492 0.594 0.684
Generation: 16
fullpopTest 1.000000 0.684000 16 100 500 10 0 0.002 0.012 0.058 0.134 0.238 0.34 0.492 0.586 0.658 0.684
Generation: 17
fullpopTest 1.000000 0.738000 17 100 500 10 0 0 0.018 0.052 0.16 0.268 0.394 0.51 0.608 0.702 0.738
Generation: 18
fullpopTest 1.000000 0.750000 18 100 500 10 0 0.002 0.018 0.074 0.154 0.262 0.388 0.508 0.618 0.706 0.75
Generation: 19
fullpopTest 1.000000 0.782000 19 100 500 10 0 0 0.016 0.076 0.15 0.28 0.418 0.548 0.664 0.76 0.782
Generation: 20
fullpopTest 1.000000 0.792000 20 100 500 10 0 0 0.024 0.08 0.184 0.306 0.438 0.576 0.678 0.758 0.792
Generation: 21
fullpopTest 1.000000 0.812000 21 100 500 10 0 0 0.018 0.092 0.208 0.332 0.484 0.596 0.692 0.77 0.812
Generation: 22
fullpopTest 1.000000 0.850000 22 100 500 10 0 0 0.022 0.086 0.192 0.3 0.434 0.588 0.706 0.8 0.85
Generation: 23
fullpopTest 1.000000 0.850000 23 100 500 10 0 0 0.016 0.092 0.192 0.294 0.454 0.596 0.714 0.81 0.85
Generation: 24
fullpopTest 1.000000 0.880000 24 100 500 10 0 0 0.008 0.084 0.19 0.32 0.478 0.632 0.742 0.834 0.88
Generation: 25
fullpopTest 1.000000 0.880000 25 100 500 10 0 0 0.022 0.076 0.182 0.332 0.494 0.64 0.776 0.87 0.88
Generation: 26
fullpopTest 1.000000 0.930000 26 100 500 10 0 0 0.024 0.116 0.29 0.44 0.614 0.748 0.836 0.896 0.93
Generation: 27
fullpopTest 1.000000 0.932000 27 100 500 10 0 0 0.028 0.126 0.308 0.474 0.654 0.776 0.864 0.932 0.932
Generation: 28
fullpopTest 1.000000 0.938000 28 100 500 10 0 0 0.024 0.128 0.276 0.434 0.594 0.748 0.872 0.942 0.938
Generation: 29
fullpopTest 1.000000 0.948000 29 100 500 10 0 0 0.022 0.1 0.264 0.438 0.642 0.816 0.906 0.95 0.948
Generation: 30
fullpopTest 1.000000 0.968000 30 100 500 10 0 0 0.024 0.14 0.31 0.496 0.662 0.806 0.896 0.948 0.968
Generation: 31
fullpopTest 1.000000 0.968000 31 100 500 10 0 0 0.032 0.116 0.288 0.46 0.668 0.818 0.898 0.952 0.968
Generation: 32
fullpopTest 1.000000 0.972000 32 100 500 10 0 0 0.03 0.15 0.304 0.488 0.678 0.816 0.906 0.95 0.972
Generation: 33
fullpopTest 1.000000 0.972000 33 100 500 10 0 0 0.022 0.136 0.31 0.526 0.674 0.806 0.9 0.962 0.972
Generation: 34
fullpopTest 1.000000 0.978000 34 100 500 10 0 0.002 0.026 0.138 0.332 0.514 0.714 0.852 0.938 0.972 0.978
Generation: 35
fullpopTest 1.000000 0.982000 35 100 500 10 0 0 0.032 0.154 0.328 0.53 0.71 0.852 0.942 0.968 0.982
Generation: 36
fullpopTest 1.000000 0.982000 36 100 500 10 0 0 0.032 0.142 0.31 0.498 0.696 0.842 0.926 0.976 0.982
Generation: 37
fullpopTest 1.000000 0.982000 37 100 500 10 0 0 0.024 0.146 0.312 0.524 0.702 0.824 0.916 0.962 0.982
Generation: 38
fullpopTest 1.000000 0.986000 38 100 500 10 0 0 0.04 0.16 0.364 0.594 0.776 0.892 0.956 0.984 0.986
Generation: 39
fullpopTest 1.000000 0.992000 39 100 500 10 0 0.002 0.026 0.17 0.388 0.556 0.758 0.884 0.946 0.976 0.992
Generation: 40
fullpopTest 1.000000 0.992000 40 100 500 10 0 0 0.042 0.174 0.392 0.568 0.778 0.896 0.96 0.984 0.992
Generation: 41
fullpopTest 1.000000 0.992000 41 100 500 10 0 0 0.042 0.158 0.348 0.586 0.786 0.908 0.958 0.976 0.992
Generation: 42
fullpopTest 1.000000 0.994000 42 100 500 10 0 0.004 0.038 0.166 0.362 0.6 0.786 0.902 0.956 0.984 0.994
Generation: 43
fullpopTest 1.000000 0.994000 43 100 500 10 0 0.002 0.03 0.17 0.364 0.592 0.786 0.9 0.964 0.992 0.994
Generation: 44
fullpopTest 1.000000 0.994000 44 100 500 10 0 0 0.03 0.148 0.352 0.608 0.782 0.914 0.974 0.986 0.994
Generation: 45
fullpopTest 1.000000 0.994000 45 100 500 10 0 0 0.036 0.168 0.364 0.582 0.788 0.916 0.972 0.99 0.994
Generation: 46
fullpopTest 1.000000 0.994000 46 100 500 10 0 0.002 0.032 0.168 0.368 0.612 0.798 0.92 0.974 0.986 0.994
Generation: 47
fullpopTest 1.000000 0.998000 47 100 500 10 0 0 0.046 0.176 0.404 0.66 0.842 0.94 0.982 0.998 0.998
Generation: 48
fullpopTest 1.000000 0.998000 48 100 500 10 0 0 0.046 0.186 0.416 0.634 0.806 0.924 0.974 0.992 0.998
Generation: 49
fullpopTest 1.000000 0.998000 49 100 500 10 0 0 0.036 0.168 0.426 0.668 0.854 0.938 0.978 0.994 0.998
Generation: 50
fullpopTest 1.000000 0.998000 50 100 500 10 0 0.002 0.046 0.186 0.44 0.676 0.858 0.946 0.986 0.996 0.998
Generation: 51
fullpopTest 1.000000 0.998000 51 100 500 10 0 0 0.038 0.19 0.396 0.612 0.786 0.932 0.982 0.996 0.998
Generation: 52
fullpopTest 1.000000 1.000000 52 100 500 10 0 0.002 0.044 0.18 0.406 0.676 0.83 0.95 0.99 1 1
fullpopTest 1.000000 1.000000 53 100 500 10 0 0.002 0.048 0.178 0.422 0.658 0.838 0.93 0.978 0.988 1
Generation: 0
fullpopTest 1.000000 0.176000 0 100 500 10 0 0 0.012 0.022 0.038 0.062 0.082 0.1 0.126 0.154 0.176
Generation: 1
fullpopTest 1.000000 0.176000 1 100 500 10 0 0 0.006 0.016 0.042 0.074 0.094 0.106 0.13 0.152 0.176
Generation: 2
fullpopTest 1.000000 0.184000 2 100 500 10 0 0 0.002 0.014 0.036 0.064 0.094 0.124 0.162 0.184 0.184
Generation: 3
fullpopTest 1.000000 0.208000 3 100 500 10 0 0 0.006 0.02 0.04 0.066 0.09 0.126 0.148 0.194 0.208
Generation: 4
fullpopTest 1.000000 0.228000 4 100 500 10 0 0 0.002 0.008 0.012 0.042 0.062 0.094 0.118 0.142 0.228
Generation: 5
fullpopTest 1.000000 0.228000 5 100 500 10 0 0 0 0.004 0.022 0.042 0.086 0.112 0.152 0.172 0.228
Generation: 6
fullpopTest 1.000000 0.270000 6 100 500 10 0 0 0.002 0.016 0.048 0.094 0.128 0.164 0.2 0.254 0.27
Generation: 7
fullpopTest 1.000000 0.274000 7 100 500 10 0 0 0.002 0.014 0.038 0.07 0.108 0.174 0.216 0.266 0.274
Generation: 8
fullpopTest 1.000000 0.312000 8 100 500 10 0 0 0.004 0.018 0.038 0.076 0.102 0.152 0.194 0.234 0.312
Generation: 9
fullpopTest 1.000000 0.354000 9 100 500 10 0 0 0.006 0.024 0.066 0.112 0.16 0.212 0.272 0.324 0.354
Generation: 10
fullpopTest 1.000000 0.356000 10 100 500 10 0 0 0.01 0.02 0.052 0.118 0.186 0.256 0.316 0.37 0.356
Generation: 11
fullpopTest 1.000000 0.418000 11 100 500 10 0 0 0.012 0.04 0.07 0.116 0.176 0.242 0.312 0.352 0.418
Generation: 12
fullpopTest 1.000000 0.418000 12 100 500 10 0 0.002 0.008 0.044 0.102 0.166 0.224 0.284 0.338 0.396 0.418
Generation: 13
fullpopTest 1.000000 0.464000 13 100 500 10 0 0.002 0.012 0.056 0.102 0.164 0.22 0.318 0.4 0.474 0.464
Generation: 14
fullpopTest 1.000000 0.522000 14 100 500 10 0 0.002 0.014 0.066 0.14 0.234 0.318 0.386 0.46 0.516 0.522
Generation: 15
fullpopTest 1.000000 0.596000 15 100 500 10 0 0 0.02 0.068 0.146 0.244 0.326 0.428 0.514 0.592 0.596
Generation: 16
fullpopTest 1.000000 0.660000 16 100 500 10 0 0 0.016 0.084 0.152 0.24 0.348 0.442 0.526 0.606 0.66
Generation: 17
fullpopTest 1.000000 0.670000 17 100 500 10 0 0 0.024 0.078 0.156 0.276 0.348 0.442 0.542 0.61 0.67
Generation: 18
fullpopTest 1.000000 0.670000 18 100 500 10 0 0 0.012 0.082 0.162 0.266 0.364 0.472 0.546 0.634 0.67
Generation: 19
fullpopTest 1.000000 0.690000 19 100 500 10 0 0 0.022 0.108 0.202 0.296 0.396 0.5 0.57 0.656 0.69
Generation: 20
fullpopTest 1.000000 0.710000 20 100 500 10 0 0 0.018 0.086 0.166 0.264 0.38 0.508 0.608 0.678 0.71
Generation: 21
fullpopTest 1.000000 0.744000 21 100 500 10 0 0 0.028 0.106 0.216 0.322 0.414 0.526 0.626 0.712 0.744
Generation: 22
fullpopTest 1.000000 0.772000 22 100 500 10 0 0 0.02 0.092 0.21 0.314 0.41 0.53 0.654 0.732 0.772
Generation: 23
fullpopTest 1.000000 0.776000 23 100 500 10 0 0 0.02 0.112 0.23 0.354 0.46 0.542 0.648 0.71 0.776
Generation: 24
fullpopTest 1.000000 0.788000 24 100 500 10 0 0 0.016 0.08 0.206 0.324 0.456 0.576 0.694 0.788 0.788
Generation: 25
fullpopTest 1.000000 0.828000 25 100 500 10 0 0.002 0.024 0.106 0.228 0.34 0.502 0.61 0.71 0.796 0.828
Generation: 26
fullpopTest 1.000000 0.866000 26 100 500 10 0 0 0.034 0.152 0.29 0.444 0.602 0.732 0.806 0.858 0.866
Generation: 27
fullpopTest 1.000000 0.884000 27 100 500 10 0 0.002 0.034 0.146 0.328 0.492 0.638 0.77 0.85 0.896 0.884
Generation: 28
fullpopTest 1.000000 0.910000 28 100 500 10 0 0.002 0.046 0.168 0.334 0.494 0.658 0.784 0.854 0.908 0.91
Generation: 29
fullpopTest 1.000000 0.910000 29 100 500 10 0 0.002 0.04 0.164 0.364 0.516 0.662 0.788 0.86 0.91 0.91
Generation: 30
fullpopTest 1.000000 0.960000 30 100 500 10 0 0.002 0.04 0.184 0.416 0.582 0.712 0.824 0.88 0.928 0.96
Generation: 31
fullpopTest 1.000000 0.960000 31 100 500 10 0 0.002 0.034 0.168 0.376 0.558 0.732 0.84 0.908 0.95 0.96
Generation: 32
fullpopTest 1.000000 0.960000 32 100 500 10 0 0.002 0.042 0.188 0.394 0.578 0.736 0.832 0.904 0.954 0.96
Generation: 33
fullpopTest 1.000000 0.964000 33 100 500 10 0 0 0.05 0.206 0.396 0.562 0.718 0.838 0.902 0.948 0.964
Generation: 34
fullpopTest 1.000000 0.966000 34 100 500 10 0 0 0.038 0.202 0.404 0.576 0.724 0.824 0.912 0.954 0.966
Generation: 35
fullpopTest 1.000000 0.974000 35 100 500 10 0 0.002 0.054 0.226 0.438 0.604 0.764 0.858 0.926 0.966 0.974
Generation: 36
fullpopTest 1.000000 0.984000 36 100 500 10 0 0 0.048 0.192 0.402 0.586 0.722 0.836 0.898 0.94 0.984
Generation: 37
fullpopTest 1.000000 0.984000 37 100 500 10 0 0 0.054 0.204 0.412 0.596 0.75 0.864 0.926 0.956 0.984
Generation: 38
fullpopTest 1.000000 0.984000 38 100 500 10 0 0.002 0.04 0.184 0.406 0.612 0.778 0.894 0.942 0.97 0.984
Generation: 39
fullpopTest 1.000000 0.992000 39 100 500 10 0 0.002 0.044 0.192 0.408 0.594 0.786 0.892 0.966 0.988 0.992
Generation: 40
fullpopTest 1.000000 0.992000 40 100 500 10 0 0.002 0.044 0.196 0.442 0.628 0.778 0.888 0.96 0.978 0.992
Generation: 41
fullpopTest 1.000000 0.992000 41 100 500 10 0 0 0.04 0.176 0.372 0.586 0.772 0.896 0.958 0.98 0.992
Generation: 42
fullpopTest 1.000000 0.992000 42 100 500 10 0 0.002 0.038 0.21 0.414 0.626 0.782 0.892 0.944 0.976 0.992
Generation: 43
fullpopTest 1.000000 0.996000 43 100 500 10 0 0 0.046 0.216 0.47 0.662 0.834 0.948 0.982 0.986 0.996
Generation: 44
fullpopTest 1.000000 0.996000 44 100 500 10 0 0.002 0.042 0.206 0.442 0.658 0.836 0.926 0.968 0.986 0.996
Generation: 45
fullpopTest 1.000000 0.996000 45 100 500 10 0 0.002 0.042 0.208 0.428 0.64 0.824 0.92 0.964 0.992 0.996
Generation: 46
fullpopTest 1.000000 0.998000 46 100 500 10 0 0.002 0.04 0.204 0.412 0.628 0.8 0.914 0.974 0.986 0.998
Generation: 47
fullpopTest 1.000000 1.000000 47 100 500 10 0 0.002 0.04 0.186 0.412 0.644 0.838 0.944 0.982 0.992 1
fullpopTest 1.000000 1.000000 48 100 500 10 0 0.002 0.04 0.218 0.448 0.648 0.82 0.94 0.986 0.992 1
Generation: 0
fullpopTest 1.000000 0.146000 0 100 500 10 0 0 0.01 0.02 0.032 0.05 0.066 0.096 0.116 0.13 0.146
Generation: 1
fullpopTest 1.000000 0.164000 1 100 500 10 0 0 0.006 0.018 0.028 0.034 0.056 0.082 0.1 0.14 0.164
Generation: 2
fullpopTest 1.000000 0.196000 2 100 500 10 0 0 0.002 0.012 0.032 0.056 0.07 0.086 0.112 0.128 0.196
Generation: 3
fullpopTest 1.000000 0.196000 3 100 500 10 0 0 0.012 0.022 0.036 0.056 0.092 0.12 0.15 0.174 0.196
Generation: 4
fullpopTest 1.000000 0.222000 4 100 500 10 0 0 0.006 0.02 0.036 0.06 0.1 0.136 0.17 0.204 0.222
Generation: 5
fullpopTest 1.000000 0.222000 5 100 500 10 0 0.002 0.008 0.036 0.066 0.108 0.138 0.156 0.198 0.224 0.222
Generation: 6
fullpopTest 1.000000 0.238000 6 100 500 10 0 0 0.008 0.034 0.054 0.088 0.118 0.15 0.178 0.22 0.238
Generation: 7
fullpopTest 1.000000 0.310000 7 100 500 10 0 0 0.01 0.036 0.058 0.09 0.126 0.18 0.234 0.288 0.31
Generation: 8
fullpopTest 1.000000 0.318000 8 100 500 10 0 0 0.02 0.036 0.076 0.118 0.174 0.222 0.27 0.32 0.318
Generation: 9
fullpopTest 1.000000 0.338000 9 100 500 10 0 0 0.016 0.052 0.09 0.136 0.186 0.224 0.268 0.308 0.338
Generation: 10
fullpopTest 1.000000 0.394000 10 100 500 10 0 0 0.01 0.054 0.11 0.188 0.232 0.296 0.358 0.404 0.394
Generation: 11
fullpopTest 1.000000 0.434000 11 100 500 10 0 0 0.014 0.064 0.12 0.19 0.26 0.33 0.378 0.434 0.434
Generation: 12
fullpopTest 1.000000 0.440000 12 100 500 10 0 0 0.018 0.066 0.122 0.18 0.238 0.31 0.386 0.438 0.44
Generation: 13
fullpopTest 1.000000 0.486000 13 100 500 10 0 0 0.014 0.046 0.118 0.212 0.282 0.354 0.43 0.486 0.486
Generation: 14
fullpopTest 1.000000 0.524000 14 100 500 10 0 0 0.022 0.058 0.114 0.192 0.292 0.37 0.458 0.528 0.524
Generation: 15
fullpopTest 1.000000 0.568000 15 100 500 10 0 0 0.038 0.094 0.168 0.258 0.338 0.41 0.472 0.542 0.568
Generation: 16
fullpopTest 1.000000 0.594000 16 100 500 10 0 0.002 0.026 0.092 0.16 0.254 0.336 0.404 0.488 0.552 0.594
Generation: 17
fullpopTest 1.000000 0.606000 17 100 500 10 0 0 0.028 0.078 0.17 0.262 0.348 0.446 0.542 0.62 0.606
Generation: 18
fullpopTest 1.000000 0.628000 18 100 500 10 0 0 0.024 0.088 0.176 0.26 0.366 0.456 0.522 0.59 0.628
Generation: 19
fullpopTest 1.000000 0.672000 19 100 500 10 0 0 0.05 0.134 0.26 0.348 0.44 0.516 0.598 0.66 0.672
Generation: 20
fullpopTest 1.000000 0.690000 20 100 500 10 0 0.002 0.05 0.114 0.22 0.308 0.414 0.496 0.598 0.68 0.69
Generation: 21
fullpopTest 1.000000 0.704000 21 100 500 10 0 0.002 0.062 0.126 0.236 0.334 0.426 0.516 0.606 0.682 0.704
Generation: 22
fullpopTest 1.000000 0.770000 22 100 500 10 0 0.002 0.078 0.15 0.266 0.378 0.486 0.582 0.678 0.732 0.77
Generation: 23
fullpopTest 1.000000 0.770000 23 100 500 10 0 0.002 0.058 0.13 0.264 0.358 0.48 0.602 0.692 0.77 0.77
Generation: 24
fullpopTest 1.000000 0.796000 24 100 500 10 0 0 0.058 0.144 0.266 0.388 0.516 0.626 0.696 0.754 0.796
Generation: 25
fullpopTest 1.000000 0.822000 25 100 500 10 0 0.002 0.054 0.136 0.262 0.402 0.52 0.616 0.728 0.802 0.822
Generation: 26
fullpopTest 1.000000 0.844000 26 100 500 10 0 0.002 0.07 0.174 0.33 0.468 0.58 0.678 0.762 0.826 0.844
Generation: 27
fullpopTest 1.000000 0.876000 27 100 500 10 0 0 0.07 0.16 0.308 0.456 0.596 0.726 0.81 0.888 0.876
Generation: 28
fullpopTest 1.000000 0.898000 28 100 500 10 0 0.002 0.072 0.15 0.326 0.484 0.622 0.712 0.792 0.852 0.898
Generation: 29
fullpopTest 1.000000 0.898000 29 100 500 10 0 0.002 0.08 0.17 0.336 0.478 0.636 0.736 0.828 0.886 0.898
Generation: 30
fullpopTest 1.000000 0.910000 30 100 500 10 0 0.002 0.068 0.16 0.344 0.468 0.612 0.724 0.808 0.884 0.91
Generation: 31
fullpopTest 1.000000 0.922000 31 100 500 10 0 0.002 0.082 0.234 0.396 0.592 0.728 0.81 0.862 0.906 0.922
Generation: 32
fullpopTest 1.000000 0.946000 32 100 500 10 0 0.002 0.09 0.232 0.416 0.56 0.694 0.816 0.878 0.916 0.946
Generation: 33
fullpopTest 1.000000 0.946000 33 100 500 10 0 0.002 0.08 0.184 0.362 0.544 0.684 0.806 0.884 0.932 0.946
Generation: 34
fullpopTest 1.000000 0.946000 34 100 500 10 0 0.002 0.086 0.232 0.394 0.538 0.66 0.776 0.854 0.904 0.946
Generation: 35
fullpopTest 1.000000 0.962000 35 100 500 10 0 0.002 0.074 0.202 0.392 0.578 0.728 0.838 0.9 0.952 0.962
Generation: 36
fullpopTest 1.000000 0.964000 36 100 500 10 0 0.002 0.108 0.236 0.438 0.638 0.772 0.892 0.94 0.964 0.964
Generation: 37
fullpopTest 1.000000 0.968000 37 100 500 10 0 0 0.104 0.266 0.458 0.68 0.798 0.878 0.938 0.966 0.968
Generation: 38
fullpopTest 1.000000 0.974000 38 100 500 10 0 0.002 0.09 0.228 0.436 0.618 0.78 0.872 0.93 0.956 0.974
Generation: 39
fullpopTest 1.000000 0.974000 39 100 500 10 0 0 0.084 0.228 0.426 0.608 0.728 0.834 0.918 0.954 0.974
Generation: 40
fullpopTest 1.000000 0.978000 40 100 500 10 0 0.002 0.098 0.256 0.462 0.646 0.78 0.886 0.948 0.974 0.978
Generation: 41
fullpopTest 1.000000 0.978000 41 100 500 10 0 0 0.112 0.282 0.482 0.66 0.792 0.88 0.948 0.98 0.978
Generation: 42
fullpopTest 1.000000 0.988000 42 100 500 10 0 0.002 0.088 0.238 0.454 0.65 0.794 0.902 0.944 0.962 0.988
Generation: 43
fullpopTest 1.000000 0.988000 43 100 500 10 0 0.002 0.096 0.244 0.45 0.638 0.802 0.908 0.942 0.978 0.988
Generation: 44
fullpopTest 1.000000 0.990000 44 100 500 10 0 0.002 0.1 0.264 0.47 0.652 0.802 0.9 0.944 0.966 0.99
Generation: 45
fullpopTest 1.000000 0.990000 45 100 500 10 0 0.002 0.096 0.26 0.476 0.646 0.784 0.866 0.926 0.978 0.99
Generation: 46
fullpopTest 1.000000 0.996000 46 100 500 10 0 0.002 0.098 0.28 0.492 0.67 0.804 0.902 0.946 0.964 0.996
Generation: 47
fullpopTest 1.000000 0.996000 47 100 500 10 0 0 0.09 0.238 0.492 0.694 0.846 0.928 0.966 0.984 0.996
Generation: 48
fullpopTest 1.000000 0.996000 48 100 500 10 0 0 0.096 0.27 0.512 0.698 0.842 0.92 0.97 0.99 0.996
Generation: 49
fullpopTest 1.000000 0.996000 49 100 500 10 0 0.002 0.11 0.28 0.502 0.702 0.85 0.914 0.964 0.984 0.996
Generation: 50
fullpopTest 1.000000 0.996000 50 100 500 10 0 0.002 0.108 0.256 0.518 0.694 0.846 0.924 0.962 0.982 0.996
Generation: 51
fullpopTest 1.000000 0.996000 51 100 500 10 0 0.002 0.104 0.264 0.534 0.718 0.864 0.942 0.972 0.984 0.996
Generation: 52
fullpopTest 1.000000 0.998000 52 100 500 10 0 0.002 0.084 0.228 0.446 0.664 0.836 0.922 0.98 0.99 0.998
Generation: 53
fullpopTest 1.000000 1.000000 53 100 500 10 0 0 0.09 0.22 0.452 0.658 0.82 0.926 0.956 0.988 1
fullpopTest 1.000000 1.000000 54 100 500 10 0 0.002 0.084 0.248 0.472 0.672 0.858 0.932 0.98 0.99 1
Generation: 0
fullpopTest 1.000000 0.204000 0 100 500 10 0 0 0.006 0.018 0.032 0.058 0.088 0.12 0.154 0.188 0.204
Generation: 1
fullpopTest 1.000000 0.230000 1 100 500 10 0 0 0.008 0.026 0.042 0.074 0.09 0.118 0.142 0.164 0.23
Generation: 2
fullpopTest 1.000000 0.250000 2 100 500 10 0 0 0.002 0.014 0.046 0.08 0.116 0.148 0.174 0.208 0.25
Generation: 3
fullpopTest 1.000000 0.266000 3 100 500 10 0 0 0.002 0.024 0.03 0.056 0.096 0.134 0.162 0.178 0.266
Generation: 4
fullpopTest 1.000000 0.292000 4 100 500 10 0 0 0.002 0.024 0.05 0.112 0.142 0.172 0.214 0.254 0.292
Generation: 5
fullpopTest 1.000000 0.308000 5 100 500 10 0 0 0.004 0.024 0.058 0.098 0.138 0.18 0.226 0.256 0.308
Generation: 6
fullpopTest 1.000000 0.336000 6 100 500 10 0 0 0.012 0.036 0.104 0.156 0.212 0.28 0.328 0.348 0.336
Generation: 7
fullpopTest 1.000000 0.374000 7 100 500 10 0 0.002 0.01 0.044 0.086 0.13 0.182 0.23 0.286 0.326 0.374
Generation: 8
fullpopTest 1.000000 0.374000 8 100 500 10 0 0 0.004 0.05 0.076 0.132 0.174 0.206 0.256 0.302 0.374
Generation: 9
fullpopTest 1.000000 0.410000 9 100 500 10 0 0 0.012 0.028 0.068 0.124 0.176 0.23 0.286 0.344 0.41
Generation: 10
fullpopTest 1.000000 0.464000 10 100 500 10 0 0 0.01 0.07 0.138 0.22 0.29 0.334 0.37 0.416 0.464
Generation: 11
fullpopTest 1.000000 0.488000 11 100 500 10 0 0 0.022 0.084 0.158 0.238 0.272 0.344 0.386 0.428 0.488
Generation: 12
fullpopTest 1.000000 0.526000 12 100 500 10 0 0 0.022 0.074 0.158 0.25 0.324 0.368 0.424 0.468 0.526
Generation: 13
fullpopTest 1.000000 0.540000 13 100 500 10 0 0 0.008 0.068 0.142 0.228 0.32 0.392 0.462 0.508 0.54
Generation: 14
fullpopTest 1.000000 0.562000 14 100 500 10 0 0.002 0.018 0.062 0.12 0.196 0.27 0.356 0.46 0.52 0.562
Generation: 15
fullpopTest 1.000000 0.578000 15 100 500 10 0 0 0.018 0.078 0.158 0.252 0.356 0.44 0.514 0.582 0.578
Generation: 16
fullpopTest 1.000000 0.606000 16 100 500 10 0 0 0.016 0.066 0.168 0.256 0.334 0.434 0.492 0.544 0.606
Generation: 17
fullpopTest 1.000000 0.656000 17 100 500 10 0 0.002 0.024 0.084 0.154 0.258 0.372 0.46 0.524 0.592 0.656
Generation: 18
fullpopTest 1.000000 0.656000 18 100 500 10 0 0.002 0.022 0.094 0.166 0.274 0.352 0.448 0.52 0.598 0.656
Generation: 19
fullpopTest 1.000000 0.682000 19 100 500 10 0 0.002 0.028 0.094 0.186 0.282 0.386 0.504 0.592 0.66 0.682
Generation: 20
fullpopTest 1.000000 0.692000 20 100 500 10 0 0.002 0.024 0.078 0.18 0.272 0.366 0.47 0.578 0.656 0.692
Generation: 21
fullpopTest 1.000000 0.726000 21 100 500 10 0 0 0.024 0.092 0.202 0.308 0.394 0.52 0.6 0.674 0.726
Generation: 22
fullpopTest 1.000000 0.726000 22 100 500 10 0 0 0.026 0.102 0.216 0.326 0.438 0.526 0.62 0.694 0.726
Generation: 23
fullpopTest 1.000000 0.740000 23 100 500 10 0 0 0.026 0.1 0.2 0.296 0.414 0.512 0.6 0.676 0.74
Generation: 24
fullpopTest 1.000000 0.754000 24 100 500 10 0 0 0.032 0.098 0.214 0.36 0.484 0.578 0.662 0.724 0.754
Generation: 25
fullpopTest 1.000000 0.762000 25 100 500 10 0 0.002 0.032 0.108 0.208 0.324 0.422 0.532 0.61 0.7 0.762
Generation: 26
fullpopTest 1.000000 0.786000 26 100 500 10 0 0.002 0.03 0.122 0.276 0.398 0.514 0.636 0.742 0.806 0.786
Generation: 27
fullpopTest 1.000000 0.804000 27 100 500 10 0 0.002 0.036 0.126 0.272 0.414 0.534 0.666 0.748 0.824 0.804
Generation: 28
fullpopTest 1.000000 0.812000 28 100 500 10 0 0.002 0.052 0.134 0.288 0.422 0.552 0.674 0.756 0.814 0.812
Generation: 29
fullpopTest 1.000000 0.854000 29 100 500 10 0 0.002 0.046 0.128 0.286 0.434 0.572 0.68 0.786 0.852 0.854
Generation: 30
fullpopTest 1.000000 0.862000 30 100 500 10 0 0.002 0.034 0.142 0.302 0.464 0.594 0.688 0.774 0.844 0.862
Generation: 31
fullpopTest 1.000000 0.872000 31 100 500 10 0 0.002 0.03 0.128 0.25 0.382 0.562 0.692 0.776 0.85 0.872
Generation: 32
fullpopTest 1.000000 0.878000 32 100 500 10 0 0 0.038 0.13 0.282 0.416 0.582 0.714 0.806 0.862 0.878
Generation: 33
fullpopTest 1.000000 0.900000 33 100 500 10 0 0.002 0.054 0.15 0.284 0.44 0.564 0.708 0.804 0.856 0.9
Generation: 34
fullpopTest 1.000000 0.904000 34 100 500 10 0 0 0.068 0.18 0.344 0.512 0.636 0.744 0.84 0.896 0.904
Generation: 35
fullpopTest 1.000000 0.918000 35 100 500 10 0 0.002 0.054 0.164 0.31 0.476 0.598 0.726 0.838 0.906 0.918
Generation: 36
fullpopTest 1.000000 0.946000 36 100 500 10 0 0.002 0.06 0.152 0.324 0.494 0.602 0.734 0.828 0.88 0.946
Generation: 37
fullpopTest 1.000000 0.954000 37 100 500 10 0 0.002 0.07 0.168 0.31 0.478 0.664 0.792 0.886 0.94 0.954
Generation: 38
fullpopTest 1.000000 0.972000 38 100 500 10 0 0.002 0.078 0.198 0.344 0.528 0.706 0.844 0.928 0.968 0.972
Generation: 39
fullpopTest 1.000000 0.984000 39 100 500 10 0 0.002 0.064 0.184 0.374 0.592 0.736 0.872 0.928 0.968 0.984
Generation: 40
fullpopTest 1.000000 0.986000 40 100 500 10 0 0.002 0.062 0.18 0.348 0.516 0.694 0.836 0.916 0.962 0.986
Generation: 41
fullpopTest 1.000000 0.986000 41 100 500 10 0 0.002 0.072 0.202 0.364 0.528 0.678 0.818 0.912 0.958 0.986
Generation: 42
fullpopTest 1.000000 0.988000 42 100 500 10 0 0.002 0.062 0.188 0.366 0.582 0.74 0.87 0.954 0.98 0.988
Generation: 43
fullpopTest 1.000000 0.994000 43 100 500 10 0 0.002 0.07 0.188 0.35 0.536 0.71 0.848 0.944 0.982 0.994
Generation: 44
fullpopTest 1.000000 0.994000 44 100 500 10 0 0.002 0.06 0.178 0.348 0.522 0.704 0.842 0.948 0.988 0.994
Generation: 45
fullpopTest 1.000000 0.994000 45 100 500 10 0 0.002 0.062 0.188 0.358 0.546 0.732 0.872 0.952 0.98 0.994
Generation: 46
fullpopTest 1.000000 0.994000 46 100 500 10 0 0.002 0.062 0.176 0.342 0.51 0.712 0.858 0.946 0.98 0.994
Generation: 47
fullpopTest 1.000000 0.996000 47 100 500 10 0 0.002 0.094 0.228 0.426 0.634 0.808 0.916 0.974 0.994 0.996
Generation: 48
fullpopTest 1.000000 0.996000 48 100 500 10 0 0.002 0.096 0.23 0.42 0.646 0.822 0.932 0.978 0.992 0.996
Generation: 49
fullpopTest 1.000000 0.996000 49 100 500 10 0 0.002 0.062 0.198 0.39 0.592 0.788 0.918 0.968 0.994 0.996
Generation: 50
fullpopTest 1.000000 1.000000 50 100 500 10 0 0 0.094 0.23 0.428 0.646 0.826 0.94 0.974 0.986 1
fullpopTest 1.000000 1.000000 51 100 500 10 0 0.002 0.092 0.23 0.43 0.65 0.796 0.918 0.974 0.992 1
Generation: 0
fullpopTest 1.000000 0.196000 0 100 500 10 0 0 0.016 0.036 0.042 0.078 0.104 0.126 0.16 0.188 0.196
Generation: 1
fullpopTest 1.000000 0.210000 1 100 500 10 0 0 0.002 0.016 0.036 0.048 0.082 0.104 0.14 0.174 0.21
Generation: 2
fullpopTest 1.000000 0.238000 2 100 500 10 0 0 0.006 0.018 0.036 0.06 0.098 0.116 0.14 0.166 0.238
Generation: 3
fullpopTest 1.000000 0.280000 3 100 500 10 0 0 0.012 0.044 0.08 0.13 0.168 0.196 0.236 0.268 0.28
Generation: 4
fullpopTest 1.000000 0.280000 4 100 500 10 0 0.002 0.014 0.04 0.074 0.122 0.168 0.214 0.248 0.294 0.28
Generation: 5
fullpopTest 1.000000 0.298000 5 100 500 10 0 0 0.004 0.024 0.054 0.09 0.146 0.196 0.266 0.31 0.298
Generation: 6
fullpopTest 1.000000 0.332000 6 100 500 10 0 0 0.006 0.036 0.064 0.124 0.184 0.254 0.314 0.354 0.332
Generation: 7
fullpopTest 1.000000 0.370000 7 100 500 10 0 0 0.01 0.048 0.102 0.15 0.202 0.266 0.312 0.342 0.37
Generation: 8
fullpopTest 1.000000 0.380000 8 100 500 10 0 0 0.012 0.07 0.136 0.208 0.26 0.314 0.342 0.376 0.38
Generation: 9
fullpopTest 1.000000 0.390000 9 100 500 10 0 0 0.004 0.052 0.106 0.168 0.21 0.26 0.302 0.348 0.39
Generation: 10
fullpopTest 1.000000 0.418000 10 100 500 10 0 0 0.01 0.076 0.152 0.206 0.26 0.314 0.382 0.408 0.418
Generation: 11
fullpopTest 1.000000 0.488000 11 100 500 10 0 0 0.014 0.064 0.138 0.222 0.292 0.358 0.41 0.456 0.488
Generation: 12
fullpopTest 1.000000 0.488000 12 100 500 10 0 0 0.016 0.07 0.142 0.2 0.284 0.35 0.388 0.438 0.488
Generation: 13
fullpopTest 1.000000 0.542000 13 100 500 10 0 0 0.014 0.064 0.134 0.2 0.294 0.352 0.416 0.474 0.542
Generation: 14
fullpopTest 1.000000 0.556000 14 100 500 10 0 0 0.016 0.074 0.154 0.23 0.314 0.386 0.466 0.526 0.556
Generation: 15
fullpopTest 1.000000 0.610000 15 100 500 10 0 0 0.024 0.104 0.192 0.286 0.376 0.466 0.53 0.58 0.61
Generation: 16
fullpopTest 1.000000 0.620000 16 100 500 10 0 0.002 0.018 0.086 0.186 0.28 0.394 0.476 0.57 0.638 0.62
Generation: 17
fullpopTest 1.000000 0.658000 17 100 500 10 0 0 0.02 0.096 0.192 0.298 0.41 0.522 0.604 0.676 0.658
Generation: 18
fullpopTest 1.000000 0.666000 18 100 500 10 0 0 0.02 0.11 0.212 0.316 0.416 0.488 0.534 0.604 0.666
Generation: 19
fullpopTest 1.000000 0.688000 19 100 500 10 0 0 0.026 0.12 0.24 0.352 0.454 0.534 0.604 0.66 0.688
Generation: 20
fullpopTest 1.000000 0.732000 20 100 500 10 0 0.002 0.032 0.11 0.216 0.336 0.452 0.56 0.65 0.73 0.732
Generation: 21
fullpopTest 1.000000 0.794000 21 100 500 10 0 0 0.022 0.094 0.234 0.38 0.53 0.662 0.732 0.784 0.794
Generation: 22
fullpopTest 1.000000 0.794000 22 100 500 10 0 0.002 0.022 0.128 0.232 0.348 0.468 0.584 0.666 0.748 0.794
Generation: 23
fullpopTest 1.000000 0.806000 23 100 500 10 0 0 0.034 0.11 0.258 0.42 0.546 0.666 0.762 0.842 0.806
Generation: 24
fullpopTest 1.000000 0.832000 24 100 500 10 0 0 0.032 0.162 0.31 0.448 0.564 0.654 0.726 0.774 0.832
Generation: 25
fullpopTest 1.000000 0.860000 25 100 500 10 0 0.004 0.03 0.138 0.3 0.43 0.57 0.682 0.76 0.822 0.86
Generation: 26
fullpopTest 1.000000 0.860000 26 100 500 10 0 0 0.032 0.136 0.282 0.428 0.58 0.666 0.75 0.82 0.86
Generation: 27
fullpopTest 1.000000 0.874000 27 100 500 10 0 0.002 0.024 0.134 0.286 0.466 0.596 0.706 0.766 0.822 0.874
Generation: 28
fullpopTest 1.000000 0.884000 28 100 500 10 0 0 0.032 0.138 0.3 0.47 0.614 0.75 0.828 0.884 0.884
Generation: 29
fullpopTest 1.000000 0.884000 29 100 500 10 0 0 0.026 0.162 0.324 0.486 0.62 0.732 0.818 0.87 0.884
Generation: 30
fullpopTest 1.000000 0.910000 30 100 500 10 0 0.002 0.04 0.176 0.354 0.518 0.66 0.772 0.856 0.9 0.91
Generation: 31
fullpopTest 1.000000 0.910000 31 100 500 10 0 0.002 0.038 0.156 0.32 0.492 0.622 0.74 0.822 0.886 0.91
Generation: 32
fullpopTest 1.000000 0.938000 32 100 500 10 0 0.004 0.036 0.164 0.304 0.48 0.642 0.774 0.862 0.918 0.938
Generation: 33
fullpopTest 1.000000 0.942000 33 100 500 10 0 0 0.026 0.154 0.35 0.536 0.682 0.824 0.914 0.952 0.942
Generation: 34
fullpopTest 1.000000 0.960000 34 100 500 10 0 0 0.02 0.128 0.294 0.488 0.632 0.778 0.862 0.92 0.96
Generation: 35
fullpopTest 1.000000 0.962000 35 100 500 10 0 0.002 0.036 0.15 0.302 0.492 0.668 0.816 0.91 0.952 0.962
Generation: 36
fullpopTest 1.000000 0.962000 36 100 500 10 0 0.002 0.028 0.142 0.306 0.51 0.66 0.784 0.89 0.95 0.962
Generation: 37
fullpopTest 1.000000 0.964000 37 100 500 10 0 0 0.038 0.148 0.32 0.528 0.706 0.846 0.93 0.974 0.964
Generation: 38
fullpopTest 1.000000 0.974000 38 100 500 10 0 0.002 0.05 0.22 0.424 0.594 0.766 0.866 0.91 0.946 0.974
Generation: 39
fullpopTest 1.000000 0.978000 39 100 500 10 0 0.002 0.056 0.216 0.408 0.564 0.734 0.85 0.912 0.958 0.978
Generation: 40
fullpopTest 1.000000 0.980000 40 100 500 10 0 0 0.028 0.176 0.368 0.578 0.748 0.884 0.946 0.98 0.98
Generation: 41
fullpopTest 1.000000 0.990000 41 100 500 10 0 0.002 0.046 0.236 0.448 0.668 0.826 0.922 0.958 0.98 0.99
Generation: 42
fullpopTest 1.000000 0.992000 42 100 500 10 0 0.002 0.042 0.206 0.432 0.634 0.792 0.912 0.974 0.99 0.992
Generation: 43
fullpopTest 1.000000 0.992000 43 100 500 10 0 0.002 0.036 0.196 0.408 0.602 0.768 0.884 0.948 0.978 0.992
Generation: 44
fullpopTest 1.000000 0.994000 44 100 500 10 0 0 0.046 0.218 0.444 0.644 0.806 0.91 0.974 0.988 0.994
Generation: 45
fullpopTest 1.000000 0.998000 45 100 500 10 0 0 0.042 0.202 0.41 0.63 0.794 0.924 0.968 0.984 0.998
Generation: 46
fullpopTest 1.000000 0.998000 46 100 500 10 0 0 0.044 0.176 0.368 0.588 0.754 0.888 0.952 0.988 0.998
Generation: 47
fullpopTest 1.000000 0.998000 47 100 500 10 0 0 0.034 0.186 0.414 0.642 0.79 0.912 0.976 0.994 0.998
Generation: 48
fullpopTest 1.000000 0.998000 48 100 500 10 0 0 0.048 0.222 0.432 0.64 0.804 0.91 0.966 0.992 0.998
Generation: 49
fullpopTest 1.000000 0.998000 49 100 500 10 0 0.002 0.04 0.218 0.402 0.62 0.774 0.904 0.966 0.982 0.998
Generation: 50
fullpopTest 1.000000 0.998000 50 100 500 10 0 0.002 0.04 0.188 0.39 0.596 0.782 0.916 0.966 0.988 0.998
Generation: 51
fullpopTest 1.000000 0.998000 51 100 500 10 0 0.002 0.04 0.196 0.4 0.608 0.782 0.902 0.964 0.988 0.998
Generation: 52
fullpopTest 1.000000 0.998000 52 100 500 10 0 0.002 0.048 0.202 0.418 0.618 0.778 0.894 0.968 0.984 0.998
Generation: 53
fullpopTest 1.000000 0.998000 53 100 500 10 0 0.002 0.046 0.218 0.428 0.652 0.804 0.914 0.98 0.996 0.998
Generation: 54
fullpopTest 1.000000 1.000000 54 100 500 10 0 0.002 0.056 0.248 0.456 0.696 0.85 0.946 0.982 0.994 1
fullpopTest 1.000000 1.000000 55 100 500 10 0 0.002 0.062 0.234 0.44 0.674 0.838 0.944 0.98 0.99 1
Generation: 0
fullpopTest 1.000000 0.194000 0 100 500 10 0 0 0.008 0.016 0.032 0.056 0.078 0.106 0.128 0.162 0.194
Generation: 1
fullpopTest 1.000000 0.244000 1 100 500 10 0 0 0.004 0.02 0.054 0.082 0.112 0.148 0.176 0.204 0.244
Generation: 2
fullpopTest 1.000000 0.304000 2 100 500 10 0 0 0.014 0.036 0.076 0.112 0.138 0.18 0.216 0.262 0.304
Generation: 3
fullpopTest 1.000000 0.328000 3 100 500 10 0 0 0.012 0.032 0.056 0.1 0.136 0.166 0.212 0.268 0.328
Generation: 4
fullpopTest 1.000000 0.386000 4 100 500 10 0 0 0.016 0.034 0.074 0.116 0.158 0.214 0.262 0.32 0.386
Generation: 5
fullpopTest 1.000000 0.400000 5 100 500 10 0 0 0.01 0.032 0.062 0.13 0.196 0.268 0.332 0.396 0.4
Generation: 6
fullpopTest 1.000000 0.452000 6 100 500 10 0 0.002 0.016 0.06 0.102 0.168 0.228 0.308 0.368 0.438 0.452
Generation: 7
fullpopTest 1.000000 0.484000 7 100 500 10 0 0 0.014 0.058 0.106 0.176 0.25 0.32 0.38 0.448 0.484
Generation: 8
fullpopTest 1.000000 0.556000 8 100 500 10 0 0 0.02 0.08 0.134 0.24 0.328 0.41 0.488 0.57 0.556
Generation: 9
fullpopTest 1.000000 0.624000 9 100 500 10 0 0 0.022 0.104 0.188 0.276 0.358 0.436 0.524 0.572 0.624
Generation: 10
fullpopTest 1.000000 0.640000 10 100 500 10 0 0 0.024 0.084 0.17 0.258 0.37 0.47 0.568 0.636 0.64
Generation: 11
fullpopTest 1.000000 0.648000 11 100 500 10 0 0.002 0.036 0.11 0.192 0.282 0.346 0.47 0.56 0.636 0.648
Generation: 12
fullpopTest 1.000000 0.710000 12 100 500 10 0 0 0.036 0.11 0.242 0.35 0.444 0.552 0.648 0.688 0.71
Generation: 13
fullpopTest 1.000000 0.730000 13 100 500 10 0 0 0.024 0.096 0.188 0.324 0.44 0.52 0.624 0.702 0.73
Generation: 14
fullpopTest 1.000000 0.730000 14 100 500 10 0 0 0.038 0.104 0.198 0.296 0.398 0.518 0.634 0.716 0.73
Generation: 15
fullpopTest 1.000000 0.748000 15 100 500 10 0 0 0.012 0.072 0.15 0.272 0.412 0.51 0.626 0.692 0.748
Generation: 16
fullpopTest 1.000000 0.788000 16 100 500 10 0 0.002 0.03 0.118 0.252 0.368 0.494 0.604 0.698 0.788 0.788
Generation: 17
fullpopTest 1.000000 0.810000 17 100 500 10 0 0 0.026 0.114 0.238 0.344 0.506 0.628 0.714 0.8 0.81
Generation: 18
fullpopTest 1.000000 0.830000 18 100 500 10 0 0 0.03 0.112 0.242 0.364 0.536 0.656 0.758 0.822 0.83
Generation: 19
fullpopTest 1.000000 0.884000 19 100 500 10 0 0 0.028 0.114 0.228 0.366 0.534 0.64 0.76 0.818 0.884
Generation: 20
fullpopTest 1.000000 0.884000 20 100 500 10 0 0.002 0.034 0.1 0.214 0.344 0.506 0.618 0.72 0.802 0.884
Generation: 21
fullpopTest 1.000000 0.884000 21 100 500 10 0 0 0.026 0.098 0.226 0.356 0.504 0.642 0.768 0.838 0.884
Generation: 22
fullpopTest 1.000000 0.906000 22 100 500 10 0 0.002 0.048 0.136 0.256 0.402 0.564 0.714 0.816 0.866 0.906
Generation: 23
fullpopTest 1.000000 0.906000 23 100 500 10 0 0 0.03 0.12 0.28 0.406 0.548 0.67 0.77 0.848 0.906
Generation: 24
fullpopTest 1.000000 0.916000 24 100 500 10 0 0.002 0.036 0.128 0.3 0.416 0.574 0.654 0.748 0.828 0.916
Generation: 25
fullpopTest 1.000000 0.916000 25 100 500 10 0 0 0.038 0.148 0.306 0.43 0.582 0.706 0.796 0.884 0.916
Generation: 26
fullpopTest 1.000000 0.932000 26 100 500 10 0 0.002 0.04 0.148 0.27 0.41 0.566 0.704 0.83 0.892 0.932
Generation: 27
fullpopTest 1.000000 0.962000 27 100 500 10 0 0 0.05 0.172 0.348 0.524 0.672 0.8 0.878 0.934 0.962
Generation: 28
fullpopTest 1.000000 0.962000 28 100 500 10 0 0 0.054 0.212 0.39 0.572 0.726 0.824 0.902 0.932 0.962
Generation: 29
fullpopTest 1.000000 0.962000 29 100 500 10 0 0.002 0.052 0.158 0.332 0.522 0.686 0.808 0.88 0.938 0.962
Generation: 30
fullpopTest 1.000000 0.970000 30 100 500 10 0 0.004 0.056 0.192 0.396 0.6 0.74 0.838 0.922 0.958 0.97
Generation: 31
fullpopTest 1.000000 0.974000 31 100 500 10 0 0.002 0.068 0.198 0.398 0.564 0.736 0.846 0.916 0.954 0.974
Generation: 32
fullpopTest 1.000000 0.976000 32 100 500 10 0 0.004 0.09 0.236 0.426 0.63 0.766 0.866 0.926 0.956 0.976
Generation: 33
fullpopTest 1.000000 0.976000 33 100 500 10 0 0 0.072 0.228 0.414 0.612 0.748 0.874 0.93 0.956 0.976
Generation: 34
fullpopTest 1.000000 0.982000 34 100 500 10 0 0.004 0.074 0.184 0.368 0.57 0.714 0.84 0.91 0.968 0.982
Generation: 35
fullpopTest 1.000000 0.984000 35 100 500 10 0 0.002 0.05 0.186 0.356 0.562 0.704 0.834 0.928 0.97 0.984
Generation: 36
fullpopTest 1.000000 0.988000 36 100 500 10 0 0.004 0.062 0.24 0.442 0.642 0.772 0.894 0.952 0.98 0.988
Generation: 37
fullpopTest 1.000000 0.988000 37 100 500 10 0 0.002 0.084 0.244 0.446 0.652 0.814 0.888 0.95 0.976 0.988
Generation: 38
fullpopTest 1.000000 0.992000 38 100 500 10 0 0.004 0.074 0.264 0.47 0.672 0.82 0.916 0.962 0.982 0.992
Generation: 39
fullpopTest 1.000000 0.992000 39 100 500 10 0 0 0.078 0.27 0.47 0.658 0.792 0.91 0.972 0.992 0.992
Generation: 40
fullpopTest 1.000000 0.994000 40 100 500 10 0 0.002 0.064 0.186 0.362 0.576 0.726 0.88 0.952 0.98 0.994
Generation: 41
fullpopTest 1.000000 1.000000 41 100 500 10 0 0.004 0.058 0.182 0.356 0.578 0.752 0.874 0.952 0.982 1
fullpopTest 1.000000 1.000000 42 100 500 10 0 0.002 0.052 0.168 0.336 0.556 0.736 0.86 0.93 0.964 1
Generation: 0
fullpopTest 1.000000 0.176000 0 100 500 10 0 0 0.004 0.014 0.03 0.05 0.06 0.084 0.104 0.128 0.176
Generation: 1
fullpopTest 1.000000 0.234000 1 100 500 10 0 0 0.012 0.03 0.064 0.086 0.11 0.124 0.156 0.194 0.234
Generation: 2
fullpopTest 1.000000 0.234000 2 100 500 10 0 0 0.008 0.03 0.05 0.076 0.104 0.122 0.144 0.186 0.234
Generation: 3
fullpopTest 1.000000 0.234000 3 100 500 10 0 0 0.008 0.02 0.042 0.068 0.096 0.124 0.158 0.174 0.234
Generation: 4
fullpopTest 1.000000 0.274000 4 100 500 10 0 0.002 0.008 0.018 0.05 0.098 0.128 0.15 0.188 0.224 0.274
Generation: 5
fullpopTest 1.000000 0.284000 5 100 500 10 0 0.004 0.02 0.042 0.082 0.128 0.168 0.208 0.236 0.276 0.284
Generation: 6
fullpopTest 1.000000 0.310000 6 100 500 10 0 0 0.008 0.044 0.084 0.116 0.162 0.208 0.242 0.278 0.31
Generation: 7
fullpopTest 1.000000 0.354000 7 100 500 10 0 0 0.01 0.04 0.072 0.118 0.17 0.232 0.292 0.33 0.354
Generation: 8
fullpopTest 1.000000 0.354000 8 100 500 10 0 0 0.014 0.042 0.072 0.11 0.162 0.21 0.27 0.316 0.354
Generation: 9
fullpopTest 1.000000 0.386000 9 100 500 10 0 0 0.024 0.052 0.102 0.164 0.218 0.282 0.322 0.36 0.386
Generation: 10
fullpopTest 1.000000 0.452000 10 100 500 10 0 0.002 0.014 0.068 0.11 0.208 0.272 0.332 0.402 0.456 0.452
Generation: 11
fullpopTest 1.000000 0.452000 11 100 500 10 0 0.002 0.022 0.062 0.136 0.204 0.254 0.33 0.38 0.432 0.452
Generation: 12
fullpopTest 1.000000 0.490000 12 100 500 10 0 0.002 0.018 0.076 0.116 0.188 0.238 0.308 0.356 0.41 0.49
Generation: 13
fullpopTest 1.000000 0.502000 13 100 500 10 0 0 0.03 0.072 0.122 0.202 0.26 0.336 0.384 0.436 0.502
Generation: 14
fullpopTest 1.000000 0.558000 14 100 500 10 0 0 0.03 0.09 0.154 0.234 0.302 0.394 0.466 0.528 0.558
Generation: 15
fullpopTest 1.000000 0.558000 15 100 500 10 0 0 0.028 0.092 0.194 0.252 0.322 0.386 0.484 0.542 0.558
Generation: 16
fullpopTest 1.000000 0.568000 16 100 500 10 0 0 0.02 0.084 0.16 0.252 0.352 0.436 0.518 0.582 0.568
Generation: 17
fullpopTest 1.000000 0.608000 17 100 500 10 0 0 0.026 0.092 0.192 0.272 0.362 0.444 0.552 0.65 0.608
Generation: 18
fullpopTest 1.000000 0.646000 18 100 500 10 0 0.002 0.03 0.1 0.178 0.276 0.358 0.454 0.546 0.612 0.646
Generation: 19
fullpopTest 1.000000 0.646000 19 100 500 10 0 0 0.016 0.094 0.188 0.272 0.342 0.458 0.554 0.626 0.646
Generation: 20
fullpopTest 1.000000 0.690000 20 100 500 10 0 0 0.032 0.1 0.202 0.286 0.39 0.498 0.566 0.638 0.69
Generation: 21
fullpopTest 1.000000 0.720000 21 100 500 10 0 0 0.026 0.112 0.198 0.308 0.42 0.514 0.588 0.682 0.72
Generation: 22
fullpopTest 1.000000 0.762000 22 100 500 10 0 0 0.022 0.106 0.212 0.344 0.488 0.566 0.644 0.714 0.762
Generation: 23
fullpopTest 1.000000 0.762000 23 100 500 10 0 0 0.028 0.124 0.228 0.326 0.422 0.542 0.628 0.694 0.762
Generation: 24
fullpopTest 1.000000 0.790000 24 100 500 10 0 0.002 0.032 0.128 0.258 0.382 0.514 0.614 0.696 0.77 0.79
Generation: 25
fullpopTest 1.000000 0.800000 25 100 500 10 0 0 0.034 0.13 0.258 0.378 0.492 0.61 0.696 0.772 0.8
Generation: 26
fullpopTest 1.000000 0.826000 26 100 500 10 0 0 0.03 0.136 0.278 0.406 0.528 0.626 0.702 0.792 0.826
Generation: 27
fullpopTest 1.000000 0.858000 27 100 500 10 0 0 0.056 0.158 0.274 0.404 0.54 0.662 0.74 0.808 0.858
Generation: 28
fullpopTest 1.000000 0.858000 28 100 500 10 0 0.002 0.05 0.158 0.302 0.434 0.584 0.696 0.794 0.852 0.858
Generation: 29
fullpopTest 1.000000 0.884000 29 100 500 10 0 0.002 0.04 0.144 0.264 0.422 0.56 0.71 0.798 0.862 0.884
Generation: 30
fullpopTest 1.000000 0.892000 30 100 500 10 0 0 0.052 0.146 0.272 0.436 0.582 0.686 0.774 0.842 0.892
Generation: 31
fullpopTest 1.000000 0.912000 31 100 500 10 0 0.002 0.052 0.158 0.302 0.466 0.61 0.74 0.812 0.87 0.912
Generation: 32
fullpopTest 1.000000 0.912000 32 100 500 10 0 0.002 0.052 0.174 0.324 0.462 0.614 0.74 0.814 0.892 0.912
Generation: 33
fullpopTest 1.000000 0.912000 33 100 500 10 0 0.002 0.046 0.156 0.31 0.442 0.592 0.708 0.806 0.878 0.912
Generation: 34
fullpopTest 1.000000 0.922000 34 100 500 10 0 0.002 0.038 0.156 0.334 0.492 0.648 0.776 0.876 0.932 0.922
Generation: 35
fullpopTest 1.000000 0.928000 35 100 500 10 0 0 0.032 0.158 0.3 0.474 0.654 0.778 0.846 0.898 0.928
Generation: 36
fullpopTest 1.000000 0.946000 36 100 500 10 0 0.002 0.05 0.18 0.376 0.538 0.688 0.822 0.902 0.934 0.946
Generation: 37
fullpopTest 1.000000 0.960000 37 100 500 10 0 0.002 0.046 0.148 0.332 0.524 0.704 0.82 0.91 0.962 0.96
Generation: 38
fullpopTest 1.000000 0.960000 38 100 500 10 0 0 0.052 0.174 0.356 0.574 0.728 0.844 0.926 0.96 0.96
Generation: 39
fullpopTest 1.000000 0.960000 39 100 500 10 0 0 0.044 0.168 0.352 0.512 0.674 0.808 0.902 0.962 0.96
Generation: 40
fullpopTest 1.000000 0.966000 40 100 500 10 0 0.004 0.054 0.178 0.338 0.526 0.658 0.798 0.882 0.934 0.966
Generation: 41
fullpopTest 1.000000 0.972000 41 100 500 10 0 0 0.05 0.174 0.35 0.568 0.726 0.838 0.91 0.956 0.972
Generation: 42
fullpopTest 1.000000 0.974000 42 100 500 10 0 0.002 0.068 0.228 0.454 0.656 0.808 0.908 0.942 0.968 0.974
Generation: 43
fullpopTest 1.000000 0.990000 43 100 500 10 0 0.004 0.062 0.186 0.382 0.582 0.748 0.874 0.936 0.97 0.99
Generation: 44
fullpopTest 1.000000 0.990000 44 100 500 10 0 0.004 0.06 0.176 0.364 0.574 0.752 0.88 0.946 0.976 0.99
Generation: 45
fullpopTest 1.000000 0.992000 45 100 500 10 0 0 0.068 0.226 0.44 0.648 0.828 0.916 0.964 0.982 0.992
Generation: 46
fullpopTest 1.000000 0.998000 46 100 500 10 0 0.002 0.058 0.218 0.432 0.642 0.834 0.918 0.97 0.982 0.998
Generation: 47
fullpopTest 1.000000 0.998000 47 100 500 10 0 0.002 0.062 0.212 0.422 0.68 0.854 0.93 0.972 0.992 0.998
Generation: 48
fullpopTest 1.000000 0.998000 48 100 500 10 0 0 0.066 0.198 0.422 0.666 0.842 0.934 0.976 0.988 0.998
Generation: 49
fullpopTest 1.000000 0.998000 49 100 500 10 0 0 0.062 0.214 0.416 0.65 0.838 0.932 0.978 0.994 0.998
Generation: 50
fullpopTest 1.000000 0.998000 50 100 500 10 0 0.004 0.07 0.212 0.452 0.686 0.826 0.936 0.982 0.996 0.998
Generation: 51
fullpopTest 1.000000 0.998000 51 100 500 10 0 0.002 0.072 0.226 0.444 0.658 0.822 0.934 0.974 0.984 0.998
Generation: 52
fullpopTest 1.000000 1.000000 52 100 500 10 0 0.002 0.046 0.216 0.462 0.7 0.862 0.966 0.986 0.99 1
fullpopTest 1.000000 1.000000 53 100 500 10 0 0.004 0.054 0.226 0.472 0.748 0.896 0.978 0.998 1 1
Generation: 0
fullpopTest 1.000000 0.198000 0 100 500 10 0 0 0.01 0.032 0.058 0.082 0.114 0.144 0.16 0.178 0.198
Generation: 1
fullpopTest 1.000000 0.226000 1 100 500 10 0 0 0.01 0.026 0.062 0.1 0.136 0.174 0.204 0.228 0.226
Generation: 2
fullpopTest 1.000000 0.262000 2 100 500 10 0 0 0.008 0.046 0.078 0.122 0.156 0.192 0.226 0.254 0.262
Generation: 3
fullpopTest 1.000000 0.298000 3 100 500 10 0 0 0.012 0.04 0.066 0.104 0.144 0.176 0.22 0.258 0.298
Generation: 4
fullpopTest 1.000000 0.334000 4 100 500 10 0 0 0.01 0.032 0.064 0.114 0.178 0.218 0.264 0.296 0.334
Generation: 5
fullpopTest 1.000000 0.376000 5 100 500 10 0 0 0.02 0.068 0.13 0.19 0.24 0.284 0.314 0.362 0.376
Generation: 6
fullpopTest 1.000000 0.416000 6 100 500 10 0 0 0.02 0.058 0.11 0.18 0.232 0.284 0.328 0.372 0.416
Generation: 7
fullpopTest 1.000000 0.448000 7 100 500 10 0 0 0.03 0.094 0.156 0.22 0.282 0.316 0.376 0.424 0.448
Generation: 8
fullpopTest 1.000000 0.448000 8 100 500 10 0 0 0.03 0.072 0.126 0.188 0.258 0.316 0.374 0.422 0.448
Generation: 9
fullpopTest 1.000000 0.488000 9 100 500 10 0 0.002 0.044 0.106 0.176 0.246 0.31 0.366 0.428 0.472 0.488
Generation: 10
fullpopTest 1.000000 0.502000 10 100 500 10 0 0.002 0.028 0.078 0.154 0.222 0.298 0.364 0.432 0.494 0.502
Generation: 11
fullpopTest 1.000000 0.544000 11 100 500 10 0 0 0.034 0.094 0.186 0.254 0.322 0.37 0.432 0.494 0.544
Generation: 12
fullpopTest 1.000000 0.544000 12 100 500 10 0 0 0.038 0.104 0.174 0.256 0.338 0.41 0.464 0.512 0.544
Generation: 13
fullpopTest 1.000000 0.576000 13 100 500 10 0 0.002 0.058 0.154 0.258 0.34 0.41 0.484 0.532 0.57 0.576
Generation: 14
fullpopTest 1.000000 0.616000 14 100 500 10 0 0 0.038 0.116 0.202 0.264 0.358 0.432 0.488 0.554 0.616
Generation: 15
fullpopTest 1.000000 0.652000 15 100 500 10 0 0 0.032 0.106 0.218 0.316 0.406 0.484 0.582 0.664 0.652
Generation: 16
fullpopTest 1.000000 0.682000 16 100 500 10 0 0 0.038 0.104 0.202 0.31 0.406 0.504 0.592 0.672 0.682
Generation: 17
fullpopTest 1.000000 0.746000 17 100 500 10 0 0.002 0.062 0.152 0.278 0.39 0.492 0.602 0.688 0.754 0.746
Generation: 18
fullpopTest 1.000000 0.784000 18 100 500 10 0 0 0.048 0.13 0.232 0.384 0.486 0.61 0.706 0.766 0.784
Generation: 19
fullpopTest 1.000000 0.798000 19 100 500 10 0 0.002 0.054 0.122 0.236 0.35 0.454 0.594 0.68 0.76 0.798
Generation: 20
fullpopTest 1.000000 0.798000 20 100 500 10 0 0 0.038 0.12 0.208 0.346 0.46 0.598 0.694 0.76 0.798
Generation: 21
fullpopTest 1.000000 0.818000 21 100 500 10 0 0 0.05 0.132 0.238 0.398 0.512 0.636 0.738 0.796 0.818
Generation: 22
fullpopTest 1.000000 0.838000 22 100 500 10 0 0.002 0.058 0.15 0.26 0.39 0.54 0.664 0.762 0.822 0.838
Generation: 23
fullpopTest 1.000000 0.872000 23 100 500 10 0 0.002 0.068 0.164 0.288 0.446 0.578 0.706 0.798 0.868 0.872
Generation: 24
fullpopTest 1.000000 0.872000 24 100 500 10 0 0.002 0.074 0.158 0.288 0.432 0.552 0.692 0.762 0.824 0.872
Generation: 25
fullpopTest 1.000000 0.910000 25 100 500 10 0 0 0.082 0.196 0.318 0.458 0.582 0.71 0.814 0.878 0.91
Generation: 26
fullpopTest 1.000000 0.910000 26 100 500 10 0 0.002 0.078 0.212 0.32 0.484 0.6 0.744 0.84 0.908 0.91
Generation: 27
fullpopTest 1.000000 0.914000 27 100 500 10 0 0.002 0.074 0.208 0.32 0.496 0.632 0.748 0.844 0.91 0.914
Generation: 28
fullpopTest 1.000000 0.932000 28 100 500 10 0 0.002 0.072 0.174 0.32 0.51 0.658 0.782 0.864 0.914 0.932
Generation: 29
fullpopTest 1.000000 0.942000 29 100 500 10 0 0.002 0.092 0.2 0.344 0.514 0.636 0.776 0.854 0.906 0.942
Generation: 30
fullpopTest 1.000000 0.962000 30 100 500 10 0 0.002 0.08 0.19 0.316 0.494 0.622 0.75 0.854 0.908 0.962
Generation: 31
fullpopTest 1.000000 0.962000 31 100 500 10 0 0 0.074 0.212 0.314 0.478 0.638 0.788 0.876 0.924 0.962
Generation: 32
fullpopTest 1.000000 0.964000 32 100 500 10 0 0.002 0.106 0.218 0.388 0.562 0.698 0.82 0.892 0.926 0.964
Generation: 33
fullpopTest 1.000000 0.972000 33 100 500 10 0 0.002 0.096 0.242 0.354 0.518 0.724 0.844 0.94 0.974 0.972
Generation: 34
fullpopTest 1.000000 0.994000 34 100 500 10 0 0 0.084 0.194 0.334 0.522 0.694 0.84 0.936 0.976 0.994
Generation: 35
fullpopTest 1.000000 0.994000 35 100 500 10 0 0.002 0.1 0.228 0.358 0.542 0.718 0.848 0.954 0.984 0.994
Generation: 36
fullpopTest 1.000000 0.994000 36 100 500 10 0 0.002 0.088 0.214 0.354 0.526 0.704 0.858 0.95 0.99 0.994
Generation: 37
fullpopTest 1.000000 0.996000 37 100 500 10 0 0.002 0.098 0.266 0.412 0.588 0.786 0.9 0.964 0.986 0.996
Generation: 38
fullpopTest 1.000000 0.996000 38 100 500 10 0 0.002 0.102 0.264 0.42 0.604 0.804 0.92 0.974 0.986 0.996
Generation: 39
fullpopTest 1.000000 0.996000 39 100 500 10 0 0.002 0.1 0.258 0.414 0.598 0.818 0.926 0.974 0.988 0.996
Generation: 40
fullpopTest 1.000000 0.996000 40 100 500 10 0 0.002 0.102 0.288 0.428 0.61 0.816 0.932 0.986 0.994 0.996
Generation: 41
fullpopTest 1.000000 0.998000 41 100 500 10 0 0.002 0.102 0.302 0.46 0.632 0.806 0.912 0.968 0.982 0.998
Generation: 42
fullpopTest 1.000000 0.998000 42 100 500 10 0 0.002 0.1 0.282 0.446 0.622 0.82 0.904 0.96 0.974 0.998
Generation: 43
fullpopTest 1.000000 0.998000 43 100 500 10 0 0.002 0.1 0.284 0.432 0.616 0.814 0.92 0.966 0.98 0.998
Generation: 44
fullpopTest 1.000000 0.998000 44 100 500 10 0 0 0.094 0.272 0.418 0.598 0.798 0.918 0.974 0.986 0.998
Generation: 45
fullpopTest 1.000000 1.000000 45 100 500 10 0 0 0.096 0.258 0.392 0.586 0.768 0.906 0.964 0.986 1
fullpopTest 1.000000 1.000000 46 100 500 10 0 0 0.104 0.268 0.444 0.632 0.832 0.928 0.98 0.992 1
Generation: 0
fullpopTest 1.000000 0.182000 0 100 500 10 0 0 0.014 0.024 0.032 0.048 0.084 0.096 0.122 0.15 0.182
Generation: 1
fullpopTest 1.000000 0.210000 1 100 500 10 0 0 0.01 0.03 0.05 0.074 0.088 0.11 0.126 0.15 0.21
Generation: 2
fullpopTest 1.000000 0.212000 2 100 500 10 0 0 0.01 0.032 0.06 0.084 0.12 0.148 0.188 0.216 0.212
Generation: 3
fullpopTest 1.000000 0.296000 3 100 500 10 0 0 0.006 0.036 0.058 0.098 0.134 0.182 0.22 0.256 0.296
Generation: 4
fullpopTest 1.000000 0.296000 4 100 500 10 0 0 0.016 0.046 0.072 0.102 0.148 0.166 0.198 0.228 0.296
Generation: 5
fullpopTest 1.000000 0.314000 5 100 500 10 0 0 0.026 0.066 0.102 0.142 0.184 0.234 0.268 0.312 0.314
Generation: 6
fullpopTest 1.000000 0.344000 6 100 500 10 0 0 0.018 0.062 0.094 0.142 0.2 0.242 0.274 0.322 0.344
Generation: 7
fullpopTest 1.000000 0.366000 7 100 500 10 0 0 0.014 0.05 0.08 0.14 0.188 0.25 0.29 0.336 0.366
Generation: 8
fullpopTest 1.000000 0.396000 8 100 500 10 0 0 0.024 0.076 0.112 0.17 0.23 0.272 0.316 0.356 0.396
Generation: 9
fullpopTest 1.000000 0.456000 9 100 500 10 0 0 0.026 0.08 0.148 0.202 0.25 0.32 0.388 0.43 0.456
Generation: 10
fullpopTest 1.000000 0.490000 10 100 500 10 0 0 0.032 0.086 0.154 0.232 0.296 0.358 0.414 0.468 0.49
Generation: 11
fullpopTest 1.000000 0.490000 11 100 500 10 0 0 0.028 0.078 0.142 0.21 0.28 0.342 0.39 0.436 0.49
Generation: 12
fullpopTest 1.000000 0.530000 12 100 500 10 0 0 0.04 0.082 0.142 0.216 0.286 0.36 0.422 0.48 0.53
Generation: 13
fullpopTest 1.000000 0.546000 13 100 500 10 0 0 0.036 0.09 0.168 0.242 0.316 0.392 0.448 0.484 0.546
Generation: 14
fullpopTest 1.000000 0.580000 14 100 500 10 0 0.002 0.026 0.098 0.188 0.244 0.318 0.406 0.462 0.522 0.58
Generation: 15
fullpopTest 1.000000 0.580000 15 100 500 10 0 0.002 0.04 0.098 0.186 0.268 0.346 0.404 0.484 0.538 0.58
Generation: 16
fullpopTest 1.000000 0.596000 16 100 500 10 0 0 0.056 0.132 0.214 0.302 0.382 0.464 0.522 0.574 0.596
Generation: 17
fullpopTest 1.000000 0.628000 17 100 500 10 0 0.002 0.06 0.114 0.192 0.288 0.378 0.472 0.54 0.608 0.628
Generation: 18
fullpopTest 1.000000 0.656000 18 100 500 10 0 0.002 0.064 0.138 0.244 0.322 0.392 0.476 0.538 0.6 0.656
Generation: 19
fullpopTest 1.000000 0.722000 19 100 500 10 0 0.002 0.074 0.156 0.28 0.378 0.452 0.53 0.602 0.662 0.722
Generation: 20
fullpopTest 1.000000 0.722000 20 100 500 10 0 0.002 0.076 0.17 0.306 0.396 0.49 0.588 0.654 0.712 0.722
Generation: 21
fullpopTest 1.000000 0.722000 21 100 500 10 0 0.002 0.078 0.152 0.254 0.362 0.456 0.536 0.598 0.666 0.722
Generation: 22
fullpopTest 1.000000 0.726000 22 100 500 10 0 0.004 0.082 0.158 0.256 0.368 0.454 0.534 0.608 0.658 0.726
Generation: 23
fullpopTest 1.000000 0.752000 23 100 500 10 0 0.002 0.082 0.16 0.306 0.412 0.498 0.578 0.644 0.68 0.752
Generation: 24
fullpopTest 1.000000 0.778000 24 100 500 10 0 0 0.066 0.152 0.286 0.392 0.504 0.596 0.678 0.736 0.778
Generation: 25
fullpopTest 1.000000 0.778000 25 100 500 10 0 0 0.07 0.172 0.302 0.4 0.508 0.602 0.666 0.738 0.778
Generation: 26
fullpopTest 1.000000 0.784000 26 100 500 10 0 0.002 0.072 0.15 0.284 0.392 0.536 0.638 0.736 0.78 0.784
Generation: 27
fullpopTest 1.000000 0.826000 27 100 500 10 0 0.002 0.064 0.166 0.306 0.426 0.544 0.654 0.738 0.794 0.826
Generation: 28
fullpopTest 1.000000 0.826000 28 100 500 10 0 0 0.078 0.156 0.306 0.42 0.514 0.628 0.698 0.768 0.826
Generation: 29
fullpopTest 1.000000 0.826000 29 100 500 10 0 0.002 0.066 0.162 0.308 0.42 0.532 0.634 0.718 0.786 0.826
Generation: 30
fullpopTest 1.000000 0.846000 30 100 500 10 0 0.002 0.07 0.15 0.292 0.412 0.56 0.668 0.752 0.786 0.846
Generation: 31
fullpopTest 1.000000 0.874000 31 100 500 10 0 0.002 0.096 0.216 0.402 0.53 0.634 0.704 0.772 0.826 0.874
Generation: 32
fullpopTest 1.000000 0.882000 32 100 500 10 0 0.002 0.074 0.182 0.328 0.448 0.562 0.666 0.756 0.796 0.882
Generation: 33
fullpopTest 1.000000 0.890000 33 100 500 10 0 0 0.106 0.248 0.408 0.558 0.664 0.748 0.808 0.848 0.89
Generation: 34
fullpopTest 1.000000 0.898000 34 100 500 10 0 0.002 0.102 0.198 0.358 0.488 0.648 0.77 0.858 0.908 0.898
Generation: 35
fullpopTest 1.000000 0.924000 35 100 500 10 0 0 0.088 0.178 0.342 0.494 0.648 0.762 0.854 0.904 0.924
Generation: 36
fullpopTest 1.000000 0.930000 36 100 500 10 0 0.002 0.082 0.182 0.374 0.55 0.692 0.802 0.87 0.916 0.93
Generation: 37
fullpopTest 1.000000 0.936000 37 100 500 10 0 0.002 0.096 0.194 0.36 0.5 0.658 0.778 0.846 0.9 0.936
Generation: 38
fullpopTest 1.000000 0.942000 38 100 500 10 0 0.002 0.104 0.222 0.396 0.566 0.702 0.808 0.892 0.924 0.942
Generation: 39
fullpopTest 1.000000 0.942000 39 100 500 10 0 0.002 0.092 0.212 0.39 0.592 0.74 0.844 0.904 0.942 0.942
Generation: 40
fullpopTest 1.000000 0.944000 40 100 500 10 0 0.002 0.07 0.162 0.324 0.516 0.686 0.79 0.852 0.898 0.944
Generation: 41
fullpopTest 1.000000 0.952000 41 100 500 10 0 0.004 0.092 0.206 0.354 0.508 0.684 0.802 0.88 0.936 0.952
Generation: 42
fullpopTest 1.000000 0.962000 42 100 500 10 0 0.002 0.094 0.242 0.422 0.616 0.742 0.842 0.922 0.964 0.962
Generation: 43
fullpopTest 1.000000 0.978000 43 100 500 10 0 0 0.096 0.258 0.458 0.656 0.788 0.882 0.948 0.984 0.978
Generation: 44
fullpopTest 1.000000 0.982000 44 100 500 10 0 0.002 0.096 0.244 0.418 0.586 0.736 0.858 0.92 0.958 0.982
Generation: 45
fullpopTest 1.000000 0.992000 45 100 500 10 0 0.004 0.144 0.304 0.516 0.706 0.858 0.948 0.982 0.988 0.992
Generation: 46
fullpopTest 1.000000 0.994000 46 100 500 10 0 0.004 0.126 0.296 0.53 0.702 0.868 0.944 0.974 0.992 0.994
Generation: 47
fullpopTest 1.000000 0.996000 47 100 500 10 0 0.002 0.12 0.27 0.49 0.672 0.832 0.934 0.98 0.992 0.996
Generation: 48
fullpopTest 1.000000 1.000000 48 100 500 10 0 0.002 0.112 0.328 0.576 0.77 0.916 0.966 0.992 0.996 1
fullpopTest 1.000000 1.000000 49 100 500 10 0 0.002 0.136 0.302 0.552 0.728 0.874 0.956 0.986 0.994 1
Generation: 0
fullpopTest 1.000000 0.210000 0 100 500 10 0 0 0.012 0.026 0.048 0.074 0.106 0.126 0.156 0.186 0.21
Generation: 1
fullpopTest 1.000000 0.242000 1 100 500 10 0 0 0.006 0.032 0.05 0.08 0.12 0.158 0.204 0.242 0.242
Generation: 2
fullpopTest 1.000000 0.286000 2 100 500 10 0 0.002 0.012 0.042 0.062 0.11 0.148 0.182 0.234 0.272 0.286
Generation: 3
fullpopTest 1.000000 0.310000 3 100 500 10 0 0 0.016 0.04 0.064 0.096 0.132 0.174 0.214 0.252 0.31
Generation: 4
fullpopTest 1.000000 0.328000 4 100 500 10 0 0.002 0.008 0.034 0.06 0.09 0.142 0.19 0.242 0.288 0.328
Generation: 5
fullpopTest 1.000000 0.364000 5 100 500 10 0 0.002 0.018 0.052 0.086 0.14 0.202 0.268 0.316 0.378 0.364
Generation: 6
fullpopTest 1.000000 0.424000 6 100 500 10 0 0 0.018 0.046 0.082 0.126 0.186 0.248 0.314 0.366 0.424
Generation: 7
fullpopTest 1.000000 0.480000 7 100 500 10 0 0.002 0.026 0.074 0.12 0.188 0.262 0.32 0.378 0.428 0.48
Generation: 8
fullpopTest 1.000000 0.480000 8 100 500 10 0 0 0.02 0.05 0.094 0.152 0.224 0.282 0.352 0.424 0.48
Generation: 9
fullpopTest 1.000000 0.526000 9 100 500 10 0 0.002 0.026 0.074 0.142 0.218 0.324 0.404 0.466 0.526 0.526
Generation: 10
fullpopTest 1.000000 0.554000 10 100 500 10 0 0.002 0.038 0.086 0.142 0.212 0.304 0.368 0.46 0.538 0.554
Generation: 11
fullpopTest 1.000000 0.564000 11 100 500 10 0 0.002 0.034 0.076 0.152 0.222 0.308 0.382 0.476 0.56 0.564
Generation: 12
fullpopTest 1.000000 0.620000 12 100 500 10 0 0 0.042 0.084 0.176 0.248 0.33 0.428 0.52 0.59 0.62
Generation: 13
fullpopTest 1.000000 0.666000 13 100 500 10 0 0 0.036 0.09 0.186 0.264 0.364 0.46 0.558 0.654 0.666
Generation: 14
fullpopTest 1.000000 0.706000 14 100 500 10 0 0.002 0.032 0.09 0.204 0.334 0.426 0.528 0.622 0.718 0.706
Generation: 15
fullpopTest 1.000000 0.790000 15 100 500 10 0 0.002 0.04 0.102 0.22 0.352 0.47 0.598 0.704 0.784 0.79
Generation: 16
fullpopTest 1.000000 0.816000 16 100 500 10 0 0 0.042 0.108 0.238 0.37 0.488 0.602 0.696 0.776 0.816
Generation: 17
fullpopTest 1.000000 0.846000 17 100 500 10 0 0.002 0.036 0.1 0.214 0.37 0.504 0.64 0.752 0.818 0.846
Generation: 18
fullpopTest 1.000000 0.846000 18 100 500 10 0 0.002 0.052 0.13 0.266 0.41 0.522 0.65 0.768 0.832 0.846
Generation: 19
fullpopTest 1.000000 0.910000 19 100 500 10 0 0.002 0.04 0.12 0.242 0.42 0.55 0.706 0.81 0.874 0.91
Generation: 20
fullpopTest 1.000000 0.910000 20 100 500 10 0 0.002 0.058 0.128 0.274 0.422 0.532 0.678 0.784 0.87 0.91
Generation: 21
fullpopTest 1.000000 0.914000 21 100 500 10 0 0 0.046 0.122 0.26 0.458 0.592 0.712 0.806 0.89 0.914
Generation: 22
fullpopTest 1.000000 0.944000 22 100 500 10 0 0.002 0.048 0.136 0.276 0.466 0.61 0.736 0.86 0.932 0.944
Generation: 23
fullpopTest 1.000000 0.948000 23 100 500 10 0 0.002 0.052 0.142 0.298 0.506 0.654 0.784 0.878 0.942 0.948
Generation: 24
fullpopTest 1.000000 0.962000 24 100 500 10 0 0.002 0.062 0.156 0.31 0.514 0.662 0.798 0.882 0.942 0.962
Generation: 25
fullpopTest 1.000000 0.994000 25 100 500 10 0 0.002 0.08 0.156 0.328 0.54 0.698 0.85 0.938 0.974 0.994
Generation: 26
fullpopTest 1.000000 0.994000 26 100 500 10 0 0.002 0.076 0.162 0.328 0.568 0.722 0.868 0.94 0.978 0.994
Generation: 27
fullpopTest 1.000000 0.996000 27 100 500 10 0 0.002 0.088 0.206 0.374 0.602 0.76 0.902 0.976 0.998 0.996
Generation: 28
fullpopTest 1.000000 0.996000 28 100 500 10 0 0.002 0.104 0.2 0.352 0.574 0.738 0.898 0.972 0.998 0.996
Generation: 29
fullpopTest 1.000000 0.996000 29 100 500 10 0 0.002 0.08 0.164 0.34 0.578 0.728 0.858 0.948 0.986 0.996
Generation: 30
fullpopTest 1.000000 0.998000 30 100 500 10 0 0.002 0.074 0.178 0.366 0.602 0.772 0.93 0.976 0.994 0.998
Generation: 31
fullpopTest 1.000000 0.998000 31 100 500 10 0 0 0.064 0.156 0.318 0.55 0.71 0.884 0.956 0.988 0.998
Generation: 32
fullpopTest 1.000000 1.000000 32 100 500 10 0 0.002 0.078 0.18 0.362 0.608 0.822 0.936 0.984 0.994 1
fullpopTest 1.000000 1.000000 33 100 500 10 0 0.002 0.074 0.186 0.362 0.608 0.798 0.918 0.974 0.988 1
Generation: 0
fullpopTest 1.000000 0.166000 0 100 500 10 0 0 0.004 0.024 0.038 0.054 0.072 0.096 0.11 0.132 0.166
Generation: 1
fullpopTest 1.000000 0.202000 1 100 500 10 0 0 0.008 0.022 0.05 0.076 0.104 0.136 0.164 0.184 0.202
Generation: 2
fullpopTest 1.000000 0.226000 2 100 500 10 0 0 0.004 0.03 0.046 0.078 0.1 0.12 0.156 0.168 0.226
Generation: 3
fullpopTest 1.000000 0.256000 3 100 500 10 0 0 0.014 0.05 0.072 0.108 0.14 0.18 0.218 0.27 0.256
Generation: 4
fullpopTest 1.000000 0.292000 4 100 500 10 0 0 0.018 0.044 0.082 0.12 0.164 0.196 0.224 0.276 0.292
Generation: 5
fullpopTest 1.000000 0.326000 5 100 500 10 0 0 0.018 0.042 0.074 0.12 0.156 0.2 0.242 0.296 0.326
Generation: 6
fullpopTest 1.000000 0.374000 6 100 500 10 0 0.002 0.022 0.058 0.102 0.156 0.196 0.248 0.308 0.348 0.374
Generation: 7
fullpopTest 1.000000 0.394000 7 100 500 10 0 0 0.016 0.048 0.088 0.146 0.192 0.26 0.326 0.36 0.394
Generation: 8
fullpopTest 1.000000 0.422000 8 100 500 10 0 0.002 0.028 0.068 0.108 0.162 0.23 0.296 0.362 0.406 0.422
Generation: 9
fullpopTest 1.000000 0.508000 9 100 500 10 0 0 0.01 0.06 0.106 0.18 0.264 0.336 0.43 0.484 0.508
Generation: 10
fullpopTest 1.000000 0.532000 10 100 500 10 0 0 0.028 0.07 0.122 0.176 0.25 0.338 0.422 0.482 0.532
Generation: 11
fullpopTest 1.000000 0.600000 11 100 500 10 0 0 0.024 0.08 0.148 0.246 0.33 0.4 0.49 0.566 0.6
Generation: 12
fullpopTest 1.000000 0.658000 12 100 500 10 0 0 0.042 0.096 0.176 0.292 0.384 0.494 0.58 0.67 0.658
Generation: 13
fullpopTest 1.000000 0.680000 13 100 500 10 0 0.002 0.04 0.104 0.194 0.314 0.44 0.532 0.626 0.718 0.68
Generation: 14
fullpopTest 1.000000 0.718000 14 100 500 10 0 0 0.042 0.1 0.182 0.298 0.392 0.502 0.614 0.712 0.718
Generation: 15
fullpopTest 1.000000 0.756000 15 100 500 10 0 0.002 0.03 0.11 0.214 0.32 0.426 0.524 0.63 0.734 0.756
Generation: 16
fullpopTest 1.000000 0.778000 16 100 500 10 0 0 0.046 0.112 0.198 0.294 0.428 0.548 0.652 0.748 0.778
Generation: 17
fullpopTest 1.000000 0.806000 17 100 500 10 0 0 0.036 0.114 0.25 0.368 0.49 0.622 0.726 0.802 0.806
Generation: 18
fullpopTest 1.000000 0.866000 18 100 500 10 0 0.002 0.068 0.156 0.306 0.45 0.594 0.742 0.83 0.87 0.866
Generation: 19
fullpopTest 1.000000 0.880000 19 100 500 10 0 0.002 0.05 0.13 0.276 0.452 0.58 0.708 0.812 0.872 0.88
Generation: 20
fullpopTest 1.000000 0.888000 20 100 500 10 0 0.002 0.06 0.162 0.298 0.43 0.564 0.678 0.784 0.86 0.888
Generation: 21
fullpopTest 1.000000 0.912000 21 100 500 10 0 0.002 0.042 0.13 0.288 0.426 0.566 0.69 0.788 0.864 0.912
Generation: 22
fullpopTest 1.000000 0.912000 22 100 500 10 0 0.002 0.07 0.166 0.332 0.464 0.61 0.728 0.814 0.884 0.912
Generation: 23
fullpopTest 1.000000 0.912000 23 100 500 10 0 0.002 0.062 0.158 0.312 0.464 0.618 0.738 0.824 0.89 0.912
Generation: 24
fullpopTest 1.000000 0.928000 24 100 500 10 0 0.002 0.07 0.172 0.342 0.468 0.618 0.746 0.858 0.906 0.928
Generation: 25
fullpopTest 1.000000 0.930000 25 100 500 10 0 0 0.072 0.19 0.356 0.506 0.638 0.742 0.854 0.906 0.93
Generation: 26
fullpopTest 1.000000 0.944000 26 100 500 10 0 0 0.074 0.17 0.346 0.52 0.642 0.766 0.886 0.934 0.944
Generation: 27
fullpopTest 1.000000 0.948000 27 100 500 10 0 0.004 0.048 0.156 0.32 0.496 0.644 0.782 0.874 0.932 0.948
Generation: 28
fullpopTest 1.000000 0.954000 28 100 500 10 0 0.002 0.068 0.186 0.368 0.552 0.72 0.846 0.92 0.964 0.954
Generation: 29
fullpopTest 1.000000 0.972000 29 100 500 10 0 0.004 0.096 0.216 0.372 0.562 0.706 0.83 0.918 0.946 0.972
Generation: 30
fullpopTest 1.000000 0.978000 30 100 500 10 0 0.002 0.062 0.166 0.364 0.574 0.748 0.878 0.932 0.964 0.978
Generation: 31
fullpopTest 1.000000 0.978000 31 100 500 10 0 0 0.048 0.162 0.376 0.57 0.718 0.824 0.916 0.964 0.978
Generation: 32
fullpopTest 1.000000 0.980000 32 100 500 10 0 0.002 0.098 0.224 0.396 0.582 0.736 0.846 0.922 0.966 0.98
Generation: 33
fullpopTest 1.000000 0.986000 33 100 500 10 0 0.002 0.064 0.17 0.376 0.6 0.758 0.87 0.944 0.972 0.986
Generation: 34
fullpopTest 1.000000 0.988000 34 100 500 10 0 0.002 0.076 0.226 0.418 0.614 0.766 0.87 0.938 0.964 0.988
Generation: 35
fullpopTest 1.000000 0.990000 35 100 500 10 0 0.002 0.092 0.226 0.44 0.636 0.798 0.898 0.964 0.992 0.99
Generation: 36
fullpopTest 1.000000 0.998000 36 100 500 10 0 0 0.108 0.25 0.47 0.68 0.836 0.942 0.986 0.996 0.998
Generation: 37
fullpopTest 1.000000 1.000000 37 100 500 10 0 0.002 0.108 0.25 0.452 0.69 0.842 0.934 0.978 0.992 1
fullpopTest 1.000000 1.000000 38 100 500 10 0 0.002 0.1 0.276 0.468 0.678 0.82 0.924 0.968 0.988 1
Generation: 0
fullpopTest 1.000000 0.192000 0 100 500 10 0 0 0.002 0.014 0.032 0.062 0.088 0.116 0.136 0.162 0.192
Generation: 1
fullpopTest 1.000000 0.192000 1 100 500 10 0 0 0.006 0.028 0.05 0.068 0.086 0.108 0.12 0.164 0.192
Generation: 2
fullpopTest 1.000000 0.234000 2 100 500 10 0 0.002 0.014 0.034 0.06 0.09 0.124 0.154 0.194 0.226 0.234
Generation: 3
fullpopTest 1.000000 0.262000 3 100 500 10 0 0 0.008 0.03 0.052 0.1 0.144 0.186 0.232 0.264 0.262
Generation: 4
fullpopTest 1.000000 0.280000 4 100 500 10 0 0.002 0.008 0.032 0.058 0.096 0.164 0.204 0.246 0.29 0.28
Generation: 5
fullpopTest 1.000000 0.312000 5 100 500 10 0 0 0.01 0.038 0.066 0.108 0.152 0.212 0.246 0.28 0.312
Generation: 6
fullpopTest 1.000000 0.342000 6 100 500 10 0 0 0.022 0.054 0.11 0.166 0.204 0.25 0.306 0.358 0.342
Generation: 7
fullpopTest 1.000000 0.398000 7 100 500 10 0 0.002 0.028 0.074 0.122 0.172 0.216 0.276 0.328 0.372 0.398
Generation: 8
fullpopTest 1.000000 0.418000 8 100 500 10 0 0 0.026 0.056 0.11 0.176 0.238 0.284 0.336 0.402 0.418
Generation: 9
fullpopTest 1.000000 0.446000 9 100 500 10 0 0 0.018 0.058 0.118 0.162 0.216 0.278 0.352 0.412 0.446
Generation: 10
fullpopTest 1.000000 0.532000 10 100 500 10 0 0 0.028 0.076 0.13 0.194 0.3 0.38 0.444 0.514 0.532
Generation: 11
fullpopTest 1.000000 0.556000 11 100 500 10 0 0 0.036 0.088 0.18 0.244 0.328 0.396 0.446 0.516 0.556
Generation: 12
fullpopTest 1.000000 0.568000 12 100 500 10 0 0.002 0.054 0.112 0.178 0.25 0.354 0.418 0.494 0.57 0.568
Generation: 13
fullpopTest 1.000000 0.628000 13 100 500 10 0 0.002 0.042 0.102 0.178 0.258 0.346 0.434 0.516 0.596 0.628
Generation: 14
fullpopTest 1.000000 0.628000 14 100 500 10 0 0 0.044 0.108 0.2 0.304 0.382 0.454 0.53 0.608 0.628
Generation: 15
fullpopTest 1.000000 0.658000 15 100 500 10 0 0 0.04 0.112 0.226 0.32 0.4 0.474 0.554 0.616 0.658
Generation: 16
fullpopTest 1.000000 0.692000 16 100 500 10 0 0.002 0.066 0.126 0.22 0.324 0.434 0.514 0.596 0.658 0.692
Generation: 17
fullpopTest 1.000000 0.728000 17 100 500 10 0 0.002 0.048 0.108 0.228 0.352 0.45 0.546 0.624 0.694 0.728
Generation: 18
fullpopTest 1.000000 0.728000 18 100 500 10 0 0 0.068 0.132 0.258 0.384 0.488 0.574 0.65 0.718 0.728
Generation: 19
fullpopTest 1.000000 0.750000 19 100 500 10 0 0.002 0.08 0.142 0.266 0.354 0.46 0.56 0.65 0.714 0.75
Generation: 20
fullpopTest 1.000000 0.750000 20 100 500 10 0 0 0.07 0.15 0.274 0.382 0.494 0.566 0.636 0.696 0.75
Generation: 21
fullpopTest 1.000000 0.796000 21 100 500 10 0 0.002 0.068 0.132 0.262 0.388 0.496 0.598 0.69 0.748 0.796
Generation: 22
fullpopTest 1.000000 0.796000 22 100 500 10 0 0.002 0.082 0.148 0.27 0.39 0.49 0.594 0.684 0.734 0.796
Generation: 23
fullpopTest 1.000000 0.820000 23 100 500 10 0 0.002 0.08 0.164 0.326 0.464 0.61 0.694 0.772 0.824 0.82
Generation: 24
fullpopTest 1.000000 0.844000 24 100 500 10 0 0.002 0.084 0.182 0.34 0.488 0.636 0.736 0.814 0.872 0.844
Generation: 25
fullpopTest 1.000000 0.860000 25 100 500 10 0 0.002 0.084 0.156 0.304 0.502 0.626 0.724 0.812 0.868 0.86
Generation: 26
fullpopTest 1.000000 0.884000 26 100 500 10 0 0.002 0.088 0.174 0.326 0.47 0.574 0.684 0.782 0.838 0.884
Generation: 27
fullpopTest 1.000000 0.896000 27 100 500 10 0 0.002 0.08 0.196 0.362 0.514 0.622 0.73 0.802 0.84 0.896
Generation: 28
fullpopTest 1.000000 0.922000 28 100 500 10 0 0 0.08 0.19 0.378 0.558 0.67 0.778 0.854 0.92 0.922
Generation: 29
fullpopTest 1.000000 0.922000 29 100 500 10 0 0.002 0.08 0.184 0.334 0.516 0.642 0.762 0.834 0.898 0.922
Generation: 30
fullpopTest 1.000000 0.932000 30 100 500 10 0 0.002 0.1 0.238 0.388 0.57 0.704 0.834 0.91 0.94 0.932
Generation: 31
fullpopTest 1.000000 0.946000 31 100 500 10 0 0.002 0.096 0.222 0.378 0.594 0.732 0.852 0.918 0.964 0.946
Generation: 32
fullpopTest 1.000000 0.958000 32 100 500 10 0 0.002 0.1 0.254 0.442 0.654 0.76 0.854 0.914 0.942 0.958
Generation: 33
fullpopTest 1.000000 0.970000 33 100 500 10 0 0 0.082 0.228 0.376 0.572 0.716 0.836 0.898 0.948 0.97
Generation: 34
fullpopTest 1.000000 0.970000 34 100 500 10 0 0.002 0.092 0.234 0.408 0.604 0.746 0.868 0.93 0.96 0.97
Generation: 35
fullpopTest 1.000000 0.974000 35 100 500 10 0 0.002 0.114 0.292 0.506 0.704 0.832 0.914 0.952 0.97 0.974
Generation: 36
fullpopTest 1.000000 0.980000 36 100 500 10 0 0.002 0.106 0.306 0.514 0.698 0.822 0.932 0.97 0.984 0.98
Generation: 37
fullpopTest 1.000000 0.988000 37 100 500 10 0 0.002 0.104 0.318 0.496 0.686 0.802 0.902 0.942 0.964 0.988
Generation: 38
fullpopTest 1.000000 0.992000 38 100 500 10 0 0 0.1 0.232 0.44 0.646 0.822 0.944 0.972 0.984 0.992
Generation: 39
fullpopTest 1.000000 0.994000 39 100 500 10 0 0.002 0.098 0.238 0.426 0.644 0.836 0.944 0.984 0.996 0.994
Generation: 40
fullpopTest 1.000000 0.998000 40 100 500 10 0 0.002 0.1 0.28 0.476 0.67 0.856 0.948 0.978 0.99 0.998
Generation: 41
fullpopTest 1.000000 1.000000 41 100 500 10 0 0.002 0.11 0.282 0.47 0.68 0.864 0.958 0.986 0.992 1
fullpopTest 1.000000 1.000000 42 100 500 10 0 0.002 0.116 0.28 0.454 0.654 0.858 0.946 0.98 0.996 1
Generation: 0
fullpopTest 1.000000 0.166000 0 100 500 10 0 0 0.006 0.01 0.02 0.046 0.07 0.096 0.124 0.15 0.166
Generation: 1
fullpopTest 1.000000 0.190000 1 100 500 10 0 0 0.01 0.018 0.032 0.044 0.064 0.092 0.114 0.152 0.19
Generation: 2
fullpopTest 1.000000 0.214000 2 100 500 10 0 0 0.014 0.028 0.05 0.082 0.1 0.128 0.162 0.19 0.214
Generation: 3
fullpopTest 1.000000 0.240000 3 100 500 10 0 0 0.004 0.038 0.058 0.076 0.106 0.15 0.202 0.256 0.24
Generation: 4
fullpopTest 1.000000 0.270000 4 100 500 10 0 0 0.012 0.02 0.04 0.078 0.118 0.168 0.218 0.272 0.27
Generation: 5
fullpopTest 1.000000 0.300000 5 100 500 10 0 0 0.01 0.026 0.06 0.084 0.116 0.166 0.214 0.242 0.3
Generation: 6
fullpopTest 1.000000 0.300000 6 100 500 10 0 0 0.012 0.028 0.064 0.098 0.136 0.164 0.208 0.248 0.3
Generation: 7
fullpopTest 1.000000 0.354000 7 100 500 10 0 0 0.008 0.024 0.054 0.098 0.166 0.21 0.256 0.308 0.354
Generation: 8
fullpopTest 1.000000 0.400000 8 100 500 10 0 0 0.01 0.05 0.086 0.144 0.198 0.248 0.298 0.354 0.4
Generation: 9
fullpopTest 1.000000 0.410000 9 100 500 10 0 0 0.01 0.044 0.084 0.134 0.184 0.246 0.308 0.378 0.41
Generation: 10
fullpopTest 1.000000 0.438000 10 100 500 10 0 0 0.016 0.062 0.096 0.162 0.224 0.312 0.358 0.42 0.438
Generation: 11
fullpopTest 1.000000 0.474000 11 100 500 10 0 0 0.01 0.034 0.07 0.134 0.204 0.276 0.358 0.418 0.474
Generation: 12
fullpopTest 1.000000 0.474000 12 100 500 10 0 0 0.018 0.066 0.116 0.172 0.236 0.31 0.36 0.41 0.474
Generation: 13
fullpopTest 1.000000 0.500000 13 100 500 10 0 0 0.014 0.06 0.12 0.186 0.254 0.324 0.426 0.498 0.5
Generation: 14
fullpopTest 1.000000 0.506000 14 100 500 10 0 0 0.022 0.09 0.146 0.248 0.32 0.41 0.458 0.506 0.506
Generation: 15
fullpopTest 1.000000 0.548000 15 100 500 10 0 0 0.016 0.046 0.11 0.188 0.272 0.348 0.416 0.49 0.548
Generation: 16
fullpopTest 1.000000 0.566000 16 100 500 10 0 0.002 0.022 0.064 0.112 0.184 0.29 0.382 0.472 0.554 0.566
Generation: 17
fullpopTest 1.000000 0.586000 17 100 500 10 0 0.002 0.034 0.086 0.166 0.244 0.346 0.412 0.482 0.55 0.586
Generation: 18
fullpopTest 1.000000 0.606000 18 100 500 10 0 0 0.024 0.062 0.13 0.218 0.31 0.4 0.47 0.564 0.606
Generation: 19
fullpopTest 1.000000 0.628000 19 100 500 10 0 0 0.03 0.07 0.15 0.234 0.366 0.444 0.52 0.61 0.628
Generation: 20
fullpopTest 1.000000 0.652000 20 100 500 10 0 0 0.018 0.056 0.16 0.246 0.348 0.448 0.544 0.62 0.652
Generation: 21
fullpopTest 1.000000 0.676000 21 100 500 10 0 0.002 0.018 0.074 0.178 0.288 0.396 0.486 0.566 0.636 0.676
Generation: 22
fullpopTest 1.000000 0.698000 22 100 500 10 0 0 0.022 0.086 0.206 0.318 0.442 0.548 0.618 0.68 0.698
Generation: 23
fullpopTest 1.000000 0.722000 23 100 500 10 0 0.004 0.038 0.106 0.218 0.316 0.424 0.51 0.61 0.666 0.722
Generation: 24
fullpopTest 1.000000 0.738000 24 100 500 10 0 0 0.032 0.114 0.196 0.322 0.442 0.542 0.628 0.706 0.738
Generation: 25
fullpopTest 1.000000 0.774000 25 100 500 10 0 0 0.06 0.136 0.266 0.378 0.482 0.598 0.69 0.772 0.774
Generation: 26
fullpopTest 1.000000 0.790000 26 100 500 10 0 0 0.04 0.116 0.232 0.336 0.482 0.598 0.692 0.744 0.79
Generation: 27
fullpopTest 1.000000 0.800000 27 100 500 10 0 0 0.028 0.11 0.238 0.356 0.466 0.588 0.696 0.764 0.8
Generation: 28
fullpopTest 1.000000 0.822000 28 100 500 10 0 0 0.032 0.114 0.256 0.41 0.552 0.658 0.75 0.808 0.822
Generation: 29
fullpopTest 1.000000 0.842000 29 100 500 10 0 0 0.044 0.122 0.278 0.408 0.536 0.658 0.732 0.806 0.842
Generation: 30
fullpopTest 1.000000 0.842000 30 100 500 10 0 0 0.036 0.128 0.256 0.376 0.516 0.628 0.726 0.782 0.842
Generation: 31
fullpopTest 1.000000 0.860000 31 100 500 10 0 0 0.05 0.158 0.294 0.436 0.572 0.708 0.792 0.838 0.86
Generation: 32
fullpopTest 1.000000 0.884000 32 100 500 10 0 0.002 0.05 0.136 0.268 0.42 0.554 0.678 0.764 0.824 0.884
Generation: 33
fullpopTest 1.000000 0.900000 33 100 500 10 0 0 0.038 0.142 0.29 0.45 0.582 0.714 0.794 0.86 0.9
Generation: 34
fullpopTest 1.000000 0.916000 34 100 500 10 0 0.002 0.042 0.172 0.338 0.512 0.666 0.78 0.836 0.878 0.916
Generation: 35
fullpopTest 1.000000 0.932000 35 100 500 10 0 0.002 0.036 0.134 0.266 0.432 0.644 0.772 0.854 0.916 0.932
Generation: 36
fullpopTest 1.000000 0.932000 36 100 500 10 0 0.002 0.042 0.148 0.322 0.5 0.642 0.78 0.86 0.916 0.932
Generation: 37
fullpopTest 1.000000 0.952000 37 100 500 10 0 0.004 0.046 0.166 0.318 0.49 0.676 0.8 0.892 0.936 0.952
Generation: 38
fullpopTest 1.000000 0.968000 38 100 500 10 0 0.002 0.058 0.172 0.364 0.554 0.704 0.808 0.898 0.938 0.968
Generation: 39
fullpopTest 1.000000 0.968000 39 100 500 10 0 0.002 0.07 0.188 0.388 0.568 0.754 0.874 0.936 0.978 0.968
Generation: 40
fullpopTest 1.000000 0.978000 40 100 500 10 0 0 0.068 0.188 0.38 0.58 0.768 0.878 0.94 0.962 0.978
Generation: 41
fullpopTest 1.000000 0.986000 41 100 500 10 0 0.002 0.072 0.214 0.43 0.65 0.812 0.902 0.962 0.978 0.986
Generation: 42
fullpopTest 1.000000 0.986000 42 100 500 10 0 0.002 0.054 0.194 0.394 0.582 0.76 0.864 0.934 0.97 0.986
Generation: 43
fullpopTest 1.000000 0.988000 43 100 500 10 0 0.002 0.068 0.206 0.426 0.638 0.826 0.912 0.966 0.986 0.988
Generation: 44
fullpopTest 1.000000 0.992000 44 100 500 10 0 0.002 0.066 0.22 0.426 0.646 0.814 0.932 0.98 0.992 0.992
Generation: 45
fullpopTest 1.000000 0.992000 45 100 500 10 0 0 0.074 0.23 0.442 0.628 0.768 0.882 0.96 0.982 0.992
Generation: 46
fullpopTest 1.000000 0.992000 46 100 500 10 0 0 0.074 0.214 0.42 0.614 0.816 0.912 0.966 0.986 0.992
Generation: 47
fullpopTest 1.000000 0.992000 47 100 500 10 0 0.002 0.072 0.214 0.428 0.606 0.776 0.892 0.956 0.988 0.992
Generation: 48
fullpopTest 1.000000 0.996000 48 100 500 10 0 0 0.054 0.184 0.398 0.604 0.808 0.902 0.968 0.988 0.996
Generation: 49
fullpopTest 1.000000 1.000000 49 100 500 10 0 0.004 0.05 0.17 0.376 0.616 0.814 0.912 0.974 0.992 1
fullpopTest 1.000000 1.000000 50 100 500 10 0 0.002 0.06 0.19 0.414 0.634 0.808 0.924 0.976 0.992 1
Generation: 0
fullpopTest 1.000000 0.208000 0 100 500 10 0 0 0 0.008 0.03 0.066 0.09 0.108 0.136 0.16 0.208
Generation: 1
fullpopTest 1.000000 0.216000 1 100 500 10 0 0 0.01 0.024 0.048 0.076 0.118 0.152 0.186 0.216 0.216
Generation: 2
fullpopTest 1.000000 0.236000 2 100 500 10 0 0 0.006 0.012 0.038 0.056 0.084 0.136 0.162 0.192 0.236
Generation: 3
fullpopTest 1.000000 0.262000 3 100 500 10 0 0 0.004 0.01 0.036 0.074 0.106 0.134 0.168 0.218 0.262
Generation: 4
fullpopTest 1.000000 0.302000 4 100 500 10 0 0 0.01 0.028 0.046 0.08 0.126 0.162 0.214 0.274 0.302
Generation: 5
fullpopTest 1.000000 0.320000 5 100 500 10 0 0 0.01 0.024 0.044 0.086 0.13 0.176 0.232 0.284 0.32
Generation: 6
fullpopTest 1.000000 0.344000 6 100 500 10 0 0 0.002 0.026 0.052 0.096 0.134 0.184 0.256 0.304 0.344
Generation: 7
fullpopTest 1.000000 0.378000 7 100 500 10 0 0 0.006 0.032 0.06 0.114 0.174 0.232 0.278 0.344 0.378
Generation: 8
fullpopTest 1.000000 0.422000 8 100 500 10 0 0 0.014 0.04 0.082 0.134 0.202 0.266 0.336 0.392 0.422
Generation: 9
fullpopTest 1.000000 0.474000 9 100 500 10 0 0.002 0.012 0.042 0.116 0.194 0.28 0.354 0.424 0.506 0.474
Generation: 10
fullpopTest 1.000000 0.518000 10 100 500 10 0 0.002 0.016 0.064 0.13 0.208 0.288 0.36 0.42 0.506 0.518
Generation: 11
fullpopTest 1.000000 0.568000 11 100 500 10 0 0 0.012 0.05 0.124 0.192 0.272 0.36 0.44 0.53 0.568
Generation: 12
fullpopTest 1.000000 0.588000 12 100 500 10 0 0 0.022 0.068 0.14 0.23 0.304 0.384 0.46 0.542 0.588
Generation: 13
fullpopTest 1.000000 0.640000 13 100 500 10 0 0 0.012 0.048 0.12 0.204 0.318 0.416 0.492 0.59 0.64
Generation: 14
fullpopTest 1.000000 0.648000 14 100 500 10 0 0.004 0.028 0.078 0.134 0.236 0.364 0.468 0.546 0.622 0.648
Generation: 15
fullpopTest 1.000000 0.678000 15 100 500 10 0 0 0.02 0.088 0.186 0.274 0.386 0.49 0.6 0.678 0.678
Generation: 16
fullpopTest 1.000000 0.704000 16 100 500 10 0 0 0.016 0.076 0.158 0.268 0.388 0.502 0.592 0.68 0.704
Generation: 17
fullpopTest 1.000000 0.758000 17 100 500 10 0 0 0.026 0.082 0.172 0.29 0.444 0.538 0.652 0.712 0.758
Generation: 18
fullpopTest 1.000000 0.758000 18 100 500 10 0 0 0.022 0.084 0.2 0.32 0.45 0.534 0.648 0.728 0.758
Generation: 19
fullpopTest 1.000000 0.760000 19 100 500 10 0 0 0.022 0.09 0.184 0.314 0.444 0.55 0.66 0.754 0.76
Generation: 20
fullpopTest 1.000000 0.774000 20 100 500 10 0 0.002 0.036 0.114 0.234 0.362 0.5 0.58 0.668 0.752 0.774
Generation: 21
fullpopTest 1.000000 0.820000 21 100 500 10 0 0 0.024 0.128 0.284 0.394 0.532 0.658 0.754 0.808 0.82
Generation: 22
fullpopTest 1.000000 0.830000 22 100 500 10 0 0 0.022 0.104 0.25 0.37 0.542 0.668 0.772 0.844 0.83
Generation: 23
fullpopTest 1.000000 0.838000 23 100 500 10 0 0 0.02 0.094 0.222 0.32 0.488 0.608 0.728 0.82 0.838
Generation: 24
fullpopTest 1.000000 0.864000 24 100 500 10 0 0.002 0.038 0.128 0.268 0.404 0.572 0.69 0.8 0.864 0.864
Generation: 25
fullpopTest 1.000000 0.884000 25 100 500 10 0 0.002 0.028 0.104 0.246 0.38 0.53 0.68 0.79 0.86 0.884
Generation: 26
fullpopTest 1.000000 0.902000 26 100 500 10 0 0 0.038 0.134 0.286 0.426 0.584 0.694 0.8 0.858 0.902
Generation: 27
fullpopTest 1.000000 0.914000 27 100 500 10 0 0.002 0.03 0.134 0.304 0.464 0.58 0.692 0.792 0.86 0.914
Generation: 28
fullpopTest 1.000000 0.914000 28 100 500 10 0 0 0.026 0.108 0.274 0.416 0.556 0.678 0.79 0.858 0.914
Generation: 29
fullpopTest 1.000000 0.916000 29 100 500 10 0 0 0.024 0.126 0.266 0.452 0.61 0.74 0.82 0.894 0.916
Generation: 30
fullpopTest 1.000000 0.928000 30 100 500 10 0 0 0.046 0.144 0.312 0.48 0.636 0.756 0.826 0.874 0.928
Generation: 31
fullpopTest 1.000000 0.928000 31 100 500 10 0 0.002 0.042 0.146 0.286 0.43 0.624 0.742 0.834 0.898 0.928
Generation: 32
fullpopTest 1.000000 0.942000 32 100 500 10 0 0.004 0.046 0.154 0.316 0.49 0.656 0.782 0.86 0.894 0.942
Generation: 33
fullpopTest 1.000000 0.942000 33 100 500 10 0 0 0.036 0.136 0.312 0.496 0.658 0.758 0.836 0.898 0.942
Generation: 34
fullpopTest 1.000000 0.950000 34 100 500 10 0 0.002 0.03 0.152 0.32 0.506 0.662 0.79 0.882 0.942 0.95
Generation: 35
fullpopTest 1.000000 0.950000 35 100 500 10 0 0.002 0.038 0.162 0.342 0.506 0.686 0.802 0.886 0.942 0.95
Generation: 36
fullpopTest 1.000000 0.968000 36 100 500 10 0 0.002 0.038 0.142 0.33 0.516 0.678 0.796 0.872 0.928 0.968
Generation: 37
fullpopTest 1.000000 0.970000 37 100 500 10 0 0.004 0.062 0.18 0.358 0.54 0.708 0.822 0.896 0.944 0.97
Generation: 38
fullpopTest 1.000000 0.970000 38 100 500 10 0 0.002 0.036 0.146 0.332 0.51 0.668 0.802 0.882 0.928 0.97
Generation: 39
fullpopTest 1.000000 0.970000 39 100 500 10 0 0.002 0.038 0.162 0.344 0.534 0.714 0.822 0.886 0.94 0.97
Generation: 40
fullpopTest 1.000000 0.978000 40 100 500 10 0 0 0.046 0.172 0.362 0.606 0.78 0.894 0.946 0.97 0.978
Generation: 41
fullpopTest 1.000000 0.990000 41 100 500 10 0 0 0.048 0.192 0.418 0.606 0.766 0.882 0.944 0.976 0.99
Generation: 42
fullpopTest 1.000000 0.990000 42 100 500 10 0 0 0.056 0.198 0.402 0.606 0.78 0.88 0.93 0.954 0.99
Generation: 43
fullpopTest 1.000000 0.990000 43 100 500 10 0 0.002 0.046 0.16 0.364 0.58 0.724 0.856 0.936 0.958 0.99
Generation: 44
fullpopTest 1.000000 0.992000 44 100 500 10 0 0.004 0.062 0.2 0.422 0.648 0.814 0.926 0.962 0.978 0.992
Generation: 45
fullpopTest 1.000000 0.992000 45 100 500 10 0 0 0.042 0.192 0.41 0.64 0.782 0.898 0.954 0.976 0.992
Generation: 46
fullpopTest 1.000000 0.996000 46 100 500 10 0 0.002 0.066 0.172 0.358 0.584 0.776 0.882 0.936 0.982 0.996
Generation: 47
fullpopTest 1.000000 0.996000 47 100 500 10 0 0.002 0.054 0.172 0.348 0.578 0.746 0.874 0.944 0.978 0.996
Generation: 48
fullpopTest 1.000000 0.996000 48 100 500 10 0 0.002 0.046 0.172 0.378 0.592 0.78 0.888 0.954 0.988 0.996
Generation: 49
fullpopTest 1.000000 0.998000 49 100 500 10 0 0 0.044 0.188 0.394 0.638 0.808 0.908 0.964 0.99 0.998
Generation: 50
fullpopTest 1.000000 0.998000 50 100 500 10 0 0.004 0.044 0.198 0.402 0.666 0.83 0.942 0.978 0.992 0.998
Generation: 51
fullpopTest 1.000000 0.998000 51 100 500 10 0 0.002 0.05 0.194 0.382 0.61 0.794 0.904 0.96 0.982 0.998
Generation: 52
fullpopTest 1.000000 0.998000 52 100 500 10 0 0.002 0.042 0.17 0.406 0.638 0.802 0.898 0.956 0.972 0.998
Generation: 53
fullpopTest 1.000000 1.000000 53 100 500 10 0 0.002 0.058 0.234 0.48 0.72 0.884 0.976 0.996 1 1
fullpopTest 1.000000 1.000000 54 100 500 10 0 0.002 0.08 0.244 0.478 0.708 0.872 0.938 0.988 0.992 1
Generation: 0
fullpopTest 1.000000 0.172000 0 100 500 10 0 0 0 0.012 0.034 0.048 0.078 0.086 0.108 0.128 0.172
Generation: 1
fullpopTest 1.000000 0.210000 1 100 500 10 0 0 0.01 0.016 0.034 0.06 0.084 0.102 0.13 0.162 0.21
Generation: 2
fullpopTest 1.000000 0.210000 2 100 500 10 0 0 0.012 0.02 0.04 0.052 0.082 0.108 0.14 0.168 0.21
Generation: 3
fullpopTest 1.000000 0.250000 3 100 500 10 0 0 0.004 0.024 0.054 0.096 0.138 0.166 0.208 0.242 0.25
Generation: 4
fullpopTest 1.000000 0.252000 4 100 500 10 0 0 0.004 0.018 0.036 0.072 0.114 0.146 0.182 0.22 0.252
Generation: 5
fullpopTest 1.000000 0.258000 5 100 500 10 0 0 0.004 0.016 0.038 0.064 0.088 0.124 0.162 0.2 0.258
Generation: 6
fullpopTest 1.000000 0.322000 6 100 500 10 0 0 0.008 0.05 0.08 0.124 0.156 0.206 0.25 0.298 0.322
Generation: 7
fullpopTest 1.000000 0.356000 7 100 500 10 0 0 0.012 0.022 0.05 0.084 0.128 0.18 0.236 0.288 0.356
Generation: 8
fullpopTest 1.000000 0.360000 8 100 500 10 0 0 0.012 0.046 0.082 0.14 0.184 0.228 0.278 0.328 0.36
Generation: 9
fullpopTest 1.000000 0.406000 9 100 500 10 0 0 0.016 0.038 0.072 0.11 0.17 0.232 0.278 0.338 0.406
Generation: 10
fullpopTest 1.000000 0.406000 10 100 500 10 0 0 0.012 0.034 0.074 0.132 0.196 0.256 0.31 0.362 0.406
Generation: 11
fullpopTest 1.000000 0.432000 11 100 500 10 0 0.002 0.022 0.052 0.096 0.174 0.232 0.312 0.366 0.42 0.432
Generation: 12
fullpopTest 1.000000 0.442000 12 100 500 10 0 0 0.016 0.058 0.096 0.178 0.248 0.302 0.368 0.436 0.442
Generation: 13
fullpopTest 1.000000 0.464000 13 100 500 10 0 0 0.02 0.042 0.08 0.14 0.21 0.292 0.37 0.436 0.464
Generation: 14
fullpopTest 1.000000 0.494000 14 100 500 10 0 0 0.03 0.074 0.134 0.202 0.28 0.34 0.416 0.496 0.494
Generation: 15
fullpopTest 1.000000 0.530000 15 100 500 10 0 0.002 0.024 0.082 0.156 0.226 0.318 0.41 0.464 0.544 0.53
Generation: 16
fullpopTest 1.000000 0.598000 16 100 500 10 0 0 0.022 0.082 0.152 0.224 0.312 0.4 0.486 0.576 0.598
Generation: 17
fullpopTest 1.000000 0.598000 17 100 500 10 0 0 0.022 0.082 0.17 0.25 0.332 0.412 0.478 0.542 0.598
Generation: 18
fullpopTest 1.000000 0.648000 18 100 500 10 0 0 0.026 0.08 0.178 0.276 0.38 0.454 0.566 0.618 0.648
Generation: 19
fullpopTest 1.000000 0.678000 19 100 500 10 0 0 0.024 0.092 0.162 0.278 0.386 0.512 0.596 0.648 0.678
Generation: 20
fullpopTest 1.000000 0.714000 20 100 500 10 0 0 0.032 0.12 0.226 0.332 0.432 0.538 0.632 0.708 0.714
Generation: 21
fullpopTest 1.000000 0.724000 21 100 500 10 0 0 0.026 0.11 0.234 0.362 0.472 0.582 0.674 0.726 0.724
Generation: 22
fullpopTest 1.000000 0.746000 22 100 500 10 0 0 0.036 0.1 0.186 0.304 0.432 0.552 0.616 0.7 0.746
Generation: 23
fullpopTest 1.000000 0.786000 23 100 500 10 0 0.002 0.026 0.1 0.198 0.318 0.456 0.572 0.674 0.754 0.786
Generation: 24
fullpopTest 1.000000 0.786000 24 100 500 10 0 0 0.034 0.118 0.212 0.35 0.478 0.582 0.658 0.746 0.786
Generation: 25
fullpopTest 1.000000 0.812000 25 100 500 10 0 0 0.038 0.13 0.256 0.374 0.514 0.638 0.73 0.792 0.812
Generation: 26
fullpopTest 1.000000 0.816000 26 100 500 10 0 0 0.028 0.114 0.246 0.394 0.514 0.636 0.72 0.79 0.816
Generation: 27
fullpopTest 1.000000 0.836000 27 100 500 10 0 0 0.026 0.114 0.226 0.346 0.478 0.592 0.686 0.748 0.836
Generation: 28
fullpopTest 1.000000 0.852000 28 100 500 10 0 0 0.052 0.144 0.3 0.45 0.59 0.712 0.788 0.852 0.852
Generation: 29
fullpopTest 1.000000 0.852000 29 100 500 10 0 0 0.052 0.146 0.274 0.414 0.554 0.666 0.758 0.818 0.852
Generation: 30
fullpopTest 1.000000 0.856000 30 100 500 10 0 0 0.038 0.124 0.292 0.438 0.556 0.666 0.776 0.844 0.856
Generation: 31
fullpopTest 1.000000 0.900000 31 100 500 10 0 0.002 0.052 0.148 0.342 0.514 0.66 0.762 0.852 0.902 0.9
Generation: 32
fullpopTest 1.000000 0.928000 32 100 500 10 0 0.002 0.05 0.164 0.342 0.492 0.642 0.74 0.844 0.91 0.928
Generation: 33
fullpopTest 1.000000 0.928000 33 100 500 10 0 0 0.058 0.166 0.338 0.524 0.662 0.756 0.84 0.898 0.928
Generation: 34
fullpopTest 1.000000 0.946000 34 100 500 10 0 0.002 0.052 0.158 0.324 0.534 0.658 0.786 0.838 0.9 0.946
Generation: 35
fullpopTest 1.000000 0.956000 35 100 500 10 0 0.002 0.058 0.168 0.336 0.522 0.668 0.806 0.902 0.954 0.956
Generation: 36
fullpopTest 1.000000 0.962000 36 100 500 10 0 0 0.074 0.192 0.374 0.554 0.738 0.852 0.918 0.954 0.962
Generation: 37
fullpopTest 1.000000 0.962000 37 100 500 10 0 0 0.042 0.174 0.346 0.512 0.698 0.82 0.914 0.952 0.962
Generation: 38
fullpopTest 1.000000 0.986000 38 100 500 10 0 0.002 0.066 0.21 0.41 0.6 0.752 0.868 0.922 0.97 0.986
Generation: 39
fullpopTest 1.000000 0.986000 39 100 500 10 0 0.002 0.052 0.194 0.404 0.592 0.77 0.874 0.928 0.954 0.986
Generation: 40
fullpopTest 1.000000 0.986000 40 100 500 10 0 0.004 0.082 0.188 0.42 0.588 0.752 0.87 0.944 0.972 0.986
Generation: 41
fullpopTest 1.000000 0.986000 41 100 500 10 0 0.002 0.062 0.212 0.408 0.578 0.746 0.858 0.916 0.956 0.986
Generation: 42
fullpopTest 1.000000 0.986000 42 100 500 10 0 0 0.072 0.224 0.378 0.54 0.724 0.854 0.916 0.95 0.986
Generation: 43
fullpopTest 1.000000 0.992000 43 100 500 10 0 0.004 0.07 0.224 0.43 0.64 0.8 0.918 0.97 0.986 0.992
Generation: 44
fullpopTest 1.000000 0.992000 44 100 500 10 0 0 0.076 0.218 0.41 0.61 0.784 0.892 0.96 0.986 0.992
Generation: 45
fullpopTest 1.000000 0.992000 45 100 500 10 0 0.002 0.082 0.226 0.404 0.59 0.78 0.872 0.94 0.968 0.992
Generation: 46
fullpopTest 1.000000 0.992000 46 100 500 10 0 0 0.092 0.23 0.428 0.624 0.768 0.898 0.962 0.984 0.992
Generation: 47
fullpopTest 1.000000 0.994000 47 100 500 10 0 0.002 0.082 0.258 0.484 0.656 0.84 0.918 0.958 0.982 0.994
Generation: 48
fullpopTest 1.000000 0.994000 48 100 500 10 0 0 0.07 0.236 0.512 0.688 0.842 0.922 0.97 0.994 0.994
Generation: 49
fullpopTest 1.000000 0.996000 49 100 500 10 0 0.002 0.102 0.262 0.476 0.644 0.796 0.89 0.964 0.988 0.996
Generation: 50
fullpopTest 1.000000 0.996000 50 100 500 10 0 0.002 0.098 0.234 0.458 0.654 0.806 0.916 0.97 0.988 0.996
Generation: 51
fullpopTest 1.000000 1.000000 51 100 500 10 0 0.002 0.086 0.24 0.454 0.698 0.866 0.958 0.988 0.998 1
fullpopTest 1.000000 1.000000 52 100 500 10 0 0.004 0.1 0.278 0.502 0.716 0.848 0.932 0.978 0.99 1
Generation: 0
fullpopTest 1.000000 0.192000 0 100 500 10 0 0 0.012 0.032 0.058 0.084 0.11 0.134 0.172 0.206 0.192
Generation: 1
fullpopTest 1.000000 0.240000 1 100 500 10 0 0 0.004 0.02 0.036 0.052 0.084 0.112 0.146 0.176 0.24
Generation: 2
fullpopTest 1.000000 0.258000 2 100 500 10 0 0 0.016 0.04 0.064 0.112 0.132 0.158 0.202 0.246 0.258
Generation: 3
fullpopTest 1.000000 0.290000 3 100 500 10 0 0 0.006 0.024 0.05 0.082 0.11 0.154 0.2 0.242 0.29
Generation: 4
fullpopTest 1.000000 0.340000 4 100 500 10 0 0 0.018 0.038 0.072 0.112 0.142 0.184 0.23 0.262 0.34
Generation: 5
fullpopTest 1.000000 0.340000 5 100 500 10 0 0 0.016 0.04 0.07 0.09 0.126 0.174 0.214 0.252 0.34
Generation: 6
fullpopTest 1.000000 0.340000 6 100 500 10 0 0 0.016 0.048 0.066 0.11 0.146 0.178 0.224 0.28 0.34
Generation: 7
fullpopTest 1.000000 0.368000 7 100 500 10 0 0 0.016 0.05 0.09 0.138 0.192 0.236 0.292 0.326 0.368
Generation: 8
fullpopTest 1.000000 0.404000 8 100 500 10 0 0.002 0.026 0.07 0.122 0.18 0.228 0.282 0.326 0.366 0.404
Generation: 9
fullpopTest 1.000000 0.442000 9 100 500 10 0 0 0.03 0.068 0.122 0.19 0.244 0.306 0.356 0.404 0.442
Generation: 10
fullpopTest 1.000000 0.460000 10 100 500 10 0 0.002 0.034 0.08 0.134 0.194 0.28 0.338 0.398 0.452 0.46
Generation: 11
fullpopTest 1.000000 0.470000 11 100 500 10 0 0 0.03 0.068 0.138 0.2 0.272 0.332 0.392 0.474 0.47
Generation: 12
fullpopTest 1.000000 0.518000 12 100 500 10 0 0.002 0.032 0.088 0.17 0.242 0.336 0.392 0.472 0.538 0.518
Generation: 13
fullpopTest 1.000000 0.524000 13 100 500 10 0 0.002 0.042 0.096 0.182 0.23 0.314 0.406 0.484 0.56 0.524
Generation: 14
fullpopTest 1.000000 0.582000 14 100 500 10 0 0.002 0.03 0.086 0.146 0.226 0.304 0.386 0.462 0.524 0.582
Generation: 15
fullpopTest 1.000000 0.606000 15 100 500 10 0 0.002 0.032 0.078 0.176 0.242 0.322 0.382 0.468 0.54 0.606
Generation: 16
fullpopTest 1.000000 0.658000 16 100 500 10 0 0.002 0.04 0.078 0.17 0.262 0.364 0.458 0.55 0.626 0.658
Generation: 17
fullpopTest 1.000000 0.658000 17 100 500 10 0 0 0.046 0.096 0.19 0.274 0.368 0.47 0.542 0.626 0.658
Generation: 18
fullpopTest 1.000000 0.714000 18 100 500 10 0 0.002 0.056 0.134 0.246 0.358 0.448 0.556 0.652 0.724 0.714
Generation: 19
fullpopTest 1.000000 0.732000 19 100 500 10 0 0 0.05 0.116 0.228 0.36 0.494 0.592 0.684 0.732 0.732
Generation: 20
fullpopTest 1.000000 0.772000 20 100 500 10 0 0.002 0.056 0.118 0.208 0.32 0.444 0.568 0.702 0.774 0.772
Generation: 21
fullpopTest 1.000000 0.772000 21 100 500 10 0 0 0.04 0.102 0.22 0.35 0.456 0.566 0.664 0.736 0.772
Generation: 22
fullpopTest 1.000000 0.818000 22 100 500 10 0 0.002 0.056 0.124 0.214 0.346 0.482 0.616 0.732 0.812 0.818
Generation: 23
fullpopTest 1.000000 0.818000 23 100 500 10 0 0.002 0.06 0.136 0.266 0.4 0.51 0.616 0.728 0.824 0.818
Generation: 24
fullpopTest 1.000000 0.866000 24 100 500 10 0 0.002 0.074 0.192 0.336 0.514 0.616 0.756 0.836 0.88 0.866
Generation: 25
fullpopTest 1.000000 0.880000 25 100 500 10 0 0.002 0.06 0.156 0.292 0.45 0.58 0.696 0.816 0.882 0.88
Generation: 26
fullpopTest 1.000000 0.880000 26 100 500 10 0 0 0.072 0.192 0.32 0.502 0.604 0.714 0.8 0.862 0.88
Generation: 27
fullpopTest 1.000000 0.916000 27 100 500 10 0 0.002 0.068 0.168 0.306 0.464 0.6 0.75 0.866 0.908 0.916
Generation: 28
fullpopTest 1.000000 0.916000 28 100 500 10 0 0 0.084 0.196 0.324 0.486 0.614 0.734 0.816 0.89 0.916
Generation: 29
fullpopTest 1.000000 0.930000 29 100 500 10 0 0.002 0.078 0.174 0.318 0.494 0.624 0.742 0.84 0.904 0.93
Generation: 30
fullpopTest 1.000000 0.944000 30 100 500 10 0 0.002 0.066 0.194 0.328 0.506 0.652 0.78 0.87 0.914 0.944
Generation: 31
fullpopTest 1.000000 0.958000 31 100 500 10 0 0.002 0.09 0.226 0.406 0.624 0.756 0.848 0.914 0.946 0.958
Generation: 32
fullpopTest 1.000000 0.966000 32 100 500 10 0 0.002 0.094 0.254 0.434 0.636 0.758 0.854 0.89 0.924 0.966
Generation: 33
fullpopTest 1.000000 0.972000 33 100 500 10 0 0.002 0.096 0.252 0.41 0.602 0.76 0.866 0.926 0.97 0.972
Generation: 34
fullpopTest 1.000000 0.980000 34 100 500 10 0 0.002 0.104 0.246 0.42 0.63 0.794 0.882 0.936 0.952 0.98
Generation: 35
fullpopTest 1.000000 0.982000 35 100 500 10 0 0.002 0.104 0.286 0.46 0.668 0.812 0.92 0.958 0.968 0.982
Generation: 36
fullpopTest 1.000000 0.984000 36 100 500 10 0 0 0.094 0.268 0.442 0.624 0.794 0.884 0.94 0.974 0.984
Generation: 37
fullpopTest 1.000000 0.988000 37 100 500 10 0 0.002 0.098 0.242 0.394 0.602 0.776 0.878 0.934 0.958 0.988
Generation: 38
fullpopTest 1.000000 0.988000 38 100 500 10 0 0 0.092 0.236 0.416 0.61 0.784 0.906 0.956 0.982 0.988
Generation: 39
fullpopTest 1.000000 0.992000 39 100 500 10 0 0.002 0.106 0.256 0.416 0.632 0.796 0.92 0.966 0.988 0.992
Generation: 40
fullpopTest 1.000000 1.000000 40 100 500 10 0 0.002 0.09 0.248 0.418 0.626 0.826 0.938 0.978 0.996 1
fullpopTest 1.000000 1.000000 41 100 500 10 0 0.002 0.106 0.278 0.43 0.626 0.806 0.93 0.978 0.994 1
Generation: 0
fullpopTest 1.000000 0.168000 0 100 500 10 0 0 0.012 0.016 0.028 0.036 0.064 0.094 0.114 0.134 0.168
Generation: 1
fullpopTest 1.000000 0.172000 1 100 500 10 0 0 0.004 0.02 0.034 0.054 0.078 0.092 0.112 0.13 0.172
Generation: 2
fullpopTest 1.000000 0.200000 2 100 500 10 0 0 0.01 0.026 0.036 0.056 0.076 0.104 0.138 0.162 0.2
Generation: 3
fullpopTest 1.000000 0.280000 3 100 500 10 0 0 0.018 0.038 0.068 0.09 0.13 0.172 0.222 0.272 0.28
Generation: 4
fullpopTest 1.000000 0.292000 4 100 500 10 0 0 0.014 0.036 0.068 0.11 0.16 0.198 0.242 0.282 0.292
Generation: 5
fullpopTest 1.000000 0.340000 5 100 500 10 0 0 0.014 0.038 0.08 0.126 0.172 0.218 0.296 0.348 0.34
Generation: 6
fullpopTest 1.000000 0.342000 6 100 500 10 0 0 0.01 0.036 0.076 0.122 0.16 0.224 0.256 0.304 0.342
Generation: 7
fullpopTest 1.000000 0.380000 7 100 500 10 0 0.002 0.01 0.042 0.078 0.134 0.206 0.252 0.312 0.366 0.38
Generation: 8
fullpopTest 1.000000 0.440000 8 100 500 10 0 0 0.026 0.056 0.092 0.132 0.222 0.304 0.358 0.43 0.44
Generation: 9
fullpopTest 1.000000 0.456000 9 100 500 10 0 0 0.02 0.074 0.132 0.184 0.248 0.312 0.386 0.44 0.456
Generation: 10
fullpopTest 1.000000 0.490000 10 100 500 10 0 0.002 0.022 0.05 0.104 0.184 0.264 0.326 0.406 0.486 0.49
Generation: 11
fullpopTest 1.000000 0.552000 11 100 500 10 0 0 0.016 0.068 0.132 0.204 0.304 0.406 0.49 0.578 0.552
Generation: 12
fullpopTest 1.000000 0.596000 12 100 500 10 0 0 0.036 0.068 0.138 0.23 0.306 0.38 0.464 0.542 0.596
Generation: 13
fullpopTest 1.000000 0.636000 13 100 500 10 0 0 0.038 0.08 0.148 0.246 0.338 0.436 0.532 0.59 0.636
Generation: 14
fullpopTest 1.000000 0.696000 14 100 500 10 0 0.002 0.028 0.074 0.166 0.258 0.374 0.456 0.536 0.63 0.696
Generation: 15
fullpopTest 1.000000 0.696000 15 100 500 10 0 0.002 0.034 0.09 0.162 0.254 0.352 0.456 0.548 0.642 0.696
Generation: 16
fullpopTest 1.000000 0.714000 16 100 500 10 0 0 0.03 0.104 0.212 0.342 0.452 0.552 0.644 0.71 0.714
Generation: 17
fullpopTest 1.000000 0.760000 17 100 500 10 0 0 0.042 0.116 0.214 0.334 0.43 0.544 0.664 0.734 0.76
Generation: 18
fullpopTest 1.000000 0.760000 18 100 500 10 0 0 0.046 0.1 0.212 0.326 0.424 0.556 0.654 0.736 0.76
Generation: 19
fullpopTest 1.000000 0.790000 19 100 500 10 0 0 0.072 0.136 0.252 0.362 0.476 0.566 0.65 0.722 0.79
Generation: 20
fullpopTest 1.000000 0.822000 20 100 500 10 0 0 0.07 0.132 0.28 0.416 0.538 0.674 0.76 0.824 0.822
Generation: 21
fullpopTest 1.000000 0.858000 21 100 500 10 0 0.002 0.074 0.138 0.294 0.454 0.584 0.726 0.808 0.856 0.858
Generation: 22
fullpopTest 1.000000 0.872000 22 100 500 10 0 0.002 0.05 0.13 0.256 0.386 0.524 0.634 0.748 0.84 0.872
Generation: 23
fullpopTest 1.000000 0.914000 23 100 500 10 0 0.002 0.05 0.138 0.294 0.478 0.654 0.766 0.856 0.91 0.914
Generation: 24
fullpopTest 1.000000 0.914000 24 100 500 10 0 0.002 0.072 0.16 0.318 0.498 0.62 0.738 0.83 0.894 0.914
Generation: 25
fullpopTest 1.000000 0.922000 25 100 500 10 0 0.002 0.064 0.132 0.294 0.444 0.606 0.734 0.842 0.91 0.922
Generation: 26
fullpopTest 1.000000 0.968000 26 100 500 10 0 0.002 0.082 0.178 0.31 0.514 0.662 0.806 0.888 0.942 0.968
Generation: 27
fullpopTest 1.000000 0.968000 27 100 500 10 0 0.002 0.068 0.158 0.328 0.522 0.666 0.796 0.904 0.962 0.968
Generation: 28
fullpopTest 1.000000 0.968000 28 100 500 10 0 0.002 0.056 0.148 0.34 0.536 0.694 0.82 0.904 0.95 0.968
Generation: 29
fullpopTest 1.000000 0.970000 29 100 500 10 0 0 0.098 0.184 0.344 0.538 0.746 0.874 0.938 0.972 0.97
Generation: 30
fullpopTest 1.000000 0.988000 30 100 500 10 0 0.002 0.08 0.176 0.358 0.568 0.734 0.89 0.964 0.986 0.988
Generation: 31
fullpopTest 1.000000 0.988000 31 100 500 10 0 0.002 0.08 0.204 0.37 0.572 0.798 0.916 0.956 0.97 0.988
Generation: 32
fullpopTest 1.000000 0.998000 32 100 500 10 0 0.002 0.096 0.204 0.388 0.636 0.83 0.944 0.982 0.99 0.998
Generation: 33
fullpopTest 1.000000 0.998000 33 100 500 10 0 0.002 0.102 0.228 0.414 0.648 0.846 0.95 0.992 0.994 0.998
Generation: 34
fullpopTest 1.000000 0.998000 34 100 500 10 0 0.002 0.106 0.206 0.396 0.622 0.828 0.94 0.97 0.99 0.998
Generation: 35
fullpopTest 1.000000 1.000000 35 100 500 10 0 0.002 0.108 0.234 0.444 0.696 0.872 0.964 0.986 0.994 1
fullpopTest 1.000000 1.000000 36 100 500 10 0 0.002 0.114 0.258 0.438 0.686 0.866 0.972 0.998 0.998 1
Generation: 0
fullpopTest 1.000000 0.168000 0 100 500 10 0 0 0.006 0.018 0.032 0.048 0.06 0.084 0.102 0.132 0.168
Generation: 1
fullpopTest 1.000000 0.210000 1 100 500 10 0 0 0.002 0.02 0.036 0.052 0.064 0.092 0.128 0.176 0.21
Generation: 2
fullpopTest 1.000000 0.218000 2 100 500 10 0 0 0.008 0.026 0.056 0.08 0.11 0.154 0.186 0.23 0.218
Generation: 3
fullpopTest 1.000000 0.228000 3 100 500 10 0 0 0.004 0.01 0.024 0.046 0.074 0.11 0.152 0.184 0.228
Generation: 4
fullpopTest 1.000000 0.282000 4 100 500 10 0 0 0.006 0.02 0.038 0.068 0.118 0.162 0.19 0.24 0.282
Generation: 5
fullpopTest 1.000000 0.282000 5 100 500 10 0 0 0.008 0.028 0.054 0.1 0.158 0.192 0.226 0.268 0.282
Generation: 6
fullpopTest 1.000000 0.336000 6 100 500 10 0 0 0.01 0.026 0.052 0.116 0.162 0.222 0.268 0.318 0.336
Generation: 7
fullpopTest 1.000000 0.372000 7 100 500 10 0 0 0.002 0.026 0.052 0.092 0.15 0.204 0.288 0.348 0.372
Generation: 8
fullpopTest 1.000000 0.382000 8 100 500 10 0 0 0.012 0.028 0.058 0.12 0.168 0.24 0.304 0.366 0.382
Generation: 9
fullpopTest 1.000000 0.418000 9 100 500 10 0 0 0.008 0.032 0.07 0.14 0.196 0.266 0.328 0.39 0.418
Generation: 10
fullpopTest 1.000000 0.450000 10 100 500 10 0 0 0.016 0.04 0.092 0.156 0.23 0.318 0.4 0.47 0.45
Generation: 11
fullpopTest 1.000000 0.454000 11 100 500 10 0 0 0.016 0.04 0.064 0.128 0.19 0.232 0.316 0.388 0.454
Generation: 12
fullpopTest 1.000000 0.488000 12 100 500 10 0 0 0.014 0.038 0.084 0.164 0.214 0.292 0.356 0.444 0.488
Generation: 13
fullpopTest 1.000000 0.524000 13 100 500 10 0 0 0.008 0.042 0.094 0.19 0.256 0.344 0.432 0.526 0.524
Generation: 14
fullpopTest 1.000000 0.574000 14 100 500 10 0 0 0.012 0.036 0.1 0.18 0.278 0.392 0.464 0.542 0.574
Generation: 15
fullpopTest 1.000000 0.586000 15 100 500 10 0 0 0.014 0.042 0.116 0.21 0.294 0.398 0.472 0.558 0.586
Generation: 16
fullpopTest 1.000000 0.612000 16 100 500 10 0 0 0.008 0.046 0.1 0.174 0.244 0.34 0.442 0.526 0.612
Generation: 17
fullpopTest 1.000000 0.636000 17 100 500 10 0 0 0.016 0.064 0.138 0.222 0.336 0.456 0.552 0.634 0.636
Generation: 18
fullpopTest 1.000000 0.648000 18 100 500 10 0 0 0.012 0.054 0.126 0.244 0.358 0.466 0.546 0.642 0.648
Generation: 19
fullpopTest 1.000000 0.696000 19 100 500 10 0 0.002 0.022 0.06 0.158 0.272 0.412 0.502 0.598 0.714 0.696
Generation: 20
fullpopTest 1.000000 0.738000 20 100 500 10 0 0 0.018 0.052 0.134 0.238 0.382 0.502 0.588 0.71 0.738
Generation: 21
fullpopTest 1.000000 0.758000 21 100 500 10 0 0 0.022 0.06 0.17 0.286 0.388 0.54 0.64 0.74 0.758
Generation: 22
fullpopTest 1.000000 0.770000 22 100 500 10 0 0 0.006 0.06 0.142 0.244 0.386 0.52 0.654 0.752 0.77
Generation: 23
fullpopTest 1.000000 0.788000 23 100 500 10 0 0 0.022 0.086 0.172 0.298 0.424 0.566 0.688 0.77 0.788
Generation: 24
fullpopTest 1.000000 0.788000 24 100 500 10 0 0 0.022 0.066 0.154 0.266 0.392 0.48 0.618 0.716 0.788
Generation: 25
fullpopTest 1.000000 0.818000 25 100 500 10 0 0 0.034 0.102 0.232 0.35 0.498 0.624 0.716 0.792 0.818
Generation: 26
fullpopTest 1.000000 0.872000 26 100 500 10 0 0 0.026 0.094 0.19 0.346 0.528 0.67 0.776 0.86 0.872
Generation: 27
fullpopTest 1.000000 0.884000 27 100 500 10 0 0 0.016 0.06 0.174 0.36 0.53 0.676 0.778 0.84 0.884
Generation: 28
fullpopTest 1.000000 0.892000 28 100 500 10 0 0.002 0.028 0.104 0.228 0.38 0.544 0.692 0.796 0.866 0.892
Generation: 29
fullpopTest 1.000000 0.906000 29 100 500 10 0 0 0.024 0.092 0.21 0.386 0.548 0.7 0.808 0.862 0.906
Generation: 30
fullpopTest 1.000000 0.932000 30 100 500 10 0 0 0.022 0.098 0.244 0.436 0.616 0.756 0.838 0.888 0.932
Generation: 31
fullpopTest 1.000000 0.932000 31 100 500 10 0 0 0.018 0.102 0.254 0.406 0.584 0.738 0.846 0.918 0.932
Generation: 32
fullpopTest 1.000000 0.946000 32 100 500 10 0 0.002 0.024 0.102 0.264 0.474 0.63 0.796 0.874 0.932 0.946
Generation: 33
fullpopTest 1.000000 0.950000 33 100 500 10 0 0 0.038 0.108 0.274 0.474 0.666 0.798 0.876 0.922 0.95
Generation: 34
fullpopTest 1.000000 0.968000 34 100 500 10 0 0 0.02 0.092 0.248 0.436 0.608 0.776 0.868 0.936 0.968
Generation: 35
fullpopTest 1.000000 0.980000 35 100 500 10 0 0.002 0.024 0.106 0.282 0.454 0.636 0.802 0.892 0.954 0.98
Generation: 36
fullpopTest 1.000000 0.980000 36 100 500 10 0 0 0.026 0.114 0.282 0.48 0.666 0.826 0.916 0.95 0.98
Generation: 37
fullpopTest 1.000000 0.980000 37 100 500 10 0 0 0.03 0.132 0.248 0.436 0.618 0.772 0.874 0.932 0.98
Generation: 38
fullpopTest 1.000000 0.980000 38 100 500 10 0 0 0.03 0.108 0.28 0.452 0.64 0.798 0.882 0.952 0.98
Generation: 39
fullpopTest 1.000000 0.986000 39 100 500 10 0 0 0.03 0.14 0.336 0.538 0.73 0.872 0.938 0.978 0.986
Generation: 40
fullpopTest 1.000000 0.988000 40 100 500 10 0 0 0.036 0.142 0.342 0.596 0.758 0.894 0.972 0.982 0.988
Generation: 41
fullpopTest 1.000000 0.992000 41 100 500 10 0 0 0.028 0.152 0.354 0.574 0.732 0.882 0.956 0.986 0.992
Generation: 42
fullpopTest 1.000000 0.992000 42 100 500 10 0 0.002 0.042 0.15 0.32 0.55 0.75 0.87 0.952 0.98 0.992
Generation: 43
fullpopTest 1.000000 0.998000 43 100 500 10 0 0.002 0.034 0.16 0.394 0.612 0.796 0.93 0.984 0.992 0.998
Generation: 44
fullpopTest 1.000000 0.998000 44 100 500 10 0 0 0.03 0.126 0.352 0.56 0.746 0.894 0.966 0.994 0.998
Generation: 45
fullpopTest 1.000000 0.998000 45 100 500 10 0 0 0.032 0.15 0.374 0.612 0.792 0.906 0.96 0.984 0.998
Generation: 46
fullpopTest 1.000000 0.998000 46 100 500 10 0 0.002 0.03 0.14 0.346 0.604 0.79 0.918 0.968 0.99 0.998
Generation: 47
fullpopTest 1.000000 1.000000 47 100 500 10 0 0.002 0.036 0.146 0.394 0.632 0.846 0.956 0.988 0.996 1
fullpopTest 1.000000 1.000000 48 100 500 10 0 0 0.036 0.162 0.38 0.64 0.832 0.962 0.984 0.992 1
Generation: 0
fullpopTest 1.000000 0.140000 0 100 500 10 0 0 0 0.008 0.02 0.036 0.062 0.08 0.11 0.122 0.14
Generation: 1
fullpopTest 1.000000 0.160000 1 100 500 10 0 0 0.006 0.02 0.04 0.058 0.064 0.08 0.108 0.136 0.16
Generation: 2
fullpopTest 1.000000 0.178000 2 100 500 10 0 0 0.01 0.024 0.036 0.05 0.072 0.09 0.118 0.148 0.178
Generation: 3
fullpopTest 1.000000 0.190000 3 100 500 10 0 0.002 0.01 0.034 0.06 0.082 0.11 0.136 0.16 0.19 0.19
Generation: 4
fullpopTest 1.000000 0.240000 4 100 500 10 0 0 0.012 0.024 0.048 0.08 0.12 0.156 0.212 0.248 0.24
Generation: 5
fullpopTest 1.000000 0.272000 5 100 500 10 0 0 0.01 0.038 0.076 0.108 0.15 0.182 0.228 0.268 0.272
Generation: 6
fullpopTest 1.000000 0.332000 6 100 500 10 0 0 0.012 0.038 0.066 0.108 0.15 0.19 0.244 0.304 0.332
Generation: 7
fullpopTest 1.000000 0.396000 7 100 500 10 0 0 0.012 0.042 0.096 0.14 0.194 0.234 0.292 0.326 0.396
Generation: 8
fullpopTest 1.000000 0.396000 8 100 500 10 0 0 0.022 0.048 0.09 0.144 0.2 0.258 0.322 0.374 0.396
Generation: 9
fullpopTest 1.000000 0.422000 9 100 500 10 0 0 0.024 0.066 0.12 0.172 0.212 0.28 0.342 0.404 0.422
Generation: 10
fullpopTest 1.000000 0.464000 10 100 500 10 0 0 0.018 0.056 0.116 0.176 0.258 0.31 0.37 0.434 0.464
Generation: 11
fullpopTest 1.000000 0.546000 11 100 500 10 0 0 0.032 0.08 0.144 0.216 0.292 0.384 0.456 0.524 0.546
Generation: 12
fullpopTest 1.000000 0.546000 12 100 500 10 0 0 0.022 0.064 0.144 0.226 0.306 0.38 0.444 0.536 0.546
Generation: 13
fullpopTest 1.000000 0.590000 13 100 500 10 0 0.002 0.028 0.088 0.152 0.232 0.344 0.418 0.504 0.568 0.59
Generation: 14
fullpopTest 1.000000 0.616000 14 100 500 10 0 0 0.02 0.104 0.2 0.296 0.368 0.43 0.518 0.592 0.616
Generation: 15
fullpopTest 1.000000 0.656000 15 100 500 10 0 0 0.032 0.084 0.186 0.28 0.374 0.468 0.576 0.646 0.656
Generation: 16
fullpopTest 1.000000 0.680000 16 100 500 10 0 0.002 0.032 0.096 0.21 0.302 0.402 0.486 0.58 0.66 0.68
Generation: 17
fullpopTest 1.000000 0.704000 17 100 500 10 0 0 0.026 0.092 0.198 0.294 0.398 0.478 0.562 0.628 0.704
Generation: 18
fullpopTest 1.000000 0.780000 18 100 500 10 0 0 0.04 0.124 0.246 0.346 0.44 0.55 0.666 0.72 0.78
Generation: 19
fullpopTest 1.000000 0.780000 19 100 500 10 0 0.002 0.038 0.126 0.238 0.362 0.466 0.59 0.688 0.754 0.78
Generation: 20
fullpopTest 1.000000 0.784000 20 100 500 10 0 0.002 0.044 0.136 0.254 0.352 0.464 0.564 0.664 0.734 0.784
Generation: 21
fullpopTest 1.000000 0.824000 21 100 500 10 0 0.002 0.048 0.142 0.278 0.416 0.524 0.616 0.696 0.782 0.824
Generation: 22
fullpopTest 1.000000 0.844000 22 100 500 10 0 0 0.05 0.158 0.272 0.402 0.522 0.636 0.722 0.798 0.844
Generation: 23
fullpopTest 1.000000 0.884000 23 100 500 10 0 0.004 0.054 0.17 0.314 0.458 0.578 0.696 0.764 0.824 0.884
Generation: 24
fullpopTest 1.000000 0.884000 24 100 500 10 0 0.002 0.054 0.174 0.294 0.46 0.608 0.718 0.798 0.85 0.884
Generation: 25
fullpopTest 1.000000 0.900000 25 100 500 10 0 0.002 0.054 0.164 0.334 0.48 0.606 0.712 0.788 0.836 0.9
Generation: 26
fullpopTest 1.000000 0.914000 26 100 500 10 0 0 0.074 0.236 0.41 0.59 0.74 0.832 0.892 0.916 0.914
Generation: 27
fullpopTest 1.000000 0.948000 27 100 500 10 0 0 0.078 0.212 0.372 0.54 0.694 0.8 0.89 0.922 0.948
Generation: 28
fullpopTest 1.000000 0.948000 28 100 500 10 0 0.002 0.08 0.206 0.36 0.54 0.712 0.808 0.886 0.932 0.948
Generation: 29
fullpopTest 1.000000 0.958000 29 100 500 10 0 0 0.082 0.246 0.422 0.588 0.75 0.842 0.908 0.946 0.958
Generation: 30
fullpopTest 1.000000 0.974000 30 100 500 10 0 0.002 0.078 0.25 0.438 0.614 0.748 0.842 0.908 0.942 0.974
Generation: 31
fullpopTest 1.000000 0.974000 31 100 500 10 0 0.002 0.108 0.258 0.406 0.596 0.728 0.846 0.904 0.944 0.974
Generation: 32
fullpopTest 1.000000 0.982000 32 100 500 10 0 0.004 0.086 0.254 0.418 0.594 0.726 0.852 0.904 0.944 0.982
Generation: 33
fullpopTest 1.000000 0.982000 33 100 500 10 0 0 0.094 0.256 0.422 0.618 0.76 0.864 0.922 0.95 0.982
Generation: 34
fullpopTest 1.000000 0.982000 34 100 500 10 0 0 0.088 0.254 0.422 0.59 0.748 0.862 0.928 0.96 0.982
Generation: 35
fullpopTest 1.000000 0.988000 35 100 500 10 0 0.002 0.1 0.274 0.452 0.638 0.816 0.906 0.954 0.978 0.988
Generation: 36
fullpopTest 1.000000 0.988000 36 100 500 10 0 0.004 0.096 0.268 0.436 0.648 0.832 0.932 0.972 0.986 0.988
Generation: 37
fullpopTest 1.000000 0.990000 37 100 500 10 0 0.002 0.084 0.256 0.46 0.664 0.864 0.942 0.978 0.99 0.99
Generation: 38
fullpopTest 1.000000 0.990000 38 100 500 10 0 0.002 0.094 0.272 0.44 0.66 0.848 0.932 0.972 0.984 0.99
Generation: 39
fullpopTest 1.000000 0.990000 39 100 500 10 0 0 0.086 0.248 0.428 0.65 0.81 0.91 0.968 0.992 0.99
Generation: 40
fullpopTest 1.000000 0.998000 40 100 500 10 0 0 0.104 0.282 0.478 0.7 0.866 0.934 0.976 0.986 0.998
Generation: 41
fullpopTest 1.000000 0.998000 41 100 500 10 0 0.002 0.108 0.308 0.512 0.694 0.86 0.954 0.978 0.984 0.998
Generation: 42
fullpopTest 1.000000 0.998000 42 100 500 10 0 0.002 0.092 0.266 0.476 0.7 0.852 0.94 0.972 0.982 0.998
Generation: 43
fullpopTest 1.000000 0.998000 43 100 500 10 0 0.002 0.102 0.294 0.488 0.702 0.866 0.946 0.984 0.994 0.998
Generation: 44
fullpopTest 1.000000 0.998000 44 100 500 10 0 0.002 0.082 0.264 0.454 0.668 0.834 0.922 0.974 0.994 0.998
Generation: 45
fullpopTest 1.000000 1.000000 45 100 500 10 0 0.002 0.104 0.29 0.472 0.684 0.87 0.948 0.984 0.992 1
fullpopTest 1.000000 1.000000 46 100 500 10 0 0 0.092 0.282 0.448 0.684 0.848 0.934 0.97 0.986 1
Generation: 0
fullpopTest 1.000000 0.222000 0 100 500 10 0 0 0.002 0.026 0.042 0.072 0.094 0.126 0.152 0.192 0.222
Generation: 1
fullpopTest 1.000000 0.250000 1 100 500 10 0 0.002 0.012 0.038 0.078 0.118 0.156 0.194 0.214 0.244 0.25
Generation: 2
fullpopTest 1.000000 0.274000 2 100 500 10 0 0 0.01 0.024 0.058 0.096 0.132 0.178 0.208 0.246 0.274
Generation: 3
fullpopTest 1.000000 0.316000 3 100 500 10 0 0 0.002 0.016 0.048 0.096 0.134 0.192 0.234 0.278 0.316
Generation: 4
fullpopTest 1.000000 0.344000 4 100 500 10 0 0 0.006 0.026 0.056 0.11 0.162 0.204 0.254 0.306 0.344
Generation: 5
fullpopTest 1.000000 0.372000 5 100 500 10 0 0.002 0.01 0.04 0.088 0.13 0.186 0.254 0.322 0.37 0.372
Generation: 6
fullpopTest 1.000000 0.392000 6 100 500 10 0 0 0.006 0.038 0.084 0.152 0.204 0.244 0.29 0.344 0.392
Generation: 7
fullpopTest 1.000000 0.392000 7 100 500 10 0 0 0.008 0.044 0.098 0.156 0.224 0.27 0.308 0.348 0.392
Generation: 8
fullpopTest 1.000000 0.396000 8 100 500 10 0 0 0.014 0.046 0.108 0.166 0.222 0.26 0.308 0.35 0.396
Generation: 9
fullpopTest 1.000000 0.420000 9 100 500 10 0 0 0.016 0.05 0.118 0.182 0.254 0.322 0.38 0.442 0.42
Generation: 10
fullpopTest 1.000000 0.498000 10 100 500 10 0 0 0.018 0.05 0.11 0.192 0.268 0.358 0.434 0.5 0.498
Generation: 11
fullpopTest 1.000000 0.532000 11 100 500 10 0 0 0.012 0.054 0.108 0.19 0.276 0.332 0.412 0.476 0.532
Generation: 12
fullpopTest 1.000000 0.560000 12 100 500 10 0 0.002 0.022 0.07 0.15 0.238 0.328 0.412 0.48 0.55 0.56
Generation: 13
fullpopTest 1.000000 0.560000 13 100 500 10 0 0 0.014 0.058 0.126 0.192 0.296 0.376 0.448 0.518 0.56
Generation: 14
fullpopTest 1.000000 0.604000 14 100 500 10 0 0 0.012 0.06 0.152 0.218 0.312 0.406 0.49 0.572 0.604
Generation: 15
fullpopTest 1.000000 0.644000 15 100 500 10 0 0.002 0.014 0.054 0.158 0.264 0.368 0.47 0.566 0.64 0.644
Generation: 16
fullpopTest 1.000000 0.644000 16 100 500 10 0 0.002 0.012 0.058 0.132 0.24 0.364 0.452 0.546 0.616 0.644
Generation: 17
fullpopTest 1.000000 0.648000 17 100 500 10 0 0 0.012 0.058 0.152 0.248 0.346 0.452 0.548 0.63 0.648
Generation: 18
fullpopTest 1.000000 0.702000 18 100 500 10 0 0.002 0.014 0.08 0.166 0.3 0.412 0.518 0.616 0.702 0.702
Generation: 19
fullpopTest 1.000000 0.702000 19 100 500 10 0 0 0.02 0.084 0.19 0.284 0.408 0.522 0.626 0.688 0.702
Generation: 20
fullpopTest 1.000000 0.744000 20 100 500 10 0 0 0.022 0.066 0.178 0.306 0.428 0.536 0.622 0.682 0.744
Generation: 21
fullpopTest 1.000000 0.744000 21 100 500 10 0 0.002 0.028 0.076 0.162 0.268 0.396 0.514 0.628 0.692 0.744
Generation: 22
fullpopTest 1.000000 0.744000 22 100 500 10 0 0.002 0.02 0.086 0.218 0.342 0.468 0.556 0.656 0.73 0.744
Generation: 23
fullpopTest 1.000000 0.772000 23 100 500 10 0 0 0.02 0.1 0.226 0.378 0.486 0.614 0.718 0.8 0.772
Generation: 24
fullpopTest 1.000000 0.774000 24 100 500 10 0 0 0.014 0.098 0.212 0.328 0.46 0.566 0.656 0.716 0.774
Generation: 25
fullpopTest 1.000000 0.788000 25 100 500 10 0 0 0.018 0.096 0.214 0.368 0.464 0.582 0.686 0.764 0.788
Generation: 26
fullpopTest 1.000000 0.808000 26 100 500 10 0 0.004 0.02 0.072 0.158 0.33 0.472 0.606 0.716 0.804 0.808
Generation: 27
fullpopTest 1.000000 0.838000 27 100 500 10 0 0 0.018 0.1 0.24 0.394 0.52 0.63 0.73 0.804 0.838
Generation: 28
fullpopTest 1.000000 0.838000 28 100 500 10 0 0.002 0.024 0.1 0.23 0.376 0.514 0.626 0.722 0.784 0.838
Generation: 29
fullpopTest 1.000000 0.840000 29 100 500 10 0 0.002 0.022 0.118 0.252 0.398 0.554 0.668 0.746 0.808 0.84
Generation: 30
fullpopTest 1.000000 0.876000 30 100 500 10 0 0 0.012 0.066 0.176 0.366 0.514 0.696 0.8 0.874 0.876
Generation: 31
fullpopTest 1.000000 0.876000 31 100 500 10 0 0.002 0.022 0.082 0.188 0.336 0.526 0.676 0.794 0.866 0.876
Generation: 32
fullpopTest 1.000000 0.886000 32 100 500 10 0 0.002 0.022 0.09 0.204 0.372 0.516 0.666 0.774 0.848 0.886
Generation: 33
fullpopTest 1.000000 0.910000 33 100 500 10 0 0.002 0.028 0.102 0.236 0.432 0.546 0.684 0.792 0.86 0.91
Generation: 34
fullpopTest 1.000000 0.916000 34 100 500 10 0 0.002 0.018 0.082 0.234 0.442 0.594 0.734 0.846 0.896 0.916
Generation: 35
fullpopTest 1.000000 0.942000 35 100 500 10 0 0 0.016 0.088 0.236 0.424 0.626 0.752 0.854 0.904 0.942
Generation: 36
fullpopTest 1.000000 0.942000 36 100 500 10 0 0 0.02 0.074 0.216 0.394 0.572 0.736 0.838 0.898 0.942
Generation: 37
fullpopTest 1.000000 0.944000 37 100 500 10 0 0 0.018 0.092 0.228 0.4 0.556 0.712 0.83 0.898 0.944
Generation: 38
fullpopTest 1.000000 0.948000 38 100 500 10 0 0 0.016 0.084 0.196 0.364 0.538 0.702 0.818 0.88 0.948
Generation: 39
fullpopTest 1.000000 0.960000 39 100 500 10 0 0.002 0.018 0.086 0.212 0.416 0.636 0.79 0.898 0.954 0.96
Generation: 40
fullpopTest 1.000000 0.960000 40 100 500 10 0 0 0.024 0.082 0.222 0.424 0.618 0.776 0.876 0.926 0.96
Generation: 41
fullpopTest 1.000000 0.968000 41 100 500 10 0 0.002 0.012 0.076 0.246 0.46 0.67 0.832 0.936 0.982 0.968
Generation: 42
fullpopTest 1.000000 0.974000 42 100 500 10 0 0.002 0.026 0.1 0.244 0.44 0.642 0.8 0.896 0.946 0.974
Generation: 43
fullpopTest 1.000000 0.984000 43 100 500 10 0 0 0.02 0.094 0.264 0.436 0.64 0.814 0.92 0.966 0.984
Generation: 44
fullpopTest 1.000000 0.988000 44 100 500 10 0 0.002 0.024 0.094 0.244 0.462 0.648 0.812 0.926 0.956 0.988
Generation: 45
fullpopTest 1.000000 0.988000 45 100 500 10 0 0 0.012 0.09 0.254 0.464 0.678 0.824 0.91 0.954 0.988
Generation: 46
fullpopTest 1.000000 0.988000 46 100 500 10 0 0 0.012 0.088 0.248 0.47 0.708 0.872 0.936 0.974 0.988
Generation: 47
fullpopTest 1.000000 0.988000 47 100 500 10 0 0 0.02 0.098 0.264 0.454 0.672 0.828 0.924 0.972 0.988
Generation: 48
fullpopTest 1.000000 0.988000 48 100 500 10 0 0.002 0.016 0.078 0.222 0.448 0.666 0.846 0.954 0.98 0.988
Generation: 49
fullpopTest 1.000000 0.990000 49 100 500 10 0 0 0.014 0.102 0.274 0.474 0.686 0.842 0.936 0.984 0.99
Generation: 50
fullpopTest 1.000000 0.996000 50 100 500 10 0 0 0.012 0.088 0.236 0.436 0.674 0.852 0.964 0.99 0.996
Generation: 51
fullpopTest 1.000000 0.996000 51 100 500 10 0 0 0.006 0.068 0.228 0.428 0.664 0.838 0.95 0.99 0.996
Generation: 52
fullpopTest 1.000000 0.996000 52 100 500 10 0 0.002 0.014 0.09 0.236 0.448 0.668 0.816 0.932 0.984 0.996
Generation: 53
fullpopTest 1.000000 0.998000 53 100 500 10 0 0 0.02 0.09 0.246 0.45 0.704 0.856 0.954 0.99 0.998
Generation: 54
fullpopTest 1.000000 0.998000 54 100 500 10 0 0 0.028 0.086 0.248 0.45 0.68 0.842 0.954 0.982 0.998
Generation: 55
fullpopTest 1.000000 0.998000 55 100 500 10 0 0.002 0.012 0.07 0.228 0.446 0.694 0.824 0.942 0.99 0.998
Generation: 56
fullpopTest 1.000000 0.998000 56 100 500 10 0 0 0.012 0.068 0.232 0.422 0.686 0.848 0.948 0.988 0.998
Generation: 57
fullpopTest 1.000000 0.998000 57 100 500 10 0 0 0.018 0.104 0.252 0.47 0.72 0.864 0.962 0.992 0.998
Generation: 58
fullpopTest 1.000000 0.998000 58 100 500 10 0 0 0.014 0.098 0.242 0.438 0.688 0.852 0.956 0.988 0.998
Generation: 59
fullpopTest 1.000000 0.998000 59 100 500 10 0 0 0.022 0.078 0.228 0.434 0.666 0.832 0.944 0.99 0.998
Generation: 60
fullpopTest 1.000000 1.000000 60 100 500 10 0 0 0.018 0.096 0.284 0.486 0.75 0.89 0.972 0.998 1
fullpopTest 1.000000 1.000000 61 100 500 10 0 0 0.016 0.094 0.24 0.474 0.742 0.892 0.962 0.984 1
Generation: 0
fullpopTest 1.000000 0.156000 0 100 500 10 0 0 0.002 0.018 0.026 0.042 0.058 0.088 0.11 0.116 0.156
Generation: 1
fullpopTest 1.000000 0.178000 1 100 500 10 0 0 0.012 0.034 0.046 0.062 0.08 0.1 0.114 0.14 0.178
Generation: 2
fullpopTest 1.000000 0.224000 2 100 500 10 0 0 0.004 0.018 0.04 0.074 0.106 0.132 0.172 0.2 0.224
Generation: 3
fullpopTest 1.000000 0.234000 3 100 500 10 0 0 0.008 0.034 0.064 0.09 0.114 0.146 0.166 0.198 0.234
Generation: 4
fullpopTest 1.000000 0.236000 4 100 500 10 0 0.002 0.018 0.036 0.058 0.084 0.116 0.152 0.196 0.24 0.236
Generation: 5
fullpopTest 1.000000 0.278000 5 100 500 10 0 0.002 0.016 0.042 0.068 0.106 0.13 0.154 0.19 0.23 0.278
Generation: 6
fullpopTest 1.000000 0.286000 6 100 500 10 0 0 0.012 0.048 0.086 0.116 0.158 0.202 0.242 0.28 0.286
Generation: 7
fullpopTest 1.000000 0.318000 7 100 500 10 0 0 0.01 0.042 0.094 0.154 0.194 0.246 0.276 0.312 0.318
Generation: 8
fullpopTest 1.000000 0.358000 8 100 500 10 0 0 0.028 0.072 0.096 0.148 0.188 0.236 0.298 0.338 0.358
Generation: 9
fullpopTest 1.000000 0.374000 9 100 500 10 0 0 0.022 0.048 0.104 0.148 0.212 0.272 0.33 0.368 0.374
Generation: 10
fullpopTest 1.000000 0.404000 10 100 500 10 0 0 0.02 0.068 0.122 0.194 0.244 0.302 0.356 0.382 0.404
Generation: 11
fullpopTest 1.000000 0.448000 11 100 500 10 0 0.002 0.018 0.038 0.084 0.142 0.202 0.258 0.302 0.358 0.448
Generation: 12
fullpopTest 1.000000 0.492000 12 100 500 10 0 0 0.014 0.068 0.13 0.204 0.286 0.326 0.394 0.434 0.492
Generation: 13
fullpopTest 1.000000 0.498000 13 100 500 10 0 0 0.016 0.068 0.132 0.23 0.266 0.328 0.38 0.418 0.498
Generation: 14
fullpopTest 1.000000 0.538000 14 100 500 10 0 0 0.026 0.084 0.148 0.234 0.318 0.408 0.48 0.538 0.538
Generation: 15
fullpopTest 1.000000 0.618000 15 100 500 10 0 0 0.028 0.092 0.162 0.246 0.336 0.426 0.51 0.588 0.618
Generation: 16
fullpopTest 1.000000 0.646000 16 100 500 10 0 0.002 0.028 0.084 0.178 0.322 0.432 0.51 0.586 0.634 0.646
Generation: 17
fullpopTest 1.000000 0.692000 17 100 500 10 0 0 0.026 0.13 0.23 0.358 0.442 0.534 0.618 0.668 0.692
Generation: 18
fullpopTest 1.000000 0.692000 18 100 500 10 0 0.002 0.024 0.102 0.204 0.326 0.444 0.544 0.624 0.704 0.692
Generation: 19
fullpopTest 1.000000 0.774000 19 100 500 10 0 0.004 0.044 0.112 0.2 0.32 0.434 0.548 0.658 0.714 0.774
Generation: 20
fullpopTest 1.000000 0.774000 20 100 500 10 0 0.002 0.046 0.13 0.254 0.356 0.468 0.586 0.662 0.718 0.774
Generation: 21
fullpopTest 1.000000 0.796000 21 100 500 10 0 0.002 0.034 0.136 0.262 0.392 0.5 0.626 0.7 0.768 0.796
Generation: 22
fullpopTest 1.000000 0.820000 22 100 500 10 0 0.002 0.044 0.136 0.244 0.382 0.534 0.658 0.766 0.826 0.82
Generation: 23
fullpopTest 1.000000 0.858000 23 100 500 10 0 0 0.064 0.162 0.298 0.444 0.566 0.662 0.746 0.81 0.858
Generation: 24
fullpopTest 1.000000 0.864000 24 100 500 10 0 0 0.038 0.146 0.282 0.442 0.582 0.694 0.782 0.866 0.864
Generation: 25
fullpopTest 1.000000 0.890000 25 100 500 10 0 0 0.032 0.126 0.254 0.408 0.548 0.694 0.796 0.876 0.89
Generation: 26
fullpopTest 1.000000 0.890000 26 100 500 10 0 0 0.04 0.156 0.306 0.452 0.59 0.716 0.796 0.85 0.89
Generation: 27
fullpopTest 1.000000 0.906000 27 100 500 10 0 0 0.044 0.17 0.322 0.46 0.622 0.738 0.836 0.886 0.906
Generation: 28
fullpopTest 1.000000 0.924000 28 100 500 10 0 0.002 0.07 0.182 0.34 0.522 0.676 0.81 0.904 0.954 0.924
Generation: 29
fullpopTest 1.000000 0.946000 29 100 500 10 0 0.002 0.038 0.162 0.338 0.498 0.66 0.788 0.87 0.946 0.946
Generation: 30
fullpopTest 1.000000 0.946000 30 100 500 10 0 0 0.054 0.162 0.336 0.504 0.704 0.824 0.884 0.928 0.946
Generation: 31
fullpopTest 1.000000 0.946000 31 100 500 10 0 0 0.06 0.192 0.342 0.506 0.674 0.802 0.878 0.934 0.946
Generation: 32
fullpopTest 1.000000 0.964000 32 100 500 10 0 0.002 0.048 0.162 0.388 0.538 0.684 0.796 0.872 0.932 0.964
Generation: 33
fullpopTest 1.000000 0.964000 33 100 500 10 0 0.002 0.044 0.174 0.374 0.524 0.686 0.79 0.878 0.926 0.964
Generation: 34
fullpopTest 1.000000 0.974000 34 100 500 10 0 0.002 0.09 0.226 0.436 0.634 0.77 0.858 0.91 0.956 0.974
Generation: 35
fullpopTest 1.000000 0.974000 35 100 500 10 0 0.004 0.08 0.206 0.426 0.6 0.762 0.868 0.932 0.97 0.974
Generation: 36
fullpopTest 1.000000 0.974000 36 100 500 10 0 0.004 0.082 0.226 0.422 0.59 0.744 0.852 0.92 0.958 0.974
Generation: 37
fullpopTest 1.000000 0.984000 37 100 500 10 0 0 0.048 0.204 0.438 0.606 0.762 0.866 0.926 0.954 0.984
Generation: 38
fullpopTest 1.000000 0.996000 38 100 500 10 0 0 0.058 0.214 0.466 0.644 0.818 0.914 0.958 0.98 0.996
Generation: 39
fullpopTest 1.000000 0.996000 39 100 500 10 0 0.002 0.084 0.234 0.444 0.62 0.8 0.904 0.96 0.986 0.996
Generation: 40
fullpopTest 1.000000 0.996000 40 100 500 10 0 0 0.068 0.212 0.462 0.65 0.812 0.924 0.972 0.992 0.996
Generation: 41
fullpopTest 1.000000 0.996000 41 100 500 10 0 0 0.074 0.234 0.476 0.638 0.82 0.922 0.976 0.99 0.996
Generation: 42
fullpopTest 1.000000 0.996000 42 100 500 10 0 0 0.072 0.22 0.478 0.688 0.85 0.926 0.952 0.984 0.996
Generation: 43
fullpopTest 1.000000 0.996000 43 100 500 10 0 0.004 0.07 0.216 0.46 0.646 0.802 0.898 0.958 0.972 0.996
Generation: 44
fullpopTest 1.000000 0.996000 44 100 500 10 0 0.004 0.072 0.21 0.454 0.65 0.828 0.906 0.966 0.984 0.996
Generation: 45
fullpopTest 1.000000 0.996000 45 100 500 10 0 0.002 0.074 0.19 0.432 0.668 0.848 0.928 0.972 0.994 0.996
Generation: 46
fullpopTest 1.000000 0.996000 46 100 500 10 0 0.002 0.05 0.212 0.472 0.636 0.81 0.916 0.968 0.99 0.996
Generation: 47
fullpopTest 1.000000 0.996000 47 100 500 10 0 0.002 0.05 0.21 0.476 0.652 0.818 0.908 0.97 0.988 0.996
Generation: 48
fullpopTest 1.000000 1.000000 48 100 500 10 0 0.004 0.098 0.26 0.516 0.71 0.846 0.938 0.984 0.998 1
fullpopTest 1.000000 1.000000 49 100 500 10 0 0.002 0.092 0.276 0.522 0.69 0.848 0.94 0.976 0.986 1
Generation: 0
fullpopTest 1.000000 0.216000 0 100 500 10 0 0 0.01 0.026 0.044 0.076 0.102 0.142 0.178 0.206 0.216
Generation: 1
fullpopTest 1.000000 0.216000 1 100 500 10 0 0 0.006 0.018 0.034 0.05 0.09 0.12 0.156 0.198 0.216
Generation: 2
fullpopTest 1.000000 0.246000 2 100 500 10 0 0 0 0.006 0.03 0.052 0.08 0.116 0.158 0.186 0.246
Generation: 3
fullpopTest 1.000000 0.252000 3 100 500 10 0 0 0.008 0.024 0.058 0.096 0.134 0.18 0.212 0.242 0.252
Generation: 4
fullpopTest 1.000000 0.302000 4 100 500 10 0 0 0.008 0.038 0.068 0.094 0.15 0.184 0.224 0.268 0.302
Generation: 5
fullpopTest 1.000000 0.316000 5 100 500 10 0 0 0.004 0.032 0.052 0.094 0.136 0.168 0.222 0.262 0.316
Generation: 6
fullpopTest 1.000000 0.346000 6 100 500 10 0 0 0.02 0.056 0.084 0.128 0.178 0.226 0.274 0.306 0.346
Generation: 7
fullpopTest 1.000000 0.394000 7 100 500 10 0 0 0.014 0.05 0.106 0.166 0.23 0.286 0.326 0.378 0.394
Generation: 8
fullpopTest 1.000000 0.414000 8 100 500 10 0 0 0.012 0.062 0.126 0.188 0.26 0.316 0.36 0.438 0.414
Generation: 9
fullpopTest 1.000000 0.426000 9 100 500 10 0 0 0.012 0.06 0.104 0.156 0.216 0.274 0.334 0.376 0.426
Generation: 10
fullpopTest 1.000000 0.490000 10 100 500 10 0 0 0.026 0.06 0.114 0.182 0.27 0.338 0.418 0.492 0.49
Generation: 11
fullpopTest 1.000000 0.496000 11 100 500 10 0 0 0.01 0.062 0.148 0.236 0.328 0.41 0.458 0.512 0.496
Generation: 12
fullpopTest 1.000000 0.562000 12 100 500 10 0 0 0.03 0.07 0.14 0.224 0.284 0.352 0.428 0.49 0.562
Generation: 13
fullpopTest 1.000000 0.562000 13 100 500 10 0 0 0.03 0.072 0.144 0.218 0.316 0.402 0.47 0.542 0.562
Generation: 14
fullpopTest 1.000000 0.596000 14 100 500 10 0 0 0.036 0.09 0.18 0.246 0.348 0.442 0.516 0.586 0.596
Generation: 15
fullpopTest 1.000000 0.656000 15 100 500 10 0 0.002 0.05 0.104 0.214 0.304 0.422 0.494 0.574 0.628 0.656
Generation: 16
fullpopTest 1.000000 0.656000 16 100 500 10 0 0.002 0.038 0.098 0.22 0.318 0.42 0.508 0.57 0.636 0.656
Generation: 17
fullpopTest 1.000000 0.684000 17 100 500 10 0 0 0.04 0.112 0.236 0.35 0.45 0.552 0.622 0.686 0.684
Generation: 18
fullpopTest 1.000000 0.742000 18 100 500 10 0 0 0.044 0.1 0.224 0.344 0.458 0.568 0.698 0.774 0.742
Generation: 19
fullpopTest 1.000000 0.760000 19 100 500 10 0 0.002 0.062 0.132 0.262 0.404 0.544 0.656 0.736 0.802 0.76
Generation: 20
fullpopTest 1.000000 0.794000 20 100 500 10 0 0 0.046 0.136 0.264 0.396 0.53 0.618 0.716 0.788 0.794
Generation: 21
fullpopTest 1.000000 0.832000 21 100 500 10 0 0.002 0.066 0.176 0.326 0.474 0.604 0.7 0.778 0.814 0.832
Generation: 22
fullpopTest 1.000000 0.860000 22 100 500 10 0 0.004 0.044 0.136 0.274 0.408 0.55 0.686 0.752 0.816 0.86
Generation: 23
fullpopTest 1.000000 0.876000 23 100 500 10 0 0.002 0.078 0.164 0.312 0.462 0.632 0.746 0.82 0.86 0.876
Generation: 24
fullpopTest 1.000000 0.902000 24 100 500 10 0 0.002 0.06 0.148 0.296 0.486 0.636 0.76 0.826 0.856 0.902
Generation: 25
fullpopTest 1.000000 0.906000 25 100 500 10 0 0 0.052 0.146 0.296 0.482 0.626 0.748 0.83 0.876 0.906
Generation: 26
fullpopTest 1.000000 0.918000 26 100 500 10 0 0.002 0.082 0.158 0.306 0.494 0.644 0.748 0.822 0.868 0.918
Generation: 27
fullpopTest 1.000000 0.940000 27 100 500 10 0 0.002 0.058 0.172 0.33 0.498 0.644 0.774 0.858 0.92 0.94
Generation: 28
fullpopTest 1.000000 0.952000 28 100 500 10 0 0.002 0.084 0.19 0.332 0.534 0.672 0.808 0.878 0.93 0.952
Generation: 29
fullpopTest 1.000000 0.968000 29 100 500 10 0 0.002 0.086 0.206 0.358 0.592 0.722 0.852 0.918 0.94 0.968
Generation: 30
fullpopTest 1.000000 0.968000 30 100 500 10 0 0.002 0.102 0.204 0.382 0.596 0.736 0.866 0.922 0.956 0.968
Generation: 31
fullpopTest 1.000000 0.972000 31 100 500 10 0 0.002 0.09 0.204 0.38 0.598 0.772 0.882 0.938 0.968 0.972
Generation: 32
fullpopTest 1.000000 0.972000 32 100 500 10 0 0.002 0.078 0.188 0.356 0.59 0.756 0.884 0.946 0.964 0.972
Generation: 33
fullpopTest 1.000000 0.980000 33 100 500 10 0 0.002 0.09 0.216 0.402 0.608 0.748 0.862 0.92 0.958 0.98
Generation: 34
fullpopTest 1.000000 0.980000 34 100 500 10 0 0.002 0.086 0.184 0.376 0.578 0.718 0.85 0.918 0.94 0.98
Generation: 35
fullpopTest 1.000000 0.982000 35 100 500 10 0 0.002 0.102 0.222 0.4 0.624 0.782 0.9 0.95 0.976 0.982
Generation: 36
fullpopTest 1.000000 0.988000 36 100 500 10 0 0.002 0.1 0.232 0.442 0.68 0.834 0.912 0.956 0.966 0.988
Generation: 37
fullpopTest 1.000000 0.988000 37 100 500 10 0 0.002 0.11 0.246 0.41 0.656 0.818 0.926 0.968 0.988 0.988
Generation: 38
fullpopTest 1.000000 0.988000 38 100 500 10 0 0.002 0.08 0.22 0.4 0.658 0.818 0.916 0.952 0.97 0.988
Generation: 39
fullpopTest 1.000000 0.996000 39 100 500 10 0 0 0.104 0.258 0.428 0.66 0.814 0.93 0.966 0.98 0.996
Generation: 40
fullpopTest 1.000000 0.996000 40 100 500 10 0 0.002 0.096 0.248 0.432 0.688 0.844 0.94 0.982 0.992 0.996
Generation: 41
fullpopTest 1.000000 0.996000 41 100 500 10 0 0.002 0.09 0.216 0.414 0.66 0.824 0.928 0.964 0.97 0.996
Generation: 42
fullpopTest 1.000000 0.998000 42 100 500 10 0 0.002 0.09 0.226 0.404 0.616 0.806 0.922 0.974 0.99 0.998
Generation: 43
fullpopTest 1.000000 1.000000 43 100 500 10 0 0.002 0.088 0.188 0.364 0.586 0.784 0.898 0.966 0.99 1
fullpopTest 1.000000 1.000000 44 100 500 10 0 0.002 0.094 0.222 0.4 0.618 0.822 0.928 0.972 0.992 1
Generation: 0
fullpopTest 1.000000 0.184000 0 100 500 10 0 0 0.008 0.018 0.038 0.056 0.08 0.1 0.124 0.158 0.184
Generation: 1
fullpopTest 1.000000 0.226000 1 100 500 10 0 0 0.016 0.03 0.052 0.074 0.104 0.144 0.18 0.202 0.226
Generation: 2
fullpopTest 1.000000 0.244000 2 100 500 10 0 0 0.008 0.018 0.04 0.074 0.112 0.152 0.182 0.224 0.244
Generation: 3
fullpopTest 1.000000 0.262000 3 100 500 10 0 0 0.016 0.028 0.054 0.08 0.12 0.154 0.186 0.22 0.262
Generation: 4
fullpopTest 1.000000 0.300000 4 100 500 10 0 0 0.002 0.026 0.058 0.096 0.138 0.178 0.22 0.286 0.3
Generation: 5
fullpopTest 1.000000 0.312000 5 100 500 10 0 0 0.004 0.024 0.05 0.09 0.134 0.194 0.26 0.306 0.312
Generation: 6
fullpopTest 1.000000 0.334000 6 100 500 10 0 0 0.01 0.052 0.09 0.13 0.166 0.208 0.264 0.312 0.334
Generation: 7
fullpopTest 1.000000 0.390000 7 100 500 10 0 0 0.014 0.048 0.084 0.17 0.22 0.278 0.336 0.388 0.39
Generation: 8
fullpopTest 1.000000 0.432000 8 100 500 10 0 0.002 0.018 0.054 0.134 0.19 0.24 0.318 0.374 0.434 0.432
Generation: 9
fullpopTest 1.000000 0.448000 9 100 500 10 0 0 0.014 0.06 0.106 0.158 0.216 0.284 0.35 0.406 0.448
Generation: 10
fullpopTest 1.000000 0.472000 10 100 500 10 0 0 0.01 0.058 0.104 0.186 0.262 0.32 0.382 0.454 0.472
Generation: 11
fullpopTest 1.000000 0.540000 11 100 500 10 0 0 0.014 0.066 0.122 0.214 0.292 0.368 0.462 0.524 0.54
Generation: 12
fullpopTest 1.000000 0.566000 12 100 500 10 0 0 0.02 0.078 0.156 0.24 0.308 0.394 0.472 0.558 0.566
Generation: 13
fullpopTest 1.000000 0.610000 13 100 500 10 0 0 0.026 0.08 0.142 0.258 0.338 0.42 0.492 0.558 0.61
Generation: 14
fullpopTest 1.000000 0.614000 14 100 500 10 0 0 0.014 0.084 0.164 0.246 0.338 0.42 0.52 0.606 0.614
Generation: 15
fullpopTest 1.000000 0.666000 15 100 500 10 0 0 0.028 0.082 0.186 0.254 0.354 0.436 0.534 0.61 0.666
Generation: 16
fullpopTest 1.000000 0.666000 16 100 500 10 0 0.002 0.036 0.104 0.198 0.304 0.378 0.482 0.586 0.656 0.666
Generation: 17
fullpopTest 1.000000 0.714000 17 100 500 10 0 0 0.024 0.11 0.216 0.312 0.416 0.52 0.63 0.71 0.714
Generation: 18
fullpopTest 1.000000 0.746000 18 100 500 10 0 0 0.036 0.12 0.216 0.332 0.442 0.534 0.636 0.706 0.746
Generation: 19
fullpopTest 1.000000 0.796000 19 100 500 10 0 0.002 0.032 0.124 0.246 0.356 0.482 0.604 0.684 0.76 0.796
Generation: 20
fullpopTest 1.000000 0.814000 20 100 500 10 0 0 0.032 0.136 0.256 0.364 0.502 0.608 0.704 0.784 0.814
Generation: 21
fullpopTest 1.000000 0.838000 21 100 500 10 0 0.002 0.042 0.134 0.26 0.41 0.528 0.644 0.73 0.796 0.838
Generation: 22
fullpopTest 1.000000 0.838000 22 100 500 10 0 0.002 0.036 0.136 0.254 0.352 0.474 0.588 0.7 0.786 0.838
Generation: 23
fullpopTest 1.000000 0.848000 23 100 500 10 0 0 0.054 0.156 0.308 0.46 0.594 0.712 0.788 0.848 0.848
Generation: 24
fullpopTest 1.000000 0.874000 24 100 500 10 0 0.004 0.058 0.172 0.32 0.46 0.574 0.69 0.788 0.864 0.874
Generation: 25
fullpopTest 1.000000 0.912000 25 100 500 10 0 0 0.05 0.186 0.34 0.488 0.646 0.742 0.826 0.89 0.912
Generation: 26
fullpopTest 1.000000 0.912000 26 100 500 10 0 0 0.04 0.172 0.336 0.48 0.634 0.73 0.828 0.884 0.912
Generation: 27
fullpopTest 1.000000 0.912000 27 100 500 10 0 0 0.056 0.188 0.358 0.502 0.658 0.772 0.83 0.89 0.912
Generation: 28
fullpopTest 1.000000 0.922000 28 100 500 10 0 0 0.064 0.19 0.366 0.554 0.694 0.822 0.89 0.936 0.922
Generation: 29
fullpopTest 1.000000 0.944000 29 100 500 10 0 0.004 0.054 0.186 0.372 0.548 0.704 0.812 0.878 0.93 0.944
Generation: 30
fullpopTest 1.000000 0.944000 30 100 500 10 0 0.002 0.06 0.19 0.358 0.522 0.684 0.798 0.858 0.91 0.944
Generation: 31
fullpopTest 1.000000 0.946000 31 100 500 10 0 0 0.06 0.2 0.39 0.546 0.714 0.808 0.888 0.936 0.946
Generation: 32
fullpopTest 1.000000 0.946000 32 100 500 10 0 0.002 0.068 0.222 0.392 0.554 0.706 0.822 0.902 0.954 0.946
Generation: 33
fullpopTest 1.000000 0.962000 33 100 500 10 0 0.002 0.082 0.23 0.42 0.618 0.748 0.86 0.928 0.958 0.962
Generation: 34
fullpopTest 1.000000 0.974000 34 100 500 10 0 0.002 0.074 0.238 0.424 0.606 0.754 0.872 0.924 0.958 0.974
Generation: 35
fullpopTest 1.000000 0.982000 35 100 500 10 0 0.002 0.088 0.222 0.42 0.62 0.784 0.894 0.942 0.97 0.982
Generation: 36
fullpopTest 1.000000 0.992000 36 100 500 10 0 0.002 0.104 0.248 0.43 0.642 0.794 0.902 0.95 0.98 0.992
Generation: 37
fullpopTest 1.000000 0.992000 37 100 500 10 0 0.004 0.082 0.24 0.454 0.644 0.792 0.9 0.956 0.976 0.992
Generation: 38
fullpopTest 1.000000 0.992000 38 100 500 10 0 0.004 0.078 0.234 0.412 0.642 0.796 0.904 0.962 0.98 0.992
Generation: 39
fullpopTest 1.000000 0.994000 39 100 500 10 0 0.002 0.104 0.27 0.472 0.702 0.854 0.944 0.984 0.994 0.994
Generation: 40
fullpopTest 1.000000 0.994000 40 100 500 10 0 0.004 0.096 0.3 0.484 0.714 0.854 0.94 0.98 0.99 0.994
Generation: 41
fullpopTest 1.000000 0.996000 41 100 500 10 0 0.002 0.1 0.29 0.484 0.716 0.858 0.942 0.978 0.994 0.996
Generation: 42
fullpopTest 1.000000 0.998000 42 100 500 10 0 0 0.1 0.294 0.486 0.714 0.842 0.94 0.976 0.988 0.998
Generation: 43
fullpopTest 1.000000 0.998000 43 100 500 10 0 0.004 0.1 0.27 0.44 0.652 0.824 0.902 0.95 0.982 0.998
Generation: 44
fullpopTest 1.000000 0.998000 44 100 500 10 0 0.002 0.096 0.262 0.45 0.686 0.84 0.914 0.96 0.98 0.998
Generation: 45
fullpopTest 1.000000 0.998000 45 100 500 10 0 0 0.082 0.258 0.442 0.648 0.792 0.92 0.968 0.986 0.998
Generation: 46
fullpopTest 1.000000 1.000000 46 100 500 10 0 0.002 0.094 0.328 0.58 0.806 0.918 0.97 0.994 0.996 1
fullpopTest 1.000000 1.000000 47 100 500 10 0 0.002 0.108 0.318 0.574 0.782 0.908 0.972 0.99 1 1
Generation: 0
fullpopTest 1.000000 0.208000 0 100 500 10 0 0 0.022 0.048 0.068 0.084 0.128 0.152 0.198 0.228 0.208
Generation: 1
fullpopTest 1.000000 0.244000 1 100 500 10 0 0 0.006 0.032 0.066 0.11 0.132 0.156 0.186 0.218 0.244
Generation: 2
fullpopTest 1.000000 0.246000 2 100 500 10 0 0 0.014 0.05 0.078 0.108 0.13 0.16 0.18 0.218 0.246
Generation: 3
fullpopTest 1.000000 0.262000 3 100 500 10 0 0 0.008 0.02 0.036 0.07 0.104 0.132 0.17 0.21 0.262
Generation: 4
fullpopTest 1.000000 0.298000 4 100 500 10 0 0 0.008 0.04 0.072 0.11 0.144 0.198 0.256 0.3 0.298
Generation: 5
fullpopTest 1.000000 0.340000 5 100 500 10 0 0.002 0.012 0.03 0.07 0.108 0.166 0.21 0.276 0.322 0.34
Generation: 6
fullpopTest 1.000000 0.404000 6 100 500 10 0 0 0.018 0.038 0.078 0.122 0.164 0.208 0.262 0.318 0.404
Generation: 7
fullpopTest 1.000000 0.458000 7 100 500 10 0 0 0.014 0.05 0.094 0.146 0.212 0.278 0.332 0.394 0.458
Generation: 8
fullpopTest 1.000000 0.458000 8 100 500 10 0 0 0.02 0.058 0.092 0.144 0.188 0.26 0.322 0.37 0.458
Generation: 9
fullpopTest 1.000000 0.458000 9 100 500 10 0 0.002 0.02 0.054 0.104 0.164 0.212 0.282 0.336 0.394 0.458
Generation: 10
fullpopTest 1.000000 0.484000 10 100 500 10 0 0 0.006 0.054 0.126 0.198 0.276 0.332 0.384 0.46 0.484
Generation: 11
fullpopTest 1.000000 0.510000 11 100 500 10 0 0 0.02 0.074 0.128 0.198 0.262 0.346 0.398 0.48 0.51
Generation: 12
fullpopTest 1.000000 0.556000 12 100 500 10 0 0 0.02 0.07 0.13 0.192 0.28 0.386 0.47 0.516 0.556
Generation: 13
fullpopTest 1.000000 0.556000 13 100 500 10 0 0 0.014 0.074 0.146 0.214 0.284 0.364 0.45 0.532 0.556
Generation: 14
fullpopTest 1.000000 0.602000 14 100 500 10 0 0 0.02 0.054 0.134 0.224 0.316 0.422 0.534 0.6 0.602
Generation: 15
fullpopTest 1.000000 0.606000 15 100 500 10 0 0 0.028 0.086 0.162 0.228 0.32 0.404 0.488 0.546 0.606
Generation: 16
fullpopTest 1.000000 0.616000 16 100 500 10 0 0 0.034 0.088 0.162 0.258 0.348 0.436 0.51 0.594 0.616
Generation: 17
fullpopTest 1.000000 0.690000 17 100 500 10 0 0 0.032 0.086 0.184 0.288 0.384 0.486 0.61 0.686 0.69
Generation: 18
fullpopTest 1.000000 0.720000 18 100 500 10 0 0 0.032 0.098 0.216 0.336 0.492 0.568 0.626 0.696 0.72
Generation: 19
fullpopTest 1.000000 0.728000 19 100 500 10 0 0 0.036 0.094 0.194 0.298 0.43 0.55 0.666 0.72 0.728
Generation: 20
fullpopTest 1.000000 0.766000 20 100 500 10 0 0.002 0.038 0.13 0.26 0.378 0.496 0.604 0.686 0.744 0.766
Generation: 21
fullpopTest 1.000000 0.794000 21 100 500 10 0 0.002 0.034 0.1 0.236 0.386 0.52 0.632 0.716 0.778 0.794
Generation: 22
fullpopTest 1.000000 0.838000 22 100 500 10 0 0.002 0.038 0.136 0.27 0.406 0.556 0.678 0.766 0.834 0.838
Generation: 23
fullpopTest 1.000000 0.874000 23 100 500 10 0 0 0.038 0.148 0.296 0.446 0.594 0.71 0.806 0.88 0.874
Generation: 24
fullpopTest 1.000000 0.910000 24 100 500 10 0 0.002 0.058 0.14 0.304 0.494 0.632 0.752 0.842 0.89 0.91
Generation: 25
fullpopTest 1.000000 0.920000 25 100 500 10 0 0.002 0.06 0.166 0.298 0.476 0.652 0.766 0.846 0.886 0.92
Generation: 26
fullpopTest 1.000000 0.930000 26 100 500 10 0 0 0.04 0.158 0.306 0.476 0.648 0.78 0.856 0.902 0.93
Generation: 27
fullpopTest 1.000000 0.936000 27 100 500 10 0 0 0.046 0.17 0.334 0.498 0.654 0.758 0.844 0.894 0.936
Generation: 28
fullpopTest 1.000000 0.948000 28 100 500 10 0 0.002 0.07 0.196 0.366 0.58 0.724 0.846 0.904 0.942 0.948
Generation: 29
fullpopTest 1.000000 0.952000 29 100 500 10 0 0.002 0.064 0.154 0.318 0.538 0.67 0.778 0.866 0.906 0.952
Generation: 30
fullpopTest 1.000000 0.952000 30 100 500 10 0 0.002 0.048 0.148 0.31 0.506 0.672 0.796 0.9 0.934 0.952
Generation: 31
fullpopTest 1.000000 0.958000 31 100 500 10 0 0 0.048 0.166 0.322 0.528 0.686 0.824 0.904 0.958 0.958
Generation: 32
fullpopTest 1.000000 0.974000 32 100 500 10 0 0.002 0.046 0.148 0.334 0.54 0.718 0.854 0.932 0.966 0.974
Generation: 33
fullpopTest 1.000000 0.978000 33 100 500 10 0 0 0.064 0.164 0.358 0.582 0.734 0.86 0.928 0.958 0.978
Generation: 34
fullpopTest 1.000000 0.978000 34 100 500 10 0 0.002 0.052 0.18 0.35 0.574 0.72 0.864 0.948 0.978 0.978
Generation: 35
fullpopTest 1.000000 0.982000 35 100 500 10 0 0.002 0.06 0.156 0.338 0.554 0.706 0.85 0.922 0.958 0.982
Generation: 36
fullpopTest 1.000000 0.984000 36 100 500 10 0 0.002 0.068 0.196 0.4 0.6 0.756 0.878 0.948 0.974 0.984
Generation: 37
fullpopTest 1.000000 0.984000 37 100 500 10 0 0.002 0.048 0.184 0.346 0.62 0.764 0.864 0.926 0.966 0.984
Generation: 38
fullpopTest 1.000000 0.990000 38 100 500 10 0 0.002 0.06 0.174 0.358 0.572 0.766 0.878 0.93 0.954 0.99
Generation: 39
fullpopTest 1.000000 0.990000 39 100 500 10 0 0 0.078 0.176 0.374 0.606 0.792 0.9 0.948 0.958 0.99
Generation: 40
fullpopTest 1.000000 0.994000 40 100 500 10 0 0 0.054 0.158 0.354 0.552 0.726 0.86 0.926 0.978 0.994
Generation: 41
fullpopTest 1.000000 0.994000 41 100 500 10 0 0 0.054 0.184 0.35 0.544 0.708 0.86 0.938 0.978 0.994
Generation: 42
fullpopTest 1.000000 0.994000 42 100 500 10 0 0.002 0.052 0.152 0.312 0.502 0.7 0.848 0.928 0.956 0.994
Generation: 43
fullpopTest 1.000000 0.996000 43 100 500 10 0 0.002 0.098 0.256 0.438 0.682 0.836 0.936 0.976 0.994 0.996
Generation: 44
fullpopTest 1.000000 0.996000 44 100 500 10 0 0.002 0.094 0.228 0.44 0.65 0.802 0.916 0.964 0.99 0.996
Generation: 45
fullpopTest 1.000000 0.998000 45 100 500 10 0 0 0.046 0.164 0.334 0.566 0.746 0.886 0.956 0.98 0.998
Generation: 46
fullpopTest 1.000000 0.998000 46 100 500 10 0 0.002 0.054 0.164 0.33 0.53 0.738 0.892 0.964 0.98 0.998
Generation: 47
fullpopTest 1.000000 0.998000 47 100 500 10 0 0.002 0.05 0.17 0.342 0.574 0.748 0.878 0.95 0.982 0.998
Generation: 48
fullpopTest 1.000000 0.998000 48 100 500 10 0 0 0.056 0.146 0.334 0.516 0.706 0.874 0.958 0.978 0.998
Generation: 49
fullpopTest 1.000000 0.998000 49 100 500 10 0 0.002 0.052 0.152 0.326 0.548 0.752 0.882 0.944 0.98 0.998
Generation: 50
fullpopTest 1.000000 0.998000 50 100 500 10 0 0.002 0.05 0.164 0.334 0.522 0.732 0.856 0.936 0.982 0.998
Generation: 51
fullpopTest 1.000000 1.000000 51 100 500 10 0 0.002 0.072 0.232 0.456 0.726 0.89 0.972 0.984 0.988 1
fullpopTest 1.000000 1.000000 52 100 500 10 0 0.002 0.082 0.226 0.454 0.69 0.88 0.978 0.998 0.998 1
Generation: 0
fullpopTest 1.000000 0.184000 0 100 500 10 0 0 0.002 0.004 0.02 0.042 0.062 0.098 0.114 0.152 0.184
Generation: 1
fullpopTest 1.000000 0.220000 1 100 500 10 0 0 0.004 0.018 0.044 0.074 0.102 0.144 0.18 0.204 0.22
Generation: 2
fullpopTest 1.000000 0.254000 2 100 500 10 0 0 0.008 0.028 0.046 0.08 0.114 0.16 0.206 0.236 0.254
Generation: 3
fullpopTest 1.000000 0.258000 3 100 500 10 0 0 0.006 0.03 0.048 0.07 0.124 0.162 0.21 0.262 0.258
Generation: 4
fullpopTest 1.000000 0.282000 4 100 500 10 0 0 0.012 0.028 0.046 0.072 0.1 0.154 0.188 0.216 0.282
Generation: 5
fullpopTest 1.000000 0.308000 5 100 500 10 0 0 0.014 0.034 0.068 0.098 0.144 0.19 0.238 0.272 0.308
Generation: 6
fullpopTest 1.000000 0.346000 6 100 500 10 0 0 0.014 0.044 0.092 0.128 0.17 0.224 0.28 0.324 0.346
Generation: 7
fullpopTest 1.000000 0.372000 7 100 500 10 0 0.002 0.006 0.04 0.072 0.128 0.19 0.25 0.316 0.374 0.372
Generation: 8
fullpopTest 1.000000 0.402000 8 100 500 10 0 0 0.008 0.046 0.088 0.144 0.198 0.264 0.332 0.406 0.402
Generation: 9
fullpopTest 1.000000 0.508000 9 100 500 10 0 0.002 0.014 0.05 0.116 0.178 0.256 0.34 0.432 0.508 0.508
Generation: 10
fullpopTest 1.000000 0.520000 10 100 500 10 0 0 0.016 0.064 0.124 0.222 0.318 0.412 0.486 0.59 0.52
Generation: 11
fullpopTest 1.000000 0.604000 11 100 500 10 0 0 0.01 0.046 0.126 0.222 0.346 0.436 0.508 0.592 0.604
Generation: 12
fullpopTest 1.000000 0.622000 12 100 500 10 0 0 0.026 0.086 0.168 0.26 0.366 0.466 0.534 0.628 0.622
Generation: 13
fullpopTest 1.000000 0.622000 13 100 500 10 0 0 0.02 0.062 0.14 0.216 0.348 0.44 0.514 0.618 0.622
Generation: 14
fullpopTest 1.000000 0.658000 14 100 500 10 0 0 0.028 0.082 0.17 0.274 0.402 0.49 0.594 0.658 0.658
Generation: 15
fullpopTest 1.000000 0.674000 15 100 500 10 0 0.002 0.016 0.082 0.188 0.274 0.378 0.484 0.58 0.646 0.674
Generation: 16
fullpopTest 1.000000 0.700000 16 100 500 10 0 0 0.038 0.114 0.212 0.302 0.396 0.486 0.586 0.68 0.7
Generation: 17
fullpopTest 1.000000 0.714000 17 100 500 10 0 0.004 0.036 0.104 0.234 0.354 0.468 0.548 0.634 0.708 0.714
Generation: 18
fullpopTest 1.000000 0.776000 18 100 500 10 0 0 0.012 0.102 0.208 0.306 0.43 0.552 0.644 0.724 0.776
Generation: 19
fullpopTest 1.000000 0.776000 19 100 500 10 0 0.002 0.024 0.102 0.218 0.314 0.432 0.566 0.66 0.73 0.776
Generation: 20
fullpopTest 1.000000 0.806000 20 100 500 10 0 0 0.02 0.086 0.234 0.37 0.49 0.586 0.688 0.762 0.806
Generation: 21
fullpopTest 1.000000 0.834000 21 100 500 10 0 0 0.032 0.124 0.254 0.384 0.516 0.64 0.744 0.826 0.834
Generation: 22
fullpopTest 1.000000 0.842000 22 100 500 10 0 0 0.026 0.114 0.286 0.44 0.566 0.684 0.764 0.846 0.842
Generation: 23
fullpopTest 1.000000 0.870000 23 100 500 10 0 0.004 0.048 0.138 0.278 0.42 0.582 0.688 0.796 0.858 0.87
Generation: 24
fullpopTest 1.000000 0.884000 24 100 500 10 0 0 0.048 0.164 0.292 0.398 0.556 0.694 0.77 0.838 0.884
Generation: 25
fullpopTest 1.000000 0.898000 25 100 500 10 0 0 0.06 0.17 0.284 0.442 0.584 0.704 0.808 0.878 0.898
Generation: 26
fullpopTest 1.000000 0.916000 26 100 500 10 0 0.002 0.04 0.154 0.322 0.496 0.646 0.776 0.872 0.942 0.916
Generation: 27
fullpopTest 1.000000 0.930000 27 100 500 10 0 0.002 0.03 0.128 0.286 0.486 0.646 0.762 0.876 0.932 0.93
Generation: 28
fullpopTest 1.000000 0.940000 28 100 500 10 0 0 0.064 0.218 0.378 0.568 0.694 0.812 0.88 0.93 0.94
Generation: 29
fullpopTest 1.000000 0.940000 29 100 500 10 0 0.002 0.06 0.19 0.382 0.528 0.662 0.8 0.872 0.928 0.94
Generation: 30
fullpopTest 1.000000 0.956000 30 100 500 10 0 0 0.042 0.138 0.292 0.506 0.66 0.802 0.89 0.934 0.956
Generation: 31
fullpopTest 1.000000 0.962000 31 100 500 10 0 0.004 0.04 0.146 0.328 0.53 0.688 0.83 0.91 0.952 0.962
Generation: 32
fullpopTest 1.000000 0.964000 32 100 500 10 0 0.002 0.068 0.214 0.394 0.612 0.732 0.844 0.91 0.96 0.964
Generation: 33
fullpopTest 1.000000 0.982000 33 100 500 10 0 0.002 0.042 0.154 0.36 0.598 0.768 0.876 0.934 0.966 0.982
Generation: 34
fullpopTest 1.000000 0.986000 34 100 500 10 0 0 0.052 0.16 0.33 0.558 0.744 0.866 0.938 0.964 0.986
Generation: 35
fullpopTest 1.000000 0.986000 35 100 500 10 0 0 0.03 0.16 0.348 0.572 0.736 0.862 0.934 0.97 0.986
Generation: 36
fullpopTest 1.000000 0.988000 36 100 500 10 0 0.004 0.048 0.196 0.372 0.61 0.778 0.906 0.96 0.988 0.988
Generation: 37
fullpopTest 1.000000 0.992000 37 100 500 10 0 0.004 0.064 0.226 0.416 0.64 0.828 0.948 0.986 0.996 0.992
Generation: 38
fullpopTest 1.000000 0.996000 38 100 500 10 0 0 0.036 0.19 0.36 0.632 0.816 0.928 0.982 0.99 0.996
Generation: 39
fullpopTest 1.000000 0.996000 39 100 500 10 0 0.004 0.056 0.17 0.392 0.618 0.784 0.912 0.972 0.998 0.996
Generation: 40
fullpopTest 1.000000 0.998000 40 100 500 10 0 0.002 0.046 0.174 0.344 0.554 0.754 0.884 0.936 0.98 0.998
Generation: 41
fullpopTest 1.000000 0.998000 41 100 500 10 0 0 0.048 0.154 0.332 0.546 0.746 0.88 0.956 0.986 0.998
Generation: 42
fullpopTest 1.000000 1.000000 42 100 500 10 0 0.002 0.058 0.174 0.356 0.62 0.782 0.936 0.982 0.992 1
fullpopTest 1.000000 1.000000 43 100 500 10 0 0 0.054 0.184 0.37 0.616 0.792 0.906 0.968 0.992 1
Generation: 0
fullpopTest 1.000000 0.174000 0 100 500 10 0 0 0.002 0.008 0.022 0.044 0.06 0.086 0.12 0.148 0.174
Generation: 1
fullpopTest 1.000000 0.192000 1 100 500 10 0 0 0.012 0.032 0.062 0.082 0.1 0.138 0.168 0.204 0.192
Generation: 2
fullpopTest 1.000000 0.210000 2 100 500 10 0 0 0.006 0.022 0.038 0.064 0.084 0.118 0.134 0.156 0.21
Generation: 3
fullpopTest 1.000000 0.258000 3 100 500 10 0 0 0.01 0.028 0.052 0.096 0.122 0.16 0.2 0.224 0.258
Generation: 4
fullpopTest 1.000000 0.258000 4 100 500 10 0 0 0.016 0.042 0.072 0.108 0.132 0.16 0.19 0.228 0.258
Generation: 5
fullpopTest 1.000000 0.274000 5 100 500 10 0 0.002 0.01 0.03 0.048 0.082 0.116 0.166 0.206 0.242 0.274
Generation: 6
fullpopTest 1.000000 0.276000 6 100 500 10 0 0 0.012 0.044 0.08 0.106 0.146 0.178 0.216 0.24 0.276
Generation: 7
fullpopTest 1.000000 0.298000 7 100 500 10 0 0 0.008 0.044 0.094 0.118 0.162 0.21 0.258 0.308 0.298
Generation: 8
fullpopTest 1.000000 0.352000 8 100 500 10 0 0 0.008 0.028 0.06 0.1 0.154 0.196 0.26 0.3 0.352
Generation: 9
fullpopTest 1.000000 0.380000 9 100 500 10 0 0 0.008 0.034 0.068 0.106 0.162 0.206 0.254 0.314 0.38
Generation: 10
fullpopTest 1.000000 0.408000 10 100 500 10 0 0.002 0.01 0.05 0.09 0.154 0.212 0.268 0.328 0.376 0.408
Generation: 11
fullpopTest 1.000000 0.430000 11 100 500 10 0 0 0.012 0.054 0.096 0.148 0.2 0.252 0.318 0.39 0.43
Generation: 12
fullpopTest 1.000000 0.470000 12 100 500 10 0 0 0.016 0.076 0.132 0.198 0.272 0.336 0.394 0.436 0.47
Generation: 13
fullpopTest 1.000000 0.526000 13 100 500 10 0 0 0.028 0.074 0.144 0.21 0.282 0.37 0.414 0.482 0.526
Generation: 14
fullpopTest 1.000000 0.554000 14 100 500 10 0 0.004 0.04 0.116 0.184 0.254 0.34 0.412 0.486 0.56 0.554
Generation: 15
fullpopTest 1.000000 0.586000 15 100 500 10 0 0.002 0.032 0.094 0.18 0.26 0.348 0.424 0.496 0.53 0.586
Generation: 16
fullpopTest 1.000000 0.620000 16 100 500 10 0 0 0.024 0.11 0.176 0.276 0.374 0.438 0.492 0.548 0.62
Generation: 17
fullpopTest 1.000000 0.624000 17 100 500 10 0 0.004 0.04 0.11 0.204 0.276 0.38 0.466 0.542 0.602 0.624
Generation: 18
fullpopTest 1.000000 0.690000 18 100 500 10 0 0 0.046 0.128 0.236 0.354 0.438 0.51 0.576 0.636 0.69
Generation: 19
fullpopTest 1.000000 0.690000 19 100 500 10 0 0 0.036 0.13 0.238 0.338 0.44 0.52 0.616 0.674 0.69
Generation: 20
fullpopTest 1.000000 0.736000 20 100 500 10 0 0 0.038 0.12 0.262 0.376 0.51 0.584 0.672 0.742 0.736
Generation: 21
fullpopTest 1.000000 0.768000 21 100 500 10 0 0 0.048 0.134 0.294 0.406 0.512 0.604 0.692 0.76 0.768
Generation: 22
fullpopTest 1.000000 0.796000 22 100 500 10 0 0.002 0.042 0.14 0.27 0.37 0.516 0.602 0.696 0.752 0.796
Generation: 23
fullpopTest 1.000000 0.804000 23 100 500 10 0 0 0.042 0.138 0.248 0.386 0.494 0.614 0.708 0.768 0.804
Generation: 24
fullpopTest 1.000000 0.834000 24 100 500 10 0 0 0.042 0.162 0.31 0.432 0.566 0.684 0.758 0.81 0.834
Generation: 25
fullpopTest 1.000000 0.834000 25 100 500 10 0 0.002 0.048 0.152 0.278 0.422 0.548 0.646 0.73 0.788 0.834
Generation: 26
fullpopTest 1.000000 0.860000 26 100 500 10 0 0 0.038 0.14 0.276 0.418 0.57 0.682 0.778 0.85 0.86
Generation: 27
fullpopTest 1.000000 0.874000 27 100 500 10 0 0.004 0.064 0.182 0.354 0.5 0.64 0.738 0.81 0.872 0.874
Generation: 28
fullpopTest 1.000000 0.878000 28 100 500 10 0 0 0.042 0.12 0.26 0.382 0.544 0.65 0.738 0.806 0.878
Generation: 29
fullpopTest 1.000000 0.890000 29 100 500 10 0 0 0.044 0.152 0.292 0.462 0.61 0.69 0.76 0.828 0.89
Generation: 30
fullpopTest 1.000000 0.894000 30 100 500 10 0 0 0.062 0.188 0.352 0.504 0.634 0.748 0.828 0.886 0.894
Generation: 31
fullpopTest 1.000000 0.908000 31 100 500 10 0 0 0.06 0.172 0.37 0.532 0.698 0.806 0.872 0.912 0.908
Generation: 32
fullpopTest 1.000000 0.926000 32 100 500 10 0 0 0.072 0.176 0.344 0.52 0.656 0.824 0.906 0.934 0.926
Generation: 33
fullpopTest 1.000000 0.938000 33 100 500 10 0 0.004 0.066 0.206 0.368 0.54 0.69 0.804 0.866 0.92 0.938
Generation: 34
fullpopTest 1.000000 0.952000 34 100 500 10 0 0.002 0.058 0.184 0.356 0.564 0.706 0.832 0.902 0.952 0.952
Generation: 35
fullpopTest 1.000000 0.956000 35 100 500 10 0 0.004 0.066 0.224 0.41 0.568 0.706 0.812 0.89 0.934 0.956
Generation: 36
fullpopTest 1.000000 0.960000 36 100 500 10 0 0.004 0.08 0.202 0.364 0.554 0.726 0.83 0.908 0.956 0.96
Generation: 37
fullpopTest 1.000000 0.980000 37 100 500 10 0 0.002 0.074 0.224 0.414 0.646 0.79 0.898 0.954 0.97 0.98
Generation: 38
fullpopTest 1.000000 0.980000 38 100 500 10 0 0.004 0.09 0.258 0.436 0.66 0.816 0.92 0.968 0.984 0.98
Generation: 39
fullpopTest 1.000000 0.986000 39 100 500 10 0 0.004 0.072 0.238 0.412 0.648 0.822 0.918 0.968 0.984 0.986
Generation: 40
fullpopTest 1.000000 0.990000 40 100 500 10 0 0.002 0.066 0.224 0.416 0.606 0.788 0.902 0.964 0.984 0.99
Generation: 41
fullpopTest 1.000000 0.990000 41 100 500 10 0 0.002 0.094 0.248 0.414 0.618 0.788 0.902 0.948 0.976 0.99
Generation: 42
fullpopTest 1.000000 0.992000 42 100 500 10 0 0.002 0.066 0.232 0.446 0.668 0.824 0.912 0.972 0.99 0.992
Generation: 43
fullpopTest 1.000000 0.992000 43 100 500 10 0 0.002 0.08 0.222 0.444 0.666 0.812 0.926 0.972 0.988 0.992
Generation: 44
fullpopTest 1.000000 0.998000 44 100 500 10 0 0 0.092 0.248 0.418 0.654 0.83 0.91 0.972 0.992 0.998
Generation: 45
fullpopTest 1.000000 0.998000 45 100 500 10 0 0.002 0.088 0.252 0.46 0.686 0.848 0.936 0.98 0.992 0.998
Generation: 46
fullpopTest 1.000000 1.000000 46 100 500 10 0 0 0.088 0.268 0.504 0.726 0.866 0.966 0.996 1 1
fullpopTest 1.000000 1.000000 47 100 500 10 0 0 0.09 0.246 0.476 0.736 0.898 0.97 0.996 0.998 1
Generation: 0
fullpopTest 1.000000 0.184000 0 100 500 10 0 0 0 0.016 0.034 0.052 0.078 0.11 0.142 0.166 0.184
Generation: 1
fullpopTest 1.000000 0.202000 1 100 500 10 0 0 0.01 0.028 0.056 0.072 0.104 0.134 0.164 0.22 0.202
Generation: 2
fullpopTest 1.000000 0.232000 2 100 500 10 0 0 0.01 0.02 0.05 0.082 0.1 0.136 0.176 0.22 0.232
Generation: 3
fullpopTest 1.000000 0.288000 3 100 500 10 0 0 0.016 0.03 0.068 0.106 0.158 0.21 0.254 0.298 0.288
Generation: 4
fullpopTest 1.000000 0.322000 4 100 500 10 0 0 0.008 0.03 0.08 0.128 0.186 0.228 0.286 0.346 0.322
Generation: 5
fullpopTest 1.000000 0.384000 5 100 500 10 0 0 0.01 0.038 0.076 0.114 0.168 0.222 0.276 0.34 0.384
Generation: 6
fullpopTest 1.000000 0.394000 6 100 500 10 0 0 0.01 0.056 0.102 0.148 0.202 0.248 0.312 0.35 0.394
Generation: 7
fullpopTest 1.000000 0.430000 7 100 500 10 0 0 0.018 0.06 0.116 0.174 0.232 0.302 0.368 0.426 0.43
Generation: 8
fullpopTest 1.000000 0.442000 8 100 500 10 0 0 0.01 0.048 0.104 0.16 0.218 0.272 0.31 0.376 0.442
Generation: 9
fullpopTest 1.000000 0.496000 9 100 500 10 0 0 0.014 0.05 0.116 0.194 0.274 0.34 0.408 0.486 0.496
Generation: 10
fullpopTest 1.000000 0.540000 10 100 500 10 0 0.002 0.024 0.076 0.146 0.228 0.294 0.354 0.444 0.512 0.54
Generation: 11
fullpopTest 1.000000 0.572000 11 100 500 10 0 0.002 0.02 0.08 0.15 0.234 0.324 0.416 0.468 0.542 0.572
Generation: 12
fullpopTest 1.000000 0.596000 12 100 500 10 0 0 0.024 0.082 0.148 0.238 0.33 0.42 0.5 0.572 0.596
Generation: 13
fullpopTest 1.000000 0.636000 13 100 500 10 0 0 0.038 0.116 0.198 0.296 0.386 0.488 0.568 0.66 0.636
Generation: 14
fullpopTest 1.000000 0.636000 14 100 500 10 0 0 0.024 0.08 0.182 0.272 0.368 0.448 0.532 0.624 0.636
Generation: 15
fullpopTest 1.000000 0.674000 15 100 500 10 0 0.002 0.042 0.128 0.202 0.31 0.414 0.524 0.606 0.676 0.674
Generation: 16
fullpopTest 1.000000 0.688000 16 100 500 10 0 0 0.02 0.094 0.182 0.284 0.43 0.516 0.596 0.678 0.688
Generation: 17
fullpopTest 1.000000 0.716000 17 100 500 10 0 0 0.024 0.1 0.21 0.316 0.444 0.558 0.676 0.744 0.716
Generation: 18
fullpopTest 1.000000 0.738000 18 100 500 10 0 0 0.032 0.11 0.19 0.324 0.442 0.524 0.62 0.676 0.738
Generation: 19
fullpopTest 1.000000 0.758000 19 100 500 10 0 0.002 0.04 0.126 0.258 0.36 0.492 0.576 0.66 0.722 0.758
Generation: 20
fullpopTest 1.000000 0.780000 20 100 500 10 0 0 0.038 0.13 0.274 0.394 0.53 0.63 0.738 0.816 0.78
Generation: 21
fullpopTest 1.000000 0.812000 21 100 500 10 0 0 0.028 0.132 0.252 0.376 0.526 0.642 0.76 0.82 0.812
Generation: 22
fullpopTest 1.000000 0.842000 22 100 500 10 0 0.002 0.042 0.142 0.29 0.444 0.554 0.646 0.764 0.844 0.842
Generation: 23
fullpopTest 1.000000 0.848000 23 100 500 10 0 0.002 0.06 0.152 0.274 0.396 0.53 0.65 0.752 0.826 0.848
Generation: 24
fullpopTest 1.000000 0.902000 24 100 500 10 0 0 0.042 0.164 0.344 0.488 0.65 0.752 0.836 0.886 0.902
Generation: 25
fullpopTest 1.000000 0.916000 25 100 500 10 0 0.002 0.062 0.18 0.336 0.484 0.63 0.74 0.818 0.874 0.916
Generation: 26
fullpopTest 1.000000 0.916000 26 100 500 10 0 0.002 0.048 0.142 0.294 0.49 0.632 0.768 0.85 0.902 0.916
Generation: 27
fullpopTest 1.000000 0.924000 27 100 500 10 0 0.004 0.056 0.148 0.326 0.48 0.646 0.776 0.868 0.906 0.924
Generation: 28
fullpopTest 1.000000 0.946000 28 100 500 10 0 0.002 0.078 0.204 0.372 0.588 0.732 0.82 0.888 0.932 0.946
Generation: 29
fullpopTest 1.000000 0.946000 29 100 500 10 0 0.002 0.056 0.198 0.368 0.59 0.73 0.818 0.888 0.936 0.946
Generation: 30
fullpopTest 1.000000 0.960000 30 100 500 10 0 0 0.058 0.192 0.366 0.572 0.74 0.854 0.918 0.956 0.96
Generation: 31
fullpopTest 1.000000 0.974000 31 100 500 10 0 0 0.084 0.21 0.408 0.588 0.748 0.852 0.918 0.96 0.974
Generation: 32
fullpopTest 1.000000 0.974000 32 100 500 10 0 0 0.058 0.196 0.364 0.57 0.726 0.848 0.926 0.97 0.974
Generation: 33
fullpopTest 1.000000 0.976000 33 100 500 10 0 0.002 0.06 0.188 0.352 0.552 0.722 0.838 0.918 0.954 0.976
Generation: 34
fullpopTest 1.000000 0.980000 34 100 500 10 0 0 0.076 0.204 0.4 0.616 0.784 0.886 0.938 0.964 0.98
Generation: 35
fullpopTest 1.000000 0.982000 35 100 500 10 0 0.002 0.044 0.186 0.378 0.584 0.76 0.89 0.942 0.968 0.982
Generation: 36
fullpopTest 1.000000 0.982000 36 100 500 10 0 0 0.066 0.2 0.392 0.586 0.736 0.868 0.942 0.972 0.982
Generation: 37
fullpopTest 1.000000 0.984000 37 100 500 10 0 0 0.072 0.204 0.38 0.634 0.802 0.922 0.964 0.974 0.984
Generation: 38
fullpopTest 1.000000 0.994000 38 100 500 10 0 0 0.064 0.202 0.37 0.6 0.778 0.892 0.95 0.978 0.994
Generation: 39
fullpopTest 1.000000 0.994000 39 100 500 10 0 0.002 0.062 0.208 0.376 0.622 0.774 0.896 0.958 0.98 0.994
Generation: 40
fullpopTest 1.000000 0.994000 40 100 500 10 0 0 0.05 0.202 0.408 0.618 0.798 0.916 0.958 0.99 0.994
Generation: 41
fullpopTest 1.000000 1.000000 41 100 500 10 0 0.002 0.088 0.224 0.448 0.664 0.822 0.932 0.974 0.99 1
fullpopTest 1.000000 1.000000 42 100 500 10 0 0.002 0.098 0.234 0.446 0.672 0.826 0.93 0.974 0.988 1
Generation: 0
fullpopTest 1.000000 0.180000 0 100 500 10 0 0 0.014 0.032 0.056 0.084 0.096 0.126 0.148 0.172 0.18
Generation: 1
fullpopTest 1.000000 0.204000 1 100 500 10 0 0 0.01 0.02 0.028 0.054 0.072 0.104 0.14 0.17 0.204
Generation: 2
fullpopTest 1.000000 0.248000 2 100 500 10 0 0 0.004 0.016 0.032 0.056 0.076 0.106 0.148 0.188 0.248
Generation: 3
fullpopTest 1.000000 0.252000 3 100 500 10 0 0.002 0.006 0.018 0.04 0.064 0.092 0.122 0.172 0.208 0.252
Generation: 4
fullpopTest 1.000000 0.296000 4 100 500 10 0 0 0.012 0.036 0.058 0.096 0.148 0.192 0.232 0.292 0.296
Generation: 5
fullpopTest 1.000000 0.354000 5 100 500 10 0 0.002 0.006 0.036 0.068 0.13 0.188 0.238 0.306 0.344 0.354
Generation: 6
fullpopTest 1.000000 0.390000 6 100 500 10 0 0.002 0.02 0.044 0.076 0.13 0.17 0.224 0.278 0.332 0.39
Generation: 7
fullpopTest 1.000000 0.402000 7 100 500 10 0 0 0.014 0.05 0.11 0.168 0.23 0.306 0.346 0.402 0.402
Generation: 8
fullpopTest 1.000000 0.416000 8 100 500 10 0 0 0.016 0.046 0.08 0.134 0.188 0.258 0.32 0.382 0.416
Generation: 9
fullpopTest 1.000000 0.418000 9 100 500 10 0 0 0.014 0.038 0.08 0.152 0.212 0.276 0.334 0.396 0.418
Generation: 10
fullpopTest 1.000000 0.450000 10 100 500 10 0 0 0.012 0.062 0.11 0.16 0.212 0.296 0.362 0.436 0.45
Generation: 11
fullpopTest 1.000000 0.492000 11 100 500 10 0 0 0.022 0.064 0.118 0.192 0.292 0.356 0.444 0.524 0.492
Generation: 12
fullpopTest 1.000000 0.540000 12 100 500 10 0 0.002 0.022 0.06 0.11 0.19 0.272 0.352 0.424 0.466 0.54
Generation: 13
fullpopTest 1.000000 0.556000 13 100 500 10 0 0 0.016 0.066 0.138 0.206 0.262 0.354 0.412 0.484 0.556
Generation: 14
fullpopTest 1.000000 0.598000 14 100 500 10 0 0.002 0.028 0.074 0.13 0.232 0.296 0.412 0.496 0.578 0.598
Generation: 15
fullpopTest 1.000000 0.614000 15 100 500 10 0 0.002 0.03 0.086 0.182 0.26 0.344 0.45 0.532 0.604 0.614
Generation: 16
fullpopTest 1.000000 0.640000 16 100 500 10 0 0 0.024 0.08 0.142 0.242 0.328 0.402 0.5 0.57 0.64
Generation: 17
fullpopTest 1.000000 0.640000 17 100 500 10 0 0.002 0.024 0.084 0.176 0.274 0.36 0.458 0.562 0.634 0.64
Generation: 18
fullpopTest 1.000000 0.676000 18 100 500 10 0 0 0.028 0.092 0.172 0.266 0.356 0.45 0.546 0.606 0.676
Generation: 19
fullpopTest 1.000000 0.724000 19 100 500 10 0 0 0.03 0.104 0.188 0.334 0.424 0.544 0.644 0.706 0.724
Generation: 20
fullpopTest 1.000000 0.736000 20 100 500 10 0 0.002 0.038 0.11 0.206 0.36 0.48 0.572 0.652 0.714 0.736
Generation: 21
fullpopTest 1.000000 0.762000 21 100 500 10 0 0 0.036 0.114 0.216 0.352 0.472 0.552 0.626 0.716 0.762
Generation: 22
fullpopTest 1.000000 0.792000 22 100 500 10 0 0.002 0.04 0.14 0.24 0.358 0.468 0.566 0.656 0.726 0.792
Generation: 23
fullpopTest 1.000000 0.792000 23 100 500 10 0 0 0.042 0.108 0.212 0.316 0.462 0.574 0.684 0.738 0.792
Generation: 24
fullpopTest 1.000000 0.812000 24 100 500 10 0 0 0.036 0.132 0.236 0.4 0.494 0.624 0.702 0.776 0.812
Generation: 25
fullpopTest 1.000000 0.838000 25 100 500 10 0 0.004 0.032 0.118 0.254 0.41 0.534 0.644 0.736 0.818 0.838
Generation: 26
fullpopTest 1.000000 0.872000 26 100 500 10 0 0 0.054 0.144 0.252 0.416 0.538 0.656 0.766 0.836 0.872
Generation: 27
fullpopTest 1.000000 0.886000 27 100 500 10 0 0 0.038 0.146 0.292 0.466 0.618 0.718 0.808 0.868 0.886
Generation: 28
fullpopTest 1.000000 0.886000 28 100 500 10 0 0.002 0.044 0.138 0.276 0.43 0.604 0.722 0.792 0.858 0.886
Generation: 29
fullpopTest 1.000000 0.886000 29 100 500 10 0 0 0.042 0.142 0.266 0.438 0.566 0.686 0.786 0.848 0.886
Generation: 30
fullpopTest 1.000000 0.922000 30 100 500 10 0 0 0.032 0.126 0.278 0.44 0.614 0.732 0.818 0.878 0.922
Generation: 31
fullpopTest 1.000000 0.924000 31 100 500 10 0 0 0.052 0.154 0.286 0.468 0.596 0.73 0.816 0.884 0.924
Generation: 32
fullpopTest 1.000000 0.928000 32 100 500 10 0 0 0.074 0.192 0.36 0.548 0.67 0.788 0.86 0.91 0.928
Generation: 33
fullpopTest 1.000000 0.950000 33 100 500 10 0 0 0.046 0.148 0.31 0.494 0.654 0.772 0.882 0.934 0.95
Generation: 34
fullpopTest 1.000000 0.950000 34 100 500 10 0 0.002 0.056 0.168 0.332 0.512 0.714 0.832 0.906 0.938 0.95
Generation: 35
fullpopTest 1.000000 0.950000 35 100 500 10 0 0 0.042 0.164 0.31 0.48 0.69 0.836 0.924 0.956 0.95
Generation: 36
fullpopTest 1.000000 0.960000 36 100 500 10 0 0.002 0.082 0.216 0.402 0.546 0.732 0.86 0.918 0.96 0.96
Generation: 37
fullpopTest 1.000000 0.964000 37 100 500 10 0 0.004 0.054 0.156 0.32 0.496 0.68 0.806 0.894 0.938 0.964
Generation: 38
fullpopTest 1.000000 0.966000 38 100 500 10 0 0.002 0.058 0.186 0.37 0.532 0.722 0.848 0.918 0.948 0.966
Generation: 39
fullpopTest 1.000000 0.966000 39 100 500 10 0 0 0.07 0.19 0.386 0.556 0.714 0.84 0.92 0.952 0.966
Generation: 40
fullpopTest 1.000000 0.976000 40 100 500 10 0 0.002 0.07 0.2 0.396 0.556 0.712 0.858 0.94 0.97 0.976
Generation: 41
fullpopTest 1.000000 0.976000 41 100 500 10 0 0.002 0.07 0.198 0.378 0.548 0.724 0.852 0.92 0.964 0.976
Generation: 42
fullpopTest 1.000000 0.976000 42 100 500 10 0 0.004 0.06 0.188 0.408 0.596 0.792 0.902 0.956 0.976 0.976
Generation: 43
fullpopTest 1.000000 0.984000 43 100 500 10 0 0.002 0.062 0.192 0.426 0.608 0.758 0.854 0.922 0.964 0.984
Generation: 44
fullpopTest 1.000000 0.984000 44 100 500 10 0 0 0.076 0.198 0.382 0.564 0.742 0.874 0.932 0.972 0.984
Generation: 45
fullpopTest 1.000000 0.988000 45 100 500 10 0 0.002 0.078 0.212 0.396 0.604 0.788 0.884 0.936 0.966 0.988
Generation: 46
fullpopTest 1.000000 0.988000 46 100 500 10 0 0.002 0.062 0.198 0.396 0.578 0.756 0.862 0.924 0.96 0.988
Generation: 47
fullpopTest 1.000000 0.990000 47 100 500 10 0 0.004 0.092 0.242 0.48 0.656 0.824 0.918 0.964 0.978 0.99
Generation: 48
fullpopTest 1.000000 0.990000 48 100 500 10 0 0.004 0.07 0.214 0.458 0.67 0.814 0.908 0.954 0.976 0.99
Generation: 49
fullpopTest 1.000000 0.992000 49 100 500 10 0 0 0.078 0.204 0.406 0.59 0.78 0.88 0.95 0.98 0.992
Generation: 50
fullpopTest 1.000000 0.992000 50 100 500 10 0 0.002 0.076 0.2 0.394 0.592 0.764 0.878 0.926 0.968 0.992
Generation: 51
fullpopTest 1.000000 0.998000 51 100 500 10 0 0.002 0.108 0.266 0.488 0.676 0.818 0.922 0.97 0.986 0.998
Generation: 52
fullpopTest 1.000000 0.998000 52 100 500 10 0 0.004 0.1 0.282 0.468 0.626 0.778 0.894 0.956 0.982 0.998
Generation: 53
fullpopTest 1.000000 0.998000 53 100 500 10 0 0 0.112 0.254 0.458 0.652 0.83 0.916 0.95 0.978 0.998
Generation: 54
fullpopTest 1.000000 0.998000 54 100 500 10 0 0.002 0.092 0.264 0.454 0.638 0.834 0.932 0.978 0.994 0.998
Generation: 55
fullpopTest 1.000000 0.998000 55 100 500 10 0 0.002 0.104 0.274 0.474 0.668 0.838 0.934 0.98 0.994 0.998
Generation: 56
fullpopTest 1.000000 0.998000 56 100 500 10 0 0.002 0.094 0.278 0.48 0.68 0.836 0.924 0.976 0.992 0.998
Generation: 57
fullpopTest 1.000000 0.998000 57 100 500 10 0 0 0.098 0.258 0.474 0.676 0.826 0.928 0.986 0.994 0.998
Generation: 58
fullpopTest 1.000000 0.998000 58 100 500 10 0 0 0.094 0.268 0.464 0.668 0.856 0.928 0.978 0.992 0.998
Generation: 59
fullpopTest 1.000000 0.998000 59 100 500 10 0 0.002 0.098 0.262 0.46 0.656 0.834 0.926 0.97 0.986 0.998
Generation: 60
fullpopTest 1.000000 0.998000 60 100 500 10 0 0.004 0.092 0.234 0.446 0.628 0.788 0.92 0.972 0.99 0.998
Generation: 61
fullpopTest 1.000000 1.000000 61 100 500 10 0 0.002 0.096 0.236 0.466 0.68 0.838 0.932 0.974 0.988 1
fullpopTest 1.000000 1.000000 62 100 500 10 0 0 0.096 0.244 0.466 0.706 0.858 0.938 0.982 0.994 1
Generation: 0
fullpopTest 1.000000 0.176000 0 100 500 10 0 0 0.012 0.032 0.052 0.07 0.102 0.13 0.164 0.188 0.176
Generation: 1
fullpopTest 1.000000 0.216000 1 100 500 10 0 0 0.006 0.026 0.054 0.076 0.108 0.128 0.152 0.176 0.216
Generation: 2
fullpopTest 1.000000 0.228000 2 100 500 10 0 0.002 0.018 0.038 0.056 0.084 0.114 0.138 0.17 0.198 0.228
Generation: 3
fullpopTest 1.000000 0.288000 3 100 500 10 0 0.002 0.022 0.048 0.086 0.134 0.182 0.216 0.242 0.282 0.288
Generation: 4
fullpopTest 1.000000 0.288000 4 100 500 10 0 0 0.012 0.026 0.048 0.09 0.132 0.176 0.222 0.27 0.288
Generation: 5
fullpopTest 1.000000 0.292000 5 100 500 10 0 0 0.02 0.042 0.088 0.134 0.18 0.218 0.266 0.304 0.292
Generation: 6
fullpopTest 1.000000 0.314000 6 100 500 10 0 0 0.016 0.048 0.086 0.126 0.168 0.204 0.236 0.28 0.314
Generation: 7
fullpopTest 1.000000 0.344000 7 100 500 10 0 0.002 0.018 0.038 0.08 0.128 0.176 0.222 0.25 0.286 0.344
Generation: 8
fullpopTest 1.000000 0.374000 8 100 500 10 0 0.002 0.028 0.072 0.124 0.168 0.208 0.272 0.312 0.352 0.374
Generation: 9
fullpopTest 1.000000 0.410000 9 100 500 10 0 0.002 0.012 0.038 0.086 0.14 0.204 0.266 0.336 0.388 0.41
Generation: 10
fullpopTest 1.000000 0.494000 10 100 500 10 0 0 0.026 0.082 0.136 0.19 0.248 0.312 0.374 0.412 0.494
Generation: 11
fullpopTest 1.000000 0.494000 11 100 500 10 0 0.002 0.032 0.1 0.146 0.224 0.296 0.356 0.408 0.464 0.494
Generation: 12
fullpopTest 1.000000 0.540000 12 100 500 10 0 0.002 0.038 0.094 0.148 0.232 0.282 0.356 0.43 0.486 0.54
Generation: 13
fullpopTest 1.000000 0.540000 13 100 500 10 0 0.002 0.036 0.094 0.172 0.24 0.308 0.38 0.446 0.5 0.54
Generation: 14
fullpopTest 1.000000 0.558000 14 100 500 10 0 0 0.038 0.1 0.166 0.256 0.326 0.382 0.474 0.524 0.558
Generation: 15
fullpopTest 1.000000 0.572000 15 100 500 10 0 0 0.026 0.104 0.182 0.274 0.352 0.432 0.496 0.548 0.572
Generation: 16
fullpopTest 1.000000 0.620000 16 100 500 10 0 0 0.048 0.14 0.252 0.368 0.446 0.498 0.544 0.596 0.62
Generation: 17
fullpopTest 1.000000 0.630000 17 100 500 10 0 0.002 0.04 0.12 0.202 0.32 0.396 0.456 0.538 0.588 0.63
Generation: 18
fullpopTest 1.000000 0.668000 18 100 500 10 0 0 0.028 0.104 0.208 0.314 0.438 0.532 0.594 0.662 0.668
Generation: 19
fullpopTest 1.000000 0.702000 19 100 500 10 0 0 0.042 0.14 0.242 0.346 0.448 0.526 0.596 0.674 0.702
Generation: 20
fullpopTest 1.000000 0.748000 20 100 500 10 0 0.002 0.046 0.138 0.232 0.362 0.466 0.548 0.612 0.666 0.748
Generation: 21
fullpopTest 1.000000 0.756000 21 100 500 10 0 0.002 0.06 0.184 0.324 0.46 0.576 0.664 0.734 0.802 0.756
Generation: 22
fullpopTest 1.000000 0.804000 22 100 500 10 0 0.002 0.056 0.18 0.296 0.418 0.538 0.648 0.716 0.78 0.804
Generation: 23
fullpopTest 1.000000 0.820000 23 100 500 10 0 0.004 0.072 0.188 0.356 0.5 0.602 0.672 0.726 0.782 0.82
Generation: 24
fullpopTest 1.000000 0.834000 24 100 500 10 0 0 0.056 0.16 0.324 0.478 0.6 0.684 0.774 0.824 0.834
Generation: 25
fullpopTest 1.000000 0.834000 25 100 500 10 0 0.002 0.056 0.182 0.326 0.444 0.572 0.652 0.72 0.776 0.834
Generation: 26
fullpopTest 1.000000 0.834000 26 100 500 10 0 0.002 0.044 0.16 0.318 0.438 0.558 0.664 0.752 0.794 0.834
Generation: 27
fullpopTest 1.000000 0.850000 27 100 500 10 0 0 0.066 0.17 0.318 0.45 0.576 0.67 0.762 0.824 0.85
Generation: 28
fullpopTest 1.000000 0.860000 28 100 500 10 0 0.002 0.062 0.172 0.342 0.488 0.632 0.73 0.808 0.866 0.86
Generation: 29
fullpopTest 1.000000 0.886000 29 100 500 10 0 0.002 0.062 0.178 0.33 0.46 0.596 0.698 0.786 0.852 0.886
Generation: 30
fullpopTest 1.000000 0.892000 30 100 500 10 0 0 0.048 0.168 0.344 0.47 0.648 0.752 0.834 0.87 0.892
Generation: 31
fullpopTest 1.000000 0.938000 31 100 500 10 0 0.002 0.062 0.156 0.306 0.46 0.64 0.76 0.854 0.912 0.938
Generation: 32
fullpopTest 1.000000 0.938000 32 100 500 10 0 0.002 0.07 0.178 0.344 0.504 0.632 0.758 0.862 0.92 0.938
Generation: 33
fullpopTest 1.000000 0.942000 33 100 500 10 0 0.004 0.064 0.196 0.396 0.542 0.692 0.79 0.872 0.912 0.942
Generation: 34
fullpopTest 1.000000 0.960000 34 100 500 10 0 0.002 0.08 0.2 0.446 0.642 0.776 0.874 0.918 0.952 0.96
Generation: 35
fullpopTest 1.000000 0.976000 35 100 500 10 0 0.002 0.074 0.222 0.428 0.63 0.766 0.86 0.92 0.968 0.976
Generation: 36
fullpopTest 1.000000 0.976000 36 100 500 10 0 0 0.072 0.22 0.434 0.656 0.792 0.886 0.934 0.968 0.976
Generation: 37
fullpopTest 1.000000 0.978000 37 100 500 10 0 0.002 0.06 0.19 0.396 0.614 0.784 0.898 0.962 0.98 0.978
Generation: 38
fullpopTest 1.000000 0.984000 38 100 500 10 0 0.002 0.078 0.2 0.4 0.62 0.78 0.872 0.922 0.956 0.984
Generation: 39
fullpopTest 1.000000 0.984000 39 100 500 10 0 0 0.082 0.22 0.4 0.612 0.756 0.862 0.92 0.952 0.984
Generation: 40
fullpopTest 1.000000 0.984000 40 100 500 10 0 0.002 0.08 0.2 0.4 0.6 0.754 0.842 0.916 0.958 0.984
Generation: 41
fullpopTest 1.000000 0.986000 41 100 500 10 0 0.004 0.07 0.192 0.388 0.618 0.764 0.884 0.948 0.974 0.986
Generation: 42
fullpopTest 1.000000 0.996000 42 100 500 10 0 0.002 0.098 0.23 0.472 0.692 0.84 0.916 0.952 0.974 0.996
Generation: 43
fullpopTest 1.000000 0.996000 43 100 500 10 0 0.002 0.078 0.218 0.432 0.644 0.79 0.892 0.954 0.966 0.996
Generation: 44
fullpopTest 1.000000 0.996000 44 100 500 10 0 0.004 0.082 0.232 0.466 0.694 0.82 0.918 0.96 0.978 0.996
Generation: 45
fullpopTest 1.000000 0.996000 45 100 500 10 0 0.002 0.068 0.224 0.446 0.676 0.804 0.92 0.966 0.982 0.996
Generation: 46
fullpopTest 1.000000 0.998000 46 100 500 10 0 0.002 0.096 0.24 0.464 0.698 0.832 0.928 0.972 0.984 0.998
Generation: 47
fullpopTest 1.000000 0.998000 47 100 500 10 0 0.002 0.086 0.232 0.432 0.676 0.854 0.944 0.982 0.992 0.998
Generation: 48
fullpopTest 1.000000 1.000000 48 100 500 10 0 0.002 0.078 0.206 0.434 0.64 0.794 0.904 0.96 0.984 1
fullpopTest 1.000000 1.000000 49 100 500 10 0 0.002 0.086 0.224 0.444 0.652 0.818 0.928 0.97 0.986 1
Generation: 0
fullpopTest 1.000000 0.180000 0 100 500 10 0 0 0.002 0.01 0.018 0.026 0.044 0.06 0.078 0.102 0.18
Generation: 1
fullpopTest 1.000000 0.194000 1 100 500 10 0 0 0.004 0.016 0.038 0.07 0.114 0.14 0.176 0.198 0.194
Generation: 2
fullpopTest 1.000000 0.220000 2 100 500 10 0 0 0.01 0.016 0.032 0.052 0.07 0.094 0.122 0.152 0.22
Generation: 3
fullpopTest 1.000000 0.258000 3 100 500 10 0 0.002 0.006 0.016 0.034 0.06 0.086 0.13 0.168 0.192 0.258
Generation: 4
fullpopTest 1.000000 0.304000 4 100 500 10 0 0 0.012 0.032 0.086 0.132 0.174 0.214 0.244 0.27 0.304
Generation: 5
fullpopTest 1.000000 0.304000 5 100 500 10 0 0 0.014 0.04 0.074 0.106 0.162 0.208 0.244 0.286 0.304
Generation: 6
fullpopTest 1.000000 0.322000 6 100 500 10 0 0 0.004 0.04 0.07 0.122 0.176 0.214 0.272 0.324 0.322
Generation: 7
fullpopTest 1.000000 0.376000 7 100 500 10 0 0.002 0.012 0.03 0.046 0.114 0.178 0.234 0.302 0.348 0.376
Generation: 8
fullpopTest 1.000000 0.386000 8 100 500 10 0 0 0.014 0.038 0.066 0.106 0.148 0.192 0.25 0.298 0.386
Generation: 9
fullpopTest 1.000000 0.428000 9 100 500 10 0 0 0.016 0.054 0.104 0.16 0.208 0.282 0.36 0.43 0.428
Generation: 10
fullpopTest 1.000000 0.460000 10 100 500 10 0 0.002 0.018 0.052 0.104 0.174 0.276 0.346 0.416 0.476 0.46
Generation: 11
fullpopTest 1.000000 0.506000 11 100 500 10 0 0 0.02 0.056 0.096 0.168 0.246 0.32 0.406 0.482 0.506
Generation: 12
fullpopTest 1.000000 0.526000 12 100 500 10 0 0 0.024 0.072 0.126 0.208 0.28 0.37 0.44 0.522 0.526
Generation: 13
fullpopTest 1.000000 0.540000 13 100 500 10 0 0 0.016 0.058 0.14 0.226 0.294 0.362 0.45 0.524 0.54
Generation: 14
fullpopTest 1.000000 0.602000 14 100 500 10 0 0 0.024 0.08 0.136 0.214 0.302 0.408 0.498 0.586 0.602
Generation: 15
fullpopTest 1.000000 0.602000 15 100 500 10 0 0 0.022 0.088 0.15 0.246 0.338 0.438 0.518 0.59 0.602
Generation: 16
fullpopTest 1.000000 0.624000 16 100 500 10 0 0.002 0.012 0.056 0.126 0.208 0.314 0.404 0.486 0.576 0.624
Generation: 17
fullpopTest 1.000000 0.650000 17 100 500 10 0 0.002 0.03 0.082 0.16 0.244 0.336 0.446 0.542 0.624 0.65
Generation: 18
fullpopTest 1.000000 0.664000 18 100 500 10 0 0 0.03 0.102 0.174 0.288 0.352 0.462 0.538 0.63 0.664
Generation: 19
fullpopTest 1.000000 0.726000 19 100 500 10 0 0 0.016 0.064 0.164 0.27 0.388 0.494 0.6 0.686 0.726
Generation: 20
fullpopTest 1.000000 0.736000 20 100 500 10 0 0.002 0.046 0.118 0.202 0.322 0.444 0.55 0.642 0.71 0.736
Generation: 21
fullpopTest 1.000000 0.742000 21 100 500 10 0 0 0.04 0.114 0.232 0.34 0.442 0.546 0.636 0.696 0.742
Generation: 22
fullpopTest 1.000000 0.752000 22 100 500 10 0 0.002 0.038 0.11 0.226 0.352 0.486 0.572 0.678 0.76 0.752
Generation: 23
fullpopTest 1.000000 0.808000 23 100 500 10 0 0 0.048 0.13 0.24 0.354 0.474 0.586 0.686 0.764 0.808
Generation: 24
fullpopTest 1.000000 0.830000 24 100 500 10 0 0 0.05 0.126 0.266 0.386 0.51 0.646 0.748 0.824 0.83
Generation: 25
fullpopTest 1.000000 0.836000 25 100 500 10 0 0.002 0.046 0.152 0.268 0.402 0.556 0.678 0.796 0.85 0.836
Generation: 26
fullpopTest 1.000000 0.870000 26 100 500 10 0 0.002 0.062 0.154 0.296 0.42 0.552 0.664 0.764 0.848 0.87
Generation: 27
fullpopTest 1.000000 0.882000 27 100 500 10 0 0.002 0.048 0.138 0.296 0.436 0.57 0.658 0.77 0.84 0.882
Generation: 28
fullpopTest 1.000000 0.896000 28 100 500 10 0 0 0.056 0.168 0.324 0.47 0.632 0.744 0.824 0.906 0.896
Generation: 29
fullpopTest 1.000000 0.898000 29 100 500 10 0 0 0.04 0.152 0.284 0.43 0.588 0.696 0.78 0.846 0.898
Generation: 30
fullpopTest 1.000000 0.918000 30 100 500 10 0 0.002 0.076 0.188 0.352 0.484 0.646 0.752 0.852 0.93 0.918
Generation: 31
fullpopTest 1.000000 0.918000 31 100 500 10 0 0.004 0.072 0.178 0.344 0.484 0.632 0.748 0.844 0.916 0.918
Generation: 32
fullpopTest 1.000000 0.942000 32 100 500 10 0 0.002 0.066 0.15 0.33 0.486 0.67 0.782 0.87 0.92 0.942
Generation: 33
fullpopTest 1.000000 0.946000 33 100 500 10 0 0.002 0.082 0.196 0.342 0.49 0.644 0.758 0.852 0.91 0.946
Generation: 34
fullpopTest 1.000000 0.950000 34 100 500 10 0 0.002 0.088 0.178 0.366 0.556 0.706 0.804 0.876 0.922 0.95
Generation: 35
fullpopTest 1.000000 0.950000 35 100 500 10 0 0.004 0.106 0.206 0.37 0.538 0.67 0.774 0.864 0.942 0.95
Generation: 36
fullpopTest 1.000000 0.962000 36 100 500 10 0 0.002 0.108 0.234 0.388 0.59 0.74 0.838 0.906 0.946 0.962
Generation: 37
fullpopTest 1.000000 0.980000 37 100 500 10 0 0.004 0.094 0.23 0.422 0.606 0.79 0.878 0.934 0.966 0.98
Generation: 38
fullpopTest 1.000000 0.980000 38 100 500 10 0 0.002 0.1 0.246 0.47 0.632 0.8 0.902 0.956 0.986 0.98
Generation: 39
fullpopTest 1.000000 0.980000 39 100 500 10 0 0.002 0.078 0.216 0.426 0.636 0.79 0.898 0.962 0.982 0.98
Generation: 40
fullpopTest 1.000000 0.988000 40 100 500 10 0 0.004 0.114 0.276 0.454 0.638 0.766 0.862 0.926 0.95 0.988
Generation: 41
fullpopTest 1.000000 0.992000 41 100 500 10 0 0.002 0.12 0.272 0.496 0.68 0.856 0.944 0.978 0.988 0.992
Generation: 42
fullpopTest 1.000000 0.996000 42 100 500 10 0 0.002 0.098 0.256 0.462 0.658 0.832 0.928 0.97 0.99 0.996
Generation: 43
fullpopTest 1.000000 0.996000 43 100 500 10 0 0.002 0.1 0.228 0.438 0.626 0.822 0.896 0.954 0.984 0.996
Generation: 44
fullpopTest 1.000000 0.998000 44 100 500 10 0 0.002 0.124 0.278 0.488 0.712 0.854 0.932 0.978 0.988 0.998
Generation: 45
fullpopTest 1.000000 0.998000 45 100 500 10 0 0.002 0.132 0.282 0.492 0.716 0.85 0.934 0.968 0.994 0.998
Generation: 46
fullpopTest 1.000000 0.998000 46 100 500 10 0 0.004 0.112 0.26 0.474 0.692 0.842 0.936 0.974 0.984 0.998
Generation: 47
fullpopTest 1.000000 0.998000 47 100 500 10 0 0.002 0.106 0.252 0.49 0.744 0.87 0.948 0.978 0.988 0.998
Generation: 48
fullpopTest 1.000000 1.000000 48 100 500 10 0 0.002 0.098 0.242 0.472 0.692 0.832 0.932 0.976 0.99 1
fullpopTest 1.000000 1.000000 49 100 500 10 0 0.002 0.106 0.28 0.496 0.72 0.844 0.938 0.986 0.992 1
Generation: 0
fullpopTest 1.000000 0.146000 0 100 500 10 0 0 0.004 0.006 0.01 0.028 0.054 0.08 0.094 0.122 0.146
Generation: 1
fullpopTest 1.000000 0.174000 1 100 500 10 0 0 0 0.01 0.026 0.048 0.07 0.1 0.134 0.18 0.174
Generation: 2
fullpopTest 1.000000 0.184000 2 100 500 10 0 0 0.006 0.012 0.042 0.064 0.086 0.116 0.146 0.186 0.184
Generation: 3
fullpopTest 1.000000 0.236000 3 100 500 10 0 0.002 0.01 0.02 0.042 0.072 0.1 0.13 0.172 0.218 0.236
Generation: 4
fullpopTest 1.000000 0.236000 4 100 500 10 0 0 0.006 0.02 0.042 0.076 0.116 0.148 0.184 0.22 0.236
Generation: 5
fullpopTest 1.000000 0.268000 5 100 500 10 0 0 0.002 0.01 0.04 0.076 0.104 0.134 0.174 0.228 0.268
Generation: 6
fullpopTest 1.000000 0.270000 6 100 500 10 0 0 0.01 0.028 0.056 0.096 0.122 0.168 0.224 0.276 0.27
Generation: 7
fullpopTest 1.000000 0.312000 7 100 500 10 0 0.002 0.008 0.022 0.044 0.084 0.126 0.172 0.208 0.26 0.312
Generation: 8
fullpopTest 1.000000 0.350000 8 100 500 10 0 0 0.016 0.04 0.072 0.118 0.184 0.24 0.28 0.328 0.35
Generation: 9
fullpopTest 1.000000 0.354000 9 100 500 10 0 0 0.02 0.05 0.098 0.146 0.198 0.236 0.296 0.366 0.354
Generation: 10
fullpopTest 1.000000 0.380000 10 100 500 10 0 0 0.024 0.058 0.096 0.15 0.186 0.236 0.296 0.378 0.38
Generation: 11
fullpopTest 1.000000 0.432000 11 100 500 10 0 0 0.016 0.04 0.092 0.152 0.196 0.248 0.296 0.38 0.432
Generation: 12
fullpopTest 1.000000 0.458000 12 100 500 10 0 0 0.01 0.05 0.114 0.184 0.286 0.368 0.444 0.498 0.458
Generation: 13
fullpopTest 1.000000 0.480000 13 100 500 10 0 0 0.008 0.05 0.102 0.166 0.228 0.29 0.354 0.428 0.48
Generation: 14
fullpopTest 1.000000 0.512000 14 100 500 10 0 0 0.008 0.052 0.092 0.14 0.212 0.286 0.358 0.446 0.512
Generation: 15
fullpopTest 1.000000 0.570000 15 100 500 10 0 0.002 0.028 0.072 0.15 0.218 0.304 0.392 0.454 0.53 0.57
Generation: 16
fullpopTest 1.000000 0.584000 16 100 500 10 0 0 0.018 0.07 0.142 0.24 0.356 0.438 0.528 0.608 0.584
Generation: 17
fullpopTest 1.000000 0.646000 17 100 500 10 0 0 0.02 0.096 0.19 0.288 0.39 0.476 0.566 0.64 0.646
Generation: 18
fullpopTest 1.000000 0.700000 18 100 500 10 0 0.002 0.018 0.07 0.164 0.248 0.342 0.432 0.542 0.616 0.7
Generation: 19
fullpopTest 1.000000 0.726000 19 100 500 10 0 0 0.02 0.086 0.162 0.284 0.392 0.496 0.598 0.67 0.726
Generation: 20
fullpopTest 1.000000 0.752000 20 100 500 10 0 0 0.026 0.08 0.168 0.29 0.402 0.512 0.618 0.698 0.752
Generation: 21
fullpopTest 1.000000 0.752000 21 100 500 10 0 0.002 0.022 0.082 0.166 0.28 0.396 0.502 0.608 0.672 0.752
Generation: 22
fullpopTest 1.000000 0.752000 22 100 500 10 0 0.002 0.018 0.072 0.146 0.258 0.388 0.512 0.594 0.682 0.752
Generation: 23
fullpopTest 1.000000 0.816000 23 100 500 10 0 0 0.022 0.088 0.204 0.354 0.472 0.584 0.688 0.772 0.816
Generation: 24
fullpopTest 1.000000 0.844000 24 100 500 10 0 0.002 0.032 0.092 0.208 0.318 0.478 0.588 0.688 0.778 0.844
Generation: 25
fullpopTest 1.000000 0.844000 25 100 500 10 0 0 0.012 0.08 0.196 0.33 0.482 0.598 0.682 0.776 0.844
Generation: 26
fullpopTest 1.000000 0.846000 26 100 500 10 0 0 0.014 0.102 0.234 0.39 0.528 0.642 0.742 0.814 0.846
Generation: 27
fullpopTest 1.000000 0.846000 27 100 500 10 0 0.002 0.018 0.086 0.214 0.354 0.49 0.618 0.73 0.806 0.846
Generation: 28
fullpopTest 1.000000 0.854000 28 100 500 10 0 0 0.032 0.098 0.24 0.416 0.558 0.682 0.766 0.844 0.854
Generation: 29
fullpopTest 1.000000 0.906000 29 100 500 10 0 0 0.032 0.122 0.286 0.46 0.632 0.762 0.834 0.888 0.906
Generation: 30
fullpopTest 1.000000 0.914000 30 100 500 10 0 0.002 0.03 0.14 0.318 0.518 0.678 0.818 0.902 0.936 0.914
Generation: 31
fullpopTest 1.000000 0.924000 31 100 500 10 0 0.002 0.028 0.108 0.254 0.426 0.594 0.736 0.838 0.882 0.924
Generation: 32
fullpopTest 1.000000 0.936000 32 100 500 10 0 0 0.034 0.126 0.28 0.436 0.592 0.738 0.838 0.892 0.936
Generation: 33
fullpopTest 1.000000 0.942000 33 100 500 10 0 0.004 0.046 0.162 0.33 0.53 0.71 0.84 0.904 0.95 0.942
Generation: 34
fullpopTest 1.000000 0.964000 34 100 500 10 0 0.002 0.034 0.138 0.292 0.498 0.678 0.808 0.878 0.934 0.964
Generation: 35
fullpopTest 1.000000 0.964000 35 100 500 10 0 0.002 0.028 0.14 0.33 0.522 0.696 0.812 0.888 0.94 0.964
Generation: 36
fullpopTest 1.000000 0.970000 36 100 500 10 0 0.002 0.044 0.186 0.366 0.564 0.754 0.88 0.922 0.954 0.97
Generation: 37
fullpopTest 1.000000 0.974000 37 100 500 10 0 0 0.042 0.158 0.324 0.526 0.692 0.822 0.922 0.956 0.974
Generation: 38
fullpopTest 1.000000 0.980000 38 100 500 10 0 0.002 0.044 0.146 0.328 0.55 0.73 0.862 0.93 0.962 0.98
Generation: 39
fullpopTest 1.000000 0.984000 39 100 500 10 0 0 0.042 0.198 0.408 0.634 0.796 0.9 0.954 0.98 0.984
Generation: 40
fullpopTest 1.000000 0.984000 40 100 500 10 0 0 0.034 0.176 0.39 0.616 0.798 0.886 0.934 0.97 0.984
Generation: 41
fullpopTest 1.000000 0.984000 41 100 500 10 0 0.002 0.03 0.152 0.362 0.592 0.768 0.892 0.936 0.972 0.984
Generation: 42
fullpopTest 1.000000 0.990000 42 100 500 10 0 0.004 0.036 0.192 0.44 0.67 0.836 0.904 0.956 0.972 0.99
Generation: 43
fullpopTest 1.000000 0.990000 43 100 500 10 0 0 0.04 0.178 0.408 0.646 0.788 0.896 0.952 0.968 0.99
Generation: 44
fullpopTest 1.000000 0.990000 44 100 500 10 0 0 0.038 0.19 0.414 0.64 0.81 0.904 0.954 0.972 0.99
Generation: 45
fullpopTest 1.000000 0.990000 45 100 500 10 0 0 0.04 0.186 0.408 0.652 0.802 0.892 0.956 0.974 0.99
Generation: 46
fullpopTest 1.000000 0.990000 46 100 500 10 0 0 0.03 0.198 0.414 0.66 0.818 0.902 0.952 0.976 0.99
Generation: 47
fullpopTest 1.000000 0.990000 47 100 500 10 0 0 0.034 0.182 0.4 0.636 0.806 0.904 0.956 0.972 0.99
Generation: 48
fullpopTest 1.000000 0.994000 48 100 500 10 0 0 0.028 0.186 0.432 0.654 0.806 0.908 0.968 0.986 0.994
Generation: 49
fullpopTest 1.000000 0.994000 49 100 500 10 0 0 0.048 0.196 0.434 0.686 0.852 0.93 0.966 0.982 0.994
Generation: 50
fullpopTest 1.000000 0.998000 50 100 500 10 0 0 0.058 0.242 0.496 0.73 0.872 0.948 0.978 0.982 0.998
Generation: 51
fullpopTest 1.000000 0.998000 51 100 500 10 0 0.002 0.044 0.236 0.458 0.714 0.86 0.932 0.972 0.988 0.998
Generation: 52
fullpopTest 1.000000 0.998000 52 100 500 10 0 0 0.034 0.204 0.452 0.698 0.854 0.948 0.986 0.992 0.998
Generation: 53
fullpopTest 1.000000 0.998000 53 100 500 10 0 0.002 0.048 0.256 0.496 0.726 0.872 0.952 0.982 0.99 0.998
Generation: 54
fullpopTest 1.000000 0.998000 54 100 500 10 0 0.002 0.048 0.232 0.478 0.738 0.886 0.952 0.976 0.994 0.998
Generation: 55
fullpopTest 1.000000 0.998000 55 100 500 10 0 0 0.042 0.23 0.496 0.74 0.908 0.956 0.976 0.992 0.998
Generation: 56
fullpopTest 1.000000 0.998000 56 100 500 10 0 0.002 0.052 0.212 0.452 0.706 0.854 0.94 0.97 0.986 0.998
Generation: 57
fullpopTest 1.000000 0.998000 57 100 500 10 0 0.002 0.042 0.218 0.486 0.746 0.878 0.956 0.986 0.992 0.998
Generation: 58
fullpopTest 1.000000 0.998000 58 100 500 10 0 0.002 0.062 0.254 0.486 0.726 0.866 0.94 0.98 0.99 0.998
Generation: 59
fullpopTest 1.000000 1.000000 59 100 500 10 0 0 0.042 0.224 0.49 0.73 0.902 0.954 0.986 0.994 1
fullpopTest 1.000000 1.000000 60 100 500 10 0 0 0.046 0.206 0.49 0.732 0.888 0.96 0.99 0.998 1
Generation: 0
fullpopTest 1.000000 0.174000 0 100 500 10 0 0 0.004 0.008 0.024 0.042 0.072 0.096 0.132 0.164 0.174
Generation: 1
fullpopTest 1.000000 0.202000 1 100 500 10 0 0 0.006 0.012 0.03 0.06 0.088 0.112 0.15 0.172 0.202
Generation: 2
fullpopTest 1.000000 0.242000 2 100 500 10 0 0 0.008 0.018 0.038 0.06 0.094 0.134 0.168 0.218 0.242
Generation: 3
fullpopTest 1.000000 0.242000 3 100 500 10 0 0.002 0.006 0.012 0.024 0.036 0.06 0.108 0.148 0.19 0.242
Generation: 4
fullpopTest 1.000000 0.272000 4 100 500 10 0 0 0.006 0.024 0.05 0.086 0.112 0.158 0.204 0.252 0.272
Generation: 5
fullpopTest 1.000000 0.306000 5 100 500 10 0 0 0.002 0.014 0.05 0.086 0.122 0.17 0.208 0.266 0.306
Generation: 6
fullpopTest 1.000000 0.318000 6 100 500 10 0 0 0.008 0.036 0.068 0.104 0.162 0.214 0.266 0.326 0.318
Generation: 7
fullpopTest 1.000000 0.318000 7 100 500 10 0 0 0.008 0.032 0.058 0.118 0.178 0.252 0.318 0.362 0.318
Generation: 8
fullpopTest 1.000000 0.384000 8 100 500 10 0 0 0.014 0.046 0.086 0.134 0.19 0.262 0.306 0.356 0.384
Generation: 9
fullpopTest 1.000000 0.412000 9 100 500 10 0 0 0.002 0.02 0.064 0.132 0.188 0.278 0.334 0.408 0.412
Generation: 10
fullpopTest 1.000000 0.474000 10 100 500 10 0 0 0.008 0.064 0.114 0.162 0.23 0.29 0.366 0.414 0.474
Generation: 11
fullpopTest 1.000000 0.478000 11 100 500 10 0 0 0.01 0.036 0.104 0.178 0.258 0.328 0.416 0.498 0.478
Generation: 12
fullpopTest 1.000000 0.496000 12 100 500 10 0 0 0.008 0.03 0.072 0.13 0.212 0.278 0.346 0.446 0.496
Generation: 13
fullpopTest 1.000000 0.570000 13 100 500 10 0 0 0.01 0.04 0.084 0.134 0.21 0.298 0.37 0.472 0.57
Generation: 14
fullpopTest 1.000000 0.570000 14 100 500 10 0 0 0.016 0.056 0.1 0.19 0.29 0.368 0.46 0.558 0.57
Generation: 15
fullpopTest 1.000000 0.586000 15 100 500 10 0 0 0.024 0.078 0.154 0.246 0.34 0.446 0.53 0.614 0.586
Generation: 16
fullpopTest 1.000000 0.640000 16 100 500 10 0 0.002 0.028 0.116 0.19 0.314 0.394 0.494 0.57 0.644 0.64
Generation: 17
fullpopTest 1.000000 0.668000 17 100 500 10 0 0 0.02 0.102 0.178 0.284 0.38 0.472 0.568 0.634 0.668
Generation: 18
fullpopTest 1.000000 0.668000 18 100 500 10 0 0.002 0.026 0.098 0.184 0.272 0.37 0.478 0.564 0.62 0.668
Generation: 19
fullpopTest 1.000000 0.694000 19 100 500 10 0 0 0.016 0.082 0.18 0.278 0.388 0.472 0.554 0.622 0.694
Generation: 20
fullpopTest 1.000000 0.718000 20 100 500 10 0 0.002 0.024 0.114 0.242 0.38 0.476 0.588 0.66 0.748 0.718
Generation: 21
fullpopTest 1.000000 0.752000 21 100 500 10 0 0 0.038 0.114 0.208 0.316 0.434 0.558 0.664 0.742 0.752
Generation: 22
fullpopTest 1.000000 0.758000 22 100 500 10 0 0 0.036 0.126 0.244 0.358 0.458 0.558 0.628 0.71 0.758
Generation: 23
fullpopTest 1.000000 0.796000 23 100 500 10 0 0.002 0.046 0.126 0.212 0.34 0.456 0.574 0.664 0.748 0.796
Generation: 24
fullpopTest 1.000000 0.814000 24 100 500 10 0 0 0.022 0.124 0.252 0.382 0.506 0.632 0.72 0.812 0.814
Generation: 25
fullpopTest 1.000000 0.830000 25 100 500 10 0 0 0.042 0.146 0.246 0.384 0.53 0.626 0.732 0.798 0.83
Generation: 26
fullpopTest 1.000000 0.858000 26 100 500 10 0 0.002 0.04 0.158 0.27 0.414 0.538 0.644 0.742 0.814 0.858
Generation: 27
fullpopTest 1.000000 0.866000 27 100 500 10 0 0 0.044 0.128 0.244 0.366 0.51 0.628 0.734 0.826 0.866
Generation: 28
fullpopTest 1.000000 0.882000 28 100 500 10 0 0 0.048 0.142 0.28 0.444 0.592 0.708 0.786 0.874 0.882
Generation: 29
fullpopTest 1.000000 0.904000 29 100 500 10 0 0.002 0.046 0.136 0.296 0.446 0.604 0.724 0.814 0.868 0.904
Generation: 30
fullpopTest 1.000000 0.934000 30 100 500 10 0 0.002 0.042 0.164 0.308 0.46 0.602 0.72 0.806 0.89 0.934
Generation: 31
fullpopTest 1.000000 0.938000 31 100 500 10 0 0 0.048 0.154 0.276 0.49 0.636 0.766 0.854 0.914 0.938
Generation: 32
fullpopTest 1.000000 0.952000 32 100 500 10 0 0.002 0.066 0.178 0.334 0.5 0.66 0.78 0.874 0.926 0.952
Generation: 33
fullpopTest 1.000000 0.952000 33 100 500 10 0 0.002 0.076 0.176 0.342 0.522 0.686 0.804 0.896 0.94 0.952
Generation: 34
fullpopTest 1.000000 0.958000 34 100 500 10 0 0 0.036 0.172 0.316 0.522 0.694 0.796 0.874 0.942 0.958
Generation: 35
fullpopTest 1.000000 0.964000 35 100 500 10 0 0 0.038 0.174 0.348 0.544 0.702 0.816 0.874 0.906 0.964
Generation: 36
fullpopTest 1.000000 0.972000 36 100 500 10 0 0.004 0.054 0.202 0.366 0.56 0.716 0.846 0.934 0.964 0.972
Generation: 37
fullpopTest 1.000000 0.976000 37 100 500 10 0 0.002 0.044 0.168 0.358 0.586 0.768 0.858 0.942 0.96 0.976
Generation: 38
fullpopTest 1.000000 0.986000 38 100 500 10 0 0 0.044 0.166 0.332 0.524 0.7 0.836 0.92 0.966 0.986
Generation: 39
fullpopTest 1.000000 0.986000 39 100 500 10 0 0 0.062 0.218 0.382 0.586 0.75 0.874 0.944 0.974 0.986
Generation: 40
fullpopTest 1.000000 0.990000 40 100 500 10 0 0 0.06 0.2 0.394 0.626 0.796 0.914 0.962 0.99 0.99
Generation: 41
fullpopTest 1.000000 0.994000 41 100 500 10 0 0 0.06 0.224 0.446 0.666 0.824 0.922 0.974 0.99 0.994
Generation: 42
fullpopTest 1.000000 0.994000 42 100 500 10 0 0.002 0.064 0.19 0.412 0.644 0.828 0.918 0.964 0.982 0.994
Generation: 43
fullpopTest 1.000000 0.994000 43 100 500 10 0 0 0.048 0.19 0.398 0.63 0.81 0.922 0.978 0.996 0.994
Generation: 44
fullpopTest 1.000000 0.998000 44 100 500 10 0 0.002 0.058 0.2 0.41 0.66 0.844 0.914 0.978 0.99 0.998
Generation: 45
fullpopTest 1.000000 0.998000 45 100 500 10 0 0.004 0.078 0.212 0.412 0.654 0.822 0.93 0.984 0.998 0.998
Generation: 46
fullpopTest 1.000000 1.000000 46 100 500 10 0 0.004 0.104 0.256 0.472 0.718 0.878 0.956 0.986 0.994 1
fullpopTest 1.000000 1.000000 47 100 500 10 0 0 0.072 0.234 0.44 0.682 0.848 0.95 0.982 0.998 1
Generation: 0
fullpopTest 1.000000 0.142000 0 100 500 10 0 0 0.008 0.02 0.032 0.044 0.058 0.082 0.106 0.132 0.142
Generation: 1
fullpopTest 1.000000 0.188000 1 100 500 10 0 0 0.004 0.018 0.038 0.06 0.088 0.118 0.152 0.188 0.188
Generation: 2
fullpopTest 1.000000 0.192000 2 100 500 10 0 0 0.008 0.016 0.026 0.052 0.074 0.094 0.118 0.152 0.192
Generation: 3
fullpopTest 1.000000 0.202000 3 100 500 10 0 0 0.004 0.012 0.03 0.058 0.076 0.094 0.118 0.15 0.202
Generation: 4
fullpopTest 1.000000 0.204000 4 100 500 10 0 0 0.008 0.016 0.036 0.06 0.09 0.116 0.15 0.19 0.204
Generation: 5
fullpopTest 1.000000 0.236000 5 100 500 10 0 0 0.006 0.02 0.042 0.068 0.096 0.13 0.184 0.23 0.236
Generation: 6
fullpopTest 1.000000 0.270000 6 100 500 10 0 0 0.01 0.024 0.048 0.076 0.116 0.162 0.206 0.234 0.27
Generation: 7
fullpopTest 1.000000 0.300000 7 100 500 10 0 0 0.008 0.036 0.068 0.102 0.146 0.186 0.238 0.28 0.3
Generation: 8
fullpopTest 1.000000 0.300000 8 100 500 10 0 0 0.006 0.022 0.052 0.086 0.14 0.176 0.228 0.288 0.3
Generation: 9
fullpopTest 1.000000 0.328000 9 100 500 10 0 0 0.008 0.03 0.068 0.108 0.146 0.202 0.262 0.296 0.328
Generation: 10
fullpopTest 1.000000 0.408000 10 100 500 10 0 0 0.006 0.016 0.054 0.124 0.18 0.24 0.304 0.35 0.408
Generation: 11
fullpopTest 1.000000 0.470000 11 100 500 10 0 0.002 0.018 0.054 0.124 0.17 0.248 0.316 0.382 0.44 0.47
Generation: 12
fullpopTest 1.000000 0.478000 12 100 500 10 0 0 0.012 0.044 0.076 0.146 0.2 0.266 0.332 0.404 0.478
Generation: 13
fullpopTest 1.000000 0.500000 13 100 500 10 0 0.002 0.026 0.074 0.126 0.198 0.266 0.354 0.436 0.496 0.5
Generation: 14
fullpopTest 1.000000 0.534000 14 100 500 10 0 0 0.018 0.05 0.106 0.172 0.222 0.318 0.41 0.484 0.534
Generation: 15
fullpopTest 1.000000 0.544000 15 100 500 10 0 0.002 0.014 0.05 0.118 0.194 0.272 0.364 0.44 0.494 0.544
Generation: 16
fullpopTest 1.000000 0.576000 16 100 500 10 0 0 0.016 0.048 0.128 0.2 0.29 0.396 0.48 0.55 0.576
Generation: 17
fullpopTest 1.000000 0.600000 17 100 500 10 0 0 0.02 0.068 0.13 0.188 0.27 0.38 0.474 0.546 0.6
Generation: 18
fullpopTest 1.000000 0.602000 18 100 500 10 0 0.002 0.024 0.07 0.134 0.222 0.328 0.442 0.536 0.618 0.602
Generation: 19
fullpopTest 1.000000 0.618000 19 100 500 10 0 0 0.024 0.056 0.102 0.188 0.3 0.376 0.456 0.536 0.618
Generation: 20
fullpopTest 1.000000 0.648000 20 100 500 10 0 0.002 0.024 0.088 0.168 0.272 0.38 0.466 0.576 0.65 0.648
Generation: 21
fullpopTest 1.000000 0.692000 21 100 500 10 0 0 0.014 0.066 0.176 0.29 0.408 0.504 0.582 0.654 0.692
Generation: 22
fullpopTest 1.000000 0.712000 22 100 500 10 0 0 0.014 0.074 0.166 0.276 0.402 0.49 0.582 0.68 0.712
Generation: 23
fullpopTest 1.000000 0.740000 23 100 500 10 0 0 0.036 0.112 0.22 0.33 0.44 0.56 0.652 0.712 0.74
Generation: 24
fullpopTest 1.000000 0.772000 24 100 500 10 0 0 0.022 0.096 0.236 0.354 0.474 0.59 0.676 0.76 0.772
Generation: 25
fullpopTest 1.000000 0.772000 25 100 500 10 0 0 0.024 0.076 0.196 0.314 0.458 0.578 0.662 0.728 0.772
Generation: 26
fullpopTest 1.000000 0.804000 26 100 500 10 0 0 0.02 0.1 0.226 0.358 0.498 0.626 0.712 0.782 0.804
Generation: 27
fullpopTest 1.000000 0.824000 27 100 500 10 0 0.002 0.028 0.092 0.234 0.358 0.516 0.61 0.704 0.766 0.824
Generation: 28
fullpopTest 1.000000 0.840000 28 100 500 10 0 0 0.038 0.124 0.248 0.422 0.574 0.698 0.778 0.852 0.84
Generation: 29
fullpopTest 1.000000 0.854000 29 100 500 10 0 0 0.044 0.148 0.302 0.452 0.622 0.718 0.792 0.852 0.854
Generation: 30
fullpopTest 1.000000 0.884000 30 100 500 10 0 0 0.048 0.13 0.278 0.442 0.574 0.692 0.798 0.85 0.884
Generation: 31
fullpopTest 1.000000 0.904000 31 100 500 10 0 0 0.044 0.142 0.298 0.458 0.606 0.714 0.8 0.878 0.904
Generation: 32
fullpopTest 1.000000 0.904000 32 100 500 10 0 0 0.028 0.13 0.282 0.456 0.598 0.726 0.808 0.86 0.904
Generation: 33
fullpopTest 1.000000 0.912000 33 100 500 10 0 0 0.02 0.14 0.294 0.464 0.646 0.784 0.872 0.92 0.912
Generation: 34
fullpopTest 1.000000 0.914000 34 100 500 10 0 0.002 0.048 0.164 0.31 0.484 0.646 0.758 0.836 0.884 0.914
Generation: 35
fullpopTest 1.000000 0.920000 35 100 500 10 0 0.002 0.054 0.152 0.302 0.486 0.674 0.796 0.858 0.904 0.92
Generation: 36
fullpopTest 1.000000 0.922000 36 100 500 10 0 0 0.044 0.144 0.312 0.51 0.666 0.776 0.856 0.904 0.922
Generation: 37
fullpopTest 1.000000 0.932000 37 100 500 10 0 0.002 0.038 0.15 0.294 0.434 0.61 0.734 0.824 0.904 0.932
Generation: 38
fullpopTest 1.000000 0.932000 38 100 500 10 0 0.002 0.036 0.146 0.31 0.502 0.644 0.75 0.826 0.878 0.932
Generation: 39
fullpopTest 1.000000 0.944000 39 100 500 10 0 0.002 0.058 0.188 0.35 0.548 0.674 0.794 0.892 0.928 0.944
Generation: 40
fullpopTest 1.000000 0.946000 40 100 500 10 0 0.002 0.05 0.204 0.37 0.564 0.714 0.83 0.882 0.918 0.946
Generation: 41
fullpopTest 1.000000 0.968000 41 100 500 10 0 0.002 0.05 0.164 0.35 0.552 0.716 0.846 0.898 0.952 0.968
Generation: 42
fullpopTest 1.000000 0.968000 42 100 500 10 0 0.004 0.054 0.178 0.376 0.574 0.75 0.848 0.922 0.948 0.968
Generation: 43
fullpopTest 1.000000 0.976000 43 100 500 10 0 0 0.024 0.11 0.304 0.5 0.656 0.804 0.9 0.944 0.976
Generation: 44
fullpopTest 1.000000 0.976000 44 100 500 10 0 0.002 0.046 0.154 0.342 0.508 0.704 0.816 0.91 0.962 0.976
Generation: 45
fullpopTest 1.000000 0.986000 45 100 500 10 0 0.002 0.032 0.164 0.366 0.558 0.72 0.824 0.91 0.95 0.986
Generation: 46
fullpopTest 1.000000 0.986000 46 100 500 10 0 0 0.036 0.154 0.358 0.57 0.766 0.876 0.934 0.968 0.986
Generation: 47
fullpopTest 1.000000 0.986000 47 100 500 10 0 0 0.042 0.158 0.334 0.522 0.702 0.836 0.918 0.962 0.986
Generation: 48
fullpopTest 1.000000 0.986000 48 100 500 10 0 0.002 0.036 0.148 0.332 0.532 0.694 0.82 0.898 0.964 0.986
Generation: 49
fullpopTest 1.000000 0.992000 49 100 500 10 0 0.002 0.06 0.216 0.412 0.618 0.806 0.92 0.962 0.986 0.992
Generation: 50
fullpopTest 1.000000 0.994000 50 100 500 10 0 0.002 0.058 0.216 0.408 0.644 0.824 0.918 0.984 0.996 0.994
Generation: 51
fullpopTest 1.000000 0.998000 51 100 500 10 0 0 0.064 0.208 0.45 0.694 0.856 0.946 0.976 0.988 0.998
Generation: 52
fullpopTest 1.000000 0.998000 52 100 500 10 0 0 0.058 0.216 0.452 0.69 0.854 0.938 0.978 0.988 0.998
Generation: 53
fullpopTest 1.000000 1.000000 53 100 500 10 0 0 0.068 0.236 0.458 0.694 0.862 0.944 0.978 0.992 1
fullpopTest 1.000000 1.000000 54 100 500 10 0 0.002 0.054 0.238 0.47 0.712 0.872 0.948 0.984 0.996 1
Generation: 0
fullpopTest 1.000000 0.138000 0 100 500 10 0 0 0.006 0.02 0.046 0.052 0.072 0.084 0.104 0.13 0.138
Generation: 1
fullpopTest 1.000000 0.162000 1 100 500 10 0 0 0.008 0.016 0.03 0.042 0.07 0.092 0.116 0.158 0.162
Generation: 2
fullpopTest 1.000000 0.194000 2 100 500 10 0 0.002 0.016 0.032 0.04 0.058 0.08 0.118 0.138 0.152 0.194
Generation: 3
fullpopTest 1.000000 0.222000 3 100 500 10 0 0 0.008 0.022 0.038 0.066 0.102 0.15 0.196 0.236 0.222
Generation: 4
fullpopTest 1.000000 0.244000 4 100 500 10 0 0.002 0.014 0.03 0.056 0.092 0.124 0.146 0.19 0.244 0.244
Generation: 5
fullpopTest 1.000000 0.272000 5 100 500 10 0 0 0.008 0.028 0.06 0.098 0.138 0.176 0.226 0.266 0.272
Generation: 6
fullpopTest 1.000000 0.316000 6 100 500 10 0 0.002 0.018 0.052 0.084 0.128 0.162 0.206 0.244 0.282 0.316
Generation: 7
fullpopTest 1.000000 0.344000 7 100 500 10 0 0.002 0.018 0.066 0.09 0.114 0.148 0.184 0.222 0.266 0.344
Generation: 8
fullpopTest 1.000000 0.374000 8 100 500 10 0 0.002 0.012 0.058 0.092 0.148 0.198 0.248 0.302 0.364 0.374
Generation: 9
fullpopTest 1.000000 0.392000 9 100 500 10 0 0.002 0.024 0.074 0.102 0.148 0.198 0.272 0.332 0.388 0.392
Generation: 10
fullpopTest 1.000000 0.402000 10 100 500 10 0 0 0.018 0.052 0.084 0.144 0.214 0.274 0.318 0.366 0.402
Generation: 11
fullpopTest 1.000000 0.442000 11 100 500 10 0 0 0.032 0.064 0.114 0.172 0.228 0.276 0.332 0.404 0.442
Generation: 12
fullpopTest 1.000000 0.448000 12 100 500 10 0 0 0.022 0.064 0.106 0.178 0.234 0.298 0.366 0.434 0.448
Generation: 13
fullpopTest 1.000000 0.510000 13 100 500 10 0 0 0.026 0.064 0.138 0.222 0.288 0.34 0.396 0.436 0.51
Generation: 14
fullpopTest 1.000000 0.516000 14 100 500 10 0 0.002 0.032 0.086 0.144 0.208 0.282 0.338 0.42 0.484 0.516
Generation: 15
fullpopTest 1.000000 0.608000 15 100 500 10 0 0.002 0.034 0.09 0.174 0.258 0.342 0.428 0.492 0.576 0.608
Generation: 16
fullpopTest 1.000000 0.608000 16 100 500 10 0 0 0.03 0.062 0.13 0.212 0.302 0.386 0.474 0.544 0.608
Generation: 17
fullpopTest 1.000000 0.618000 17 100 500 10 0 0.002 0.026 0.078 0.142 0.236 0.336 0.426 0.492 0.562 0.618
Generation: 18
fullpopTest 1.000000 0.636000 18 100 500 10 0 0.002 0.038 0.1 0.184 0.24 0.352 0.448 0.536 0.606 0.636
Generation: 19
fullpopTest 1.000000 0.648000 19 100 500 10 0 0.002 0.034 0.096 0.194 0.28 0.362 0.464 0.544 0.628 0.648
Generation: 20
fullpopTest 1.000000 0.708000 20 100 500 10 0 0.002 0.038 0.1 0.21 0.3 0.418 0.514 0.61 0.678 0.708
Generation: 21
fullpopTest 1.000000 0.760000 21 100 500 10 0 0.002 0.048 0.106 0.22 0.342 0.476 0.584 0.67 0.742 0.76
Generation: 22
fullpopTest 1.000000 0.760000 22 100 500 10 0 0 0.034 0.112 0.232 0.336 0.472 0.578 0.676 0.77 0.76
Generation: 23
fullpopTest 1.000000 0.804000 23 100 500 10 0 0 0.032 0.094 0.19 0.308 0.452 0.568 0.676 0.746 0.804
Generation: 24
fullpopTest 1.000000 0.808000 24 100 500 10 0 0 0.044 0.112 0.246 0.37 0.516 0.632 0.71 0.776 0.808
Generation: 25
fullpopTest 1.000000 0.830000 25 100 500 10 0 0 0.058 0.146 0.292 0.424 0.576 0.682 0.756 0.816 0.83
Generation: 26
fullpopTest 1.000000 0.850000 26 100 500 10 0 0.002 0.034 0.12 0.25 0.374 0.494 0.604 0.7 0.8 0.85
Generation: 27
fullpopTest 1.000000 0.856000 27 100 500 10 0 0 0.054 0.152 0.3 0.436 0.56 0.684 0.764 0.846 0.856
Generation: 28
fullpopTest 1.000000 0.860000 28 100 500 10 0 0.002 0.064 0.148 0.312 0.474 0.626 0.734 0.82 0.88 0.86
Generation: 29
fullpopTest 1.000000 0.878000 29 100 500 10 0 0.002 0.082 0.162 0.28 0.406 0.55 0.666 0.77 0.85 0.878
Generation: 30
fullpopTest 1.000000 0.918000 30 100 500 10 0 0.002 0.054 0.146 0.304 0.46 0.594 0.7 0.772 0.834 0.918
Generation: 31
fullpopTest 1.000000 0.918000 31 100 500 10 0 0 0.056 0.152 0.332 0.492 0.64 0.76 0.828 0.868 0.918
Generation: 32
fullpopTest 1.000000 0.924000 32 100 500 10 0 0.002 0.056 0.152 0.314 0.468 0.646 0.758 0.836 0.878 0.924
Generation: 33
fullpopTest 1.000000 0.932000 33 100 500 10 0 0 0.088 0.188 0.352 0.508 0.652 0.756 0.848 0.906 0.932
Generation: 34
fullpopTest 1.000000 0.932000 34 100 500 10 0 0.002 0.074 0.176 0.342 0.53 0.674 0.772 0.872 0.916 0.932
Generation: 35
fullpopTest 1.000000 0.938000 35 100 500 10 0 0.002 0.072 0.186 0.372 0.53 0.69 0.814 0.884 0.94 0.938
Generation: 36
fullpopTest 1.000000 0.954000 36 100 500 10 0 0.002 0.11 0.23 0.394 0.572 0.73 0.818 0.904 0.94 0.954
Generation: 37
fullpopTest 1.000000 0.962000 37 100 500 10 0 0.004 0.09 0.206 0.39 0.572 0.732 0.84 0.916 0.95 0.962
Generation: 38
fullpopTest 1.000000 0.978000 38 100 500 10 0 0 0.1 0.216 0.406 0.596 0.744 0.85 0.916 0.956 0.978
Generation: 39
fullpopTest 1.000000 0.978000 39 100 500 10 0 0.002 0.1 0.222 0.398 0.578 0.726 0.832 0.898 0.954 0.978
Generation: 40
fullpopTest 1.000000 0.978000 40 100 500 10 0 0.002 0.09 0.21 0.384 0.61 0.768 0.878 0.942 0.968 0.978
Generation: 41
fullpopTest 1.000000 0.980000 41 100 500 10 0 0.002 0.104 0.232 0.416 0.6 0.764 0.884 0.944 0.974 0.98
Generation: 42
fullpopTest 1.000000 0.984000 42 100 500 10 0 0.002 0.106 0.226 0.41 0.61 0.77 0.898 0.948 0.97 0.984
Generation: 43
fullpopTest 1.000000 0.990000 43 100 500 10 0 0.002 0.112 0.224 0.404 0.618 0.782 0.896 0.948 0.97 0.99
Generation: 44
fullpopTest 1.000000 0.992000 44 100 500 10 0 0.002 0.112 0.244 0.434 0.652 0.796 0.898 0.956 0.978 0.992
Generation: 45
fullpopTest 1.000000 0.994000 45 100 500 10 0 0.002 0.11 0.26 0.442 0.662 0.812 0.918 0.97 0.992 0.994
Generation: 46
fullpopTest 1.000000 0.994000 46 100 500 10 0 0.002 0.108 0.234 0.41 0.624 0.78 0.894 0.954 0.98 0.994
Generation: 47
fullpopTest 1.000000 0.994000 47 100 500 10 0 0.002 0.104 0.208 0.4 0.648 0.796 0.916 0.968 0.988 0.994
Generation: 48
fullpopTest 1.000000 1.000000 48 100 500 10 0 0.002 0.102 0.23 0.43 0.668 0.822 0.942 0.986 0.992 1
fullpopTest 1.000000 1.000000 49 100 500 10 0 0.002 0.108 0.244 0.438 0.68 0.834 0.942 0.974 0.992 1
Generation: 0
fullpopTest 1.000000 0.184000 0 100 500 10 0 0 0.01 0.016 0.04 0.06 0.086 0.114 0.14 0.172 0.184
Generation: 1
fullpopTest 1.000000 0.210000 1 100 500 10 0 0 0.012 0.034 0.048 0.076 0.114 0.146 0.17 0.198 0.21
Generation: 2
fullpopTest 1.000000 0.246000 2 100 500 10 0 0 0.014 0.024 0.048 0.078 0.12 0.162 0.198 0.226 0.246
Generation: 3
fullpopTest 1.000000 0.258000 3 100 500 10 0 0 0.002 0.014 0.03 0.054 0.1 0.126 0.172 0.21 0.258
Generation: 4
fullpopTest 1.000000 0.320000 4 100 500 10 0 0 0.004 0.018 0.044 0.068 0.122 0.18 0.216 0.26 0.32
Generation: 5
fullpopTest 1.000000 0.344000 5 100 500 10 0 0 0.006 0.034 0.064 0.102 0.152 0.224 0.268 0.318 0.344
Generation: 6
fullpopTest 1.000000 0.382000 6 100 500 10 0 0.002 0.018 0.048 0.088 0.138 0.188 0.252 0.3 0.374 0.382
Generation: 7
fullpopTest 1.000000 0.418000 7 100 500 10 0 0 0.012 0.046 0.092 0.14 0.19 0.26 0.308 0.372 0.418
Generation: 8
fullpopTest 1.000000 0.444000 8 100 500 10 0 0.002 0.022 0.048 0.09 0.146 0.196 0.25 0.322 0.388 0.444
Generation: 9
fullpopTest 1.000000 0.450000 9 100 500 10 0 0 0.014 0.05 0.092 0.152 0.232 0.292 0.356 0.41 0.45
Generation: 10
fullpopTest 1.000000 0.486000 10 100 500 10 0 0 0.016 0.046 0.084 0.14 0.21 0.298 0.362 0.448 0.486
Generation: 11
fullpopTest 1.000000 0.486000 11 100 500 10 0 0 0.022 0.05 0.094 0.152 0.232 0.32 0.382 0.456 0.486
Generation: 12
fullpopTest 1.000000 0.486000 12 100 500 10 0 0 0.024 0.066 0.118 0.188 0.258 0.324 0.392 0.46 0.486
Generation: 13
fullpopTest 1.000000 0.498000 13 100 500 10 0 0.002 0.012 0.058 0.114 0.166 0.234 0.276 0.34 0.414 0.498
Generation: 14
fullpopTest 1.000000 0.548000 14 100 500 10 0 0.002 0.032 0.07 0.122 0.18 0.266 0.356 0.442 0.524 0.548
Generation: 15
fullpopTest 1.000000 0.616000 15 100 500 10 0 0.004 0.028 0.076 0.134 0.24 0.324 0.386 0.48 0.548 0.616
Generation: 16
fullpopTest 1.000000 0.634000 16 100 500 10 0 0 0.034 0.086 0.144 0.242 0.34 0.462 0.544 0.634 0.634
Generation: 17
fullpopTest 1.000000 0.644000 17 100 500 10 0 0 0.03 0.086 0.154 0.244 0.348 0.442 0.518 0.598 0.644
Generation: 18
fullpopTest 1.000000 0.730000 18 100 500 10 0 0 0.024 0.088 0.18 0.308 0.448 0.56 0.646 0.746 0.73
Generation: 19
fullpopTest 1.000000 0.758000 19 100 500 10 0 0 0.03 0.1 0.178 0.29 0.422 0.556 0.634 0.706 0.758
Generation: 20
fullpopTest 1.000000 0.776000 20 100 500 10 0 0.002 0.048 0.112 0.198 0.308 0.44 0.578 0.694 0.764 0.776
Generation: 21
fullpopTest 1.000000 0.790000 21 100 500 10 0 0 0.03 0.12 0.198 0.318 0.47 0.574 0.662 0.742 0.79
Generation: 22
fullpopTest 1.000000 0.790000 22 100 500 10 0 0.002 0.034 0.106 0.196 0.33 0.466 0.58 0.686 0.774 0.79
Generation: 23
fullpopTest 1.000000 0.802000 23 100 500 10 0 0.002 0.034 0.108 0.216 0.352 0.462 0.58 0.67 0.77 0.802
Generation: 24
fullpopTest 1.000000 0.844000 24 100 500 10 0 0.004 0.024 0.104 0.242 0.41 0.56 0.672 0.78 0.862 0.844
Generation: 25
fullpopTest 1.000000 0.864000 25 100 500 10 0 0.002 0.04 0.122 0.252 0.426 0.574 0.686 0.762 0.838 0.864
Generation: 26
fullpopTest 1.000000 0.868000 26 100 500 10 0 0 0.034 0.112 0.24 0.4 0.574 0.686 0.792 0.884 0.868
Generation: 27
fullpopTest 1.000000 0.898000 27 100 500 10 0 0 0.04 0.148 0.256 0.44 0.604 0.718 0.8 0.878 0.898
Generation: 28
fullpopTest 1.000000 0.900000 28 100 500 10 0 0.002 0.044 0.154 0.292 0.436 0.578 0.7 0.814 0.872 0.9
Generation: 29
fullpopTest 1.000000 0.900000 29 100 500 10 0 0.002 0.056 0.156 0.268 0.394 0.554 0.694 0.812 0.882 0.9
Generation: 30
fullpopTest 1.000000 0.902000 30 100 500 10 0 0.002 0.044 0.146 0.3 0.432 0.59 0.734 0.824 0.884 0.902
Generation: 31
fullpopTest 1.000000 0.914000 31 100 500 10 0 0.004 0.058 0.15 0.32 0.51 0.654 0.772 0.858 0.91 0.914
Generation: 32
fullpopTest 1.000000 0.920000 32 100 500 10 0 0 0.03 0.108 0.268 0.408 0.57 0.702 0.804 0.884 0.92
Generation: 33
fullpopTest 1.000000 0.934000 33 100 500 10 0 0.002 0.05 0.166 0.304 0.476 0.632 0.772 0.856 0.918 0.934
Generation: 34
fullpopTest 1.000000 0.934000 34 100 500 10 0 0.002 0.034 0.148 0.294 0.456 0.624 0.742 0.828 0.904 0.934
Generation: 35
fullpopTest 1.000000 0.944000 35 100 500 10 0 0 0.04 0.156 0.314 0.478 0.616 0.728 0.812 0.87 0.944
Generation: 36
fullpopTest 1.000000 0.944000 36 100 500 10 0 0 0.054 0.15 0.294 0.472 0.642 0.748 0.834 0.898 0.944
Generation: 37
fullpopTest 1.000000 0.966000 37 100 500 10 0 0.004 0.048 0.17 0.33 0.522 0.668 0.786 0.858 0.914 0.966
Generation: 38
fullpopTest 1.000000 0.966000 38 100 500 10 0 0.002 0.05 0.152 0.318 0.498 0.66 0.792 0.888 0.94 0.966
Generation: 39
fullpopTest 1.000000 0.972000 39 100 500 10 0 0 0.06 0.192 0.364 0.522 0.702 0.812 0.884 0.944 0.972
Generation: 40
fullpopTest 1.000000 0.976000 40 100 500 10 0 0.002 0.046 0.156 0.344 0.51 0.7 0.83 0.92 0.97 0.976
Generation: 41
fullpopTest 1.000000 0.980000 41 100 500 10 0 0.002 0.052 0.186 0.378 0.6 0.782 0.892 0.956 0.968 0.98
Generation: 42
fullpopTest 1.000000 0.980000 42 100 500 10 0 0.004 0.058 0.188 0.362 0.602 0.766 0.858 0.916 0.94 0.98
Generation: 43
fullpopTest 1.000000 0.980000 43 100 500 10 0 0 0.05 0.166 0.35 0.576 0.748 0.856 0.918 0.952 0.98
Generation: 44
fullpopTest 1.000000 0.988000 44 100 500 10 0 0.002 0.068 0.192 0.38 0.58 0.754 0.856 0.928 0.962 0.988
Generation: 45
fullpopTest 1.000000 0.992000 45 100 500 10 0 0.002 0.04 0.172 0.358 0.554 0.748 0.872 0.94 0.966 0.992
Generation: 46
fullpopTest 1.000000 0.992000 46 100 500 10 0 0.002 0.042 0.16 0.314 0.53 0.73 0.856 0.932 0.97 0.992
Generation: 47
fullpopTest 1.000000 0.992000 47 100 500 10 0 0 0.044 0.16 0.344 0.532 0.708 0.814 0.918 0.966 0.992
Generation: 48
fullpopTest 1.000000 0.992000 48 100 500 10 0 0 0.046 0.162 0.34 0.556 0.752 0.854 0.936 0.982 0.992
Generation: 49
fullpopTest 1.000000 0.992000 49 100 500 10 0 0.002 0.044 0.16 0.354 0.56 0.728 0.862 0.946 0.964 0.992
Generation: 50
fullpopTest 1.000000 0.992000 50 100 500 10 0 0 0.036 0.15 0.32 0.552 0.722 0.872 0.934 0.968 0.992
Generation: 51
fullpopTest 1.000000 0.996000 51 100 500 10 0 0 0.056 0.202 0.426 0.65 0.81 0.922 0.978 0.992 0.996
Generation: 52
fullpopTest 1.000000 0.996000 52 100 500 10 0 0.004 0.064 0.198 0.448 0.646 0.84 0.942 0.986 0.996 0.996
Generation: 53
fullpopTest 1.000000 0.996000 53 100 500 10 0 0 0.072 0.192 0.392 0.624 0.824 0.932 0.982 0.994 0.996
Generation: 54
fullpopTest 1.000000 0.996000 54 100 500 10 0 0.002 0.054 0.182 0.394 0.632 0.806 0.92 0.968 0.988 0.996
Generation: 55
fullpopTest 1.000000 0.998000 55 100 500 10 0 0.002 0.072 0.196 0.388 0.66 0.842 0.924 0.972 0.99 0.998
Generation: 56
fullpopTest 1.000000 0.998000 56 100 500 10 0 0.002 0.056 0.174 0.38 0.642 0.842 0.938 0.976 0.988 0.998
Generation: 57
fullpopTest 1.000000 0.998000 57 100 500 10 0 0.002 0.074 0.196 0.406 0.672 0.86 0.95 0.98 0.986 0.998
Generation: 58
fullpopTest 1.000000 1.000000 58 100 500 10 0 0.004 0.052 0.204 0.436 0.666 0.85 0.946 0.982 0.988 1
fullpopTest 1.000000 1.000000 59 100 500 10 0 0.002 0.054 0.232 0.446 0.64 0.83 0.922 0.964 0.982 1
Generation: 0
fullpopTest 1.000000 0.152000 0 100 500 10 0 0 0.008 0.016 0.024 0.042 0.052 0.082 0.096 0.13 0.152
Generation: 1
fullpopTest 1.000000 0.160000 1 100 500 10 0 0.002 0.002 0.012 0.028 0.054 0.076 0.098 0.13 0.154 0.16
Generation: 2
fullpopTest 1.000000 0.176000 2 100 500 10 0 0 0.012 0.024 0.032 0.05 0.068 0.08 0.098 0.13 0.176
Generation: 3
fullpopTest 1.000000 0.214000 3 100 500 10 0 0.002 0.006 0.016 0.036 0.058 0.084 0.106 0.144 0.178 0.214
Generation: 4
fullpopTest 1.000000 0.264000 4 100 500 10 0 0 0 0.01 0.03 0.054 0.088 0.132 0.162 0.198 0.264
Generation: 5
fullpopTest 1.000000 0.264000 5 100 500 10 0 0 0.008 0.012 0.032 0.062 0.094 0.124 0.15 0.19 0.264
Generation: 6
fullpopTest 1.000000 0.298000 6 100 500 10 0 0 0.01 0.02 0.048 0.1 0.142 0.202 0.254 0.288 0.298
Generation: 7
fullpopTest 1.000000 0.316000 7 100 500 10 0 0 0.008 0.036 0.068 0.128 0.166 0.208 0.25 0.282 0.316
Generation: 8
fullpopTest 1.000000 0.348000 8 100 500 10 0 0 0.012 0.042 0.086 0.128 0.182 0.22 0.258 0.306 0.348
Generation: 9
fullpopTest 1.000000 0.390000 9 100 500 10 0 0 0.008 0.038 0.074 0.132 0.188 0.236 0.3 0.36 0.39
Generation: 10
fullpopTest 1.000000 0.412000 10 100 500 10 0 0 0.008 0.048 0.086 0.146 0.206 0.272 0.352 0.42 0.412
Generation: 11
fullpopTest 1.000000 0.440000 11 100 500 10 0 0 0.014 0.046 0.102 0.178 0.238 0.326 0.408 0.454 0.44
Generation: 12
fullpopTest 1.000000 0.482000 12 100 500 10 0 0.002 0.01 0.05 0.106 0.176 0.236 0.31 0.374 0.438 0.482
Generation: 13
fullpopTest 1.000000 0.484000 13 100 500 10 0 0 0.014 0.054 0.116 0.184 0.26 0.338 0.406 0.454 0.484
Generation: 14
fullpopTest 1.000000 0.522000 14 100 500 10 0 0 0.014 0.058 0.112 0.184 0.244 0.316 0.386 0.456 0.522
Generation: 15
fullpopTest 1.000000 0.590000 15 100 500 10 0 0.002 0.024 0.094 0.156 0.252 0.33 0.412 0.484 0.552 0.59
Generation: 16
fullpopTest 1.000000 0.590000 16 100 500 10 0 0 0.014 0.078 0.158 0.236 0.292 0.372 0.438 0.53 0.59
Generation: 17
fullpopTest 1.000000 0.610000 17 100 500 10 0 0 0.014 0.08 0.164 0.238 0.348 0.438 0.52 0.59 0.61
Generation: 18
fullpopTest 1.000000 0.692000 18 100 500 10 0 0 0.036 0.118 0.182 0.3 0.406 0.49 0.564 0.646 0.692
Generation: 19
fullpopTest 1.000000 0.692000 19 100 500 10 0 0 0.022 0.106 0.208 0.304 0.388 0.48 0.544 0.62 0.692
Generation: 20
fullpopTest 1.000000 0.704000 20 100 500 10 0 0 0.03 0.072 0.19 0.27 0.394 0.498 0.61 0.692 0.704
Generation: 21
fullpopTest 1.000000 0.738000 21 100 500 10 0 0.002 0.036 0.138 0.248 0.364 0.492 0.58 0.674 0.746 0.738
Generation: 22
fullpopTest 1.000000 0.742000 22 100 500 10 0 0 0.046 0.158 0.27 0.384 0.492 0.608 0.668 0.73 0.742
Generation: 23
fullpopTest 1.000000 0.768000 23 100 500 10 0 0 0.044 0.152 0.306 0.41 0.522 0.598 0.678 0.734 0.768
Generation: 24
fullpopTest 1.000000 0.794000 24 100 500 10 0 0 0.026 0.102 0.21 0.332 0.442 0.578 0.658 0.77 0.794
Generation: 25
fullpopTest 1.000000 0.794000 25 100 500 10 0 0.002 0.03 0.102 0.194 0.32 0.424 0.578 0.67 0.76 0.794
Generation: 26
fullpopTest 1.000000 0.822000 26 100 500 10 0 0 0.024 0.126 0.254 0.388 0.548 0.656 0.734 0.816 0.822
Generation: 27
fullpopTest 1.000000 0.824000 27 100 500 10 0 0.002 0.042 0.156 0.306 0.416 0.554 0.646 0.748 0.81 0.824
Generation: 28
fullpopTest 1.000000 0.848000 28 100 500 10 0 0.002 0.042 0.156 0.296 0.404 0.524 0.638 0.736 0.828 0.848
Generation: 29
fullpopTest 1.000000 0.866000 29 100 500 10 0 0 0.026 0.128 0.282 0.406 0.564 0.678 0.764 0.842 0.866
Generation: 30
fullpopTest 1.000000 0.876000 30 100 500 10 0 0.002 0.042 0.14 0.302 0.43 0.568 0.682 0.78 0.844 0.876
Generation: 31
fullpopTest 1.000000 0.908000 31 100 500 10 0 0 0.044 0.154 0.324 0.48 0.604 0.718 0.804 0.866 0.908
Generation: 32
fullpopTest 1.000000 0.908000 32 100 500 10 0 0 0.034 0.144 0.306 0.454 0.584 0.7 0.798 0.872 0.908
Generation: 33
fullpopTest 1.000000 0.908000 33 100 500 10 0 0.002 0.036 0.15 0.294 0.42 0.566 0.676 0.784 0.85 0.908
Generation: 34
fullpopTest 1.000000 0.920000 34 100 500 10 0 0 0.044 0.168 0.342 0.488 0.624 0.738 0.844 0.91 0.92
Generation: 35
fullpopTest 1.000000 0.930000 35 100 500 10 0 0.002 0.048 0.176 0.378 0.52 0.688 0.806 0.888 0.932 0.93
Generation: 36
fullpopTest 1.000000 0.938000 36 100 500 10 0 0 0.036 0.154 0.358 0.486 0.646 0.774 0.864 0.93 0.938
Generation: 37
fullpopTest 1.000000 0.938000 37 100 500 10 0 0.002 0.046 0.194 0.39 0.528 0.67 0.788 0.866 0.92 0.938
Generation: 38
fullpopTest 1.000000 0.952000 38 100 500 10 0 0.002 0.068 0.2 0.398 0.524 0.672 0.802 0.888 0.932 0.952
Generation: 39
fullpopTest 1.000000 0.952000 39 100 500 10 0 0.002 0.058 0.194 0.39 0.534 0.702 0.81 0.888 0.934 0.952
Generation: 40
fullpopTest 1.000000 0.956000 40 100 500 10 0 0 0.028 0.13 0.298 0.476 0.628 0.788 0.884 0.928 0.956
Generation: 41
fullpopTest 1.000000 0.966000 41 100 500 10 0 0 0.064 0.206 0.408 0.568 0.728 0.834 0.906 0.964 0.966
Generation: 42
fullpopTest 1.000000 0.968000 42 100 500 10 0 0.002 0.072 0.238 0.434 0.578 0.748 0.848 0.914 0.958 0.968
Generation: 43
fullpopTest 1.000000 0.976000 43 100 500 10 0 0 0.062 0.23 0.442 0.59 0.752 0.852 0.946 0.982 0.976
Generation: 44
fullpopTest 1.000000 0.976000 44 100 500 10 0 0.002 0.044 0.204 0.404 0.604 0.746 0.852 0.91 0.948 0.976
Generation: 45
fullpopTest 1.000000 0.980000 45 100 500 10 0 0.002 0.056 0.204 0.402 0.574 0.736 0.84 0.918 0.956 0.98
Generation: 46
fullpopTest 1.000000 0.980000 46 100 500 10 0 0 0.048 0.204 0.39 0.584 0.736 0.842 0.912 0.954 0.98
Generation: 47
fullpopTest 1.000000 0.986000 47 100 500 10 0 0 0.068 0.248 0.428 0.61 0.768 0.876 0.94 0.98 0.986
Generation: 48
fullpopTest 1.000000 0.986000 48 100 500 10 0 0 0.052 0.198 0.392 0.582 0.754 0.85 0.922 0.972 0.986
Generation: 49
fullpopTest 1.000000 0.994000 49 100 500 10 0 0.002 0.076 0.24 0.448 0.66 0.812 0.92 0.958 0.978 0.994
Generation: 50
fullpopTest 1.000000 0.994000 50 100 500 10 0 0.002 0.058 0.22 0.426 0.616 0.794 0.894 0.946 0.97 0.994
Generation: 51
fullpopTest 1.000000 0.994000 51 100 500 10 0 0.002 0.06 0.196 0.408 0.61 0.774 0.882 0.948 0.984 0.994
Generation: 52
fullpopTest 1.000000 0.994000 52 100 500 10 0 0 0.066 0.218 0.408 0.616 0.77 0.918 0.964 0.982 0.994
Generation: 53
fullpopTest 1.000000 0.994000 53 100 500 10 0 0.002 0.08 0.236 0.422 0.612 0.782 0.89 0.94 0.978 0.994
Generation: 54
fullpopTest 1.000000 0.998000 54 100 500 10 0 0.002 0.072 0.234 0.45 0.65 0.822 0.916 0.978 0.99 0.998
Generation: 55
fullpopTest 1.000000 0.998000 55 100 500 10 0 0.002 0.062 0.268 0.466 0.698 0.848 0.926 0.976 0.994 0.998
Generation: 56
fullpopTest 1.000000 1.000000 56 100 500 10 0 0 0.072 0.244 0.468 0.666 0.828 0.922 0.978 0.994 1
fullpopTest 1.000000 1.000000 57 100 500 10 0 0 0.07 0.248 0.462 0.666 0.832 0.942 0.986 0.994 1
Generation: 0
fullpopTest 1.000000 0.188000 0 100 500 10 0 0 0.01 0.032 0.046 0.058 0.078 0.096 0.114 0.14 0.188
Generation: 1
fullpopTest 1.000000 0.194000 1 100 500 10 0 0.002 0.01 0.034 0.054 0.072 0.1 0.122 0.142 0.158 0.194
Generation: 2
fullpopTest 1.000000 0.210000 2 100 500 10 0 0.002 0.024 0.044 0.072 0.1 0.122 0.156 0.172 0.214 0.21
Generation: 3
fullpopTest 1.000000 0.236000 3 100 500 10 0 0 0.01 0.024 0.036 0.076 0.108 0.144 0.164 0.19 0.236
Generation: 4
fullpopTest 1.000000 0.244000 4 100 500 10 0 0.002 0.032 0.056 0.08 0.104 0.128 0.156 0.174 0.212 0.244
Generation: 5
fullpopTest 1.000000 0.274000 5 100 500 10 0 0 0.014 0.038 0.066 0.096 0.136 0.178 0.222 0.252 0.274
Generation: 6
fullpopTest 1.000000 0.290000 6 100 500 10 0 0 0.018 0.05 0.092 0.13 0.16 0.206 0.246 0.284 0.29
Generation: 7
fullpopTest 1.000000 0.334000 7 100 500 10 0 0 0.012 0.05 0.066 0.092 0.146 0.192 0.228 0.286 0.334
Generation: 8
fullpopTest 1.000000 0.342000 8 100 500 10 0 0 0.01 0.044 0.1 0.15 0.218 0.262 0.3 0.352 0.342
Generation: 9
fullpopTest 1.000000 0.438000 9 100 500 10 0 0 0.012 0.054 0.108 0.17 0.246 0.308 0.352 0.414 0.438
Generation: 10
fullpopTest 1.000000 0.444000 10 100 500 10 0 0 0.016 0.064 0.106 0.17 0.232 0.286 0.35 0.394 0.444
Generation: 11
fullpopTest 1.000000 0.496000 11 100 500 10 0 0.002 0.026 0.058 0.13 0.186 0.248 0.316 0.398 0.5 0.496
Generation: 12
fullpopTest 1.000000 0.496000 12 100 500 10 0 0 0.014 0.058 0.116 0.188 0.268 0.336 0.41 0.476 0.496
Generation: 13
fullpopTest 1.000000 0.528000 13 100 500 10 0 0 0.016 0.058 0.112 0.194 0.272 0.354 0.43 0.498 0.528
Generation: 14
fullpopTest 1.000000 0.618000 14 100 500 10 0 0.002 0.028 0.098 0.202 0.304 0.378 0.454 0.53 0.594 0.618
Generation: 15
fullpopTest 1.000000 0.630000 15 100 500 10 0 0.002 0.04 0.104 0.186 0.278 0.4 0.488 0.548 0.618 0.63
Generation: 16
fullpopTest 1.000000 0.664000 16 100 500 10 0 0.002 0.046 0.122 0.21 0.318 0.41 0.5 0.584 0.638 0.664
Generation: 17
fullpopTest 1.000000 0.692000 17 100 500 10 0 0 0.036 0.138 0.232 0.332 0.43 0.516 0.608 0.668 0.692
Generation: 18
fullpopTest 1.000000 0.708000 18 100 500 10 0 0 0.044 0.152 0.256 0.386 0.488 0.57 0.652 0.698 0.708
Generation: 19
fullpopTest 1.000000 0.754000 19 100 500 10 0 0.002 0.064 0.172 0.292 0.438 0.548 0.624 0.686 0.772 0.754
Generation: 20
fullpopTest 1.000000 0.780000 20 100 500 10 0 0.002 0.058 0.176 0.292 0.422 0.55 0.644 0.718 0.766 0.78
Generation: 21
fullpopTest 1.000000 0.804000 21 100 500 10 0 0 0.048 0.144 0.272 0.416 0.534 0.61 0.692 0.766 0.804
Generation: 22
fullpopTest 1.000000 0.812000 22 100 500 10 0 0.002 0.052 0.184 0.318 0.456 0.588 0.678 0.754 0.798 0.812
Generation: 23
fullpopTest 1.000000 0.834000 23 100 500 10 0 0.004 0.056 0.184 0.308 0.462 0.556 0.658 0.722 0.796 0.834
Generation: 24
fullpopTest 1.000000 0.874000 24 100 500 10 0 0.002 0.068 0.204 0.348 0.516 0.618 0.73 0.812 0.87 0.874
Generation: 25
fullpopTest 1.000000 0.902000 25 100 500 10 0 0.002 0.07 0.182 0.334 0.534 0.642 0.772 0.856 0.914 0.902
Generation: 26
fullpopTest 1.000000 0.902000 26 100 500 10 0 0.002 0.076 0.224 0.344 0.502 0.628 0.75 0.824 0.888 0.902
Generation: 27
fullpopTest 1.000000 0.932000 27 100 500 10 0 0.004 0.08 0.238 0.38 0.536 0.686 0.788 0.846 0.904 0.932
Generation: 28
fullpopTest 1.000000 0.970000 28 100 500 10 0 0.002 0.102 0.278 0.432 0.634 0.776 0.87 0.934 0.962 0.97
Generation: 29
fullpopTest 1.000000 0.970000 29 100 500 10 0 0.002 0.096 0.262 0.422 0.634 0.77 0.856 0.9 0.942 0.97
Generation: 30
fullpopTest 1.000000 0.970000 30 100 500 10 0 0.002 0.11 0.296 0.452 0.626 0.77 0.84 0.896 0.944 0.97
Generation: 31
fullpopTest 1.000000 0.970000 31 100 500 10 0 0.002 0.094 0.27 0.436 0.624 0.76 0.852 0.902 0.932 0.97
Generation: 32
fullpopTest 1.000000 0.978000 32 100 500 10 0 0.002 0.1 0.292 0.46 0.66 0.792 0.892 0.938 0.972 0.978
Generation: 33
fullpopTest 1.000000 0.978000 33 100 500 10 0 0.002 0.116 0.294 0.462 0.678 0.8 0.886 0.932 0.964 0.978
Generation: 34
fullpopTest 1.000000 0.982000 34 100 500 10 0 0.002 0.098 0.296 0.462 0.692 0.838 0.922 0.962 0.976 0.982
Generation: 35
fullpopTest 1.000000 0.992000 35 100 500 10 0 0.002 0.112 0.306 0.488 0.72 0.854 0.932 0.966 0.984 0.992
Generation: 36
fullpopTest 1.000000 0.992000 36 100 500 10 0 0.002 0.11 0.306 0.478 0.688 0.816 0.908 0.964 0.988 0.992
Generation: 37
fullpopTest 1.000000 0.992000 37 100 500 10 0 0.002 0.108 0.288 0.476 0.684 0.852 0.95 0.98 0.986 0.992
Generation: 38
fullpopTest 1.000000 0.994000 38 100 500 10 0 0.002 0.104 0.302 0.472 0.674 0.834 0.922 0.97 0.99 0.994
Generation: 39
fullpopTest 1.000000 0.994000 39 100 500 10 0 0.002 0.094 0.292 0.464 0.704 0.85 0.94 0.976 0.984 0.994
Generation: 40
fullpopTest 1.000000 0.996000 40 100 500 10 0 0.004 0.102 0.28 0.456 0.67 0.824 0.91 0.954 0.982 0.996
Generation: 41
fullpopTest 1.000000 0.996000 41 100 500 10 0 0.002 0.114 0.332 0.488 0.732 0.878 0.948 0.976 0.992 0.996
Generation: 42
fullpopTest 1.000000 1.000000 42 100 500 10 0 0.002 0.114 0.336 0.488 0.726 0.884 0.952 0.986 0.992 1
fullpopTest 1.000000 1.000000 43 100 500 10 0 0.002 0.104 0.29 0.472 0.704 0.864 0.958 0.988 0.998 1
Generation: 0
fullpopTest 1.000000 0.174000 0 100 500 10 0 0 0.002 0.01 0.032 0.052 0.082 0.102 0.14 0.152 0.174
Generation: 1
fullpopTest 1.000000 0.174000 1 100 500 10 0 0 0.006 0.012 0.024 0.044 0.074 0.106 0.136 0.154 0.174
Generation: 2
fullpopTest 1.000000 0.200000 2 100 500 10 0 0 0.004 0.016 0.044 0.062 0.082 0.112 0.138 0.17 0.2
Generation: 3
fullpopTest 1.000000 0.236000 3 100 500 10 0 0 0.006 0.016 0.04 0.064 0.086 0.12 0.154 0.188 0.236
Generation: 4
fullpopTest 1.000000 0.254000 4 100 500 10 0 0 0.006 0.04 0.06 0.096 0.132 0.15 0.176 0.202 0.254
Generation: 5
fullpopTest 1.000000 0.288000 5 100 500 10 0 0.002 0.006 0.026 0.05 0.096 0.138 0.174 0.216 0.244 0.288
Generation: 6
fullpopTest 1.000000 0.324000 6 100 500 10 0 0 0.006 0.03 0.07 0.14 0.198 0.25 0.292 0.332 0.324
Generation: 7
fullpopTest 1.000000 0.328000 7 100 500 10 0 0 0.014 0.032 0.058 0.092 0.146 0.194 0.242 0.292 0.328
Generation: 8
fullpopTest 1.000000 0.346000 8 100 500 10 0 0 0.006 0.028 0.06 0.102 0.15 0.204 0.254 0.32 0.346
Generation: 9
fullpopTest 1.000000 0.394000 9 100 500 10 0 0.002 0.016 0.04 0.064 0.126 0.178 0.238 0.296 0.344 0.394
Generation: 10
fullpopTest 1.000000 0.428000 10 100 500 10 0 0 0.018 0.052 0.098 0.164 0.218 0.274 0.332 0.396 0.428
Generation: 11
fullpopTest 1.000000 0.428000 11 100 500 10 0 0 0.01 0.04 0.106 0.158 0.204 0.256 0.318 0.366 0.428
Generation: 12
fullpopTest 1.000000 0.456000 12 100 500 10 0 0 0.016 0.054 0.102 0.178 0.266 0.36 0.4 0.486 0.456
Generation: 13
fullpopTest 1.000000 0.498000 13 100 500 10 0 0.002 0.018 0.048 0.104 0.154 0.228 0.282 0.366 0.432 0.498
Generation: 14
fullpopTest 1.000000 0.512000 14 100 500 10 0 0 0.018 0.048 0.098 0.154 0.236 0.306 0.402 0.476 0.512
Generation: 15
fullpopTest 1.000000 0.550000 15 100 500 10 0 0.002 0.016 0.07 0.122 0.204 0.306 0.378 0.462 0.528 0.55
Generation: 16
fullpopTest 1.000000 0.568000 16 100 500 10 0 0 0.022 0.086 0.146 0.224 0.31 0.408 0.48 0.552 0.568
Generation: 17
fullpopTest 1.000000 0.612000 17 100 500 10 0 0 0.024 0.078 0.168 0.236 0.36 0.43 0.508 0.592 0.612
Generation: 18
fullpopTest 1.000000 0.624000 18 100 500 10 0 0 0.004 0.044 0.142 0.23 0.318 0.406 0.482 0.564 0.624
Generation: 19
fullpopTest 1.000000 0.654000 19 100 500 10 0 0 0.026 0.07 0.16 0.254 0.386 0.478 0.588 0.662 0.654
Generation: 20
fullpopTest 1.000000 0.672000 20 100 500 10 0 0.002 0.022 0.098 0.188 0.282 0.38 0.488 0.596 0.688 0.672
Generation: 21
fullpopTest 1.000000 0.710000 21 100 500 10 0 0 0.016 0.068 0.168 0.262 0.382 0.484 0.588 0.66 0.71
Generation: 22
fullpopTest 1.000000 0.722000 22 100 500 10 0 0 0.022 0.09 0.168 0.292 0.41 0.526 0.648 0.736 0.722
Generation: 23
fullpopTest 1.000000 0.722000 23 100 500 10 0 0 0.036 0.088 0.178 0.294 0.42 0.532 0.654 0.734 0.722
Generation: 24
fullpopTest 1.000000 0.764000 24 100 500 10 0 0 0.03 0.084 0.184 0.278 0.41 0.544 0.654 0.758 0.764
Generation: 25
fullpopTest 1.000000 0.792000 25 100 500 10 0 0 0.032 0.1 0.226 0.34 0.488 0.636 0.712 0.784 0.792
Generation: 26
fullpopTest 1.000000 0.822000 26 100 500 10 0 0 0.042 0.126 0.25 0.366 0.49 0.616 0.7 0.764 0.822
Generation: 27
fullpopTest 1.000000 0.838000 27 100 500 10 0 0 0.04 0.124 0.258 0.396 0.52 0.648 0.738 0.822 0.838
Generation: 28
fullpopTest 1.000000 0.862000 28 100 500 10 0 0 0.026 0.104 0.218 0.384 0.526 0.664 0.766 0.85 0.862
Generation: 29
fullpopTest 1.000000 0.872000 29 100 500 10 0 0 0.06 0.152 0.288 0.428 0.544 0.68 0.774 0.848 0.872
Generation: 30
fullpopTest 1.000000 0.906000 30 100 500 10 0 0 0.036 0.118 0.284 0.448 0.586 0.712 0.806 0.884 0.906
Generation: 31
fullpopTest 1.000000 0.914000 31 100 500 10 0 0 0.036 0.134 0.252 0.424 0.58 0.734 0.83 0.902 0.914
Generation: 32
fullpopTest 1.000000 0.944000 32 100 500 10 0 0 0.054 0.154 0.314 0.498 0.65 0.788 0.884 0.946 0.944
Generation: 33
fullpopTest 1.000000 0.950000 33 100 500 10 0 0 0.05 0.152 0.318 0.482 0.636 0.788 0.884 0.94 0.95
Generation: 34
fullpopTest 1.000000 0.958000 34 100 500 10 0 0.002 0.05 0.152 0.32 0.5 0.672 0.8 0.866 0.91 0.958
Generation: 35
fullpopTest 1.000000 0.968000 35 100 500 10 0 0 0.04 0.168 0.334 0.52 0.664 0.8 0.902 0.954 0.968
Generation: 36
fullpopTest 1.000000 0.980000 36 100 500 10 0 0.002 0.052 0.192 0.352 0.554 0.684 0.814 0.92 0.972 0.98
Generation: 37
fullpopTest 1.000000 0.980000 37 100 500 10 0 0.002 0.05 0.2 0.376 0.562 0.718 0.84 0.924 0.958 0.98
Generation: 38
fullpopTest 1.000000 0.980000 38 100 500 10 0 0.002 0.052 0.196 0.344 0.538 0.704 0.824 0.912 0.962 0.98
Generation: 39
fullpopTest 1.000000 0.986000 39 100 500 10 0 0 0.046 0.152 0.296 0.52 0.658 0.836 0.918 0.974 0.986
Generation: 40
fullpopTest 1.000000 0.986000 40 100 500 10 0 0 0.052 0.144 0.304 0.512 0.676 0.838 0.936 0.982 0.986
Generation: 41
fullpopTest 1.000000 0.986000 41 100 500 10 0 0.002 0.064 0.162 0.31 0.494 0.626 0.812 0.91 0.972 0.986
Generation: 42
fullpopTest 1.000000 0.986000 42 100 500 10 0 0 0.06 0.158 0.314 0.544 0.696 0.86 0.944 0.972 0.986
Generation: 43
fullpopTest 1.000000 0.992000 43 100 500 10 0 0.002 0.056 0.182 0.38 0.562 0.728 0.874 0.928 0.974 0.992
Generation: 44
fullpopTest 1.000000 0.994000 44 100 500 10 0 0 0.064 0.202 0.392 0.602 0.778 0.92 0.976 0.988 0.994
Generation: 45
fullpopTest 1.000000 0.996000 45 100 500 10 0 0 0.07 0.252 0.426 0.612 0.778 0.894 0.962 0.992 0.996
Generation: 46
fullpopTest 1.000000 0.998000 46 100 500 10 0 0.002 0.06 0.232 0.39 0.61 0.788 0.902 0.958 0.988 0.998
Generation: 47
fullpopTest 1.000000 1.000000 47 100 500 10 0 0 0.068 0.236 0.402 0.632 0.802 0.914 0.982 0.998 1
fullpopTest 1.000000 1.000000 48 100 500 10 0 0.002 0.076 0.232 0.39 0.612 0.79 0.928 0.972 0.994 1
Generation: 0
fullpopTest 1.000000 0.180000 0 100 500 10 0 0 0.01 0.024 0.03 0.04 0.066 0.08 0.098 0.126 0.18
Generation: 1
fullpopTest 1.000000 0.180000 1 100 500 10 0 0 0.006 0.018 0.034 0.048 0.066 0.078 0.09 0.112 0.18
Generation: 2
fullpopTest 1.000000 0.180000 2 100 500 10 0 0 0.004 0.016 0.024 0.034 0.064 0.08 0.108 0.14 0.18
Generation: 3
fullpopTest 1.000000 0.198000 3 100 500 10 0 0 0.006 0.016 0.034 0.056 0.088 0.114 0.154 0.178 0.198
Generation: 4
fullpopTest 1.000000 0.238000 4 100 500 10 0 0 0.002 0.014 0.018 0.044 0.072 0.104 0.14 0.178 0.238
Generation: 5
fullpopTest 1.000000 0.238000 5 100 500 10 0 0 0.004 0.02 0.038 0.066 0.098 0.144 0.188 0.23 0.238
Generation: 6
fullpopTest 1.000000 0.258000 6 100 500 10 0 0 0.004 0.02 0.048 0.086 0.122 0.172 0.212 0.244 0.258
Generation: 7
fullpopTest 1.000000 0.286000 7 100 500 10 0 0 0.008 0.022 0.052 0.084 0.126 0.174 0.226 0.252 0.286
Generation: 8
fullpopTest 1.000000 0.296000 8 100 500 10 0 0 0.006 0.018 0.04 0.076 0.112 0.168 0.218 0.27 0.296
Generation: 9
fullpopTest 1.000000 0.400000 9 100 500 10 0 0 0.018 0.054 0.088 0.148 0.194 0.272 0.316 0.382 0.4
Generation: 10
fullpopTest 1.000000 0.400000 10 100 500 10 0 0 0.014 0.04 0.074 0.138 0.21 0.272 0.33 0.394 0.4
Generation: 11
fullpopTest 1.000000 0.406000 11 100 500 10 0 0.002 0.012 0.036 0.082 0.132 0.192 0.268 0.33 0.382 0.406
Generation: 12
fullpopTest 1.000000 0.462000 12 100 500 10 0 0 0.02 0.052 0.102 0.174 0.248 0.326 0.41 0.48 0.462
Generation: 13
fullpopTest 1.000000 0.510000 13 100 500 10 0 0 0.006 0.05 0.108 0.176 0.272 0.346 0.418 0.48 0.51
Generation: 14
fullpopTest 1.000000 0.548000 14 100 500 10 0 0.002 0.016 0.062 0.122 0.188 0.262 0.358 0.44 0.502 0.548
Generation: 15
fullpopTest 1.000000 0.562000 15 100 500 10 0 0 0.016 0.052 0.098 0.164 0.254 0.34 0.428 0.498 0.562
Generation: 16
fullpopTest 1.000000 0.642000 16 100 500 10 0 0.002 0.02 0.078 0.176 0.262 0.35 0.428 0.506 0.592 0.642
Generation: 17
fullpopTest 1.000000 0.706000 17 100 500 10 0 0.002 0.032 0.094 0.186 0.282 0.388 0.47 0.558 0.628 0.706
Generation: 18
fullpopTest 1.000000 0.706000 18 100 500 10 0 0 0.024 0.076 0.154 0.246 0.35 0.452 0.536 0.604 0.706
Generation: 19
fullpopTest 1.000000 0.716000 19 100 500 10 0 0.002 0.018 0.094 0.21 0.306 0.42 0.538 0.628 0.7 0.716
Generation: 20
fullpopTest 1.000000 0.756000 20 100 500 10 0 0.002 0.022 0.102 0.222 0.322 0.43 0.518 0.59 0.672 0.756
Generation: 21
fullpopTest 1.000000 0.788000 21 100 500 10 0 0.002 0.032 0.102 0.21 0.318 0.466 0.588 0.674 0.744 0.788
Generation: 22
fullpopTest 1.000000 0.796000 22 100 500 10 0 0 0.028 0.116 0.268 0.382 0.502 0.606 0.696 0.768 0.796
Generation: 23
fullpopTest 1.000000 0.810000 23 100 500 10 0 0.002 0.028 0.12 0.234 0.376 0.538 0.654 0.734 0.802 0.81
Generation: 24
fullpopTest 1.000000 0.854000 24 100 500 10 0 0.002 0.036 0.126 0.254 0.388 0.574 0.7 0.79 0.846 0.854
Generation: 25
fullpopTest 1.000000 0.854000 25 100 500 10 0 0.002 0.028 0.13 0.268 0.406 0.578 0.682 0.792 0.864 0.854
Generation: 26
fullpopTest 1.000000 0.874000 26 100 500 10 0 0 0.036 0.128 0.294 0.42 0.56 0.662 0.736 0.814 0.874
Generation: 27
fullpopTest 1.000000 0.906000 27 100 500 10 0 0.002 0.028 0.098 0.266 0.394 0.56 0.688 0.792 0.862 0.906
Generation: 28
fullpopTest 1.000000 0.934000 28 100 500 10 0 0.002 0.034 0.162 0.348 0.5 0.65 0.786 0.868 0.914 0.934
Generation: 29
fullpopTest 1.000000 0.934000 29 100 500 10 0 0.002 0.038 0.158 0.346 0.506 0.65 0.756 0.836 0.896 0.934
Generation: 30
fullpopTest 1.000000 0.934000 30 100 500 10 0 0.002 0.04 0.162 0.34 0.504 0.66 0.762 0.856 0.908 0.934
Generation: 31
fullpopTest 1.000000 0.944000 31 100 500 10 0 0 0.04 0.178 0.364 0.548 0.71 0.808 0.872 0.926 0.944
Generation: 32
fullpopTest 1.000000 0.954000 32 100 500 10 0 0.002 0.042 0.196 0.4 0.58 0.754 0.864 0.922 0.958 0.954
Generation: 33
fullpopTest 1.000000 0.960000 33 100 500 10 0 0.002 0.052 0.19 0.402 0.592 0.756 0.864 0.922 0.942 0.96
Generation: 34
fullpopTest 1.000000 0.962000 34 100 500 10 0 0 0.056 0.186 0.392 0.546 0.71 0.83 0.902 0.948 0.962
Generation: 35
fullpopTest 1.000000 0.974000 35 100 500 10 0 0.002 0.052 0.19 0.438 0.622 0.784 0.882 0.948 0.966 0.974
Generation: 36
fullpopTest 1.000000 0.974000 36 100 500 10 0 0.002 0.056 0.19 0.428 0.614 0.788 0.894 0.94 0.958 0.974
Generation: 37
fullpopTest 1.000000 0.986000 37 100 500 10 0 0.002 0.04 0.19 0.422 0.614 0.78 0.88 0.946 0.968 0.986
Generation: 38
fullpopTest 1.000000 0.986000 38 100 500 10 0 0.002 0.044 0.206 0.43 0.628 0.816 0.91 0.952 0.984 0.986
Generation: 39
fullpopTest 1.000000 0.990000 39 100 500 10 0 0.002 0.066 0.246 0.47 0.65 0.808 0.902 0.966 0.988 0.99
Generation: 40
fullpopTest 1.000000 0.990000 40 100 500 10 0 0.002 0.048 0.21 0.438 0.63 0.804 0.898 0.946 0.97 0.99
Generation: 41
fullpopTest 1.000000 0.994000 41 100 500 10 0 0.002 0.054 0.204 0.424 0.648 0.824 0.936 0.964 0.99 0.994
Generation: 42
fullpopTest 1.000000 0.996000 42 100 500 10 0 0.002 0.05 0.202 0.428 0.638 0.82 0.924 0.982 0.992 0.996
Generation: 43
fullpopTest 1.000000 0.996000 43 100 500 10 0 0.002 0.058 0.214 0.44 0.64 0.82 0.918 0.968 0.98 0.996
Generation: 44
fullpopTest 1.000000 0.998000 44 100 500 10 0 0.002 0.058 0.228 0.442 0.636 0.814 0.926 0.978 0.99 0.998
Generation: 45
fullpopTest 1.000000 0.998000 45 100 500 10 0 0.002 0.042 0.204 0.412 0.642 0.794 0.906 0.956 0.978 0.998
Generation: 46
fullpopTest 1.000000 1.000000 46 100 500 10 0 0.002 0.058 0.224 0.44 0.684 0.882 0.97 0.99 1 1
fullpopTest 1.000000 1.000000 47 100 500 10 0 0.002 0.068 0.236 0.462 0.708 0.874 0.966 0.988 0.992 1
Generation: 0
fullpopTest 1.000000 0.250000 0 100 500 10 0 0 0.014 0.024 0.05 0.084 0.124 0.158 0.212 0.244 0.25
Generation: 1
fullpopTest 1.000000 0.266000 1 100 500 10 0 0 0.006 0.02 0.048 0.084 0.11 0.154 0.2 0.246 0.266
Generation: 2
fullpopTest 1.000000 0.296000 2 100 500 10 0 0 0.012 0.026 0.062 0.088 0.128 0.176 0.234 0.282 0.296
Generation: 3
fullpopTest 1.000000 0.310000 3 100 500 10 0 0 0.016 0.04 0.082 0.116 0.176 0.228 0.272 0.308 0.31
Generation: 4
fullpopTest 1.000000 0.346000 4 100 500 10 0 0 0.006 0.03 0.056 0.098 0.136 0.182 0.232 0.292 0.346
Generation: 5
fullpopTest 1.000000 0.360000 5 100 500 10 0 0 0.012 0.04 0.092 0.136 0.186 0.248 0.304 0.36 0.36
Generation: 6
fullpopTest 1.000000 0.376000 6 100 500 10 0 0 0.014 0.042 0.092 0.132 0.184 0.234 0.284 0.352 0.376
Generation: 7
fullpopTest 1.000000 0.410000 7 100 500 10 0 0 0.014 0.058 0.1 0.136 0.198 0.254 0.324 0.38 0.41
Generation: 8
fullpopTest 1.000000 0.448000 8 100 500 10 0 0.002 0.024 0.052 0.09 0.152 0.208 0.294 0.35 0.422 0.448
Generation: 9
fullpopTest 1.000000 0.476000 9 100 500 10 0 0 0.024 0.064 0.114 0.202 0.272 0.336 0.408 0.48 0.476
Generation: 10
fullpopTest 1.000000 0.518000 10 100 500 10 0 0 0.012 0.072 0.138 0.192 0.284 0.38 0.448 0.516 0.518
Generation: 11
fullpopTest 1.000000 0.548000 11 100 500 10 0 0 0.016 0.054 0.12 0.196 0.274 0.362 0.45 0.51 0.548
Generation: 12
fullpopTest 1.000000 0.574000 12 100 500 10 0 0 0.018 0.058 0.112 0.206 0.292 0.36 0.446 0.53 0.574
Generation: 13
fullpopTest 1.000000 0.614000 13 100 500 10 0 0 0.02 0.058 0.138 0.216 0.324 0.41 0.494 0.604 0.614
Generation: 14
fullpopTest 1.000000 0.616000 14 100 500 10 0 0.002 0.02 0.06 0.134 0.218 0.308 0.388 0.464 0.548 0.616
Generation: 15
fullpopTest 1.000000 0.634000 15 100 500 10 0 0 0.018 0.086 0.168 0.264 0.364 0.458 0.536 0.596 0.634
Generation: 16
fullpopTest 1.000000 0.666000 16 100 500 10 0 0 0.006 0.064 0.138 0.216 0.314 0.42 0.496 0.596 0.666
Generation: 17
fullpopTest 1.000000 0.694000 17 100 500 10 0 0 0.038 0.094 0.178 0.288 0.438 0.558 0.65 0.718 0.694
Generation: 18
fullpopTest 1.000000 0.730000 18 100 500 10 0 0.002 0.024 0.086 0.18 0.308 0.422 0.534 0.64 0.748 0.73
Generation: 19
fullpopTest 1.000000 0.740000 19 100 500 10 0 0.002 0.034 0.096 0.184 0.296 0.422 0.538 0.63 0.686 0.74
Generation: 20
fullpopTest 1.000000 0.772000 20 100 500 10 0 0 0.032 0.106 0.182 0.312 0.436 0.562 0.674 0.756 0.772
Generation: 21
fullpopTest 1.000000 0.842000 21 100 500 10 0 0.002 0.048 0.118 0.246 0.374 0.518 0.63 0.746 0.812 0.842
Generation: 22
fullpopTest 1.000000 0.842000 22 100 500 10 0 0.002 0.04 0.122 0.226 0.382 0.53 0.65 0.752 0.818 0.842
Generation: 23
fullpopTest 1.000000 0.848000 23 100 500 10 0 0 0.04 0.11 0.244 0.372 0.508 0.626 0.756 0.82 0.848
Generation: 24
fullpopTest 1.000000 0.850000 24 100 500 10 0 0 0.03 0.094 0.204 0.352 0.506 0.626 0.728 0.81 0.85
Generation: 25
fullpopTest 1.000000 0.850000 25 100 500 10 0 0.002 0.042 0.118 0.248 0.366 0.514 0.622 0.738 0.806 0.85
Generation: 26
fullpopTest 1.000000 0.874000 26 100 500 10 0 0 0.062 0.144 0.294 0.46 0.612 0.728 0.8 0.866 0.874
Generation: 27
fullpopTest 1.000000 0.884000 27 100 500 10 0 0.002 0.036 0.124 0.28 0.45 0.598 0.712 0.794 0.87 0.884
Generation: 28
fullpopTest 1.000000 0.924000 28 100 500 10 0 0 0.046 0.17 0.298 0.458 0.614 0.766 0.85 0.928 0.924
Generation: 29
fullpopTest 1.000000 0.924000 29 100 500 10 0 0 0.05 0.146 0.316 0.49 0.622 0.758 0.862 0.916 0.924
Generation: 30
fullpopTest 1.000000 0.924000 30 100 500 10 0 0 0.052 0.162 0.278 0.442 0.602 0.73 0.816 0.894 0.924
Generation: 31
fullpopTest 1.000000 0.934000 31 100 500 10 0 0.004 0.052 0.15 0.298 0.468 0.634 0.772 0.868 0.936 0.934
Generation: 32
fullpopTest 1.000000 0.948000 32 100 500 10 0 0.002 0.044 0.12 0.256 0.458 0.61 0.736 0.836 0.89 0.948
Generation: 33
fullpopTest 1.000000 0.956000 33 100 500 10 0 0 0.066 0.186 0.36 0.528 0.706 0.84 0.924 0.968 0.956
Generation: 34
fullpopTest 1.000000 0.974000 34 100 500 10 0 0.002 0.054 0.16 0.328 0.528 0.706 0.848 0.93 0.972 0.974
Generation: 35
fullpopTest 1.000000 0.974000 35 100 500 10 0 0.002 0.062 0.182 0.366 0.572 0.718 0.826 0.918 0.952 0.974
Generation: 36
fullpopTest 1.000000 0.974000 36 100 500 10 0 0 0.054 0.184 0.366 0.526 0.722 0.856 0.95 0.976 0.974
Generation: 37
fullpopTest 1.000000 0.980000 37 100 500 10 0 0.002 0.082 0.226 0.414 0.602 0.774 0.894 0.954 0.974 0.98
Generation: 38
fullpopTest 1.000000 0.982000 38 100 500 10 0 0.002 0.062 0.194 0.348 0.542 0.686 0.836 0.924 0.96 0.982
Generation: 39
fullpopTest 1.000000 0.988000 39 100 500 10 0 0 0.072 0.184 0.374 0.616 0.782 0.896 0.946 0.972 0.988
Generation: 40
fullpopTest 1.000000 0.988000 40 100 500 10 0 0.002 0.072 0.198 0.392 0.606 0.782 0.892 0.942 0.976 0.988
Generation: 41
fullpopTest 1.000000 0.990000 41 100 500 10 0 0.002 0.072 0.182 0.392 0.572 0.728 0.87 0.956 0.988 0.99
Generation: 42
fullpopTest 1.000000 0.994000 42 100 500 10 0 0.004 0.106 0.238 0.432 0.644 0.816 0.916 0.97 0.986 0.994
Generation: 43
fullpopTest 1.000000 0.994000 43 100 500 10 0 0 0.078 0.222 0.418 0.626 0.8 0.9 0.954 0.978 0.994
Generation: 44
fullpopTest 1.000000 0.996000 44 100 500 10 0 0 0.068 0.212 0.428 0.63 0.8 0.9 0.96 0.978 0.996
Generation: 45
fullpopTest 1.000000 0.996000 45 100 500 10 0 0.002 0.078 0.226 0.446 0.656 0.822 0.922 0.962 0.982 0.996
Generation: 46
fullpopTest 1.000000 1.000000 46 100 500 10 0 0 0.066 0.218 0.43 0.662 0.838 0.95 0.986 0.994 1
fullpopTest 1.000000 1.000000 47 100 500 10 0 0.002 0.074 0.21 0.44 0.646 0.83 0.91 0.966 0.986 1
Generation: 0
fullpopTest 1.000000 0.204000 0 100 500 10 0 0 0.004 0.028 0.048 0.076 0.11 0.132 0.168 0.202 0.204
Generation: 1
fullpopTest 1.000000 0.254000 1 100 500 10 0 0 0.012 0.034 0.076 0.106 0.142 0.17 0.194 0.234 0.254
Generation: 2
fullpopTest 1.000000 0.264000 2 100 500 10 0 0 0.014 0.034 0.064 0.1 0.148 0.198 0.236 0.266 0.264
Generation: 3
fullpopTest 1.000000 0.280000 3 100 500 10 0 0 0.008 0.038 0.062 0.108 0.142 0.182 0.218 0.254 0.28
Generation: 4
fullpopTest 1.000000 0.294000 4 100 500 10 0 0 0.01 0.042 0.076 0.12 0.168 0.21 0.25 0.288 0.294
Generation: 5
fullpopTest 1.000000 0.336000 5 100 500 10 0 0 0.024 0.06 0.082 0.108 0.152 0.198 0.23 0.296 0.336
Generation: 6
fullpopTest 1.000000 0.350000 6 100 500 10 0 0 0.01 0.044 0.074 0.122 0.168 0.222 0.284 0.332 0.35
Generation: 7
fullpopTest 1.000000 0.390000 7 100 500 10 0 0 0.018 0.056 0.116 0.16 0.194 0.234 0.296 0.342 0.39
Generation: 8
fullpopTest 1.000000 0.404000 8 100 500 10 0 0 0.036 0.054 0.112 0.168 0.232 0.274 0.326 0.378 0.404
Generation: 9
fullpopTest 1.000000 0.476000 9 100 500 10 0 0 0.036 0.068 0.146 0.208 0.266 0.338 0.4 0.458 0.476
Generation: 10
fullpopTest 1.000000 0.518000 10 100 500 10 0 0.002 0.04 0.09 0.166 0.252 0.336 0.4 0.462 0.53 0.518
Generation: 11
fullpopTest 1.000000 0.532000 11 100 500 10 0 0 0.042 0.084 0.168 0.238 0.318 0.4 0.496 0.544 0.532
Generation: 12
fullpopTest 1.000000 0.574000 12 100 500 10 0 0 0.042 0.098 0.18 0.244 0.346 0.43 0.508 0.564 0.574
Generation: 13
fullpopTest 1.000000 0.606000 13 100 500 10 0 0.002 0.072 0.12 0.23 0.308 0.39 0.468 0.562 0.606 0.606
Generation: 14
fullpopTest 1.000000 0.640000 14 100 500 10 0 0.002 0.05 0.1 0.184 0.266 0.346 0.444 0.518 0.596 0.64
Generation: 15
fullpopTest 1.000000 0.664000 15 100 500 10 0 0.002 0.054 0.118 0.22 0.304 0.378 0.454 0.564 0.632 0.664
Generation: 16
fullpopTest 1.000000 0.694000 16 100 500 10 0 0 0.048 0.102 0.188 0.262 0.368 0.458 0.56 0.632 0.694
Generation: 17
fullpopTest 1.000000 0.722000 17 100 500 10 0 0.002 0.074 0.136 0.244 0.354 0.46 0.556 0.646 0.718 0.722
Generation: 18
fullpopTest 1.000000 0.762000 18 100 500 10 0 0.002 0.078 0.164 0.304 0.398 0.498 0.574 0.63 0.704 0.762
Generation: 19
fullpopTest 1.000000 0.778000 19 100 500 10 0 0.002 0.06 0.112 0.244 0.352 0.442 0.594 0.692 0.744 0.778
Generation: 20
fullpopTest 1.000000 0.806000 20 100 500 10 0 0.002 0.084 0.156 0.276 0.4 0.514 0.632 0.72 0.788 0.806
Generation: 21
fullpopTest 1.000000 0.806000 21 100 500 10 0 0.002 0.064 0.124 0.246 0.366 0.488 0.612 0.694 0.768 0.806
Generation: 22
fullpopTest 1.000000 0.830000 22 100 500 10 0 0 0.098 0.192 0.32 0.462 0.586 0.676 0.758 0.806 0.83
Generation: 23
fullpopTest 1.000000 0.858000 23 100 500 10 0 0.002 0.102 0.21 0.342 0.5 0.602 0.69 0.758 0.796 0.858
Generation: 24
fullpopTest 1.000000 0.862000 24 100 500 10 0 0.002 0.086 0.186 0.316 0.474 0.588 0.7 0.812 0.864 0.862
Generation: 25
fullpopTest 1.000000 0.898000 25 100 500 10 0 0.002 0.106 0.204 0.342 0.512 0.618 0.746 0.836 0.884 0.898
Generation: 26
fullpopTest 1.000000 0.902000 26 100 500 10 0 0 0.096 0.214 0.376 0.546 0.662 0.744 0.84 0.914 0.902
Generation: 27
fullpopTest 1.000000 0.932000 27 100 500 10 0 0.002 0.102 0.214 0.358 0.546 0.652 0.768 0.84 0.894 0.932
Generation: 28
fullpopTest 1.000000 0.932000 28 100 500 10 0 0.002 0.104 0.242 0.362 0.552 0.66 0.78 0.854 0.896 0.932
Generation: 29
fullpopTest 1.000000 0.938000 29 100 500 10 0 0.002 0.11 0.214 0.342 0.532 0.66 0.768 0.854 0.912 0.938
Generation: 30
fullpopTest 1.000000 0.952000 30 100 500 10 0 0.002 0.104 0.232 0.364 0.536 0.652 0.792 0.876 0.934 0.952
Generation: 31
fullpopTest 1.000000 0.968000 31 100 500 10 0 0.002 0.09 0.212 0.368 0.548 0.688 0.826 0.9 0.946 0.968
Generation: 32
fullpopTest 1.000000 0.972000 32 100 500 10 0 0 0.11 0.284 0.426 0.622 0.754 0.872 0.944 0.97 0.972
Generation: 33
fullpopTest 1.000000 0.976000 33 100 500 10 0 0.002 0.104 0.272 0.414 0.588 0.706 0.84 0.914 0.952 0.976
Generation: 34
fullpopTest 1.000000 0.984000 34 100 500 10 0 0.002 0.11 0.296 0.444 0.636 0.826 0.934 0.982 0.996 0.984
Generation: 35
fullpopTest 1.000000 0.992000 35 100 500 10 0 0.002 0.096 0.256 0.396 0.568 0.73 0.854 0.942 0.972 0.992
Generation: 36
fullpopTest 1.000000 0.998000 36 100 500 10 0 0.002 0.104 0.296 0.466 0.656 0.808 0.926 0.974 0.988 0.998
Generation: 37
fullpopTest 1.000000 0.998000 37 100 500 10 0 0 0.112 0.298 0.462 0.654 0.802 0.924 0.984 0.996 0.998
Generation: 38
fullpopTest 1.000000 0.998000 38 100 500 10 0 0.002 0.114 0.328 0.488 0.652 0.832 0.936 0.972 0.986 0.998
Generation: 39
fullpopTest 1.000000 1.000000 39 100 500 10 0 0.002 0.108 0.308 0.466 0.65 0.844 0.944 0.984 0.992 1
fullpopTest 1.000000 1.000000 40 100 500 10 0 0.002 0.11 0.288 0.46 0.656 0.832 0.944 0.986 0.996 1
Generation: 0
fullpopTest 1.000000 0.214000 0 100 500 10 0 0 0.002 0.016 0.036 0.06 0.086 0.112 0.134 0.186 0.214
Generation: 1
fullpopTest 1.000000 0.254000 1 100 500 10 0 0 0.018 0.044 0.068 0.1 0.138 0.174 0.21 0.228 0.254
Generation: 2
fullpopTest 1.000000 0.274000 2 100 500 10 0 0.002 0.012 0.026 0.05 0.08 0.116 0.158 0.216 0.256 0.274
Generation: 3
fullpopTest 1.000000 0.302000 3 100 500 10 0 0 0.01 0.03 0.064 0.098 0.138 0.186 0.22 0.268 0.302
Generation: 4
fullpopTest 1.000000 0.374000 4 100 500 10 0 0 0.012 0.048 0.09 0.146 0.206 0.266 0.334 0.386 0.374
Generation: 5
fullpopTest 1.000000 0.386000 5 100 500 10 0 0 0.014 0.05 0.092 0.158 0.206 0.26 0.348 0.426 0.386
Generation: 6
fullpopTest 1.000000 0.452000 6 100 500 10 0 0 0.012 0.048 0.098 0.174 0.238 0.314 0.386 0.44 0.452
Generation: 7
fullpopTest 1.000000 0.458000 7 100 500 10 0 0 0.008 0.04 0.106 0.174 0.254 0.32 0.392 0.458 0.458
Generation: 8
fullpopTest 1.000000 0.514000 8 100 500 10 0 0 0.022 0.066 0.116 0.188 0.258 0.34 0.416 0.482 0.514
Generation: 9
fullpopTest 1.000000 0.538000 9 100 500 10 0 0 0.02 0.07 0.136 0.194 0.266 0.356 0.43 0.51 0.538
Generation: 10
fullpopTest 1.000000 0.538000 10 100 500 10 0 0 0.018 0.05 0.112 0.192 0.266 0.332 0.4 0.494 0.538
Generation: 11
fullpopTest 1.000000 0.568000 11 100 500 10 0 0 0.02 0.068 0.112 0.18 0.26 0.33 0.416 0.488 0.568
Generation: 12
fullpopTest 1.000000 0.586000 12 100 500 10 0 0.002 0.034 0.088 0.162 0.236 0.338 0.414 0.514 0.588 0.586
Generation: 13
fullpopTest 1.000000 0.628000 13 100 500 10 0 0.002 0.034 0.098 0.206 0.288 0.368 0.446 0.522 0.608 0.628
Generation: 14
fullpopTest 1.000000 0.636000 14 100 500 10 0 0 0.03 0.094 0.172 0.262 0.366 0.466 0.572 0.648 0.636
Generation: 15
fullpopTest 1.000000 0.690000 15 100 500 10 0 0.002 0.03 0.084 0.17 0.28 0.374 0.486 0.55 0.648 0.69
Generation: 16
fullpopTest 1.000000 0.690000 16 100 500 10 0 0 0.02 0.084 0.164 0.274 0.364 0.48 0.57 0.652 0.69
Generation: 17
fullpopTest 1.000000 0.704000 17 100 500 10 0 0 0.036 0.096 0.18 0.28 0.388 0.498 0.582 0.654 0.704
Generation: 18
fullpopTest 1.000000 0.712000 18 100 500 10 0 0 0.036 0.098 0.214 0.338 0.488 0.594 0.696 0.76 0.712
Generation: 19
fullpopTest 1.000000 0.788000 19 100 500 10 0 0.002 0.054 0.134 0.244 0.374 0.526 0.62 0.714 0.784 0.788
Generation: 20
fullpopTest 1.000000 0.788000 20 100 500 10 0 0 0.042 0.124 0.242 0.358 0.504 0.63 0.726 0.798 0.788
Generation: 21
fullpopTest 1.000000 0.814000 21 100 500 10 0 0 0.038 0.132 0.254 0.378 0.544 0.652 0.74 0.808 0.814
Generation: 22
fullpopTest 1.000000 0.870000 22 100 500 10 0 0 0.058 0.136 0.246 0.364 0.53 0.63 0.738 0.8 0.87
Generation: 23
fullpopTest 1.000000 0.870000 23 100 500 10 0 0.002 0.068 0.15 0.288 0.43 0.572 0.704 0.798 0.838 0.87
Generation: 24
fullpopTest 1.000000 0.870000 24 100 500 10 0 0.002 0.058 0.164 0.318 0.468 0.608 0.712 0.802 0.858 0.87
Generation: 25
fullpopTest 1.000000 0.898000 25 100 500 10 0 0 0.06 0.156 0.292 0.446 0.586 0.708 0.806 0.864 0.898
Generation: 26
fullpopTest 1.000000 0.898000 26 100 500 10 0 0.002 0.064 0.168 0.304 0.43 0.608 0.72 0.808 0.884 0.898
Generation: 27
fullpopTest 1.000000 0.924000 27 100 500 10 0 0.002 0.072 0.188 0.344 0.526 0.692 0.8 0.878 0.926 0.924
Generation: 28
fullpopTest 1.000000 0.956000 28 100 500 10 0 0 0.062 0.174 0.36 0.554 0.712 0.828 0.902 0.938 0.956
Generation: 29
fullpopTest 1.000000 0.962000 29 100 500 10 0 0 0.064 0.186 0.336 0.512 0.686 0.806 0.888 0.93 0.962
Generation: 30
fullpopTest 1.000000 0.962000 30 100 500 10 0 0.004 0.064 0.196 0.368 0.524 0.676 0.798 0.878 0.93 0.962
Generation: 31
fullpopTest 1.000000 0.962000 31 100 500 10 0 0.002 0.076 0.214 0.384 0.566 0.72 0.826 0.898 0.942 0.962
Generation: 32
fullpopTest 1.000000 0.978000 32 100 500 10 0 0.002 0.074 0.2 0.392 0.59 0.732 0.852 0.932 0.954 0.978
Generation: 33
fullpopTest 1.000000 0.978000 33 100 500 10 0 0.002 0.096 0.214 0.412 0.604 0.762 0.852 0.91 0.944 0.978
Generation: 34
fullpopTest 1.000000 0.982000 34 100 500 10 0 0 0.084 0.192 0.364 0.578 0.738 0.852 0.93 0.964 0.982
Generation: 35
fullpopTest 1.000000 0.988000 35 100 500 10 0 0.002 0.08 0.212 0.408 0.59 0.748 0.87 0.926 0.97 0.988
Generation: 36
fullpopTest 1.000000 0.992000 36 100 500 10 0 0.002 0.084 0.21 0.416 0.618 0.782 0.89 0.956 0.98 0.992
Generation: 37
fullpopTest 1.000000 0.992000 37 100 500 10 0 0.002 0.094 0.222 0.4 0.608 0.77 0.872 0.92 0.964 0.992
Generation: 38
fullpopTest 1.000000 0.994000 38 100 500 10 0 0.002 0.1 0.22 0.42 0.666 0.824 0.926 0.968 0.984 0.994
Generation: 39
fullpopTest 1.000000 0.994000 39 100 500 10 0 0.002 0.092 0.208 0.422 0.644 0.81 0.912 0.962 0.98 0.994
Generation: 40
fullpopTest 1.000000 0.994000 40 100 500 10 0 0 0.086 0.22 0.44 0.626 0.772 0.886 0.962 0.98 0.994
Generation: 41
fullpopTest 1.000000 0.994000 41 100 500 10 0 0.002 0.082 0.192 0.388 0.654 0.83 0.914 0.956 0.974 0.994
Generation: 42
fullpopTest 1.000000 0.994000 42 100 500 10 0 0.002 0.098 0.226 0.406 0.652 0.828 0.928 0.98 0.986 0.994
Generation: 43
fullpopTest 1.000000 0.996000 43 100 500 10 0 0 0.1 0.222 0.42 0.658 0.808 0.912 0.958 0.984 0.996
Generation: 44
fullpopTest 1.000000 0.998000 44 100 500 10 0 0.002 0.1 0.226 0.4 0.616 0.782 0.904 0.96 0.98 0.998
Generation: 45
fullpopTest 1.000000 1.000000 45 100 500 10 0 0.002 0.11 0.234 0.448 0.686 0.834 0.92 0.972 0.99 1
fullpopTest 1.000000 1.000000 46 100 500 10 0 0.004 0.108 0.228 0.43 0.664 0.804 0.926 0.98 0.994 1
Generation: 0
fullpopTest 1.000000 0.148000 0 100 500 10 0 0 0.008 0.022 0.038 0.05 0.07 0.09 0.122 0.142 0.148
Generation: 1
fullpopTest 1.000000 0.170000 1 100 500 10 0 0.002 0.006 0.02 0.042 0.064 0.086 0.108 0.128 0.158 0.17
Generation: 2
fullpopTest 1.000000 0.188000 2 100 500 10 0 0 0.004 0.018 0.04 0.06 0.078 0.114 0.144 0.176 0.188
Generation: 3
fullpopTest 1.000000 0.236000 3 100 500 10 0 0 0.012 0.036 0.06 0.086 0.122 0.152 0.184 0.218 0.236
Generation: 4
fullpopTest 1.000000 0.278000 4 100 500 10 0 0 0.016 0.04 0.066 0.1 0.128 0.174 0.2 0.242 0.278
Generation: 5
fullpopTest 1.000000 0.306000 5 100 500 10 0 0.002 0.014 0.048 0.08 0.12 0.164 0.206 0.262 0.302 0.306
Generation: 6
fullpopTest 1.000000 0.344000 6 100 500 10 0 0 0.026 0.042 0.076 0.116 0.18 0.24 0.294 0.328 0.344
Generation: 7
fullpopTest 1.000000 0.386000 7 100 500 10 0 0.002 0.02 0.05 0.08 0.11 0.156 0.204 0.256 0.322 0.386
Generation: 8
fullpopTest 1.000000 0.412000 8 100 500 10 0 0 0.022 0.044 0.092 0.136 0.19 0.252 0.318 0.374 0.412
Generation: 9
fullpopTest 1.000000 0.466000 9 100 500 10 0 0 0.008 0.046 0.104 0.166 0.24 0.3 0.378 0.426 0.466
Generation: 10
fullpopTest 1.000000 0.508000 10 100 500 10 0 0.002 0.042 0.094 0.184 0.274 0.348 0.428 0.494 0.564 0.508
Generation: 11
fullpopTest 1.000000 0.540000 11 100 500 10 0 0 0.034 0.1 0.194 0.252 0.34 0.402 0.462 0.536 0.54
Generation: 12
fullpopTest 1.000000 0.582000 12 100 500 10 0 0.002 0.056 0.114 0.2 0.292 0.392 0.468 0.536 0.606 0.582
Generation: 13
fullpopTest 1.000000 0.610000 13 100 500 10 0 0 0.054 0.106 0.18 0.242 0.33 0.404 0.49 0.554 0.61
Generation: 14
fullpopTest 1.000000 0.610000 14 100 500 10 0 0.002 0.038 0.102 0.184 0.274 0.344 0.42 0.484 0.558 0.61
Generation: 15
fullpopTest 1.000000 0.680000 15 100 500 10 0 0.002 0.064 0.14 0.236 0.346 0.45 0.528 0.606 0.678 0.68
Generation: 16
fullpopTest 1.000000 0.702000 16 100 500 10 0 0 0.054 0.132 0.254 0.37 0.464 0.54 0.61 0.674 0.702
Generation: 17
fullpopTest 1.000000 0.748000 17 100 500 10 0 0.002 0.064 0.136 0.252 0.37 0.454 0.576 0.652 0.724 0.748
Generation: 18
fullpopTest 1.000000 0.780000 18 100 500 10 0 0.002 0.064 0.158 0.272 0.404 0.508 0.612 0.698 0.776 0.78
Generation: 19
fullpopTest 1.000000 0.796000 19 100 500 10 0 0.002 0.088 0.174 0.288 0.426 0.524 0.632 0.714 0.786 0.796
Generation: 20
fullpopTest 1.000000 0.824000 20 100 500 10 0 0.002 0.058 0.13 0.244 0.386 0.476 0.59 0.682 0.788 0.824
Generation: 21
fullpopTest 1.000000 0.856000 21 100 500 10 0 0.002 0.08 0.162 0.286 0.44 0.56 0.686 0.762 0.834 0.856
Generation: 22
fullpopTest 1.000000 0.872000 22 100 500 10 0 0 0.066 0.164 0.296 0.464 0.596 0.734 0.816 0.886 0.872
Generation: 23
fullpopTest 1.000000 0.914000 23 100 500 10 0 0.002 0.08 0.19 0.366 0.552 0.688 0.78 0.846 0.892 0.914
Generation: 24
fullpopTest 1.000000 0.914000 24 100 500 10 0 0.002 0.074 0.174 0.314 0.46 0.572 0.718 0.796 0.86 0.914
Generation: 25
fullpopTest 1.000000 0.918000 25 100 500 10 0 0.002 0.094 0.232 0.384 0.548 0.682 0.784 0.856 0.904 0.918
Generation: 26
fullpopTest 1.000000 0.932000 26 100 500 10 0 0.002 0.084 0.222 0.384 0.568 0.702 0.82 0.882 0.916 0.932
Generation: 27
fullpopTest 1.000000 0.948000 27 100 500 10 0 0.002 0.106 0.246 0.428 0.612 0.748 0.842 0.896 0.934 0.948
Generation: 28
fullpopTest 1.000000 0.968000 28 100 500 10 0 0.002 0.082 0.2 0.344 0.52 0.666 0.808 0.892 0.956 0.968
Generation: 29
fullpopTest 1.000000 0.980000 29 100 500 10 0 0.002 0.076 0.2 0.34 0.534 0.696 0.832 0.918 0.964 0.98
Generation: 30
fullpopTest 1.000000 0.982000 30 100 500 10 0 0.002 0.086 0.212 0.354 0.562 0.72 0.854 0.922 0.976 0.982
Generation: 31
fullpopTest 1.000000 0.982000 31 100 500 10 0 0.002 0.088 0.232 0.376 0.574 0.716 0.842 0.932 0.968 0.982
Generation: 32
fullpopTest 1.000000 0.986000 32 100 500 10 0 0.002 0.102 0.26 0.418 0.628 0.776 0.886 0.958 0.986 0.986
Generation: 33
fullpopTest 1.000000 0.990000 33 100 500 10 0 0.002 0.08 0.232 0.394 0.61 0.782 0.914 0.966 0.99 0.99
Generation: 34
fullpopTest 1.000000 0.994000 34 100 500 10 0 0.002 0.098 0.212 0.38 0.584 0.74 0.872 0.948 0.986 0.994
Generation: 35
fullpopTest 1.000000 0.998000 35 100 500 10 0 0.002 0.084 0.238 0.4 0.598 0.756 0.882 0.958 0.986 0.998
Generation: 36
fullpopTest 1.000000 0.998000 36 100 500 10 0 0.002 0.088 0.244 0.408 0.598 0.732 0.86 0.944 0.986 0.998
Generation: 37
fullpopTest 1.000000 0.998000 37 100 500 10 0 0.002 0.092 0.23 0.39 0.586 0.772 0.88 0.946 0.98 0.998
Generation: 38
fullpopTest 1.000000 0.998000 38 100 500 10 0 0.002 0.096 0.224 0.384 0.58 0.738 0.868 0.952 0.982 0.998
Generation: 39
fullpopTest 1.000000 1.000000 39 100 500 10 0 0.002 0.11 0.3 0.448 0.664 0.846 0.958 0.988 0.992 1
fullpopTest 1.000000 1.000000 40 100 500 10 0 0.002 0.102 0.268 0.43 0.662 0.842 0.964 0.996 1 1
Generation: 0
fullpopTest 1.000000 0.154000 0 100 500 10 0 0 0.008 0.026 0.044 0.058 0.09 0.118 0.144 0.17 0.154
Generation: 1
fullpopTest 1.000000 0.180000 1 100 500 10 0 0 0.01 0.026 0.036 0.072 0.108 0.142 0.174 0.206 0.18
Generation: 2
fullpopTest 1.000000 0.208000 2 100 500 10 0 0 0.01 0.03 0.056 0.084 0.126 0.158 0.2 0.23 0.208
Generation: 3
fullpopTest 1.000000 0.300000 3 100 500 10 0 0.002 0.02 0.05 0.082 0.12 0.152 0.194 0.24 0.284 0.3
Generation: 4
fullpopTest 1.000000 0.318000 4 100 500 10 0 0 0.006 0.036 0.07 0.096 0.142 0.186 0.242 0.298 0.318
Generation: 5
fullpopTest 1.000000 0.344000 5 100 500 10 0 0 0.012 0.042 0.08 0.124 0.158 0.208 0.25 0.29 0.344
Generation: 6
fullpopTest 1.000000 0.372000 6 100 500 10 0 0 0.012 0.034 0.07 0.144 0.184 0.23 0.29 0.35 0.372
Generation: 7
fullpopTest 1.000000 0.390000 7 100 500 10 0 0 0.012 0.036 0.076 0.13 0.17 0.224 0.274 0.33 0.39
Generation: 8
fullpopTest 1.000000 0.456000 8 100 500 10 0 0 0.008 0.05 0.092 0.152 0.236 0.298 0.348 0.418 0.456
Generation: 9
fullpopTest 1.000000 0.496000 9 100 500 10 0 0.002 0.022 0.07 0.114 0.174 0.272 0.334 0.4 0.464 0.496
Generation: 10
fullpopTest 1.000000 0.496000 10 100 500 10 0 0.002 0.022 0.078 0.128 0.192 0.26 0.328 0.382 0.446 0.496
Generation: 11
fullpopTest 1.000000 0.518000 11 100 500 10 0 0.002 0.02 0.074 0.158 0.234 0.326 0.388 0.456 0.504 0.518
Generation: 12
fullpopTest 1.000000 0.518000 12 100 500 10 0 0.002 0.03 0.08 0.146 0.216 0.292 0.342 0.414 0.472 0.518
Generation: 13
fullpopTest 1.000000 0.576000 13 100 500 10 0 0.002 0.028 0.084 0.144 0.248 0.334 0.43 0.48 0.528 0.576
Generation: 14
fullpopTest 1.000000 0.584000 14 100 500 10 0 0.002 0.022 0.088 0.172 0.246 0.354 0.442 0.512 0.57 0.584
Generation: 15
fullpopTest 1.000000 0.626000 15 100 500 10 0 0.002 0.03 0.106 0.198 0.286 0.378 0.454 0.534 0.612 0.626
Generation: 16
fullpopTest 1.000000 0.648000 16 100 500 10 0 0.002 0.04 0.104 0.218 0.3 0.414 0.516 0.578 0.67 0.648
Generation: 17
fullpopTest 1.000000 0.704000 17 100 500 10 0 0.002 0.046 0.12 0.226 0.326 0.436 0.514 0.604 0.684 0.704
Generation: 18
fullpopTest 1.000000 0.714000 18 100 500 10 0 0 0.03 0.094 0.21 0.328 0.432 0.52 0.602 0.678 0.714
Generation: 19
fullpopTest 1.000000 0.740000 19 100 500 10 0 0.002 0.032 0.118 0.248 0.346 0.472 0.586 0.668 0.724 0.74
Generation: 20
fullpopTest 1.000000 0.740000 20 100 500 10 0 0.004 0.044 0.128 0.24 0.358 0.476 0.592 0.686 0.738 0.74
Generation: 21
fullpopTest 1.000000 0.748000 21 100 500 10 0 0.002 0.024 0.094 0.232 0.366 0.486 0.576 0.67 0.754 0.748
Generation: 22
fullpopTest 1.000000 0.772000 22 100 500 10 0 0.002 0.032 0.09 0.238 0.37 0.486 0.602 0.69 0.74 0.772
Generation: 23
fullpopTest 1.000000 0.792000 23 100 500 10 0 0.002 0.05 0.126 0.27 0.436 0.548 0.624 0.712 0.78 0.792
Generation: 24
fullpopTest 1.000000 0.818000 24 100 500 10 0 0.002 0.036 0.11 0.258 0.424 0.552 0.648 0.762 0.826 0.818
Generation: 25
fullpopTest 1.000000 0.822000 25 100 500 10 0 0.002 0.056 0.142 0.284 0.436 0.554 0.674 0.76 0.828 0.822
Generation: 26
fullpopTest 1.000000 0.892000 26 100 500 10 0 0.002 0.042 0.132 0.294 0.454 0.58 0.712 0.812 0.876 0.892
Generation: 27
fullpopTest 1.000000 0.892000 27 100 500 10 0 0.002 0.056 0.144 0.298 0.48 0.594 0.708 0.806 0.876 0.892
Generation: 28
fullpopTest 1.000000 0.926000 28 100 500 10 0 0.002 0.058 0.164 0.32 0.512 0.642 0.774 0.848 0.896 0.926
Generation: 29
fullpopTest 1.000000 0.928000 29 100 500 10 0 0.002 0.068 0.148 0.306 0.494 0.62 0.75 0.84 0.892 0.928
Generation: 30
fullpopTest 1.000000 0.946000 30 100 500 10 0 0 0.07 0.162 0.322 0.52 0.664 0.798 0.87 0.938 0.946
Generation: 31
fullpopTest 1.000000 0.946000 31 100 500 10 0 0.002 0.052 0.13 0.318 0.508 0.656 0.782 0.87 0.92 0.946
Generation: 32
fullpopTest 1.000000 0.972000 32 100 500 10 0 0.002 0.048 0.166 0.358 0.59 0.726 0.844 0.904 0.944 0.972
Generation: 33
fullpopTest 1.000000 0.978000 33 100 500 10 0 0 0.068 0.19 0.336 0.552 0.712 0.864 0.952 0.982 0.978
Generation: 34
fullpopTest 1.000000 0.982000 34 100 500 10 0 0.002 0.064 0.17 0.334 0.55 0.692 0.846 0.926 0.974 0.982
Generation: 35
fullpopTest 1.000000 0.984000 35 100 500 10 0 0 0.062 0.15 0.31 0.512 0.66 0.814 0.918 0.974 0.984
Generation: 36
fullpopTest 1.000000 0.988000 36 100 500 10 0 0.002 0.072 0.18 0.348 0.586 0.726 0.866 0.942 0.972 0.988
Generation: 37
fullpopTest 1.000000 0.988000 37 100 500 10 0 0.002 0.072 0.196 0.354 0.568 0.708 0.838 0.92 0.968 0.988
Generation: 38
fullpopTest 1.000000 0.996000 38 100 500 10 0 0.002 0.072 0.19 0.38 0.604 0.764 0.912 0.976 0.992 0.996
Generation: 39
fullpopTest 1.000000 0.996000 39 100 500 10 0 0.002 0.038 0.17 0.364 0.58 0.742 0.9 0.972 0.992 0.996
Generation: 40
fullpopTest 1.000000 1.000000 40 100 500 10 0 0.002 0.106 0.232 0.422 0.648 0.838 0.958 0.998 1 1
fullpopTest 1.000000 1.000000 41 100 500 10 0 0.002 0.096 0.24 0.444 0.682 0.826 0.938 0.976 0.99 1
Generation: 0
fullpopTest 1.000000 0.180000 0 100 500 10 0 0 0.006 0.022 0.042 0.066 0.086 0.116 0.134 0.154 0.18
Generation: 1
fullpopTest 1.000000 0.234000 1 100 500 10 0 0 0.006 0.014 0.028 0.052 0.086 0.12 0.146 0.176 0.234
Generation: 2
fullpopTest 1.000000 0.246000 2 100 500 10 0 0 0.004 0.02 0.044 0.068 0.096 0.138 0.184 0.214 0.246
Generation: 3
fullpopTest 1.000000 0.246000 3 100 500 10 0 0 0.004 0.008 0.03 0.058 0.08 0.104 0.14 0.168 0.246
Generation: 4
fullpopTest 1.000000 0.270000 4 100 500 10 0 0 0.022 0.05 0.076 0.106 0.15 0.18 0.22 0.248 0.27
Generation: 5
fullpopTest 1.000000 0.304000 5 100 500 10 0 0 0.022 0.08 0.128 0.174 0.216 0.24 0.27 0.29 0.304
Generation: 6
fullpopTest 1.000000 0.344000 6 100 500 10 0 0 0.032 0.07 0.116 0.17 0.214 0.268 0.298 0.338 0.344
Generation: 7
fullpopTest 1.000000 0.354000 7 100 500 10 0 0.002 0.032 0.07 0.126 0.19 0.23 0.262 0.296 0.332 0.354
Generation: 8
fullpopTest 1.000000 0.398000 8 100 500 10 0 0.002 0.026 0.068 0.112 0.158 0.208 0.272 0.306 0.348 0.398
Generation: 9
fullpopTest 1.000000 0.398000 9 100 500 10 0 0.002 0.024 0.076 0.118 0.18 0.234 0.298 0.346 0.388 0.398
Generation: 10
fullpopTest 1.000000 0.422000 10 100 500 10 0 0 0.028 0.066 0.114 0.172 0.216 0.26 0.314 0.362 0.422
Generation: 11
fullpopTest 1.000000 0.468000 11 100 500 10 0 0.002 0.048 0.104 0.156 0.232 0.296 0.362 0.42 0.47 0.468
Generation: 12
fullpopTest 1.000000 0.528000 12 100 500 10 0 0.002 0.04 0.106 0.188 0.27 0.326 0.39 0.454 0.524 0.528
Generation: 13
fullpopTest 1.000000 0.528000 13 100 500 10 0 0 0.03 0.096 0.16 0.232 0.304 0.366 0.434 0.484 0.528
Generation: 14
fullpopTest 1.000000 0.560000 14 100 500 10 0 0 0.04 0.11 0.184 0.26 0.322 0.386 0.452 0.504 0.56
Generation: 15
fullpopTest 1.000000 0.596000 15 100 500 10 0 0.002 0.034 0.1 0.208 0.298 0.376 0.448 0.506 0.544 0.596
Generation: 16
fullpopTest 1.000000 0.608000 16 100 500 10 0 0.002 0.042 0.126 0.216 0.308 0.388 0.456 0.518 0.566 0.608
Generation: 17
fullpopTest 1.000000 0.632000 17 100 500 10 0 0 0.048 0.13 0.222 0.318 0.382 0.444 0.526 0.588 0.632
Generation: 18
fullpopTest 1.000000 0.640000 18 100 500 10 0 0 0.046 0.104 0.198 0.292 0.408 0.494 0.566 0.64 0.64
Generation: 19
fullpopTest 1.000000 0.686000 19 100 500 10 0 0 0.054 0.148 0.264 0.378 0.464 0.548 0.616 0.678 0.686
Generation: 20
fullpopTest 1.000000 0.698000 20 100 500 10 0 0 0.044 0.124 0.25 0.338 0.446 0.534 0.58 0.644 0.698
Generation: 21
fullpopTest 1.000000 0.726000 21 100 500 10 0 0 0.044 0.134 0.292 0.39 0.482 0.552 0.636 0.706 0.726
Generation: 22
fullpopTest 1.000000 0.750000 22 100 500 10 0 0.002 0.05 0.132 0.25 0.354 0.456 0.544 0.616 0.692 0.75
Generation: 23
fullpopTest 1.000000 0.774000 23 100 500 10 0 0.002 0.048 0.166 0.328 0.454 0.57 0.648 0.724 0.786 0.774
Generation: 24
fullpopTest 1.000000 0.798000 24 100 500 10 0 0.002 0.064 0.15 0.294 0.414 0.526 0.616 0.684 0.768 0.798
Generation: 25
fullpopTest 1.000000 0.836000 25 100 500 10 0 0.002 0.046 0.16 0.318 0.444 0.556 0.65 0.732 0.788 0.836
Generation: 26
fullpopTest 1.000000 0.838000 26 100 500 10 0 0.002 0.046 0.148 0.328 0.482 0.654 0.774 0.86 0.904 0.838
Generation: 27
fullpopTest 1.000000 0.880000 27 100 500 10 0 0.002 0.056 0.138 0.312 0.456 0.576 0.668 0.772 0.836 0.88
Generation: 28
fullpopTest 1.000000 0.886000 28 100 500 10 0 0 0.048 0.15 0.322 0.462 0.598 0.714 0.812 0.882 0.886
Generation: 29
fullpopTest 1.000000 0.924000 29 100 500 10 0 0.002 0.072 0.158 0.318 0.462 0.628 0.744 0.826 0.902 0.924
Generation: 30
fullpopTest 1.000000 0.926000 30 100 500 10 0 0.002 0.048 0.142 0.336 0.49 0.672 0.804 0.898 0.944 0.926
Generation: 31
fullpopTest 1.000000 0.926000 31 100 500 10 0 0.002 0.05 0.146 0.326 0.48 0.628 0.744 0.856 0.906 0.926
Generation: 32
fullpopTest 1.000000 0.926000 32 100 500 10 0 0.002 0.066 0.156 0.33 0.49 0.648 0.762 0.862 0.912 0.926
Generation: 33
fullpopTest 1.000000 0.946000 33 100 500 10 0 0.002 0.056 0.164 0.352 0.516 0.678 0.798 0.886 0.942 0.946
Generation: 34
fullpopTest 1.000000 0.950000 34 100 500 10 0 0.002 0.062 0.154 0.316 0.49 0.646 0.788 0.876 0.928 0.95
Generation: 35
fullpopTest 1.000000 0.958000 35 100 500 10 0 0.002 0.074 0.17 0.36 0.524 0.706 0.81 0.886 0.944 0.958
Generation: 36
fullpopTest 1.000000 0.964000 36 100 500 10 0 0.002 0.056 0.16 0.326 0.5 0.664 0.8 0.892 0.942 0.964
Generation: 37
fullpopTest 1.000000 0.968000 37 100 500 10 0 0.002 0.064 0.166 0.35 0.534 0.692 0.814 0.902 0.948 0.968
Generation: 38
fullpopTest 1.000000 0.976000 38 100 500 10 0 0.002 0.072 0.188 0.368 0.544 0.734 0.864 0.936 0.972 0.976
Generation: 39
fullpopTest 1.000000 0.976000 39 100 500 10 0 0.002 0.07 0.198 0.392 0.574 0.724 0.866 0.944 0.974 0.976
Generation: 40
fullpopTest 1.000000 0.994000 40 100 500 10 0 0.002 0.108 0.238 0.436 0.656 0.822 0.922 0.976 0.99 0.994
Generation: 41
fullpopTest 1.000000 0.994000 41 100 500 10 0 0.002 0.084 0.23 0.428 0.666 0.812 0.902 0.962 0.986 0.994
Generation: 42
fullpopTest 1.000000 0.998000 42 100 500 10 0 0.002 0.106 0.246 0.452 0.614 0.792 0.906 0.964 0.986 0.998
Generation: 43
fullpopTest 1.000000 0.998000 43 100 500 10 0 0.002 0.108 0.242 0.442 0.65 0.808 0.93 0.97 0.988 0.998
Generation: 44
fullpopTest 1.000000 0.998000 44 100 500 10 0 0 0.102 0.222 0.426 0.654 0.818 0.932 0.974 0.988 0.998
Generation: 45
fullpopTest 1.000000 1.000000 45 100 500 10 0 0.002 0.108 0.284 0.474 0.684 0.84 0.942 0.978 0.992 1
fullpopTest 1.000000 1.000000 46 100 500 10 0 0.002 0.106 0.292 0.508 0.678 0.832 0.924 0.976 0.996 1
Generation: 0
fullpopTest 1.000000 0.194000 0 100 500 10 0 0 0.004 0.014 0.028 0.044 0.064 0.084 0.11 0.134 0.194
Generation: 1
fullpopTest 1.000000 0.216000 1 100 500 10 0 0 0.008 0.022 0.042 0.076 0.098 0.126 0.158 0.188 0.216
Generation: 2
fullpopTest 1.000000 0.234000 2 100 500 10 0 0 0 0.01 0.038 0.074 0.114 0.166 0.2 0.23 0.234
Generation: 3
fullpopTest 1.000000 0.260000 3 100 500 10 0 0 0 0.01 0.042 0.072 0.122 0.168 0.206 0.258 0.26
Generation: 4
fullpopTest 1.000000 0.294000 4 100 500 10 0 0.002 0.004 0.016 0.038 0.076 0.126 0.17 0.214 0.268 0.294
Generation: 5
fullpopTest 1.000000 0.320000 5 100 500 10 0 0 0.006 0.026 0.04 0.072 0.118 0.166 0.21 0.256 0.32
Generation: 6
fullpopTest 1.000000 0.320000 6 100 500 10 0 0 0.002 0.014 0.052 0.092 0.152 0.2 0.258 0.31 0.32
Generation: 7
fullpopTest 1.000000 0.348000 7 100 500 10 0 0 0.002 0.038 0.068 0.116 0.162 0.248 0.304 0.356 0.348
Generation: 8
fullpopTest 1.000000 0.408000 8 100 500 10 0 0 0.012 0.042 0.082 0.114 0.162 0.212 0.266 0.312 0.408
Generation: 9
fullpopTest 1.000000 0.408000 9 100 500 10 0 0 0.012 0.034 0.064 0.124 0.188 0.254 0.302 0.364 0.408
Generation: 10
fullpopTest 1.000000 0.448000 10 100 500 10 0 0 0.012 0.042 0.088 0.144 0.198 0.266 0.338 0.402 0.448
Generation: 11
fullpopTest 1.000000 0.460000 11 100 500 10 0 0 0.012 0.054 0.102 0.162 0.234 0.312 0.374 0.452 0.46
Generation: 12
fullpopTest 1.000000 0.530000 12 100 500 10 0 0 0.024 0.06 0.134 0.218 0.292 0.362 0.424 0.494 0.53
Generation: 13
fullpopTest 1.000000 0.530000 13 100 500 10 0 0 0.022 0.056 0.116 0.19 0.262 0.362 0.458 0.546 0.53
Generation: 14
fullpopTest 1.000000 0.530000 14 100 500 10 0 0 0.018 0.054 0.128 0.188 0.29 0.368 0.438 0.494 0.53
Generation: 15
fullpopTest 1.000000 0.564000 15 100 500 10 0 0.002 0.018 0.064 0.12 0.196 0.304 0.398 0.486 0.556 0.564
Generation: 16
fullpopTest 1.000000 0.664000 16 100 500 10 0 0 0.004 0.056 0.166 0.248 0.38 0.484 0.594 0.664 0.664
Generation: 17
fullpopTest 1.000000 0.664000 17 100 500 10 0 0 0.012 0.056 0.122 0.224 0.354 0.482 0.576 0.648 0.664
Generation: 18
fullpopTest 1.000000 0.726000 18 100 500 10 0 0.002 0.02 0.09 0.19 0.28 0.38 0.49 0.606 0.69 0.726
Generation: 19
fullpopTest 1.000000 0.726000 19 100 500 10 0 0.002 0.026 0.096 0.19 0.298 0.436 0.56 0.642 0.728 0.726
Generation: 20
fullpopTest 1.000000 0.752000 20 100 500 10 0 0 0.024 0.088 0.2 0.306 0.442 0.536 0.648 0.736 0.752
Generation: 21
fullpopTest 1.000000 0.802000 21 100 500 10 0 0.002 0.024 0.1 0.238 0.342 0.472 0.59 0.696 0.754 0.802
Generation: 22
fullpopTest 1.000000 0.810000 22 100 500 10 0 0 0.022 0.128 0.26 0.404 0.52 0.652 0.76 0.828 0.81
Generation: 23
fullpopTest 1.000000 0.828000 23 100 500 10 0 0 0.042 0.118 0.246 0.394 0.562 0.684 0.768 0.832 0.828
Generation: 24
fullpopTest 1.000000 0.852000 24 100 500 10 0 0 0.044 0.138 0.262 0.406 0.548 0.676 0.76 0.834 0.852
Generation: 25
fullpopTest 1.000000 0.870000 25 100 500 10 0 0.002 0.036 0.128 0.268 0.432 0.58 0.708 0.824 0.88 0.87
Generation: 26
fullpopTest 1.000000 0.894000 26 100 500 10 0 0.002 0.052 0.158 0.288 0.45 0.608 0.736 0.828 0.868 0.894
Generation: 27
fullpopTest 1.000000 0.894000 27 100 500 10 0 0 0.032 0.14 0.274 0.48 0.614 0.732 0.802 0.864 0.894
Generation: 28
fullpopTest 1.000000 0.918000 28 100 500 10 0 0 0.038 0.132 0.294 0.466 0.624 0.738 0.814 0.892 0.918
Generation: 29
fullpopTest 1.000000 0.950000 29 100 500 10 0 0 0.05 0.178 0.348 0.568 0.722 0.822 0.888 0.938 0.95
Generation: 30
fullpopTest 1.000000 0.964000 30 100 500 10 0 0 0.04 0.176 0.352 0.54 0.704 0.812 0.904 0.952 0.964
Generation: 31
fullpopTest 1.000000 0.964000 31 100 500 10 0 0 0.044 0.146 0.342 0.532 0.7 0.838 0.904 0.95 0.964
Generation: 32
fullpopTest 1.000000 0.974000 32 100 500 10 0 0 0.048 0.182 0.382 0.566 0.748 0.87 0.916 0.962 0.974
Generation: 33
fullpopTest 1.000000 0.974000 33 100 500 10 0 0.002 0.066 0.186 0.404 0.612 0.758 0.854 0.92 0.964 0.974
Generation: 34
fullpopTest 1.000000 0.978000 34 100 500 10 0 0 0.056 0.216 0.418 0.618 0.786 0.878 0.93 0.956 0.978
Generation: 35
fullpopTest 1.000000 0.984000 35 100 500 10 0 0 0.05 0.218 0.4 0.628 0.796 0.892 0.954 0.978 0.984
Generation: 36
fullpopTest 1.000000 0.992000 36 100 500 10 0 0 0.082 0.224 0.448 0.678 0.842 0.924 0.96 0.976 0.992
Generation: 37
fullpopTest 1.000000 0.994000 37 100 500 10 0 0.002 0.072 0.246 0.432 0.644 0.838 0.948 0.976 0.99 0.994
Generation: 38
fullpopTest 1.000000 0.994000 38 100 500 10 0 0 0.052 0.212 0.418 0.65 0.824 0.944 0.99 0.996 0.994
Generation: 39
fullpopTest 1.000000 0.996000 39 100 500 10 0 0.002 0.048 0.198 0.384 0.67 0.84 0.938 0.984 0.998 0.996
Generation: 40
fullpopTest 1.000000 0.998000 40 100 500 10 0 0 0.048 0.218 0.426 0.658 0.848 0.934 0.976 0.988 0.998
Generation: 41
fullpopTest 1.000000 1.000000 41 100 500 10 0 0 0.064 0.206 0.432 0.686 0.866 0.962 0.988 0.996 1
fullpopTest 1.000000 1.000000 42 100 500 10 0 0.002 0.064 0.212 0.422 0.674 0.86 0.956 0.986 0.998 1
Generation: 0
fullpopTest 1.000000 0.170000 0 100 500 10 0 0 0.002 0.014 0.026 0.04 0.058 0.086 0.104 0.124 0.17
Generation: 1
fullpopTest 1.000000 0.178000 1 100 500 10 0 0.002 0.002 0.02 0.028 0.05 0.076 0.104 0.138 0.16 0.178
Generation: 2
fullpopTest 1.000000 0.216000 2 100 500 10 0 0 0.002 0.014 0.038 0.064 0.092 0.126 0.158 0.188 0.216
Generation: 3
fullpopTest 1.000000 0.230000 3 100 500 10 0 0 0.004 0.016 0.03 0.056 0.078 0.11 0.15 0.202 0.23
Generation: 4
fullpopTest 1.000000 0.246000 4 100 500 10 0 0.002 0.008 0.008 0.048 0.084 0.132 0.184 0.238 0.28 0.246
Generation: 5
fullpopTest 1.000000 0.282000 5 100 500 10 0 0 0.014 0.026 0.05 0.068 0.104 0.134 0.174 0.21 0.282
Generation: 6
fullpopTest 1.000000 0.304000 6 100 500 10 0 0 0.01 0.028 0.058 0.102 0.144 0.192 0.242 0.284 0.304
Generation: 7
fullpopTest 1.000000 0.336000 7 100 500 10 0 0 0.026 0.064 0.098 0.138 0.18 0.222 0.274 0.32 0.336
Generation: 8
fullpopTest 1.000000 0.354000 8 100 500 10 0 0 0.024 0.052 0.096 0.14 0.198 0.252 0.288 0.346 0.354
Generation: 9
fullpopTest 1.000000 0.404000 9 100 500 10 0 0 0.014 0.048 0.086 0.136 0.198 0.256 0.302 0.358 0.404
Generation: 10
fullpopTest 1.000000 0.404000 10 100 500 10 0 0 0.008 0.034 0.068 0.132 0.18 0.226 0.292 0.35 0.404
Generation: 11
fullpopTest 1.000000 0.424000 11 100 500 10 0 0 0.022 0.06 0.116 0.172 0.22 0.294 0.342 0.38 0.424
Generation: 12
fullpopTest 1.000000 0.424000 12 100 500 10 0 0.002 0.028 0.078 0.128 0.172 0.224 0.294 0.34 0.378 0.424
Generation: 13
fullpopTest 1.000000 0.472000 13 100 500 10 0 0 0.04 0.084 0.14 0.21 0.278 0.34 0.39 0.446 0.472
Generation: 14
fullpopTest 1.000000 0.554000 14 100 500 10 0 0.002 0.014 0.062 0.148 0.196 0.276 0.366 0.438 0.494 0.554
Generation: 15
fullpopTest 1.000000 0.554000 15 100 500 10 0 0 0.028 0.068 0.128 0.196 0.276 0.334 0.426 0.486 0.554
Generation: 16
fullpopTest 1.000000 0.590000 16 100 500 10 0 0.002 0.046 0.088 0.178 0.274 0.356 0.438 0.496 0.568 0.59
Generation: 17
fullpopTest 1.000000 0.590000 17 100 500 10 0 0 0.042 0.102 0.184 0.272 0.382 0.456 0.508 0.562 0.59
Generation: 18
fullpopTest 1.000000 0.608000 18 100 500 10 0 0.002 0.058 0.108 0.184 0.264 0.356 0.428 0.524 0.6 0.608
Generation: 19
fullpopTest 1.000000 0.652000 19 100 500 10 0 0 0.036 0.084 0.164 0.238 0.324 0.42 0.514 0.592 0.652
Generation: 20
fullpopTest 1.000000 0.654000 20 100 500 10 0 0.002 0.052 0.114 0.214 0.308 0.388 0.474 0.582 0.662 0.654
Generation: 21
fullpopTest 1.000000 0.686000 21 100 500 10 0 0.002 0.054 0.128 0.23 0.336 0.434 0.524 0.608 0.674 0.686
Generation: 22
fullpopTest 1.000000 0.688000 22 100 500 10 0 0.002 0.044 0.104 0.198 0.292 0.402 0.486 0.568 0.672 0.688
Generation: 23
fullpopTest 1.000000 0.740000 23 100 500 10 0 0.002 0.058 0.144 0.268 0.386 0.5 0.582 0.654 0.73 0.74
Generation: 24
fullpopTest 1.000000 0.790000 24 100 500 10 0 0.002 0.062 0.16 0.29 0.418 0.534 0.614 0.684 0.75 0.79
Generation: 25
fullpopTest 1.000000 0.796000 25 100 500 10 0 0.002 0.06 0.168 0.296 0.396 0.514 0.614 0.698 0.76 0.796
Generation: 26
fullpopTest 1.000000 0.832000 26 100 500 10 0 0.004 0.076 0.168 0.288 0.422 0.56 0.646 0.718 0.782 0.832
Generation: 27
fullpopTest 1.000000 0.836000 27 100 500 10 0 0 0.07 0.142 0.27 0.442 0.566 0.682 0.776 0.848 0.836
Generation: 28
fullpopTest 1.000000 0.844000 28 100 500 10 0 0.002 0.064 0.162 0.276 0.43 0.528 0.664 0.756 0.822 0.844
Generation: 29
fullpopTest 1.000000 0.898000 29 100 500 10 0 0.002 0.06 0.132 0.27 0.43 0.548 0.664 0.762 0.818 0.898
Generation: 30
fullpopTest 1.000000 0.912000 30 100 500 10 0 0 0.08 0.198 0.358 0.52 0.652 0.764 0.85 0.89 0.912
Generation: 31
fullpopTest 1.000000 0.912000 31 100 500 10 0 0 0.08 0.188 0.344 0.486 0.634 0.756 0.86 0.912 0.912
Generation: 32
fullpopTest 1.000000 0.918000 32 100 500 10 0 0.002 0.086 0.194 0.344 0.516 0.668 0.792 0.884 0.934 0.918
Generation: 33
fullpopTest 1.000000 0.932000 33 100 500 10 0 0.002 0.102 0.218 0.364 0.54 0.698 0.826 0.898 0.928 0.932
Generation: 34
fullpopTest 1.000000 0.932000 34 100 500 10 0 0 0.1 0.234 0.406 0.572 0.738 0.832 0.882 0.922 0.932
Generation: 35
fullpopTest 1.000000 0.962000 35 100 500 10 0 0.002 0.096 0.234 0.394 0.554 0.72 0.848 0.916 0.95 0.962
Generation: 36
fullpopTest 1.000000 0.962000 36 100 500 10 0 0.002 0.112 0.254 0.416 0.582 0.772 0.9 0.942 0.964 0.962
Generation: 37
fullpopTest 1.000000 0.966000 37 100 500 10 0 0.002 0.088 0.226 0.4 0.596 0.788 0.888 0.952 0.968 0.966
Generation: 38
fullpopTest 1.000000 0.982000 38 100 500 10 0 0.002 0.108 0.282 0.462 0.622 0.794 0.888 0.938 0.956 0.982
Generation: 39
fullpopTest 1.000000 0.986000 39 100 500 10 0 0.002 0.1 0.258 0.444 0.612 0.8 0.914 0.968 0.978 0.986
Generation: 40
fullpopTest 1.000000 0.994000 40 100 500 10 0 0.002 0.11 0.284 0.446 0.632 0.832 0.942 0.964 0.974 0.994
Generation: 41
fullpopTest 1.000000 0.994000 41 100 500 10 0 0.002 0.11 0.272 0.424 0.608 0.806 0.934 0.976 0.986 0.994
Generation: 42
fullpopTest 1.000000 0.996000 42 100 500 10 0 0.002 0.11 0.268 0.426 0.596 0.794 0.924 0.974 0.994 0.996
Generation: 43
fullpopTest 1.000000 0.996000 43 100 500 10 0 0.002 0.112 0.27 0.442 0.628 0.82 0.924 0.968 0.988 0.996
Generation: 44
fullpopTest 1.000000 0.996000 44 100 500 10 0 0.002 0.104 0.228 0.404 0.59 0.808 0.922 0.97 0.988 0.996
Generation: 45
fullpopTest 1.000000 1.000000 45 100 500 10 0 0.002 0.108 0.308 0.482 0.65 0.86 0.95 0.98 0.988 1
fullpopTest 1.000000 1.000000 46 100 500 10 0 0.002 0.108 0.3 0.464 0.65 0.86 0.96 0.978 0.986 1
Generation: 0
fullpopTest 1.000000 0.254000 0 100 500 10 0 0 0.008 0.024 0.058 0.092 0.136 0.172 0.214 0.246 0.254
Generation: 1
fullpopTest 1.000000 0.278000 1 100 500 10 0 0 0.016 0.056 0.086 0.122 0.16 0.204 0.232 0.25 0.278
Generation: 2
fullpopTest 1.000000 0.322000 2 100 500 10 0 0.002 0.018 0.064 0.106 0.132 0.166 0.208 0.252 0.292 0.322
Generation: 3
fullpopTest 1.000000 0.362000 3 100 500 10 0 0.002 0.014 0.068 0.102 0.168 0.214 0.256 0.302 0.352 0.362
Generation: 4
fullpopTest 1.000000 0.384000 4 100 500 10 0 0 0.018 0.068 0.114 0.164 0.23 0.286 0.35 0.404 0.384
Generation: 5
fullpopTest 1.000000 0.424000 5 100 500 10 0 0 0.012 0.046 0.09 0.16 0.212 0.282 0.344 0.404 0.424
Generation: 6
fullpopTest 1.000000 0.424000 6 100 500 10 0 0 0.016 0.058 0.102 0.156 0.216 0.284 0.328 0.368 0.424
Generation: 7
fullpopTest 1.000000 0.438000 7 100 500 10 0 0 0.01 0.062 0.134 0.202 0.252 0.328 0.382 0.436 0.438
Generation: 8
fullpopTest 1.000000 0.478000 8 100 500 10 0 0 0.022 0.048 0.1 0.162 0.234 0.316 0.368 0.432 0.478
Generation: 9
fullpopTest 1.000000 0.478000 9 100 500 10 0 0 0.016 0.056 0.114 0.19 0.256 0.338 0.41 0.472 0.478
Generation: 10
fullpopTest 1.000000 0.534000 10 100 500 10 0 0.002 0.038 0.098 0.192 0.264 0.344 0.422 0.484 0.524 0.534
Generation: 11
fullpopTest 1.000000 0.538000 11 100 500 10 0 0 0.03 0.092 0.152 0.21 0.27 0.344 0.428 0.49 0.538
Generation: 12
fullpopTest 1.000000 0.590000 12 100 500 10 0 0.002 0.022 0.084 0.166 0.278 0.36 0.462 0.524 0.58 0.59
Generation: 13
fullpopTest 1.000000 0.604000 13 100 500 10 0 0.002 0.028 0.106 0.198 0.304 0.44 0.524 0.58 0.638 0.604
Generation: 14
fullpopTest 1.000000 0.636000 14 100 500 10 0 0 0.024 0.074 0.184 0.262 0.356 0.448 0.518 0.58 0.636
Generation: 15
fullpopTest 1.000000 0.684000 15 100 500 10 0 0 0.026 0.102 0.194 0.326 0.414 0.506 0.6 0.656 0.684
Generation: 16
fullpopTest 1.000000 0.684000 16 100 500 10 0 0 0.026 0.094 0.224 0.338 0.432 0.522 0.596 0.65 0.684
Generation: 17
fullpopTest 1.000000 0.710000 17 100 500 10 0 0.002 0.034 0.11 0.226 0.362 0.482 0.56 0.638 0.696 0.71
Generation: 18
fullpopTest 1.000000 0.720000 18 100 500 10 0 0 0.03 0.096 0.198 0.32 0.434 0.546 0.622 0.692 0.72
Generation: 19
fullpopTest 1.000000 0.746000 19 100 500 10 0 0 0.038 0.128 0.216 0.34 0.442 0.546 0.628 0.696 0.746
Generation: 20
fullpopTest 1.000000 0.754000 20 100 500 10 0 0.002 0.028 0.112 0.222 0.348 0.456 0.56 0.638 0.702 0.754
Generation: 21
fullpopTest 1.000000 0.758000 21 100 500 10 0 0 0.052 0.144 0.264 0.386 0.492 0.586 0.67 0.722 0.758
Generation: 22
fullpopTest 1.000000 0.780000 22 100 500 10 0 0 0.03 0.12 0.266 0.384 0.504 0.608 0.69 0.754 0.78
Generation: 23
fullpopTest 1.000000 0.816000 23 100 500 10 0 0 0.044 0.154 0.304 0.428 0.566 0.666 0.734 0.772 0.816
Generation: 24
fullpopTest 1.000000 0.832000 24 100 500 10 0 0 0.034 0.104 0.246 0.38 0.526 0.636 0.724 0.802 0.832
Generation: 25
fullpopTest 1.000000 0.842000 25 100 500 10 0 0 0.058 0.172 0.332 0.482 0.614 0.71 0.802 0.854 0.842
Generation: 26
fullpopTest 1.000000 0.852000 26 100 500 10 0 0.002 0.062 0.168 0.318 0.458 0.6 0.702 0.79 0.834 0.852
Generation: 27
fullpopTest 1.000000 0.868000 27 100 500 10 0 0.002 0.05 0.156 0.32 0.48 0.628 0.734 0.832 0.862 0.868
Generation: 28
fullpopTest 1.000000 0.882000 28 100 500 10 0 0.002 0.058 0.172 0.344 0.468 0.62 0.742 0.824 0.848 0.882
Generation: 29
fullpopTest 1.000000 0.910000 29 100 500 10 0 0 0.082 0.192 0.368 0.54 0.684 0.776 0.856 0.902 0.91
Generation: 30
fullpopTest 1.000000 0.914000 30 100 500 10 0 0 0.056 0.144 0.31 0.478 0.656 0.776 0.846 0.884 0.914
Generation: 31
fullpopTest 1.000000 0.936000 31 100 500 10 0 0 0.094 0.208 0.36 0.53 0.678 0.818 0.894 0.932 0.936
Generation: 32
fullpopTest 1.000000 0.936000 32 100 500 10 0 0.002 0.08 0.194 0.39 0.588 0.718 0.826 0.9 0.932 0.936
Generation: 33
fullpopTest 1.000000 0.944000 33 100 500 10 0 0.002 0.074 0.182 0.34 0.514 0.666 0.788 0.866 0.92 0.944
Generation: 34
fullpopTest 1.000000 0.954000 34 100 500 10 0 0.004 0.068 0.172 0.338 0.506 0.676 0.784 0.87 0.91 0.954
Generation: 35
fullpopTest 1.000000 0.972000 35 100 500 10 0 0 0.076 0.22 0.406 0.58 0.736 0.838 0.902 0.948 0.972
Generation: 36
fullpopTest 1.000000 0.972000 36 100 500 10 0 0 0.082 0.2 0.392 0.598 0.76 0.858 0.916 0.956 0.972
Generation: 37
fullpopTest 1.000000 0.982000 37 100 500 10 0 0.002 0.11 0.252 0.466 0.676 0.826 0.922 0.958 0.97 0.982
Generation: 38
fullpopTest 1.000000 0.982000 38 100 500 10 0 0.002 0.11 0.252 0.462 0.668 0.828 0.922 0.962 0.976 0.982
Generation: 39
fullpopTest 1.000000 0.990000 39 100 500 10 0 0.002 0.11 0.234 0.412 0.63 0.766 0.882 0.954 0.976 0.99
Generation: 40
fullpopTest 1.000000 0.990000 40 100 500 10 0 0.002 0.096 0.236 0.474 0.706 0.846 0.914 0.96 0.978 0.99
Generation: 41
fullpopTest 1.000000 0.990000 41 100 500 10 0 0.002 0.096 0.202 0.396 0.644 0.81 0.908 0.956 0.976 0.99
Generation: 42
fullpopTest 1.000000 0.996000 42 100 500 10 0 0.002 0.118 0.264 0.48 0.718 0.83 0.92 0.958 0.978 0.996
Generation: 43
fullpopTest 1.000000 0.996000 43 100 500 10 0 0.002 0.106 0.264 0.514 0.75 0.886 0.954 0.982 0.994 0.996
Generation: 44
fullpopTest 1.000000 0.996000 44 100 500 10 0 0.002 0.102 0.24 0.458 0.696 0.854 0.948 0.978 0.99 0.996
Generation: 45
fullpopTest 1.000000 0.996000 45 100 500 10 0 0.002 0.118 0.272 0.488 0.71 0.824 0.904 0.962 0.98 0.996
Generation: 46
fullpopTest 1.000000 1.000000 46 100 500 10 0 0.002 0.116 0.266 0.482 0.752 0.92 0.98 0.994 0.994 1
fullpopTest 1.000000 1.000000 47 100 500 10 0 0.002 0.106 0.256 0.486 0.732 0.874 0.95 0.974 0.986 1
Generation: 0
fullpopTest 1.000000 0.186000 0 100 500 10 0 0 0.012 0.016 0.042 0.064 0.088 0.114 0.146 0.17 0.186
Generation: 1
fullpopTest 1.000000 0.208000 1 100 500 10 0 0 0.004 0.018 0.032 0.048 0.072 0.1 0.13 0.168 0.208
Generation: 2
fullpopTest 1.000000 0.216000 2 100 500 10 0 0 0.006 0.022 0.05 0.082 0.116 0.144 0.174 0.198 0.216
Generation: 3
fullpopTest 1.000000 0.228000 3 100 500 10 0 0 0.01 0.024 0.05 0.072 0.108 0.158 0.19 0.224 0.228
Generation: 4
fullpopTest 1.000000 0.258000 4 100 500 10 0 0 0.004 0.028 0.056 0.084 0.114 0.132 0.172 0.224 0.258
Generation: 5
fullpopTest 1.000000 0.318000 5 100 500 10 0 0 0.006 0.022 0.066 0.102 0.144 0.184 0.24 0.272 0.318
Generation: 6
fullpopTest 1.000000 0.322000 6 100 500 10 0 0 0 0.02 0.058 0.1 0.146 0.192 0.246 0.304 0.322
Generation: 7
fullpopTest 1.000000 0.340000 7 100 500 10 0 0 0.01 0.026 0.058 0.12 0.176 0.238 0.282 0.338 0.34
Generation: 8
fullpopTest 1.000000 0.392000 8 100 500 10 0 0.002 0.014 0.032 0.068 0.116 0.166 0.234 0.29 0.34 0.392
Generation: 9
fullpopTest 1.000000 0.392000 9 100 500 10 0 0 0.006 0.028 0.076 0.114 0.162 0.212 0.276 0.338 0.392
Generation: 10
fullpopTest 1.000000 0.410000 10 100 500 10 0 0 0.014 0.04 0.112 0.182 0.254 0.316 0.392 0.45 0.41
Generation: 11
fullpopTest 1.000000 0.486000 11 100 500 10 0 0 0.014 0.05 0.112 0.172 0.228 0.298 0.378 0.446 0.486
Generation: 12
fullpopTest 1.000000 0.486000 12 100 500 10 0 0 0.014 0.032 0.084 0.168 0.236 0.308 0.376 0.432 0.486
Generation: 13
fullpopTest 1.000000 0.536000 13 100 500 10 0 0 0.02 0.054 0.104 0.174 0.256 0.326 0.408 0.488 0.536
Generation: 14
fullpopTest 1.000000 0.536000 14 100 500 10 0 0 0.016 0.046 0.108 0.216 0.29 0.382 0.45 0.506 0.536
Generation: 15
fullpopTest 1.000000 0.564000 15 100 500 10 0 0 0.018 0.056 0.13 0.198 0.296 0.384 0.456 0.542 0.564
Generation: 16
fullpopTest 1.000000 0.572000 16 100 500 10 0 0 0.008 0.036 0.11 0.182 0.298 0.398 0.502 0.576 0.572
Generation: 17
fullpopTest 1.000000 0.618000 17 100 500 10 0 0 0.018 0.058 0.122 0.196 0.304 0.396 0.494 0.57 0.618
Generation: 18
fullpopTest 1.000000 0.636000 18 100 500 10 0 0 0.016 0.058 0.142 0.22 0.322 0.438 0.536 0.63 0.636
Generation: 19
fullpopTest 1.000000 0.676000 19 100 500 10 0 0.002 0.018 0.066 0.146 0.262 0.376 0.474 0.562 0.64 0.676
Generation: 20
fullpopTest 1.000000 0.702000 20 100 500 10 0 0 0.026 0.088 0.178 0.27 0.394 0.506 0.612 0.692 0.702
Generation: 21
fullpopTest 1.000000 0.722000 21 100 500 10 0 0 0.026 0.09 0.172 0.262 0.362 0.462 0.554 0.644 0.722
Generation: 22
fullpopTest 1.000000 0.728000 22 100 500 10 0 0 0.02 0.062 0.122 0.224 0.36 0.506 0.628 0.7 0.728
Generation: 23
fullpopTest 1.000000 0.802000 23 100 500 10 0 0 0.02 0.092 0.194 0.308 0.464 0.592 0.704 0.782 0.802
Generation: 24
fullpopTest 1.000000 0.818000 24 100 500 10 0 0 0.024 0.086 0.178 0.302 0.44 0.568 0.696 0.778 0.818
Generation: 25
fullpopTest 1.000000 0.868000 25 100 500 10 0 0 0.014 0.086 0.224 0.382 0.524 0.664 0.774 0.834 0.868
Generation: 26
fullpopTest 1.000000 0.868000 26 100 500 10 0 0 0.02 0.084 0.212 0.352 0.508 0.664 0.764 0.824 0.868
Generation: 27
fullpopTest 1.000000 0.882000 27 100 500 10 0 0 0.02 0.084 0.196 0.35 0.522 0.684 0.772 0.846 0.882
Generation: 28
fullpopTest 1.000000 0.882000 28 100 500 10 0 0 0.012 0.072 0.206 0.342 0.526 0.69 0.79 0.862 0.882
Generation: 29
fullpopTest 1.000000 0.890000 29 100 500 10 0 0 0.02 0.102 0.234 0.378 0.568 0.72 0.814 0.878 0.89
Generation: 30
fullpopTest 1.000000 0.898000 30 100 500 10 0 0 0.026 0.106 0.232 0.41 0.57 0.71 0.798 0.868 0.898
Generation: 31
fullpopTest 1.000000 0.916000 31 100 500 10 0 0 0.026 0.098 0.224 0.366 0.494 0.658 0.77 0.84 0.916
Generation: 32
fullpopTest 1.000000 0.936000 32 100 500 10 0 0 0.03 0.132 0.264 0.422 0.594 0.726 0.85 0.916 0.936
Generation: 33
fullpopTest 1.000000 0.936000 33 100 500 10 0 0 0.028 0.12 0.25 0.46 0.612 0.766 0.86 0.914 0.936
Generation: 34
fullpopTest 1.000000 0.944000 34 100 500 10 0 0 0.022 0.114 0.244 0.414 0.606 0.734 0.842 0.91 0.944
Generation: 35
fullpopTest 1.000000 0.944000 35 100 500 10 0 0 0.024 0.126 0.28 0.446 0.628 0.774 0.872 0.928 0.944
Generation: 36
fullpopTest 1.000000 0.944000 36 100 500 10 0 0 0.038 0.118 0.282 0.468 0.602 0.746 0.852 0.92 0.944
Generation: 37
fullpopTest 1.000000 0.944000 37 100 500 10 0 0.002 0.03 0.11 0.274 0.458 0.626 0.77 0.874 0.928 0.944
Generation: 38
fullpopTest 1.000000 0.954000 38 100 500 10 0 0 0.04 0.136 0.322 0.516 0.686 0.834 0.898 0.946 0.954
Generation: 39
fullpopTest 1.000000 0.956000 39 100 500 10 0 0 0.042 0.154 0.318 0.494 0.662 0.798 0.888 0.954 0.956
Generation: 40
fullpopTest 1.000000 0.960000 40 100 500 10 0 0.004 0.03 0.144 0.332 0.52 0.66 0.786 0.91 0.96 0.96
Generation: 41
fullpopTest 1.000000 0.960000 41 100 500 10 0 0 0.036 0.138 0.312 0.504 0.686 0.858 0.934 0.972 0.96
Generation: 42
fullpopTest 1.000000 0.974000 42 100 500 10 0 0 0.028 0.14 0.302 0.482 0.64 0.792 0.89 0.936 0.974
Generation: 43
fullpopTest 1.000000 0.974000 43 100 500 10 0 0 0.04 0.14 0.316 0.526 0.712 0.84 0.93 0.96 0.974
Generation: 44
fullpopTest 1.000000 0.974000 44 100 500 10 0 0 0.034 0.146 0.302 0.512 0.706 0.846 0.916 0.958 0.974
Generation: 45
fullpopTest 1.000000 0.974000 45 100 500 10 0 0 0.026 0.098 0.294 0.494 0.686 0.824 0.918 0.958 0.974
Generation: 46
fullpopTest 1.000000 0.980000 46 100 500 10 0 0 0.034 0.15 0.322 0.506 0.73 0.872 0.96 0.98 0.98
Generation: 47
fullpopTest 1.000000 0.980000 47 100 500 10 0 0 0.022 0.146 0.326 0.506 0.686 0.83 0.906 0.962 0.98
Generation: 48
fullpopTest 1.000000 0.982000 48 100 500 10 0 0 0.04 0.148 0.342 0.56 0.748 0.86 0.936 0.968 0.982
Generation: 49
fullpopTest 1.000000 0.982000 49 100 500 10 0 0 0.034 0.154 0.358 0.582 0.738 0.838 0.926 0.968 0.982
Generation: 50
fullpopTest 1.000000 0.986000 50 100 500 10 0 0.002 0.052 0.156 0.364 0.586 0.748 0.866 0.944 0.974 0.986
Generation: 51
fullpopTest 1.000000 0.992000 51 100 500 10 0 0 0.05 0.166 0.36 0.596 0.78 0.906 0.966 0.988 0.992
Generation: 52
fullpopTest 1.000000 0.992000 52 100 500 10 0 0.002 0.056 0.18 0.39 0.626 0.812 0.91 0.97 0.986 0.992
Generation: 53
fullpopTest 1.000000 0.992000 53 100 500 10 0 0 0.038 0.148 0.354 0.586 0.792 0.908 0.956 0.986 0.992
Generation: 54
fullpopTest 1.000000 0.996000 54 100 500 10 0 0 0.068 0.214 0.41 0.65 0.808 0.92 0.97 0.986 0.996
Generation: 55
fullpopTest 1.000000 0.996000 55 100 500 10 0 0 0.048 0.184 0.378 0.616 0.782 0.902 0.958 0.984 0.996
Generation: 56
fullpopTest 1.000000 0.998000 56 100 500 10 0 0.002 0.036 0.142 0.302 0.548 0.732 0.874 0.944 0.978 0.998
Generation: 57
fullpopTest 1.000000 0.998000 57 100 500 10 0 0 0.03 0.15 0.322 0.554 0.766 0.898 0.96 0.98 0.998
Generation: 58
fullpopTest 1.000000 0.998000 58 100 500 10 0 0 0.056 0.17 0.352 0.57 0.756 0.884 0.946 0.988 0.998
Generation: 59
fullpopTest 1.000000 1.000000 59 100 500 10 0 0 0.038 0.158 0.356 0.584 0.768 0.892 0.972 0.99 1
fullpopTest 1.000000 1.000000 60 100 500 10 0 0 0.036 0.16 0.354 0.602 0.782 0.906 0.962 0.984 1
Generation: 0
fullpopTest 1.000000 0.214000 0 100 500 10 0 0 0.01 0.044 0.06 0.082 0.11 0.128 0.162 0.188 0.214
Generation: 1
fullpopTest 1.000000 0.224000 1 100 500 10 0 0 0.016 0.042 0.064 0.088 0.12 0.142 0.178 0.202 0.224
Generation: 2
fullpopTest 1.000000 0.248000 2 100 500 10 0 0 0.014 0.034 0.058 0.086 0.112 0.154 0.174 0.21 0.248
Generation: 3
fullpopTest 1.000000 0.252000 3 100 500 10 0 0 0.018 0.034 0.062 0.116 0.138 0.16 0.184 0.21 0.252
Generation: 4
fullpopTest 1.000000 0.292000 4 100 500 10 0 0 0.026 0.05 0.09 0.142 0.172 0.216 0.254 0.296 0.292
Generation: 5
fullpopTest 1.000000 0.330000 5 100 500 10 0 0 0.008 0.036 0.07 0.098 0.146 0.202 0.246 0.294 0.33
Generation: 6
fullpopTest 1.000000 0.388000 6 100 500 10 0 0 0.016 0.05 0.08 0.122 0.182 0.244 0.298 0.35 0.388
Generation: 7
fullpopTest 1.000000 0.398000 7 100 500 10 0 0 0.012 0.044 0.104 0.164 0.218 0.28 0.35 0.416 0.398
Generation: 8
fullpopTest 1.000000 0.434000 8 100 500 10 0 0 0.026 0.056 0.086 0.154 0.23 0.308 0.392 0.464 0.434
Generation: 9
fullpopTest 1.000000 0.464000 9 100 500 10 0 0 0.016 0.05 0.1 0.152 0.224 0.286 0.358 0.406 0.464
Generation: 10
fullpopTest 1.000000 0.532000 10 100 500 10 0 0 0.022 0.058 0.108 0.186 0.278 0.366 0.45 0.52 0.532
Generation: 11
fullpopTest 1.000000 0.532000 11 100 500 10 0 0.002 0.028 0.056 0.124 0.198 0.286 0.38 0.462 0.524 0.532
Generation: 12
fullpopTest 1.000000 0.578000 12 100 500 10 0 0 0.038 0.08 0.158 0.222 0.314 0.396 0.48 0.556 0.578
Generation: 13
fullpopTest 1.000000 0.582000 13 100 500 10 0 0.002 0.034 0.072 0.192 0.256 0.334 0.402 0.46 0.55 0.582
Generation: 14
fullpopTest 1.000000 0.598000 14 100 500 10 0 0.002 0.032 0.096 0.192 0.278 0.37 0.456 0.534 0.612 0.598
Generation: 15
fullpopTest 1.000000 0.664000 15 100 500 10 0 0 0.042 0.094 0.204 0.29 0.406 0.516 0.612 0.682 0.664
Generation: 16
fullpopTest 1.000000 0.760000 16 100 500 10 0 0 0.054 0.116 0.236 0.344 0.442 0.558 0.648 0.732 0.76
Generation: 17
fullpopTest 1.000000 0.760000 17 100 500 10 0 0.002 0.044 0.104 0.206 0.326 0.442 0.552 0.638 0.714 0.76
Generation: 18
fullpopTest 1.000000 0.766000 18 100 500 10 0 0.002 0.056 0.112 0.254 0.358 0.474 0.576 0.676 0.754 0.766
Generation: 19
fullpopTest 1.000000 0.824000 19 100 500 10 0 0 0.062 0.12 0.244 0.404 0.52 0.654 0.754 0.824 0.824
Generation: 20
fullpopTest 1.000000 0.824000 20 100 500 10 0 0 0.078 0.15 0.284 0.42 0.538 0.67 0.758 0.832 0.824
Generation: 21
fullpopTest 1.000000 0.828000 21 100 500 10 0 0 0.092 0.194 0.348 0.462 0.602 0.692 0.744 0.784 0.828
Generation: 22
fullpopTest 1.000000 0.840000 22 100 500 10 0 0.002 0.088 0.168 0.276 0.412 0.52 0.656 0.744 0.816 0.84
Generation: 23
fullpopTest 1.000000 0.870000 23 100 500 10 0 0.002 0.094 0.188 0.352 0.492 0.628 0.722 0.79 0.828 0.87
Generation: 24
fullpopTest 1.000000 0.870000 24 100 500 10 0 0.002 0.078 0.176 0.34 0.47 0.634 0.728 0.808 0.842 0.87
Generation: 25
fullpopTest 1.000000 0.890000 25 100 500 10 0 0.002 0.088 0.168 0.282 0.428 0.57 0.708 0.804 0.864 0.89
Generation: 26
fullpopTest 1.000000 0.908000 26 100 500 10 0 0 0.092 0.192 0.334 0.5 0.63 0.766 0.866 0.916 0.908
Generation: 27
fullpopTest 1.000000 0.932000 27 100 500 10 0 0.002 0.096 0.192 0.34 0.516 0.65 0.776 0.86 0.916 0.932
Generation: 28
fullpopTest 1.000000 0.932000 28 100 500 10 0 0.002 0.098 0.206 0.358 0.536 0.672 0.772 0.88 0.918 0.932
Generation: 29
fullpopTest 1.000000 0.946000 29 100 500 10 0 0.002 0.096 0.216 0.366 0.556 0.692 0.814 0.89 0.938 0.946
Generation: 30
fullpopTest 1.000000 0.956000 30 100 500 10 0 0.002 0.088 0.188 0.356 0.55 0.68 0.792 0.87 0.924 0.956
Generation: 31
fullpopTest 1.000000 0.956000 31 100 500 10 0 0.002 0.09 0.226 0.37 0.54 0.676 0.808 0.884 0.942 0.956
Generation: 32
fullpopTest 1.000000 0.968000 32 100 500 10 0 0.002 0.098 0.236 0.416 0.638 0.78 0.888 0.936 0.956 0.968
Generation: 33
fullpopTest 1.000000 0.968000 33 100 500 10 0 0.002 0.102 0.256 0.4 0.608 0.754 0.868 0.932 0.962 0.968
Generation: 34
fullpopTest 1.000000 0.968000 34 100 500 10 0 0.002 0.1 0.222 0.386 0.61 0.748 0.878 0.94 0.962 0.968
Generation: 35
fullpopTest 1.000000 0.970000 35 100 500 10 0 0.002 0.098 0.228 0.368 0.55 0.666 0.826 0.914 0.956 0.97
Generation: 36
fullpopTest 1.000000 0.980000 36 100 500 10 0 0.002 0.096 0.202 0.344 0.534 0.682 0.852 0.93 0.974 0.98
Generation: 37
fullpopTest 1.000000 0.988000 37 100 500 10 0 0.002 0.104 0.266 0.418 0.624 0.758 0.876 0.938 0.966 0.988
Generation: 38
fullpopTest 1.000000 0.988000 38 100 500 10 0 0.002 0.108 0.276 0.426 0.63 0.762 0.9 0.962 0.98 0.988
Generation: 39
fullpopTest 1.000000 0.994000 39 100 500 10 0 0.002 0.1 0.252 0.406 0.614 0.768 0.896 0.97 0.994 0.994
Generation: 40
fullpopTest 1.000000 0.994000 40 100 500 10 0 0.002 0.1 0.22 0.37 0.596 0.752 0.904 0.97 0.996 0.994
Generation: 41
fullpopTest 1.000000 0.996000 41 100 500 10 0 0.002 0.102 0.238 0.394 0.61 0.76 0.904 0.966 0.996 0.996
Generation: 42
fullpopTest 1.000000 0.998000 42 100 500 10 0 0.002 0.108 0.258 0.414 0.628 0.76 0.896 0.968 0.994 0.998
Generation: 43
fullpopTest 1.000000 1.000000 43 100 500 10 0 0.002 0.104 0.246 0.408 0.638 0.802 0.924 0.986 0.994 1
fullpopTest 1.000000 1.000000 44 100 500 10 0 0.002 0.108 0.248 0.408 0.654 0.832 0.936 0.992 1 1
Generation: 0
fullpopTest 1.000000 0.188000 0 100 500 10 0 0 0.008 0.024 0.028 0.054 0.076 0.12 0.138 0.164 0.188
Generation: 1
fullpopTest 1.000000 0.214000 1 100 500 10 0 0 0.014 0.036 0.046 0.072 0.1 0.132 0.166 0.2 0.214
Generation: 2
fullpopTest 1.000000 0.236000 2 100 500 10 0 0 0.008 0.026 0.046 0.084 0.122 0.164 0.202 0.238 0.236
Generation: 3
fullpopTest 1.000000 0.280000 3 100 500 10 0 0 0.012 0.032 0.044 0.08 0.144 0.206 0.256 0.304 0.28
Generation: 4
fullpopTest 1.000000 0.296000 4 100 500 10 0 0 0.006 0.028 0.06 0.094 0.128 0.182 0.22 0.264 0.296
Generation: 5
fullpopTest 1.000000 0.310000 5 100 500 10 0 0 0.006 0.022 0.06 0.1 0.154 0.194 0.222 0.254 0.31
Generation: 6
fullpopTest 1.000000 0.346000 6 100 500 10 0 0 0.008 0.038 0.072 0.128 0.178 0.224 0.286 0.326 0.346
Generation: 7
fullpopTest 1.000000 0.380000 7 100 500 10 0 0 0.02 0.056 0.102 0.152 0.214 0.28 0.344 0.39 0.38
Generation: 8
fullpopTest 1.000000 0.412000 8 100 500 10 0 0 0.012 0.048 0.096 0.15 0.204 0.272 0.326 0.384 0.412
Generation: 9
fullpopTest 1.000000 0.464000 9 100 500 10 0 0 0.02 0.088 0.14 0.21 0.282 0.356 0.43 0.502 0.464
Generation: 10
fullpopTest 1.000000 0.534000 10 100 500 10 0 0.004 0.024 0.074 0.124 0.194 0.276 0.356 0.432 0.52 0.534
Generation: 11
fullpopTest 1.000000 0.554000 11 100 500 10 0 0 0.028 0.082 0.136 0.224 0.306 0.368 0.43 0.496 0.554
Generation: 12
fullpopTest 1.000000 0.602000 12 100 500 10 0 0 0.032 0.106 0.196 0.29 0.352 0.442 0.494 0.564 0.602
Generation: 13
fullpopTest 1.000000 0.614000 13 100 500 10 0 0 0.032 0.096 0.162 0.242 0.342 0.434 0.514 0.592 0.614
Generation: 14
fullpopTest 1.000000 0.680000 14 100 500 10 0 0.002 0.038 0.12 0.236 0.322 0.418 0.504 0.578 0.644 0.68
Generation: 15
fullpopTest 1.000000 0.680000 15 100 500 10 0 0.002 0.044 0.11 0.228 0.328 0.398 0.508 0.584 0.624 0.68
Generation: 16
fullpopTest 1.000000 0.722000 16 100 500 10 0 0.002 0.034 0.11 0.222 0.34 0.486 0.572 0.646 0.7 0.722
Generation: 17
fullpopTest 1.000000 0.724000 17 100 500 10 0 0 0.046 0.118 0.232 0.33 0.452 0.542 0.604 0.67 0.724
Generation: 18
fullpopTest 1.000000 0.742000 18 100 500 10 0 0.002 0.054 0.134 0.25 0.358 0.452 0.568 0.638 0.704 0.742
Generation: 19
fullpopTest 1.000000 0.764000 19 100 500 10 0 0.002 0.046 0.14 0.246 0.384 0.526 0.628 0.72 0.782 0.764
Generation: 20
fullpopTest 1.000000 0.782000 20 100 500 10 0 0 0.032 0.112 0.242 0.352 0.444 0.566 0.676 0.736 0.782
Generation: 21
fullpopTest 1.000000 0.788000 21 100 500 10 0 0.002 0.058 0.152 0.28 0.388 0.52 0.636 0.708 0.79 0.788
Generation: 22
fullpopTest 1.000000 0.808000 22 100 500 10 0 0 0.062 0.158 0.298 0.43 0.564 0.66 0.758 0.816 0.808
Generation: 23
fullpopTest 1.000000 0.818000 23 100 500 10 0 0.002 0.06 0.162 0.308 0.424 0.546 0.674 0.762 0.814 0.818
Generation: 24
fullpopTest 1.000000 0.828000 24 100 500 10 0 0.002 0.03 0.126 0.288 0.428 0.558 0.672 0.762 0.828 0.828
Generation: 25
fullpopTest 1.000000 0.860000 25 100 500 10 0 0 0.06 0.162 0.3 0.418 0.582 0.678 0.762 0.808 0.86
Generation: 26
fullpopTest 1.000000 0.860000 26 100 500 10 0 0.002 0.046 0.146 0.29 0.396 0.538 0.642 0.738 0.806 0.86
Generation: 27
fullpopTest 1.000000 0.884000 27 100 500 10 0 0.004 0.048 0.146 0.304 0.462 0.588 0.684 0.784 0.852 0.884
Generation: 28
fullpopTest 1.000000 0.904000 28 100 500 10 0 0.002 0.084 0.212 0.356 0.506 0.662 0.766 0.83 0.886 0.904
Generation: 29
fullpopTest 1.000000 0.916000 29 100 500 10 0 0 0.074 0.194 0.38 0.536 0.692 0.784 0.854 0.906 0.916
Generation: 30
fullpopTest 1.000000 0.928000 30 100 500 10 0 0.002 0.074 0.208 0.384 0.524 0.67 0.792 0.878 0.922 0.928
Generation: 31
fullpopTest 1.000000 0.930000 31 100 500 10 0 0.002 0.032 0.138 0.31 0.488 0.666 0.776 0.85 0.898 0.93
Generation: 32
fullpopTest 1.000000 0.942000 32 100 500 10 0 0.002 0.062 0.184 0.374 0.522 0.682 0.798 0.87 0.92 0.942
Generation: 33
fullpopTest 1.000000 0.960000 33 100 500 10 0 0 0.078 0.208 0.416 0.574 0.742 0.842 0.922 0.952 0.96
Generation: 34
fullpopTest 1.000000 0.976000 34 100 500 10 0 0.002 0.078 0.204 0.412 0.606 0.778 0.868 0.924 0.96 0.976
Generation: 35
fullpopTest 1.000000 0.976000 35 100 500 10 0 0.002 0.098 0.222 0.43 0.618 0.792 0.892 0.956 0.984 0.976
Generation: 36
fullpopTest 1.000000 0.976000 36 100 500 10 0 0.002 0.072 0.2 0.414 0.592 0.752 0.872 0.934 0.974 0.976
Generation: 37
fullpopTest 1.000000 0.980000 37 100 500 10 0 0.002 0.114 0.262 0.446 0.656 0.8 0.884 0.95 0.972 0.98
Generation: 38
fullpopTest 1.000000 0.990000 38 100 500 10 0 0.002 0.096 0.24 0.45 0.664 0.79 0.884 0.942 0.97 0.99
Generation: 39
fullpopTest 1.000000 0.990000 39 100 500 10 0 0.002 0.094 0.216 0.422 0.632 0.77 0.86 0.918 0.956 0.99
Generation: 40
fullpopTest 1.000000 0.992000 40 100 500 10 0 0.002 0.108 0.264 0.45 0.664 0.814 0.914 0.968 0.982 0.992
Generation: 41
fullpopTest 1.000000 0.994000 41 100 500 10 0 0.002 0.114 0.29 0.486 0.736 0.882 0.958 0.986 0.99 0.994
Generation: 42
fullpopTest 1.000000 0.998000 42 100 500 10 0 0.002 0.1 0.248 0.474 0.676 0.844 0.932 0.974 0.988 0.998
Generation: 43
fullpopTest 1.000000 0.998000 43 100 500 10 0 0.002 0.11 0.274 0.474 0.694 0.844 0.922 0.958 0.982 0.998
Generation: 44
fullpopTest 1.000000 0.998000 44 100 500 10 0 0.002 0.1 0.258 0.462 0.694 0.856 0.938 0.984 0.996 0.998
Generation: 45
fullpopTest 1.000000 0.998000 45 100 500 10 0 0.002 0.108 0.282 0.504 0.688 0.82 0.914 0.97 0.99 0.998
Generation: 46
fullpopTest 1.000000 0.998000 46 100 500 10 0 0.002 0.112 0.258 0.448 0.67 0.82 0.926 0.974 0.986 0.998
Generation: 47
fullpopTest 1.000000 1.000000 47 100 500 10 0 0.002 0.104 0.254 0.446 0.688 0.834 0.94 0.99 0.996 1
fullpopTest 1.000000 1.000000 48 100 500 10 0 0.002 0.106 0.244 0.452 0.682 0.856 0.944 0.978 0.996 1
Generation: 0
fullpopTest 1.000000 0.228000 0 100 500 10 0 0 0.006 0.016 0.048 0.074 0.102 0.136 0.17 0.198 0.228
Generation: 1
fullpopTest 1.000000 0.272000 1 100 500 10 0 0 0.002 0.008 0.036 0.062 0.106 0.15 0.18 0.226 0.272
Generation: 2
fullpopTest 1.000000 0.272000 2 100 500 10 0 0 0 0.01 0.034 0.07 0.1 0.146 0.184 0.24 0.272
Generation: 3
fullpopTest 1.000000 0.358000 3 100 500 10 0 0 0.004 0.016 0.058 0.108 0.17 0.224 0.268 0.314 0.358
Generation: 4
fullpopTest 1.000000 0.374000 4 100 500 10 0 0 0.006 0.022 0.062 0.122 0.174 0.21 0.25 0.288 0.374
Generation: 5
fullpopTest 1.000000 0.378000 5 100 500 10 0 0 0.006 0.03 0.086 0.14 0.214 0.282 0.348 0.406 0.378
Generation: 6
fullpopTest 1.000000 0.456000 6 100 500 10 0 0 0.004 0.044 0.1 0.166 0.242 0.29 0.356 0.406 0.456
Generation: 7
fullpopTest 1.000000 0.458000 7 100 500 10 0 0 0.004 0.046 0.086 0.154 0.216 0.276 0.34 0.404 0.458
Generation: 8
fullpopTest 1.000000 0.524000 8 100 500 10 0 0 0.01 0.042 0.098 0.166 0.256 0.336 0.426 0.51 0.524
Generation: 9
fullpopTest 1.000000 0.558000 9 100 500 10 0 0 0.008 0.044 0.108 0.188 0.29 0.362 0.478 0.568 0.558
Generation: 10
fullpopTest 1.000000 0.590000 10 100 500 10 0 0.002 0.012 0.066 0.154 0.258 0.356 0.468 0.548 0.608 0.59
Generation: 11
fullpopTest 1.000000 0.628000 11 100 500 10 0 0 0.006 0.056 0.126 0.214 0.316 0.436 0.524 0.588 0.628
Generation: 12
fullpopTest 1.000000 0.654000 12 100 500 10 0 0 0.008 0.07 0.176 0.3 0.402 0.508 0.628 0.698 0.654
Generation: 13
fullpopTest 1.000000 0.680000 13 100 500 10 0 0 0.014 0.072 0.168 0.28 0.384 0.486 0.574 0.652 0.68
Generation: 14
fullpopTest 1.000000 0.732000 14 100 500 10 0 0.002 0.014 0.076 0.17 0.3 0.422 0.54 0.646 0.724 0.732
Generation: 15
fullpopTest 1.000000 0.732000 15 100 500 10 0 0 0.016 0.06 0.146 0.238 0.366 0.502 0.616 0.696 0.732
Generation: 16
fullpopTest 1.000000 0.766000 16 100 500 10 0 0 0.02 0.08 0.174 0.29 0.4 0.532 0.652 0.742 0.766
Generation: 17
fullpopTest 1.000000 0.818000 17 100 500 10 0 0 0.018 0.076 0.206 0.346 0.506 0.632 0.724 0.808 0.818
Generation: 18
fullpopTest 1.000000 0.832000 18 100 500 10 0 0 0.012 0.08 0.202 0.336 0.514 0.638 0.752 0.824 0.832
Generation: 19
fullpopTest 1.000000 0.842000 19 100 500 10 0 0 0.012 0.066 0.174 0.318 0.466 0.594 0.718 0.802 0.842
Generation: 20
fullpopTest 1.000000 0.888000 20 100 500 10 0 0 0.016 0.088 0.236 0.376 0.528 0.694 0.798 0.87 0.888
Generation: 21
fullpopTest 1.000000 0.896000 21 100 500 10 0 0 0.024 0.128 0.258 0.406 0.56 0.702 0.808 0.898 0.896
Generation: 22
fullpopTest 1.000000 0.934000 22 100 500 10 0 0 0.026 0.128 0.272 0.456 0.626 0.76 0.85 0.9 0.934
Generation: 23
fullpopTest 1.000000 0.934000 23 100 500 10 0 0 0.016 0.102 0.246 0.41 0.584 0.744 0.85 0.9 0.934
Generation: 24
fullpopTest 1.000000 0.934000 24 100 500 10 0 0 0.018 0.102 0.252 0.416 0.574 0.69 0.804 0.88 0.934
Generation: 25
fullpopTest 1.000000 0.936000 25 100 500 10 0 0 0.016 0.104 0.258 0.44 0.61 0.756 0.854 0.912 0.936
Generation: 26
fullpopTest 1.000000 0.950000 26 100 500 10 0 0 0.018 0.11 0.26 0.45 0.606 0.766 0.872 0.942 0.95
Generation: 27
fullpopTest 1.000000 0.956000 27 100 500 10 0 0.002 0.03 0.124 0.28 0.464 0.658 0.802 0.914 0.96 0.956
Generation: 28
fullpopTest 1.000000 0.966000 28 100 500 10 0 0 0.03 0.144 0.304 0.516 0.666 0.812 0.9 0.946 0.966
Generation: 29
fullpopTest 1.000000 0.966000 29 100 500 10 0 0 0.028 0.13 0.27 0.488 0.678 0.808 0.906 0.944 0.966
Generation: 30
fullpopTest 1.000000 0.974000 30 100 500 10 0 0 0.022 0.146 0.324 0.532 0.71 0.854 0.934 0.98 0.974
Generation: 31
fullpopTest 1.000000 0.982000 31 100 500 10 0 0 0.022 0.134 0.292 0.518 0.704 0.844 0.92 0.96 0.982
Generation: 32
fullpopTest 1.000000 0.990000 32 100 500 10 0 0 0.024 0.148 0.346 0.552 0.732 0.884 0.942 0.974 0.99
Generation: 33
fullpopTest 1.000000 0.990000 33 100 500 10 0 0 0.028 0.158 0.342 0.55 0.736 0.864 0.934 0.97 0.99
Generation: 34
fullpopTest 1.000000 0.990000 34 100 500 10 0 0 0.028 0.162 0.352 0.568 0.768 0.894 0.96 0.984 0.99
Generation: 35
fullpopTest 1.000000 0.996000 35 100 500 10 0 0 0.03 0.18 0.382 0.594 0.808 0.926 0.964 0.99 0.996
Generation: 36
fullpopTest 1.000000 0.996000 36 100 500 10 0 0 0.026 0.17 0.366 0.586 0.794 0.906 0.97 0.988 0.996
Generation: 37
fullpopTest 1.000000 0.996000 37 100 500 10 0 0.002 0.034 0.178 0.376 0.588 0.812 0.928 0.974 0.988 0.996
Generation: 38
fullpopTest 1.000000 0.996000 38 100 500 10 0 0 0.036 0.182 0.384 0.608 0.784 0.92 0.964 0.994 0.996
Generation: 39
fullpopTest 1.000000 0.998000 39 100 500 10 0 0 0.028 0.184 0.368 0.564 0.758 0.898 0.954 0.978 0.998
Generation: 40
fullpopTest 1.000000 0.998000 40 100 500 10 0 0.002 0.028 0.174 0.356 0.566 0.78 0.898 0.96 0.994 0.998
Generation: 41
fullpopTest 1.000000 0.998000 41 100 500 10 0 0 0.03 0.156 0.338 0.554 0.758 0.902 0.968 0.984 0.998
Generation: 42
fullpopTest 1.000000 0.998000 42 100 500 10 0 0 0.026 0.16 0.352 0.576 0.768 0.904 0.968 0.99 0.998
Generation: 43
fullpopTest 1.000000 0.998000 43 100 500 10 0 0 0.02 0.154 0.328 0.56 0.774 0.906 0.972 0.996 0.998
Generation: 44
fullpopTest 1.000000 0.998000 44 100 500 10 0 0 0.024 0.16 0.346 0.568 0.748 0.892 0.96 0.98 0.998
Generation: 45
fullpopTest 1.000000 0.998000 45 100 500 10 0 0.002 0.032 0.162 0.354 0.578 0.756 0.896 0.976 0.992 0.998
Generation: 46
fullpopTest 1.000000 0.998000 46 100 500 10 0 0 0.024 0.164 0.342 0.55 0.77 0.906 0.96 0.98 0.998
Generation: 47
fullpopTest 1.000000 0.998000 47 100 500 10 0 0 0.022 0.156 0.356 0.574 0.774 0.906 0.972 0.99 0.998
Generation: 48
fullpopTest 1.000000 1.000000 48 100 500 10 0 0 0.024 0.176 0.4 0.63 0.826 0.954 0.984 0.99 1
fullpopTest 1.000000 1.000000 49 100 500 10 0 0 0.028 0.176 0.36 0.594 0.806 0.948 0.986 0.996 1
Generation: 0
fullpopTest 1.000000 0.242000 0 100 500 10 0 0 0.006 0.022 0.044 0.072 0.102 0.142 0.178 0.214 0.242
Generation: 1
fullpopTest 1.000000 0.262000 1 100 500 10 0 0 0.008 0.02 0.038 0.072 0.108 0.142 0.192 0.226 0.262
Generation: 2
fullpopTest 1.000000 0.262000 2 100 500 10 0 0 0.008 0.028 0.052 0.09 0.148 0.188 0.218 0.246 0.262
Generation: 3
fullpopTest 1.000000 0.280000 3 100 500 10 0 0 0.01 0.03 0.072 0.098 0.128 0.182 0.21 0.258 0.28
Generation: 4
fullpopTest 1.000000 0.324000 4 100 500 10 0 0.002 0.012 0.044 0.082 0.12 0.172 0.204 0.26 0.308 0.324
Generation: 5
fullpopTest 1.000000 0.336000 5 100 500 10 0 0.002 0.008 0.03 0.08 0.122 0.178 0.234 0.276 0.318 0.336
Generation: 6
fullpopTest 1.000000 0.374000 6 100 500 10 0 0 0.014 0.038 0.082 0.13 0.184 0.234 0.29 0.328 0.374
Generation: 7
fullpopTest 1.000000 0.396000 7 100 500 10 0 0 0.01 0.058 0.112 0.178 0.22 0.292 0.344 0.396 0.396
Generation: 8
fullpopTest 1.000000 0.404000 8 100 500 10 0 0 0.01 0.044 0.098 0.134 0.192 0.242 0.29 0.348 0.404
Generation: 9
fullpopTest 1.000000 0.464000 9 100 500 10 0 0 0.006 0.05 0.102 0.158 0.228 0.29 0.36 0.42 0.464
Generation: 10
fullpopTest 1.000000 0.466000 10 100 500 10 0 0 0.018 0.064 0.12 0.168 0.24 0.344 0.408 0.476 0.466
Generation: 11
fullpopTest 1.000000 0.492000 11 100 500 10 0 0 0.02 0.064 0.126 0.196 0.262 0.32 0.368 0.428 0.492
Generation: 12
fullpopTest 1.000000 0.518000 12 100 500 10 0 0 0.018 0.048 0.1 0.158 0.236 0.318 0.384 0.452 0.518
Generation: 13
fullpopTest 1.000000 0.528000 13 100 500 10 0 0 0.022 0.07 0.138 0.226 0.312 0.388 0.462 0.516 0.528
Generation: 14
fullpopTest 1.000000 0.574000 14 100 500 10 0 0 0.028 0.092 0.186 0.262 0.324 0.416 0.492 0.552 0.574
Generation: 15
fullpopTest 1.000000 0.588000 15 100 500 10 0 0 0.036 0.088 0.164 0.242 0.342 0.444 0.526 0.592 0.588
Generation: 16
fullpopTest 1.000000 0.640000 16 100 500 10 0 0.002 0.036 0.112 0.174 0.26 0.342 0.426 0.508 0.588 0.64
Generation: 17
fullpopTest 1.000000 0.656000 17 100 500 10 0 0.002 0.034 0.088 0.168 0.276 0.4 0.492 0.562 0.64 0.656
Generation: 18
fullpopTest 1.000000 0.744000 18 100 500 10 0 0.002 0.04 0.122 0.242 0.366 0.494 0.616 0.712 0.77 0.744
Generation: 19
fullpopTest 1.000000 0.754000 19 100 500 10 0 0.002 0.048 0.122 0.24 0.364 0.472 0.572 0.656 0.752 0.754
Generation: 20
fullpopTest 1.000000 0.810000 20 100 500 10 0 0 0.048 0.126 0.248 0.396 0.53 0.642 0.724 0.804 0.81
Generation: 21
fullpopTest 1.000000 0.818000 21 100 500 10 0 0.002 0.058 0.142 0.272 0.412 0.55 0.652 0.744 0.814 0.818
Generation: 22
fullpopTest 1.000000 0.824000 22 100 500 10 0 0.002 0.056 0.156 0.286 0.412 0.566 0.682 0.776 0.842 0.824
Generation: 23
fullpopTest 1.000000 0.858000 23 100 500 10 0 0 0.056 0.184 0.314 0.472 0.612 0.728 0.812 0.87 0.858
Generation: 24
fullpopTest 1.000000 0.872000 24 100 500 10 0 0 0.056 0.16 0.286 0.432 0.574 0.706 0.786 0.856 0.872
Generation: 25
fullpopTest 1.000000 0.902000 25 100 500 10 0 0.002 0.078 0.218 0.328 0.502 0.666 0.768 0.832 0.882 0.902
Generation: 26
fullpopTest 1.000000 0.906000 26 100 500 10 0 0.002 0.084 0.266 0.416 0.598 0.71 0.788 0.848 0.89 0.906
Generation: 27
fullpopTest 1.000000 0.922000 27 100 500 10 0 0.002 0.066 0.186 0.318 0.504 0.654 0.774 0.88 0.924 0.922
Generation: 28
fullpopTest 1.000000 0.924000 28 100 500 10 0 0 0.06 0.182 0.304 0.458 0.618 0.742 0.832 0.906 0.924
Generation: 29
fullpopTest 1.000000 0.944000 29 100 500 10 0 0 0.09 0.246 0.374 0.536 0.672 0.786 0.856 0.918 0.944
Generation: 30
fullpopTest 1.000000 0.958000 30 100 500 10 0 0 0.068 0.204 0.352 0.536 0.676 0.786 0.868 0.908 0.958
Generation: 31
fullpopTest 1.000000 0.968000 31 100 500 10 0 0.002 0.082 0.27 0.454 0.626 0.742 0.828 0.894 0.92 0.968
Generation: 32
fullpopTest 1.000000 0.968000 32 100 500 10 0 0 0.07 0.224 0.414 0.618 0.746 0.83 0.898 0.936 0.968
Generation: 33
fullpopTest 1.000000 0.968000 33 100 500 10 0 0 0.084 0.256 0.416 0.59 0.736 0.834 0.896 0.948 0.968
Generation: 34
fullpopTest 1.000000 0.968000 34 100 500 10 0 0.002 0.082 0.274 0.46 0.606 0.74 0.838 0.89 0.932 0.968
Generation: 35
fullpopTest 1.000000 0.968000 35 100 500 10 0 0.002 0.08 0.226 0.432 0.61 0.734 0.812 0.892 0.944 0.968
Generation: 36
fullpopTest 1.000000 0.976000 36 100 500 10 0 0 0.078 0.288 0.452 0.662 0.796 0.884 0.922 0.96 0.976
Generation: 37
fullpopTest 1.000000 0.976000 37 100 500 10 0 0 0.092 0.272 0.42 0.634 0.764 0.87 0.912 0.944 0.976
Generation: 38
fullpopTest 1.000000 0.978000 38 100 500 10 0 0.002 0.094 0.27 0.44 0.656 0.8 0.888 0.936 0.958 0.978
Generation: 39
fullpopTest 1.000000 0.982000 39 100 500 10 0 0.002 0.092 0.292 0.448 0.65 0.804 0.872 0.928 0.966 0.982
Generation: 40
fullpopTest 1.000000 0.988000 40 100 500 10 0 0.002 0.114 0.36 0.55 0.752 0.878 0.95 0.976 0.986 0.988
Generation: 41
fullpopTest 1.000000 0.988000 41 100 500 10 0 0.002 0.118 0.368 0.534 0.748 0.876 0.938 0.958 0.978 0.988
Generation: 42
fullpopTest 1.000000 0.992000 42 100 500 10 0 0.002 0.116 0.352 0.506 0.738 0.864 0.926 0.954 0.98 0.992
Generation: 43
fullpopTest 1.000000 0.992000 43 100 500 10 0 0.002 0.114 0.374 0.544 0.77 0.91 0.952 0.974 0.984 0.992
Generation: 44
fullpopTest 1.000000 0.998000 44 100 500 10 0 0.002 0.116 0.344 0.522 0.748 0.892 0.956 0.98 0.992 0.998
Generation: 45
fullpopTest 1.000000 0.998000 45 100 500 10 0 0.002 0.118 0.376 0.554 0.75 0.874 0.94 0.968 0.978 0.998
Generation: 46
fullpopTest 1.000000 0.998000 46 100 500 10 0 0.002 0.11 0.344 0.52 0.728 0.866 0.938 0.968 0.982 0.998
Generation: 47
fullpopTest 1.000000 0.998000 47 100 500 10 0 0.002 0.106 0.354 0.516 0.742 0.888 0.948 0.964 0.982 0.998
Generation: 48
fullpopTest 1.000000 0.998000 48 100 500 10 0 0.002 0.112 0.348 0.518 0.746 0.89 0.956 0.982 0.99 0.998
Generation: 49
fullpopTest 1.000000 1.000000 49 100 500 10 0 0.002 0.11 0.336 0.508 0.732 0.892 0.968 0.986 0.994 1
fullpopTest 1.000000 1.000000 50 100 500 10 0 0.002 0.108 0.322 0.506 0.722 0.876 0.964 0.992 0.996 1
Generation: 0
fullpopTest 1.000000 0.224000 0 100 500 10 0 0 0.002 0.012 0.04 0.09 0.122 0.162 0.208 0.244 0.224
Generation: 1
fullpopTest 1.000000 0.282000 1 100 500 10 0 0 0.012 0.026 0.05 0.108 0.138 0.172 0.214 0.258 0.282
Generation: 2
fullpopTest 1.000000 0.282000 2 100 500 10 0 0 0.006 0.024 0.046 0.07 0.126 0.154 0.21 0.27 0.282
Generation: 3
fullpopTest 1.000000 0.314000 3 100 500 10 0 0 0.01 0.028 0.054 0.096 0.14 0.196 0.256 0.316 0.314
Generation: 4
fullpopTest 1.000000 0.322000 4 100 500 10 0 0 0.008 0.038 0.07 0.116 0.156 0.21 0.288 0.336 0.322
Generation: 5
fullpopTest 1.000000 0.380000 5 100 500 10 0 0 0.008 0.04 0.072 0.114 0.156 0.216 0.256 0.314 0.38
Generation: 6
fullpopTest 1.000000 0.398000 6 100 500 10 0 0 0.012 0.04 0.064 0.134 0.18 0.226 0.288 0.354 0.398
Generation: 7
fullpopTest 1.000000 0.438000 7 100 500 10 0 0 0.018 0.044 0.1 0.164 0.234 0.32 0.378 0.426 0.438
Generation: 8
fullpopTest 1.000000 0.466000 8 100 500 10 0 0.002 0.016 0.054 0.094 0.136 0.208 0.262 0.342 0.408 0.466
Generation: 9
fullpopTest 1.000000 0.474000 9 100 500 10 0 0 0.012 0.072 0.116 0.168 0.236 0.288 0.34 0.406 0.474
Generation: 10
fullpopTest 1.000000 0.518000 10 100 500 10 0 0 0.018 0.056 0.114 0.17 0.254 0.34 0.426 0.492 0.518
Generation: 11
fullpopTest 1.000000 0.530000 11 100 500 10 0 0.002 0.008 0.056 0.13 0.21 0.288 0.356 0.438 0.528 0.53
Generation: 12
fullpopTest 1.000000 0.574000 12 100 500 10 0 0 0.012 0.062 0.12 0.192 0.29 0.39 0.464 0.546 0.574
Generation: 13
fullpopTest 1.000000 0.614000 13 100 500 10 0 0 0.016 0.054 0.142 0.232 0.32 0.396 0.494 0.586 0.614
Generation: 14
fullpopTest 1.000000 0.644000 14 100 500 10 0 0 0.02 0.064 0.14 0.228 0.336 0.42 0.51 0.592 0.644
Generation: 15
fullpopTest 1.000000 0.672000 15 100 500 10 0 0 0.02 0.074 0.148 0.256 0.364 0.468 0.558 0.626 0.672
Generation: 16
fullpopTest 1.000000 0.700000 16 100 500 10 0 0.002 0.018 0.08 0.2 0.31 0.39 0.494 0.62 0.702 0.7
Generation: 17
fullpopTest 1.000000 0.700000 17 100 500 10 0 0.002 0.016 0.068 0.16 0.242 0.356 0.456 0.552 0.646 0.7
Generation: 18
fullpopTest 1.000000 0.744000 18 100 500 10 0 0 0.032 0.08 0.18 0.274 0.384 0.506 0.634 0.7 0.744
Generation: 19
fullpopTest 1.000000 0.754000 19 100 500 10 0 0.002 0.022 0.086 0.186 0.296 0.414 0.534 0.646 0.726 0.754
Generation: 20
fullpopTest 1.000000 0.780000 20 100 500 10 0 0 0.018 0.106 0.186 0.312 0.452 0.564 0.674 0.748 0.78
Generation: 21
fullpopTest 1.000000 0.850000 21 100 500 10 0 0.002 0.036 0.118 0.252 0.426 0.578 0.694 0.794 0.878 0.85
Generation: 22
fullpopTest 1.000000 0.850000 22 100 500 10 0 0.002 0.042 0.118 0.246 0.376 0.536 0.664 0.774 0.834 0.85
Generation: 23
fullpopTest 1.000000 0.874000 23 100 500 10 0 0 0.034 0.106 0.228 0.396 0.528 0.664 0.77 0.858 0.874
Generation: 24
fullpopTest 1.000000 0.896000 24 100 500 10 0 0.002 0.03 0.11 0.234 0.388 0.534 0.682 0.786 0.862 0.896
Generation: 25
fullpopTest 1.000000 0.900000 25 100 500 10 0 0 0.038 0.14 0.294 0.454 0.606 0.718 0.834 0.9 0.9
Generation: 26
fullpopTest 1.000000 0.908000 26 100 500 10 0 0 0.034 0.106 0.236 0.398 0.546 0.682 0.79 0.892 0.908
Generation: 27
fullpopTest 1.000000 0.914000 27 100 500 10 0 0 0.02 0.116 0.246 0.388 0.534 0.672 0.802 0.884 0.914
Generation: 28
fullpopTest 1.000000 0.954000 28 100 500 10 0 0 0.038 0.14 0.32 0.496 0.676 0.792 0.878 0.946 0.954
Generation: 29
fullpopTest 1.000000 0.954000 29 100 500 10 0 0 0.044 0.132 0.284 0.468 0.636 0.774 0.86 0.932 0.954
Generation: 30
fullpopTest 1.000000 0.954000 30 100 500 10 0 0 0.042 0.142 0.288 0.492 0.64 0.768 0.848 0.932 0.954
Generation: 31
fullpopTest 1.000000 0.968000 31 100 500 10 0 0.002 0.046 0.166 0.334 0.544 0.71 0.83 0.902 0.95 0.968
Generation: 32
fullpopTest 1.000000 0.978000 32 100 500 10 0 0.002 0.044 0.18 0.362 0.57 0.726 0.866 0.934 0.97 0.978
Generation: 33
fullpopTest 1.000000 0.982000 33 100 500 10 0 0.002 0.068 0.18 0.352 0.538 0.706 0.836 0.932 0.982 0.982
Generation: 34
fullpopTest 1.000000 0.992000 34 100 500 10 0 0 0.044 0.174 0.334 0.54 0.714 0.832 0.92 0.962 0.992
Generation: 35
fullpopTest 1.000000 0.996000 35 100 500 10 0 0 0.062 0.216 0.394 0.606 0.772 0.904 0.958 0.988 0.996
Generation: 36
fullpopTest 1.000000 0.996000 36 100 500 10 0 0.002 0.07 0.218 0.412 0.642 0.818 0.924 0.974 0.992 0.996
Generation: 37
fullpopTest 1.000000 0.996000 37 100 500 10 0 0.004 0.066 0.198 0.378 0.626 0.766 0.91 0.97 0.992 0.996
Generation: 38
fullpopTest 1.000000 0.996000 38 100 500 10 0 0 0.068 0.21 0.38 0.568 0.764 0.886 0.964 0.988 0.996
Generation: 39
fullpopTest 1.000000 0.996000 39 100 500 10 0 0 0.068 0.198 0.404 0.616 0.796 0.912 0.962 0.986 0.996
Generation: 40
fullpopTest 1.000000 0.998000 40 100 500 10 0 0.002 0.064 0.234 0.4 0.608 0.794 0.938 0.974 0.99 0.998
Generation: 41
fullpopTest 1.000000 1.000000 41 100 500 10 0 0 0.076 0.254 0.45 0.654 0.818 0.918 0.97 0.986 1
fullpopTest 1.000000 1.000000 42 100 500 10 0 0 0.076 0.226 0.402 0.648 0.806 0.916 0.974 0.992 1
